{
  "grid_size": 50,
  "dx_mm": 1.0,
  "dt_days": 0.04,
  "sim_days": 180,
  "cohort_size": 8,
  "anisotropy": {
    "D_parallel": 0.013,
    "D_perpendicular": 0.0013,
    "anisotropy_ratio": 10.0
  },
  "patients": [
    {
      "patient_id": "PAT_0000",
      "tract_orientation": [
        0.7071067811865475,
        0.7071067811865475,
        0.0
      ],
      "eigenvalue_ratio": 10.121888142955417,
      "initial_volume_mm3": 33.0,
      "mtd": {
        "final_volume_mm3": 0.0,
        "final_mass": 0.2382110934249007,
        "sphericity": 0.0
      },
      "adaptive": {
        "final_volume_mm3": 39.0,
        "final_mass": 15.337588097410304,
        "sphericity": 1.0,
        "drug_on_fraction": 0.30533333333333335,
        "dose_sparing_fraction": 0.6946666666666667
      }
    },
    {
      "patient_id": "PAT_0001",
      "tract_orientation": [
        0.7071067811865475,
        0.7071067811865475,
        0.0
      ],
      "eigenvalue_ratio": 10.206552304327351,
      "initial_volume_mm3": 33.0,
      "mtd": {
        "final_volume_mm3": 0.0,
        "final_mass": 0.23825401422546555,
        "sphericity": 0.0
      },
      "adaptive": {
        "final_volume_mm3": 39.0,
        "final_mass": 15.339168880963939,
        "sphericity": 1.0,
        "drug_on_fraction": 0.30533333333333335,
        "dose_sparing_fraction": 0.6946666666666667
      }
    },
    {
      "patient_id": "PAT_0002",
      "tract_orientation": [
        0.0,
        0.0,
        1.0
      ],
      "eigenvalue_ratio": 9.982014436667829,
      "initial_volume_mm3": 33.0,
      "mtd": {
        "final_volume_mm3": 0.0,
        "final_mass": 0.23578135510298748,
        "sphericity": 0.0
      },
      "adaptive": {
        "final_volume_mm3": 47.0,
        "final_mass": 16.78296104144895,
        "sphericity": 1.0,
        "drug_on_fraction": 0.33755555555555555,
        "dose_sparing_fraction": 0.6624444444444444
      }
    },
    {
      "patient_id": "PAT_0003",
      "tract_orientation": [
        0.0,
        0.0,
        1.0
      ],
      "eigenvalue_ratio": 10.599841804315929,
      "initial_volume_mm3": 33.0,
      "mtd": {
        "final_volume_mm3": 0.0,
        "final_mass": 0.23605510384770612,
        "sphericity": 0.0
      },
      "adaptive": {
        "final_volume_mm3": 47.0,
        "final_mass": 16.508789369562024,
        "sphericity": 1.0,
        "drug_on_fraction": 0.3382222222222222,
        "dose_sparing_fraction": 0.6617777777777778
      }
    },
    {
      "patient_id": "PAT_0004",
      "tract_orientation": [
        1.0,
        0.0,
        0.0
      ],
      "eigenvalue_ratio": 10.106296045779315,
      "initial_volume_mm3": 33.0,
      "mtd": {
        "final_volume_mm3": 0.0,
        "final_mass": 0.2361993442047922,
        "sphericity": 0.0
      },
      "adaptive": {
        "final_volume_mm3": 47.0,
        "final_mass": 16.2337002131527,
        "sphericity": 1.0,
        "drug_on_fraction": 0.33866666666666667,
        "dose_sparing_fraction": 0.6613333333333333
      }
    },
    {
      "patient_id": "PAT_0005",
      "tract_orientation": [
        1.0,
        0.0,
        0.0
      ],
      "eigenvalue_ratio": 10.174024472869757,
      "initial_volume_mm3": 33.0,
      "mtd": {
        "final_volume_mm3": 0.0,
        "final_mass": 0.23586449967072393,
        "sphericity": 0.0
      },
      "adaptive": {
        "final_volume_mm3": 47.0,
        "final_mass": 16.789883267097164,
        "sphericity": 1.0,
        "drug_on_fraction": 0.33755555555555555,
        "dose_sparing_fraction": 0.6624444444444444
      }
    },
    {
      "patient_id": "PAT_0006",
      "tract_orientation": [
        0.5773502691896258,
        0.5773502691896258,
        0.5773502691896258
      ],
      "eigenvalue_ratio": 10.220473170794717,
      "initial_volume_mm3": 33.0,
      "mtd": {
        "final_volume_mm3": 0.0,
        "final_mass": 0.2390851566130837,
        "sphericity": 0.0
      },
      "adaptive": {
        "final_volume_mm3": 27.0,
        "final_mass": 15.455625594769037,
        "sphericity": 1.0,
        "drug_on_fraction": 0.30666666666666664,
        "dose_sparing_fraction": 0.6933333333333334
      }
    },
    {
      "patient_id": "PAT_0007",
      "tract_orientation": [
        0.5773502691896258,
        0.5773502691896258,
        0.5773502691896258
      ],
      "eigenvalue_ratio": 10.111253854469618,
      "initial_volume_mm3": 33.0,
      "mtd": {
        "final_volume_mm3": 0.0,
        "final_mass": 0.23911089602141167,
        "sphericity": 0.0
      },
      "adaptive": {
        "final_volume_mm3": 27.0,
        "final_mass": 15.466395221994757,
        "sphericity": 1.0,
        "drug_on_fraction": 0.30666666666666664,
        "dose_sparing_fraction": 0.6933333333333334
      }
    }
  ],
  "aggregate_statistics": {
    "mtd_final_volume_mm3": {
      "mean": 0.0,
      "std": 0.0
    },
    "adaptive_final_volume_mm3": {
      "mean": 40.0,
      "std": 8.750510189207745
    },
    "dose_sparing_fraction": {
      "mean": 0.678,
      "std": 0.01711585174487035
    }
  },
  "notes": "8-patient 3D cohort with patient-specific tract orientations. Diagonal (PAT_0000-01), Vertical (PAT_0002-03), Horizontal (PAT_0004-05), Oblique (PAT_0006-07)."
}