{
  "phase1_tensor_validation": {
    "symmetry_max_error": 0.0,
    "min_trace": 0.02,
    "min_determinant": 0.0001,
    "min_eigenvalue": 0.005,
    "symmetry_pass": true,
    "positive_definite_pass": true
  },
  "phase2_mass_conservation": {
    "n_steps": 500,
    "initial_mass": 80.42477193189872,
    "final_mass": 80.42477193189872,
    "max_abs_mass_deviation": 2.842170943040401e-14,
    "relative_mass_error": 0.0,
    "has_nan_or_inf": false,
    "has_negative_density": false,
    "min_density": -2.3419165415245463e-13,
    "max_density": 0.6562937210892826,
    "mass_conservation_pass": true
  },
  "phase4_geometry_metrics": [
    {
      "patient_id": "PAT_0000",
      "fractal_dimension": 1.2071172299664594,
      "perimeter": 80.0,
      "area": 543.0,
      "perimeter_to_area_ratio": 0.14732965009208104,
      "convexity_defect": -0.02549575070821552,
      "branch_count": 1,
      "tract_alignment_fraction": 0.38636363636363635,
      "zone_scores": {
        "Leading Edge": 1.5669387563787094,
        "Cellular Tumor": 1.4254544880857025,
        "Infiltrating Tumor": 1.007333201879371
      },
      "mean_zone_score": 1.3332421487812611
    },
    {
      "patient_id": "PAT_0001",
      "fractal_dimension": 1.4010322039922436,
      "perimeter": 97.0,
      "area": 726.0,
      "perimeter_to_area_ratio": 0.13360881542699724,
      "convexity_defect": 0.0,
      "branch_count": 1,
      "tract_alignment_fraction": 0.3570300157977883,
      "zone_scores": {
        "Leading Edge": 1.8028809503704908,
        "Cellular Tumor": 1.7408375781640644,
        "Infiltrating Tumor": 1.3209148564295459
      },
      "mean_zone_score": 1.6215444616547003
    },
    {
      "patient_id": "PAT_0002",
      "fractal_dimension": 1.4184216328761217,
      "perimeter": 120.0,
      "area": 951.0,
      "perimeter_to_area_ratio": 0.12618296529968454,
      "convexity_defect": 0.021604938271604937,
      "branch_count": 1,
      "tract_alignment_fraction": 0.3035190615835777,
      "zone_scores": {
        "Leading Edge": 1.9163337395239286,
        "Cellular Tumor": 1.8715120291126346,
        "Infiltrating Tumor": 1.7469412488326295
      },
      "mean_zone_score": 1.8449290058230643
    },
    {
      "patient_id": "PAT_0003",
      "fractal_dimension": 1.4184216328761217,
      "perimeter": 120.0,
      "area": 949.0,
      "perimeter_to_area_ratio": 0.12644889357218125,
      "convexity_defect": 0.023662551440329218,
      "branch_count": 1,
      "tract_alignment_fraction": 0.30364963503649633,
      "zone_scores": {
        "Leading Edge": 1.9169196540415858,
        "Cellular Tumor": 1.8743676291649403,
        "Infiltrating Tumor": 1.742935720998502
      },
      "mean_zone_score": 1.844741001401676
    },
    {
      "patient_id": "PAT_0004",
      "fractal_dimension": 1.2028378899618362,
      "perimeter": 123.0,
      "area": 1014.0,
      "perimeter_to_area_ratio": 0.12130177514792899,
      "convexity_defect": 0.044747998115873766,
      "branch_count": 1,
      "tract_alignment_fraction": 0.3074712643678161,
      "zone_scores": {
        "Leading Edge": 1.9600070437064763,
        "Cellular Tumor": 1.9292226458252104,
        "Infiltrating Tumor": 1.8244857698597945
      },
      "mean_zone_score": 1.9045718197971604
    },
    {
      "patient_id": "PAT_0005",
      "fractal_dimension": 1.2071172299664594,
      "perimeter": 71.0,
      "area": 468.0,
      "perimeter_to_area_ratio": 0.1517094017094017,
      "convexity_defect": -0.03425414364640884,
      "branch_count": 1,
      "tract_alignment_fraction": 0.40301724137931033,
      "zone_scores": {
        "Leading Edge": 1.646735581213659,
        "Cellular Tumor": 1.3265843440965788,
        "Infiltrating Tumor": 0.8400519971544633
      },
      "mean_zone_score": 1.2711239741549003
    },
    {
      "patient_id": "PAT_0006",
      "fractal_dimension": 1.3375928270406277,
      "perimeter": 108.0,
      "area": 820.0,
      "perimeter_to_area_ratio": 0.13170731707317074,
      "convexity_defect": 0.023228111971411555,
      "branch_count": 1,
      "tract_alignment_fraction": 0.3333333333333333,
      "zone_scores": {
        "Leading Edge": 1.8617231593133063,
        "Cellular Tumor": 1.8020501704187,
        "Infiltrating Tumor": 1.5106928790504544
      },
      "mean_zone_score": 1.7248220695941534
    },
    {
      "patient_id": "PAT_0007",
      "fractal_dimension": 1.554499682154433,
      "perimeter": 102.0,
      "area": 784.0,
      "perimeter_to_area_ratio": 0.13010204081632654,
      "convexity_defect": 0.0057070386810399495,
      "branch_count": 1,
      "tract_alignment_fraction": 0.3410493827160494,
      "zone_scores": {
        "Leading Edge": 1.802999379397812,
        "Cellular Tumor": 1.7526326870294504,
        "Infiltrating Tumor": 1.4292688334214734
      },
      "mean_zone_score": 1.6616336332829118
    }
  ]
}