patient_id,tp_in,tp_out,method,fold,dt_days,in_primary,has_prior_scan,n_prior_scans,is_gbm,fallback_to_persistence,v_in,v_out,v_pred,dice,jaccard,hd95_mm,asd_mm,spe_pct,log_vol_ratio,centroid_mm
PatientID_0003,1,2,persistence,0,56.0,True,False,0,True,False,5215,5148,5215,0.6353372575509022,0.4655635695092632,8.246211251235321,3.760451024651684,1.293061854675287,0.01293048677137143,8.235292218270981
PatientID_0003,1,2,geometric_train_rate,0,56.0,True,False,0,True,False,5215,5148,5958,0.6535206194849631,0.4853550889394142,8.246211251235321,3.969614308967611,14.586709886547812,0.1461232635523295,8.232243275386113
PatientID_0003,1,2,last_rate,0,56.0,True,False,0,True,True,5215,5148,5215,0.6353372575509022,0.4655635695092632,8.246211251235321,3.760451024651684,1.293061854675287,0.01293048677137143,8.235292218270981
PatientID_0003,1,2,linear,0,56.0,True,False,0,True,True,5215,5148,5215,0.6353372575509022,0.4655635695092632,8.246211251235321,3.760451024651684,1.293061854675287,0.01293048677137143,8.235292218270981
PatientID_0003,1,2,gompertz,0,56.0,True,False,0,True,True,5215,5148,5215,0.6353372575509022,0.4655635695092632,8.246211251235321,3.760451024651684,1.293061854675287,0.01293048677137143,8.235292218270981
PatientID_0003,1,2,oracle_volume_matched,0,56.0,True,False,0,True,False,5215,5148,5148,0.6361693861693861,0.4664577695484974,8.246211251235321,3.7631365013182156,0.0,0.0,8.116252143630089
PatientID_0003,2,5,persistence,0,140.0,True,True,1,True,False,5148,5977,5148,0.7618876404494382,0.6153622767533033,6.928203230275509,2.6831229476885103,14.903370786516854,-0.14930711241181344,5.624015000423429
PatientID_0003,2,5,geometric_train_rate,0,140.0,True,True,1,True,False,5148,5977,7181,0.7590819273445812,0.6117099461048505,6.928203230275509,2.9913135154638715,18.30065359477124,0.1835163728978624,5.300937921012033
PatientID_0003,2,5,last_rate,0,140.0,True,True,1,True,False,5148,5977,4984,0.7490192500684244,0.5987456242707118,7.211102550927978,2.847881360413798,18.118784782410366,-0.18168182169772015,6.001714305074707
PatientID_0003,2,5,linear,0,140.0,True,True,1,True,False,5148,5977,4980,0.7487450944601625,0.5983953318745441,7.211102550927978,2.8493249975658457,18.198411974080496,-0.18248469200203152,6.006636684783973
PatientID_0003,2,5,gompertz,0,140.0,True,True,1,True,True,5148,5977,5148,0.7618876404494382,0.6153622767533033,6.928203230275509,2.6831229476885103,14.903370786516854,-0.14930711241181344,5.624015000423429
PatientID_0003,2,5,oracle_volume_matched,0,140.0,True,True,1,True,False,5148,5977,5977,0.7604149238748537,0.6134431097314077,6.324555320336759,2.88677858535912,0.0,0.0,5.524235324073478
PatientID_0005,3,4,persistence,2,43.0,True,False,0,True,False,5907,4909,5907,0.8300665680473372,0.7094989726568673,3.4641016151377544,1.6654321413135706,18.45414201183432,0.18506353124897498,0.5816785227415087
PatientID_0005,3,4,geometric_train_rate,2,43.0,True,False,0,True,False,5907,4909,6560,0.8086145261138722,0.6787177985948478,4.47213595499958,1.971168487766668,28.790653064783328,0.2899139394662688,0.669160208560356
PatientID_0005,3,4,last_rate,2,43.0,True,False,0,True,True,5907,4909,5907,0.8300665680473372,0.7094989726568673,3.4641016151377544,1.6654321413135706,18.45414201183432,0.18506353124897498,0.5816785227415087
PatientID_0005,3,4,linear,2,43.0,True,False,0,True,True,5907,4909,5907,0.8300665680473372,0.7094989726568673,3.4641016151377544,1.6654321413135706,18.45414201183432,0.18506353124897498,0.5816785227415087
PatientID_0005,3,4,gompertz,2,43.0,True,False,0,True,True,5907,4909,5907,0.8300665680473372,0.7094989726568673,3.4641016151377544,1.6654321413135706,18.45414201183432,0.18506353124897498,0.5816785227415087
PatientID_0005,3,4,oracle_volume_matched,2,43.0,True,False,0,True,False,5907,4909,4909,0.8368303116724384,0.7194395796847636,4.0,1.5675818337545866,0.0,0.0,1.553137937783862
PatientID_0006,2,4,persistence,1,42.0,True,False,0,True,False,344,127,344,0.06794055201698514,0.035164835164835165,12.806248474865697,5.831093209385565,92.1443736730361,0.9958341090940472,9.209608079394139
PatientID_0006,2,4,geometric_train_rate,1,42.0,True,False,0,True,False,344,127,397,0.08396946564885496,0.043824701195219126,12.806248474865697,5.6478874164772925,103.05343511450381,1.1390802382209562,9.307985109151655
PatientID_0006,2,4,last_rate,1,42.0,True,False,0,True,True,344,127,344,0.06794055201698514,0.035164835164835165,12.806248474865697,5.831093209385565,92.1443736730361,0.9958341090940472,9.209608079394139
PatientID_0006,2,4,linear,1,42.0,True,False,0,True,True,344,127,344,0.06794055201698514,0.035164835164835165,12.806248474865697,5.831093209385565,92.1443736730361,0.9958341090940472,9.209608079394139
PatientID_0006,2,4,gompertz,1,42.0,True,False,0,True,True,344,127,344,0.06794055201698514,0.035164835164835165,12.806248474865697,5.831093209385565,92.1443736730361,0.9958341090940472,9.209608079394139
PatientID_0006,2,4,oracle_volume_matched,1,42.0,True,False,0,True,False,344,127,127,0.06299212598425197,0.032520325203252036,11.558236691721872,5.759409343449328,0.0,0.0,10.671937958052405
PatientID_0006,4,5,persistence,1,42.0,True,True,1,True,False,127,1003,127,0.06017699115044248,0.03102189781021898,40.69397989875161,17.962919691451187,155.04424778761063,-2.065704551949657,32.70715840418382
PatientID_0006,4,5,geometric_train_rate,1,42.0,True,True,1,True,False,127,1003,146,0.07484769364664925,0.03887884267631103,40.69397989875161,17.624391983004287,149.17319408181027,-1.9264129865261481,32.93496188059301
PatientID_0006,4,5,last_rate,1,42.0,True,True,1,True,False,127,1003,46,0.022878932316491896,0.011571841851494697,45.02665597479338,26.65128676813126,182.45948522402287,-3.0795203039576893,35.61643605837482
PatientID_0006,4,5,linear,1,42.0,True,True,1,True,False,127,1003,0,0.0,0.0,,,200.0,-8.990316947998217,
PatientID_0006,4,5,gompertz,1,42.0,True,True,1,True,True,127,1003,127,0.06017699115044248,0.03102189781021898,40.69397989875161,17.962919691451187,155.04424778761063,-2.065704551949657,32.70715840418382
PatientID_0006,4,5,oracle_volume_matched,1,42.0,True,True,1,True,False,127,1003,1003,0.12462612163509472,0.06645401382243488,35.4400902933387,12.208989690385174,0.0,0.0,31.64433918581859
PatientID_0006,5,6,persistence,1,191.0,True,True,2,True,False,1003,2496,1003,0.3869677050585882,0.239900779588944,12.328828005937952,4.295472132765412,85.33866819091169,-0.911619402045175,8.579177627821261
PatientID_0006,5,6,geometric_train_rate,1,191.0,True,True,2,True,False,1003,2496,1916,0.5,0.3333333333333333,10.198039027185569,3.4527902223669735,26.29193109700816,-0.26443461187728423,10.66177708260923
PatientID_0006,5,6,last_rate,1,191.0,True,True,2,True,False,1003,2496,172994,0.02844606530286626,0.014428246066337561,94.41080392578695,51.352030454668096,194.31078693942675,4.23851810500215,43.936049368513316
PatientID_0006,5,6,linear,1,191.0,True,True,2,True,False,1003,2496,4987,0.47627956701857543,0.31257674092264515,8.94427190999916,3.8568084907998825,66.57757583856743,0.6921200620378813,16.081613999885764
PatientID_0006,5,6,gompertz,1,191.0,True,True,2,True,False,1003,2496,1126,0.405853119823302,0.25458953931416695,12.328828005937952,4.29139165936448,75.64881281060188,-0.7959569933919517,8.720202828543147
PatientID_0006,5,6,oracle_volume_matched,1,191.0,True,True,2,True,False,1003,2496,2496,0.5228365384615384,0.35394629780309195,10.0,3.293200818296616,0.0,0.0,11.77021160058801
PatientID_0007,4,5,persistence,3,86.0,True,True,0,True,False,452,564,452,0.4862204724409449,0.3211963589076723,4.898979485566356,1.794582471811872,22.04724409448819,-0.22131716787490327,2.6273783773742583
PatientID_0007,4,5,geometric_train_rate,3,86.0,True,True,0,True,False,452,564,564,0.5283687943262412,0.35903614457831323,4.813610779452981,1.8180747470877523,0.0,0.0,2.664017565266593
PatientID_0007,4,5,last_rate,3,86.0,True,True,0,True,True,452,564,452,0.4862204724409449,0.3211963589076723,4.898979485566356,1.794582471811872,22.04724409448819,-0.22131716787490327,2.6273783773742583
PatientID_0007,4,5,linear,3,86.0,True,True,0,True,True,452,564,452,0.4862204724409449,0.3211963589076723,4.898979485566356,1.794582471811872,22.04724409448819,-0.22131716787490327,2.6273783773742583
PatientID_0007,4,5,gompertz,3,86.0,True,True,0,True,True,452,564,452,0.4862204724409449,0.3211963589076723,4.898979485566356,1.794582471811872,22.04724409448819,-0.22131716787490327,2.6273783773742583
PatientID_0007,4,5,oracle_volume_matched,3,86.0,True,True,0,True,False,452,564,564,0.5283687943262412,0.35903614457831323,4.813610779452981,1.8180747470877523,0.0,0.0,2.664017565266593
PatientID_0007,5,6,persistence,3,102.0,True,True,1,True,False,564,89,564,0.18683001531393567,0.10304054054054054,10.0,4.1437216248586,145.48238897396632,1.8452359794127051,3.093912202090029
PatientID_0007,5,6,geometric_train_rate,3,102.0,True,True,1,True,False,564,89,734,0.1919805589307412,0.10618279569892473,10.0,4.6448284441846095,156.74362089914945,2.1086394351082234,3.071039287223712
PatientID_0007,5,6,last_rate,3,102.0,True,True,1,True,False,564,89,733,0.1922141119221411,0.1063257065948856,10.0,4.634983216049227,156.69099756690997,2.10727634067328,3.0831612381387368
PatientID_0007,5,6,linear,3,102.0,True,True,1,True,False,564,89,697,0.19592875318066158,0.10860366713681241,10.0,4.534391750976381,154.70737913486005,2.0569248559752578,2.98001978644707
PatientID_0007,5,6,gompertz,3,102.0,True,True,1,True,True,564,89,564,0.18683001531393567,0.10304054054054054,10.0,4.1437216248586,145.48238897396632,1.8452359794127051,3.093912202090029
PatientID_0007,5,6,oracle_volume_matched,3,102.0,True,True,1,True,False,564,89,89,0.23595505617977527,0.1337579617834395,13.815558132301444,3.305017406896904,0.0,0.0,4.302710660197313
PatientID_0008,4,6,persistence,1,113.0,True,False,0,True,False,939,1182,939,0.07449316360207449,0.03868756121449559,17.00579617112451,7.1623945503339925,22.913719943422915,-0.2301203546463515,18.453988071329917
PatientID_0008,4,6,geometric_train_rate,1,113.0,True,False,0,True,False,939,1182,1377,0.1242672919109027,0.06625,16.73320053068151,6.849003528997337,15.240328253223916,0.15268432632455284,18.7522497034554
PatientID_0008,4,6,last_rate,1,113.0,True,False,0,True,True,939,1182,939,0.07449316360207449,0.03868756121449559,17.00579617112451,7.1623945503339925,22.913719943422915,-0.2301203546463515,18.453988071329917
PatientID_0008,4,6,linear,1,113.0,True,False,0,True,True,939,1182,939,0.07449316360207449,0.03868756121449559,17.00579617112451,7.1623945503339925,22.913719943422915,-0.2301203546463515,18.453988071329917
PatientID_0008,4,6,gompertz,1,113.0,True,False,0,True,True,939,1182,939,0.07449316360207449,0.03868756121449559,17.00579617112451,7.1623945503339925,22.913719943422915,-0.2301203546463515,18.453988071329917
PatientID_0008,4,6,oracle_volume_matched,1,113.0,True,False,0,True,False,939,1182,1182,0.09898477157360407,0.0520694259012016,16.73320053068151,6.912429333461439,0.0,0.0,18.710245603939846
PatientID_0010,1,4,persistence,2,133.0,True,False,0,True,False,590,1027,590,0.030921459492888066,0.015703517587939697,29.072249434461934,10.438960801649392,54.05071119356834,-0.554184537384901,27.977633282900808
PatientID_0010,1,4,geometric_train_rate,2,133.0,True,False,0,True,False,590,1027,816,0.040151926207270754,0.020487264673311186,28.892838149523165,10.110272010082635,22.89744981009224,-0.22995138674455431,28.269843074469957
PatientID_0010,1,4,last_rate,2,133.0,True,False,0,True,True,590,1027,590,0.030921459492888066,0.015703517587939697,29.072249434461934,10.438960801649392,54.05071119356834,-0.554184537384901,27.977633282900808
PatientID_0010,1,4,linear,2,133.0,True,False,0,True,True,590,1027,590,0.030921459492888066,0.015703517587939697,29.072249434461934,10.438960801649392,54.05071119356834,-0.554184537384901,27.977633282900808
PatientID_0010,1,4,gompertz,2,133.0,True,False,0,True,True,590,1027,590,0.030921459492888066,0.015703517587939697,29.072249434461934,10.438960801649392,54.05071119356834,-0.554184537384901,27.977633282900808
PatientID_0010,1,4,oracle_volume_matched,2,133.0,True,False,0,True,False,590,1027,1027,0.05939629990262902,0.030607124937280482,28.5657137141714,9.792678684254854,0.0,0.0,28.64183027945451
PatientID_0010,4,5,persistence,2,42.0,True,True,1,True,False,1027,2696,1027,0.37657802847166266,0.23196558570483125,16.1245154965971,5.238966318650322,89.65887724952995,-0.9650519196911863,8.379119938569433
PatientID_0010,4,5,geometric_train_rate,2,42.0,True,True,1,True,False,1027,2696,1138,0.39593114241001565,0.24682926829268292,16.0,5.214397499583782,81.27282211789255,-0.8624333854606657,8.536569136310979
PatientID_0010,4,5,last_rate,2,42.0,True,True,1,True,False,1027,2696,1223,0.40163306966062773,0.2512771392081737,15.748015748023622,5.161963898881655,75.17223781576934,-0.7904064977921975,8.520411908230445
PatientID_0010,4,5,linear,2,42.0,True,True,1,True,False,1027,2696,1165,0.3998963998963999,0.24991906765943672,16.0,5.198752752817573,79.3058793058793,-0.838987179561217,8.505025592361669
PatientID_0010,4,5,gompertz,2,42.0,True,True,1,True,True,1027,2696,1027,0.37657802847166266,0.23196558570483125,16.1245154965971,5.238966318650322,89.65887724952995,-0.9650519196911863,8.379119938569433
PatientID_0010,4,5,oracle_volume_matched,2,42.0,True,True,1,True,False,1027,2696,2696,0.5048219584569733,0.33763334160258,12.96148139681572,3.956696043239199,0.0,0.0,11.54934525141303
PatientID_0011,1,2,persistence,4,70.0,True,False,0,True,False,1996,4820,1996,0.14994131455399062,0.08104678826328311,13.564659966250536,5.766764090830599,82.86384976525821,-0.8815920601573031,17.73043449233345
PatientID_0011,1,2,geometric_train_rate,4,70.0,True,False,0,True,False,1996,4820,2264,0.1857707509881423,0.10239651416122005,13.564659966250536,5.612130625398741,72.16261998870695,-0.7556114905052536,18.05821969495148
PatientID_0011,1,2,last_rate,4,70.0,True,False,0,True,True,1996,4820,1996,0.14994131455399062,0.08104678826328311,13.564659966250536,5.766764090830599,82.86384976525821,-0.8815920601573031,17.73043449233345
PatientID_0011,1,2,linear,4,70.0,True,False,0,True,True,1996,4820,1996,0.14994131455399062,0.08104678826328311,13.564659966250536,5.766764090830599,82.86384976525821,-0.8815920601573031,17.73043449233345
PatientID_0011,1,2,gompertz,4,70.0,True,False,0,True,True,1996,4820,1996,0.14994131455399062,0.08104678826328311,13.564659966250536,5.766764090830599,82.86384976525821,-0.8815920601573031,17.73043449233345
PatientID_0011,1,2,oracle_volume_matched,4,70.0,True,False,0,True,False,1996,4820,4820,0.25269709543568464,0.14462123011161243,12.328828005937952,4.970648060412295,0.0,0.0,16.782768930246007
PatientID_0012,2,3,persistence,3,77.0,True,False,0,True,False,12693,13079,12693,0.785658854570852,0.6469836400817995,7.483314773547883,3.079795178091697,2.9954989911531893,-0.029956939461711855,5.505362483366364
PatientID_0012,2,3,geometric_train_rate,3,77.0,True,False,0,True,False,12693,13079,15487,0.7835888818875586,0.6441809600552549,8.246211251235321,3.2872828841678596,16.859203248617238,0.16899158582011004,5.485704045869747
PatientID_0012,2,3,last_rate,3,77.0,True,False,0,True,True,12693,13079,12693,0.785658854570852,0.6469836400817995,7.483314773547883,3.079795178091697,2.9954989911531893,-0.029956939461711855,5.505362483366364
PatientID_0012,2,3,linear,3,77.0,True,False,0,True,True,12693,13079,12693,0.785658854570852,0.6469836400817995,7.483314773547883,3.079795178091697,2.9954989911531893,-0.029956939461711855,5.505362483366364
PatientID_0012,2,3,gompertz,3,77.0,True,False,0,True,True,12693,13079,12693,0.785658854570852,0.6469836400817995,7.483314773547883,3.079795178091697,2.9954989911531893,-0.029956939461711855,5.505362483366364
PatientID_0012,2,3,oracle_volume_matched,3,77.0,True,False,0,True,False,12693,13079,13079,0.7848459362336571,0.6458818347700246,8.0,3.1750560049964447,0.0,0.0,5.784708479172761
PatientID_0013,1,2,persistence,1,98.0,True,False,0,True,False,2473,1902,2473,0.6747428571428571,0.5091410831321145,8.246211251235321,2.878272845785039,26.102857142857143,0.26251085089941006,5.6662508747782105
PatientID_0013,1,2,geometric_train_rate,1,98.0,True,False,0,True,False,2473,1902,3447,0.6494671901289961,0.4808970099667774,8.94427190999916,3.375070737107674,57.76780706674145,0.5945688680365494,5.584510905513552
PatientID_0013,1,2,last_rate,1,98.0,True,False,0,True,True,2473,1902,2473,0.6747428571428571,0.5091410831321145,8.246211251235321,2.878272845785039,26.102857142857143,0.26251085089941006,5.6662508747782105
PatientID_0013,1,2,linear,1,98.0,True,False,0,True,True,2473,1902,2473,0.6747428571428571,0.5091410831321145,8.246211251235321,2.878272845785039,26.102857142857143,0.26251085089941006,5.6662508747782105
PatientID_0013,1,2,gompertz,1,98.0,True,False,0,True,True,2473,1902,2473,0.6747428571428571,0.5091410831321145,8.246211251235321,2.878272845785039,26.102857142857143,0.26251085089941006,5.6662508747782105
PatientID_0013,1,2,oracle_volume_matched,1,98.0,True,False,0,True,False,2473,1902,1902,0.6535226077812829,0.485357282311597,6.0,2.9219064690657404,0.0,0.0,5.09719854574843
PatientID_0013,2,4,persistence,1,85.0,True,True,1,True,False,1902,2357,1902,0.5738436252641466,0.40237076061903193,11.670416578516026,3.945473714844616,21.366517961962902,-0.2144709738068081,10.722187493732664
PatientID_0013,2,4,geometric_train_rate,1,85.0,True,True,1,True,False,1902,2357,2537,0.5827543931344503,0.41118800461361016,10.770329614269007,4.078414853544448,7.355946056395586,0.0735888941307039,10.78830110952304
PatientID_0013,2,4,last_rate,1,85.0,True,True,1,True,False,1902,2357,1515,0.5495867768595041,0.3789173789173789,13.015169874941606,4.149921774601617,43.49173553719008,-0.44194471225641063,11.13011031968119
PatientID_0013,2,4,linear,1,85.0,True,True,1,True,False,1902,2357,1407,0.5430393198724761,0.3727206418672502,13.2664991614216,4.158990841951165,50.47821466524974,-0.5158940403721186,11.0533430733257
PatientID_0013,2,4,gompertz,1,85.0,True,True,1,True,True,1902,2357,1902,0.5738436252641466,0.40237076061903193,11.670416578516026,3.945473714844616,21.366517961962902,-0.2144709738068081,10.722187493732664
PatientID_0013,2,4,oracle_volume_matched,1,85.0,True,True,1,True,False,1902,2357,2357,0.5854900296987696,0.41391721655668867,10.954451150103322,4.05292671202619,0.0,0.0,10.611776470316421
PatientID_0013,4,5,persistence,1,55.0,True,True,2,True,False,2357,378,2357,0.17915904936014626,0.09839357429718876,19.601007825331756,8.182312577294248,144.71663619744058,1.8299731062619808,11.453709596412727
PatientID_0013,4,5,geometric_train_rate,1,55.0,True,True,2,True,False,2357,378,2840,0.18831572405220634,0.1039451114922813,19.8997487421324,8.635891356734465,153.01429459291487,2.0163785154860614,11.486039811953429
PatientID_0013,4,5,last_rate,1,55.0,True,True,2,True,False,2357,378,2708,0.18859364873622814,0.10411449016100179,19.768607592334,8.483248106168155,151.00453661697992,1.968786963709068,11.497710204715627
PatientID_0013,4,5,linear,1,55.0,True,True,2,True,False,2357,378,2651,0.1881809177946517,0.10386297376093294,19.697715603592208,8.449752939887238,150.08253549026082,1.9475145284104045,11.516046578185547
PatientID_0013,4,5,gompertz,1,55.0,True,True,2,True,False,2357,378,2552,0.18225255972696247,0.1002628614344724,19.656996539061485,8.368320706028696,148.39590443686006,1.9094567956712578,11.520275575623781
PatientID_0013,4,5,oracle_volume_matched,1,55.0,True,True,2,True,False,2357,378,378,0.08994708994708994,0.04709141274238227,10.770329614269007,5.391975080371028,0.0,0.0,11.06164473859774
PatientID_0013,5,6,persistence,1,3.0,False,True,3,True,False,378,4143,378,0.1672196416721964,0.09123823316437364,20.97617696340303,9.85478492660957,166.55607166556072,-2.3939807842105503,7.819101538872877
PatientID_0013,5,6,geometric_train_rate,1,3.0,False,True,3,True,False,378,4143,382,0.16883977900552485,0.092203717113203,20.97617696340303,9.857396679866104,166.23204419889504,-2.383457832784657,7.776897240177851
PatientID_0013,5,6,last_rate,1,3.0,False,True,3,True,False,378,4143,342,0.15250836120401337,0.08254887762490949,23.15167380558045,10.817586543411512,169.49832775919734,-2.494029445634813,8.32592506892691
PatientID_0013,5,6,linear,1,3.0,False,True,3,True,False,378,4143,270,0.12236573759347383,0.06517016654598118,23.49468024894146,11.756314888874103,175.52685248130524,-2.7303207981686057,8.385795278764602
PatientID_0013,5,6,gompertz,1,3.0,False,True,3,True,False,378,4143,2553,0.6284348864994026,0.45818815331010454,13.2664991614216,4.265360952870801,47.4910394265233,-0.48413223494728835,6.866864308865234
PatientID_0013,5,6,oracle_volume_matched,1,3.0,False,True,3,True,False,378,4143,4143,0.6823557808351436,0.5178604139952372,10.0,3.6403794765944504,0.0,0.0,6.752441282537718
PatientID_0014,1,2,persistence,1,42.0,True,False,0,True,False,16,478,16,0.044534412955465584,0.022774327122153208,12.806248474865697,7.22132844003248,187.04453441295547,-3.3895013418989643,6.434549312646751
PatientID_0014,1,2,geometric_train_rate,1,42.0,True,False,0,True,False,16,478,18,0.04838709677419355,0.024793388429752067,12.806248474865697,7.162027532973586,185.48387096774192,-3.272580003840062,6.434248386879773
PatientID_0014,1,2,last_rate,1,42.0,True,False,0,True,True,16,478,16,0.044534412955465584,0.022774327122153208,12.806248474865697,7.22132844003248,187.04453441295547,-3.3895013418989643,6.434549312646751
PatientID_0014,1,2,linear,1,42.0,True,False,0,True,True,16,478,16,0.044534412955465584,0.022774327122153208,12.806248474865697,7.22132844003248,187.04453441295547,-3.3895013418989643,6.434549312646751
PatientID_0014,1,2,gompertz,1,42.0,True,False,0,True,True,16,478,16,0.044534412955465584,0.022774327122153208,12.806248474865697,7.22132844003248,187.04453441295547,-3.3895013418989643,6.434549312646751
PatientID_0014,1,2,oracle_volume_matched,1,42.0,True,False,0,True,False,16,478,478,0.37656903765690375,0.23195876288659795,6.928203230275509,2.840579582579817,0.0,0.0,5.8574835568236185
PatientID_0014,2,3,persistence,1,120.0,True,True,1,True,False,478,771,478,0.3410728582866293,0.2055984555984556,6.243416490252569,2.4979349428427393,46.91753402722178,-0.47797828294900246,7.734414884328925
PatientID_0014,2,3,geometric_train_rate,1,120.0,True,True,1,True,False,478,771,718,0.4728005372733378,0.3095866314863676,6.0,2.359895442477161,7.118871725990598,-0.07120683892678253,7.6363153014187715
PatientID_0014,2,3,last_rate,1,120.0,True,True,1,True,False,478,771,185757,0.008266855378281009,0.004150583827258192,108.75660899458019,72.45317798678818,198.3466289243438,5.484344832322629,56.08313788152143
PatientID_0014,2,3,linear,1,120.0,True,True,1,True,False,478,771,1798,0.5145971195017517,0.34643605870020966,7.483314773547883,3.6736080338094923,79.95328921759439,0.8466492467760097,6.551997996986832
PatientID_0014,2,3,gompertz,1,120.0,True,True,1,True,True,478,771,478,0.3410728582866293,0.2055984555984556,6.243416490252569,2.4979349428427393,46.91753402722178,-0.47797828294900246,7.734414884328925
PatientID_0014,2,3,oracle_volume_matched,1,120.0,True,True,1,True,False,478,771,771,0.4669260700389105,0.30456852791878175,6.0,2.4335632070947204,0.0,0.0,7.829799349054047
PatientID_0014,3,4,persistence,1,70.0,True,True,2,True,False,771,532,771,0.4804297774366846,0.31616161616161614,6.0,2.410917403948273,36.68457405986186,0.37097206338148636,5.553692749156731
PatientID_0014,3,4,geometric_train_rate,1,70.0,True,True,2,True,False,771,532,977,0.5460569913850232,0.37556973564266183,6.6332495807108,2.6264132072620106,58.979456593770706,0.6077361623921781,5.550767949346798
PatientID_0014,3,4,last_rate,1,70.0,True,True,2,True,False,771,532,1019,0.5415860735009671,0.3713527851458886,6.928203230275509,2.6787118454725336,62.79819471308833,0.6498212708347584,5.4586317671406634
PatientID_0014,3,4,linear,1,70.0,True,True,2,True,False,771,532,942,0.5413839891451832,0.37116279069767444,6.6332495807108,2.5989466755047665,55.63093622795115,0.5712595380153175,5.588917063564634
PatientID_0014,3,4,gompertz,1,70.0,True,True,2,True,False,771,532,4260,0.21285475792988315,0.11910322279308734,16.0,8.940213508582465,155.59265442404006,2.080175357407615,8.332635442832197
PatientID_0014,3,4,oracle_volume_matched,1,70.0,True,True,2,True,False,771,532,532,0.45112781954887216,0.2912621359223301,5.656854249492381,2.3189564781324568,0.0,0.0,5.32404363894048
PatientID_0014,4,5,persistence,1,35.0,True,True,3,True,False,532,454,532,0.7119675456389453,0.552755905511811,4.898979485566356,1.8422422578069448,15.821501014198782,0.1585059336069504,2.8496488120826005
PatientID_0014,4,5,geometric_train_rate,1,35.0,True,True,3,True,False,532,454,599,0.7198480531813866,0.5623145400593472,4.706899896811287,1.883287513473182,27.54036087369421,0.2770977669384294,2.8943873645263434
PatientID_0014,4,5,last_rate,1,35.0,True,True,3,True,False,532,454,442,0.7433035714285714,0.5914742451154529,3.4641016151377544,1.5770164203069255,2.6785714285714284,-0.026779843015721297,2.809237292337195
PatientID_0014,4,5,linear,1,35.0,True,True,3,True,False,532,454,412,0.7274826789838337,0.5716878402903811,3.705255888325759,1.6691625184811616,9.699769053117782,-0.09704578914947083,2.935302809428864
PatientID_0014,4,5,gompertz,1,35.0,True,True,3,True,False,532,454,2231,0.3381750465549348,0.20349619004930525,12.806248474865697,6.208809571173054,132.36499068901304,1.5918887310083059,3.191839992946683
PatientID_0014,4,5,oracle_volume_matched,1,35.0,True,True,3,True,False,532,454,454,0.7444933920704846,0.5929824561403508,3.4641016151377544,1.5670147464309827,0.0,0.0,2.780915295273378
PatientID_0014,5,6,persistence,1,91.0,True,True,4,True,False,454,386,454,0.6452380952380953,0.47627416520210897,4.47213595499958,2.0787460366780484,16.19047619047619,0.1622113393026203,4.525397063493963
PatientID_0014,5,6,geometric_train_rate,1,91.0,True,True,4,True,False,454,386,618,0.6254980079681275,0.45507246376811594,6.0,2.344259722022737,46.21513944223108,0.47052955113823075,4.717325004390626
PatientID_0014,5,6,last_rate,1,91.0,True,True,4,True,False,454,386,301,0.6171761280931587,0.4463157894736842,4.47213595499958,2.1706593827647915,24.745269286754002,-0.24863569030371027,4.355569739058446
PatientID_0014,5,6,linear,1,91.0,True,True,4,True,False,454,386,251,0.5682888540031397,0.3969298245614035,4.47213595499958,2.3254292927074087,42.3861852433281,-0.4302103281036473,4.321700902630169
PatientID_0014,5,6,gompertz,1,91.0,True,True,4,True,False,454,386,2401,0.24973089343379978,0.14268142681426815,14.0,7.407387288009509,144.59992823824902,1.82753150526833,7.919139539492716
PatientID_0014,5,6,oracle_volume_matched,1,91.0,True,True,4,True,False,454,386,386,0.6243523316062176,0.4538606403013183,4.898979485566356,2.1703991790954764,0.0,0.0,4.615431665108641
PatientID_0018,1,2,persistence,0,92.0,True,False,0,True,False,75,421,75,0.03225806451612903,0.01639344262295082,18.20985747008722,9.835497411695338,139.51612903225808,-1.7237763088713454,16.071155016766088
PatientID_0018,1,2,geometric_train_rate,0,92.0,True,False,0,True,False,75,421,93,0.0311284046692607,0.015810276679841896,18.127284808576896,9.610288082102151,127.62645914396887,-1.5089870250269934,16.686750162773304
PatientID_0018,1,2,last_rate,0,92.0,True,False,0,True,True,75,421,75,0.03225806451612903,0.01639344262295082,18.20985747008722,9.835497411695338,139.51612903225808,-1.7237763088713454,16.071155016766088
PatientID_0018,1,2,linear,0,92.0,True,False,0,True,True,75,421,75,0.03225806451612903,0.01639344262295082,18.20985747008722,9.835497411695338,139.51612903225808,-1.7237763088713454,16.071155016766088
PatientID_0018,1,2,gompertz,0,92.0,True,False,0,True,True,75,421,75,0.03225806451612903,0.01639344262295082,18.20985747008722,9.835497411695338,139.51612903225808,-1.7237763088713454,16.071155016766088
PatientID_0018,1,2,oracle_volume_matched,0,92.0,True,False,0,True,False,75,421,421,0.07363420427553444,0.03822441430332922,14.696938456699069,7.604346829132827,0.0,0.0,18.502582918866153
PatientID_0018,2,4,persistence,0,126.0,True,True,1,True,False,421,342,421,0.1913499344692005,0.10579710144927536,13.483121310562037,5.02395592940738,20.70773263433814,0.20775353436587374,11.568154728321778
PatientID_0018,2,4,geometric_train_rate,0,126.0,True,True,1,True,False,421,342,568,0.17362637362637362,0.0950661853188929,13.856406460551018,5.226012330478113,49.67032967032967,0.5071652975709001,11.765478139633961
PatientID_0018,2,4,last_rate,0,126.0,True,True,1,True,False,421,342,4414,0.1438183347350715,0.07748074309016764,14.966629547095765,8.429479356851648,171.2363330529857,2.5573887380399114,10.946030139500305
PatientID_0018,2,4,linear,0,126.0,True,True,1,True,False,421,342,895,0.22958771220695232,0.12968036529680366,13.956921938165296,5.04982059954964,89.40986257073565,0.9617872059662607,11.930939574939103
PatientID_0018,2,4,gompertz,0,126.0,True,True,1,True,True,421,342,421,0.1913499344692005,0.10579710144927536,13.483121310562037,5.02395592940738,20.70773263433814,0.20775353436587374,11.568154728321778
PatientID_0018,2,4,oracle_volume_matched,0,126.0,True,True,1,True,False,421,342,342,0.08771929824561403,0.045871559633027525,13.856406460551018,6.120435586341653,0.0,0.0,10.82528960873687
PatientID_0018,4,5,persistence,0,4.0,False,True,2,True,False,342,4872,342,0.10701956271576525,0.056534954407294835,37.96313234541437,14.311013214948387,173.76294591484464,-2.656109298514209,18.533260164170827
PatientID_0018,4,5,geometric_train_rate,0,4.0,False,True,2,True,False,342,4872,345,0.10695802185163887,0.056500607533414335,37.96049894151541,14.292166896551088,173.5480161012076,-2.647378795624734,18.53618376535876
PatientID_0018,4,5,last_rate,0,4.0,False,True,2,True,False,342,4872,340,0.10706062931696086,0.05655787553213055,37.96839915321234,14.32073572445598,173.90636991557943,-2.6619722687716423,18.336409823737295
PatientID_0018,4,5,linear,0,4.0,False,True,2,True,False,342,4872,339,0.1070811744386874,0.05656934306569343,37.97103255711129,14.326356498052904,173.97812320092112,-2.6649166948959566,18.234570436263787
PatientID_0018,4,5,gompertz,0,4.0,False,True,2,True,False,342,4872,547,0.15870086731869348,0.08618961715774705,37.762387360382064,13.492946728819366,159.62354677984868,-2.1866081703639932,16.608534796946685
PatientID_0018,4,5,oracle_volume_matched,0,4.0,False,True,2,True,False,342,4872,4872,0.41933497536945813,0.26529022204908453,25.612496949731394,7.3431656140353505,0.0,0.0,22.021707521614715
PatientID_0018,5,6,persistence,0,58.0,True,True,3,True,False,4872,17591,4872,0.4219382985353693,0.2673775671406003,15.722512468781467,7.3318311532786264,113.24400124649424,-1.2838643266050356,5.944405695217017
PatientID_0018,5,6,geometric_train_rate,0,58.0,True,True,3,True,False,4872,17591,5592,0.4608549368071432,0.2994226781010033,15.362291495737216,6.970007200758128,103.51550705258164,-1.1460351554543289,6.034516179906912
PatientID_0018,5,6,last_rate,0,58.0,True,True,3,True,False,4872,17591,167130,0.18701717725651118,0.1031544121160002,63.93746945258312,30.568070838861914,161.9079584887479,2.2513781871233833,36.1299003290781
PatientID_0018,5,6,linear,0,58.0,True,True,3,True,False,4872,17591,70557,0.391909062032037,0.24371075837742504,25.37715508089904,14.18653121550169,120.17515995825202,1.3890281519056131,9.358353765339622
PatientID_0018,5,6,gompertz,0,58.0,True,True,3,True,False,4872,17591,2042,0.20750776753425354,0.1157649465787679,20.97617696340303,10.877392130932257,158.39657719146336,-2.1534035811334156,6.6914354438442425
PatientID_0018,5,6,oracle_volume_matched,0,58.0,True,True,3,True,False,4872,17591,17591,0.8037064407935877,0.6718304504846987,8.48528137423857,3.1147286316122678,0.0,0.0,4.033508412500529
PatientID_0019,4,5,persistence,0,49.0,True,False,0,True,False,1287,1065,1287,0.6590136054421769,0.4914394419784401,5.656854249492381,2.4725870302724355,18.877551020408163,0.18931888582879491,3.90392158708676
PatientID_0019,4,5,geometric_train_rate,0,49.0,True,False,0,True,False,1287,1065,1446,0.6642771804062126,0.49731663685152055,6.324555320336759,2.575123216543183,30.34647550776583,0.30579540220093293,3.97541075595867
PatientID_0019,4,5,last_rate,0,49.0,True,False,0,True,True,1287,1065,1287,0.6590136054421769,0.4914394419784401,5.656854249492381,2.4725870302724355,18.877551020408163,0.18931888582879491,3.90392158708676
PatientID_0019,4,5,linear,0,49.0,True,False,0,True,True,1287,1065,1287,0.6590136054421769,0.4914394419784401,5.656854249492381,2.4725870302724355,18.877551020408163,0.18931888582879491,3.90392158708676
PatientID_0019,4,5,gompertz,0,49.0,True,False,0,True,True,1287,1065,1287,0.6590136054421769,0.4914394419784401,5.656854249492381,2.4725870302724355,18.877551020408163,0.18931888582879491,3.90392158708676
PatientID_0019,4,5,oracle_volume_matched,0,49.0,True,False,0,True,False,1287,1065,1065,0.6394366197183099,0.4699792960662526,6.0,2.6463406691714626,0.0,0.0,4.140623630074874
PatientID_0019,5,6,persistence,0,62.0,True,True,1,True,False,1065,951,1065,0.8541666666666666,0.7454545454545455,2.0,1.0869346963769295,11.30952380952381,0.11320194765143317,1.9668960697982665
PatientID_0019,5,6,geometric_train_rate,0,62.0,True,True,1,True,False,1065,951,1234,0.8082379862700229,0.6781874039938556,2.8284271247461903,1.4473712031973809,25.903890160183067,0.2604720014349268,1.7918396771785157
PatientID_0019,5,6,last_rate,0,62.0,True,True,1,True,False,1065,951,838,0.8317495807713806,0.7119617224880382,3.4641016151377544,1.2810280384103103,12.632755729457797,-0.1264782404607438,2.3296975897718037
PatientID_0019,5,6,linear,0,62.0,True,True,1,True,False,1065,951,784,0.8161383285302594,0.6893865628042843,3.4641016151377544,1.3750818720929245,19.2507204610951,-0.19307704807977943,2.3037443990076585
PatientID_0019,5,6,gompertz,0,62.0,True,True,1,True,True,1065,951,1065,0.8541666666666666,0.7454545454545455,2.0,1.0869346963769295,11.30952380952381,0.11320194765143317,1.9668960697982665
PatientID_0019,5,6,oracle_volume_matched,0,62.0,True,True,1,True,False,1065,951,951,0.8370136698212408,0.7197106690777577,2.9555620228244597,1.2667340401676077,0.0,0.0,2.491621029740128
PatientID_0020,1,2,persistence,0,76.0,True,False,0,True,False,3399,706,3399,0.3376370280146163,0.20310668229777257,10.0,4.95985760587728,131.20584652862362,1.5714810488966993,5.284045611539754
PatientID_0020,1,2,geometric_train_rate,0,76.0,True,False,0,True,False,3399,706,4072,0.2942653830054416,0.17251533742331288,11.313708498984761,5.885523553351237,140.89577228966095,1.752127979559748,5.263250170841038
PatientID_0020,1,2,last_rate,0,76.0,True,False,0,True,True,3399,706,3399,0.3376370280146163,0.20310668229777257,10.0,4.95985760587728,131.20584652862362,1.5714810488966993,5.284045611539754
PatientID_0020,1,2,linear,0,76.0,True,False,0,True,True,3399,706,3399,0.3376370280146163,0.20310668229777257,10.0,4.95985760587728,131.20584652862362,1.5714810488966993,5.284045611539754
PatientID_0020,1,2,gompertz,0,76.0,True,False,0,True,True,3399,706,3399,0.3376370280146163,0.20310668229777257,10.0,4.95985760587728,131.20584652862362,1.5714810488966993,5.284045611539754
PatientID_0020,1,2,oracle_volume_matched,0,76.0,True,False,0,True,False,3399,706,706,0.45609065155807366,0.29541284403669726,5.656854249492381,2.35617647080307,0.0,0.0,4.488613801751946
PatientID_0020,2,3,persistence,0,131.0,True,True,1,True,False,706,1051,706,0.6033010813887308,0.4319478402607987,4.898979485566356,1.6562095419992515,39.271485486624925,-0.39782402250763577,5.662600972501804
PatientID_0020,2,3,geometric_train_rate,0,131.0,True,True,1,True,False,706,1051,964,0.6580645161290323,0.49038461538461536,4.47213595499958,1.8375560990315645,8.635235732009926,-0.08639534389889882,5.682544710753455
PatientID_0020,2,3,last_rate,0,131.0,True,True,1,True,False,706,1051,46,0.0820419325432999,0.04277566539923954,18.973665961010276,7.340984466612147,183.22698268003646,-3.1262611957923707,8.602855632524118
PatientID_0020,2,3,linear,0,131.0,True,True,1,True,False,706,1051,0,0.0,0.0,,,200.0,-9.037057839832897,
PatientID_0020,2,3,gompertz,0,131.0,True,True,1,True,True,706,1051,706,0.6033010813887308,0.4319478402607987,4.898979485566356,1.6562095419992515,39.271485486624925,-0.39782402250763577,5.662600972501804
PatientID_0020,2,3,oracle_volume_matched,0,131.0,True,True,1,True,False,706,1051,1051,0.6489058039961941,0.4802816901408451,4.47213595499958,1.91619934371399,0.0,0.0,5.678076595902791
PatientID_0020,3,4,persistence,0,97.0,True,True,2,True,False,1051,2190,1051,0.30669546436285094,0.18112244897959184,10.0,3.9699489152116607,70.28694847269361,-0.7340976006541895,10.723539243180543
PatientID_0020,3,4,geometric_train_rate,0,97.0,True,True,2,True,False,1051,2190,1324,0.3426294820717131,0.20673076923076922,9.797958971132712,3.8246400558970888,49.28856004553216,-0.5032067558905915,10.55217865852825
PatientID_0020,3,4,last_rate,0,97.0,True,True,2,True,False,1051,2190,1411,0.34934740349902804,0.21164199192462987,8.94427190999916,3.6982514867740828,43.26575951124688,-0.4395713612255405,10.655792374734736
PatientID_0020,3,4,linear,0,97.0,True,True,2,True,False,1051,2190,1306,0.33695652173913043,0.20261437908496732,9.797958971132712,3.851990397375323,50.5720823798627,-0.5168938814529767,10.56057513202998
PatientID_0020,3,4,gompertz,0,97.0,True,True,2,True,False,1051,2190,3482,0.4978843441466855,0.3314553990610329,7.483314773547883,3.0933049080786312,45.55712270803949,0.46368411978520563,10.07751496445271
PatientID_0020,3,4,oracle_volume_matched,0,97.0,True,True,2,True,False,1051,2190,2190,0.4534246575342466,0.29317980513728964,8.0,3.1389345544430953,0.0,0.0,10.389057914108246
PatientID_0021,2,3,persistence,4,92.0,True,False,0,True,False,1709,2369,1709,0.17655713585090732,0.09682625067240452,14.560219778561036,6.256307015998632,32.368808239333006,-0.32653914501721854,13.952781077608229
PatientID_0021,2,3,geometric_train_rate,4,92.0,True,False,0,True,False,1709,2369,2016,0.19885974914481186,0.11040769815143074,14.387368040663393,6.426862080155692,16.100342075256556,-0.16134333640911758,14.069748322849282
PatientID_0021,2,3,last_rate,4,92.0,True,False,0,True,True,1709,2369,1709,0.17655713585090732,0.09682625067240452,14.560219778561036,6.256307015998632,32.368808239333006,-0.32653914501721854,13.952781077608229
PatientID_0021,2,3,linear,4,92.0,True,False,0,True,True,1709,2369,1709,0.17655713585090732,0.09682625067240452,14.560219778561036,6.256307015998632,32.368808239333006,-0.32653914501721854,13.952781077608229
PatientID_0021,2,3,gompertz,4,92.0,True,False,0,True,True,1709,2369,1709,0.17655713585090732,0.09682625067240452,14.560219778561036,6.256307015998632,32.368808239333006,-0.32653914501721854,13.952781077608229
PatientID_0021,2,3,oracle_volume_matched,4,92.0,True,False,0,True,False,1709,2369,2369,0.21950189953566906,0.12328117591275486,14.2828568570857,6.292958364873623,0.0,0.0,13.993605000213815
PatientID_0021,3,4,persistence,4,92.0,True,True,1,True,False,2369,16,2369,0.013417190775681341,0.006753904601097509,35.27020184420108,17.12778575836565,197.31656184486374,4.989905104964628,22.51467427143015
PatientID_0021,3,4,geometric_train_rate,4,92.0,True,True,1,True,False,2369,16,2795,0.011383849163998577,0.005724508050089445,35.4400902933387,17.487252259328557,197.72323016720028,5.155261244626474,22.667255402443907
PatientID_0021,3,4,last_rate,4,92.0,True,True,1,True,False,2369,16,3284,0.009696969696969697,0.0048721071863581,35.09981129918218,18.064499845263285,198.06060606060606,5.316484670503486,22.534522084224
PatientID_0021,3,4,linear,4,92.0,True,True,1,True,False,2369,16,3029,0.010509031198686371,0.005282271376691978,35.43726637996717,17.813078151148336,197.89819376026273,5.235658215239042,22.731351113572053
PatientID_0021,3,4,gompertz,4,92.0,True,True,1,True,True,2369,16,2369,0.013417190775681341,0.006753904601097509,35.27020184420108,17.12778575836565,197.31656184486374,4.989905104964628,22.51467427143015
PatientID_0021,3,4,oracle_volume_matched,4,92.0,True,True,1,True,False,2369,16,16,0.0,0.0,14.351177701145993,11.40436786578966,0.0,0.0,19.947587573438547
PatientID_0021,4,5,persistence,4,63.0,True,True,2,True,False,16,783,16,0.04005006257822278,0.020434227330779056,35.4852010175459,15.90638536660106,191.98998748435545,-3.8829214629684965,28.95988755576644
PatientID_0021,4,5,geometric_train_rate,4,63.0,True,True,2,True,False,16,783,19,0.04488778054862843,0.02295918367346939,35.47956217701999,15.818154447124204,190.52369077306733,-3.712295945937733,28.947645005783283
PatientID_0021,4,5,last_rate,4,63.0,True,True,2,True,False,16,783,0,0.0,0.0,,,200.0,-8.742733867330168,
PatientID_0021,4,5,linear,4,63.0,True,True,2,True,False,16,783,0,0.0,0.0,,,200.0,-8.742733867330168,
PatientID_0021,4,5,gompertz,4,63.0,True,True,2,True,False,16,783,1775,0.16810007818608289,0.09176269739650021,22.172037914974393,7.260919236993386,77.56059421422987,0.8183337963148444,23.182130711422
PatientID_0021,4,5,oracle_volume_matched,4,63.0,True,True,2,True,False,16,783,783,0.1673052362707535,0.09128919860627177,26.494562869908748,8.132208885921198,0.0,0.0,24.45153334076581
PatientID_0021,5,6,persistence,4,126.0,True,True,3,True,False,783,2388,783,0.38536739198990855,0.238671875,10.0,3.3726811272508694,101.22989593188268,-1.1149714925508316,6.2102290796538675
PatientID_0021,5,6,geometric_train_rate,4,126.0,True,True,3,True,False,783,2388,982,0.4172106824925816,0.2635920509936258,10.0,3.3196874074028346,83.44213649851632,-0.8885452267051788,6.2019573941550314
PatientID_0021,5,6,last_rate,4,126.0,True,True,3,True,False,783,2388,207110,0.022797353674020755,0.01153010477524021,78.74007874011811,52.58977030166159,195.44052926519586,4.46274211741286,29.208674973487962
PatientID_0021,5,6,linear,4,126.0,True,True,3,True,False,783,2388,2317,0.5419766206163655,0.3717201166180758,7.211102550927978,2.7619942296361097,3.018065887353879,-0.030181346151911044,8.177862106745806
PatientID_0021,5,6,gompertz,4,126.0,True,True,3,True,False,783,2388,1808,0.5066730219256435,0.3392914139802107,8.246211251235321,2.953224901323247,27.645376549094376,-0.2782181424707649,8.322455695782228
PatientID_0021,5,6,oracle_volume_matched,4,126.0,True,True,3,True,False,783,2388,2388,0.5385259631490787,0.36848137535816616,7.211102550927978,2.7941709400820027,0.0,0.0,8.599890315084213
PatientID_0022,1,2,persistence,3,52.0,True,False,0,True,False,2836,7553,2836,0.42371739339686204,0.2688080117244748,15.362291495737216,5.549441022638161,90.80758494561556,-0.9795227010475446,5.489788198989907
PatientID_0022,1,2,geometric_train_rate,3,52.0,True,False,0,True,False,2836,7553,3244,0.4756876910252848,0.3120670798395917,15.362291495737216,5.5587239165317675,79.8184680929888,-0.8451157167231997,5.7918238629971865
PatientID_0022,1,2,last_rate,3,52.0,True,False,0,True,True,2836,7553,2836,0.42371739339686204,0.2688080117244748,15.362291495737216,5.549441022638161,90.80758494561556,-0.9795227010475446,5.489788198989907
PatientID_0022,1,2,linear,3,52.0,True,False,0,True,True,2836,7553,2836,0.42371739339686204,0.2688080117244748,15.362291495737216,5.549441022638161,90.80758494561556,-0.9795227010475446,5.489788198989907
PatientID_0022,1,2,gompertz,3,52.0,True,False,0,True,True,2836,7553,2836,0.42371739339686204,0.2688080117244748,15.362291495737216,5.549441022638161,90.80758494561556,-0.9795227010475446,5.489788198989907
PatientID_0022,1,2,oracle_volume_matched,3,52.0,True,False,0,True,False,2836,7553,7553,0.6279623990467363,0.45768599826305123,13.416407864998739,4.736309955325059,0.0,0.0,8.928245887435184
PatientID_0022,2,3,persistence,3,9.0,False,True,1,True,False,7553,256,7553,0.04891791522602126,0.025072197427146233,34.92849839314596,16.200942001755276,186.88692534255347,3.384051057332784,15.63591787709507
PatientID_0022,2,3,geometric_train_rate,3,9.0,False,True,1,True,False,7553,256,7731,0.052084637535995994,0.026738655354158633,35.15394495684762,16.70694303782755,187.1791661449856,3.407344061302281,15.605654782824852
PatientID_0022,2,3,last_rate,3,9.0,False,True,1,True,False,7553,256,8948,0.05128205128205128,0.02631578947368421,35.2078672033391,17.392035796126414,188.87440243372447,3.553533685555528,15.686664988004994
PatientID_0022,2,3,linear,3,9.0,False,True,1,True,False,7553,256,8369,0.05402898550724638,0.027764537654909438,35.4400902933387,17.07324682798461,188.12753623188405,3.486639011435873,15.54125493176817
PatientID_0022,2,3,gompertz,3,9.0,False,True,1,True,True,7553,256,7553,0.04891791522602126,0.025072197427146233,34.92849839314596,16.200942001755276,186.88692534255347,3.384051057332784,15.63591787709507
PatientID_0022,2,3,oracle_volume_matched,3,9.0,False,True,1,True,False,7553,256,256,0.0,0.0,20.396078054371138,13.339682627462984,0.0,0.0,20.71210005931768
PatientID_0024,2,3,persistence,4,123.0,True,False,0,True,False,3142,8439,3142,0.4087729902426388,0.25689168656392447,8.48528137423857,3.6351671423781973,91.4774199119247,-0.9879793076282452,5.777830035481842
PatientID_0024,2,3,geometric_train_rate,4,123.0,True,False,0,True,False,3142,8439,3920,0.4689699813900801,0.30631011520980866,8.48528137423857,3.6130894212751317,73.12889392345659,-0.7667550891985988,5.937876125936797
PatientID_0024,2,3,last_rate,4,123.0,True,False,0,True,True,3142,8439,3142,0.4087729902426388,0.25689168656392447,8.48528137423857,3.6351671423781973,91.4774199119247,-0.9879793076282452,5.777830035481842
PatientID_0024,2,3,linear,4,123.0,True,False,0,True,True,3142,8439,3142,0.4087729902426388,0.25689168656392447,8.48528137423857,3.6351671423781973,91.4774199119247,-0.9879793076282452,5.777830035481842
PatientID_0024,2,3,gompertz,4,123.0,True,False,0,True,True,3142,8439,3142,0.4087729902426388,0.25689168656392447,8.48528137423857,3.6351671423781973,91.4774199119247,-0.9879793076282452,5.777830035481842
PatientID_0024,2,3,oracle_volume_matched,4,123.0,True,False,0,True,False,3142,8439,8439,0.6565943832207608,0.4887536385287113,7.483314773547883,3.002780891458382,0.0,0.0,7.384753652311196
PatientID_0025,1,2,persistence,0,114.0,True,False,0,True,False,5995,7398,5995,0.6794594190995296,0.514531267669343,8.0,3.4481469235173643,20.95124318673934,-0.21027995075499237,9.36813740285932
PatientID_0025,1,2,geometric_train_rate,0,114.0,True,False,0,True,False,5995,7398,7861,0.6967691198636871,0.5346474906969727,9.16515138991168,3.531935800605626,6.068549708368831,0.06070313624399814,10.025852153571412
PatientID_0025,1,2,last_rate,0,114.0,True,False,0,True,True,5995,7398,5995,0.6794594190995296,0.514531267669343,8.0,3.4481469235173643,20.95124318673934,-0.21027995075499237,9.36813740285932
PatientID_0025,1,2,linear,0,114.0,True,False,0,True,True,5995,7398,5995,0.6794594190995296,0.514531267669343,8.0,3.4481469235173643,20.95124318673934,-0.21027995075499237,9.36813740285932
PatientID_0025,1,2,gompertz,0,114.0,True,False,0,True,True,5995,7398,5995,0.6794594190995296,0.514531267669343,8.0,3.4481469235173643,20.95124318673934,-0.21027995075499237,9.36813740285932
PatientID_0025,1,2,oracle_volume_matched,0,114.0,True,False,0,True,False,5995,7398,7398,0.7028926736955934,0.5418924551896623,8.246211251235321,3.446570049997603,0.0,0.0,9.747648530687393
PatientID_0025,2,3,persistence,0,78.0,True,True,1,True,False,7398,64,7398,0.012865183596890914,0.006474237928243863,51.944197299231384,30.10446589911524,196.56928437416244,4.7481475652172245,28.3992826564369
PatientID_0025,2,3,geometric_train_rate,0,78.0,True,True,1,True,False,7398,64,8905,0.01315642769539525,0.006621773288439955,53.18457856006647,30.54393709316018,197.145724160999,4.933547929192143,29.17951535123725
PatientID_0025,2,3,last_rate,0,78.0,True,True,1,True,False,7398,64,8543,0.013477402114557918,0.0067844192303193355,51.92301994298868,30.10273898600984,197.02567677471825,4.892047841415984,28.61466840815131
PatientID_0025,2,3,linear,0,78.0,True,True,1,True,False,7398,64,8358,0.013535977202564711,0.006814106395696354,51.57518783291051,29.82847629125631,196.96034196152934,4.870155095136128,28.38145114109107
PatientID_0025,2,3,gompertz,0,78.0,True,True,1,True,True,7398,64,7398,0.012865183596890914,0.006474237928243863,51.944197299231384,30.10446589911524,196.56928437416244,4.7481475652172245,28.3992826564369
PatientID_0025,2,3,oracle_volume_matched,0,78.0,True,True,1,True,False,7398,64,64,0.0,0.0,38.93834363095085,33.74321772516961,0.0,0.0,38.69129878360896
PatientID_0026,1,2,persistence,1,111.0,True,False,0,True,False,2695,1357,2695,0.14511352418558737,0.07823310271420969,15.620499351813308,7.478892546609787,66.04146100691017,0.6860760939047001,20.264618878426216
PatientID_0026,1,2,geometric_train_rate,1,111.0,True,False,0,True,False,2695,1357,3925,0.13593335857629685,0.07292301442210035,15.748015748023622,8.068025303934466,97.23589549413101,1.0620297062911415,20.197462150738634
PatientID_0026,1,2,last_rate,1,111.0,True,False,0,True,True,2695,1357,2695,0.14511352418558737,0.07823310271420969,15.620499351813308,7.478892546609787,66.04146100691017,0.6860760939047001,20.264618878426216
PatientID_0026,1,2,linear,1,111.0,True,False,0,True,True,2695,1357,2695,0.14511352418558737,0.07823310271420969,15.620499351813308,7.478892546609787,66.04146100691017,0.6860760939047001,20.264618878426216
PatientID_0026,1,2,gompertz,1,111.0,True,False,0,True,True,2695,1357,2695,0.14511352418558737,0.07823310271420969,15.620499351813308,7.478892546609787,66.04146100691017,0.6860760939047001,20.264618878426216
PatientID_0026,1,2,oracle_volume_matched,1,111.0,True,False,0,True,False,2695,1357,1357,0.12527634487840825,0.06682389937106918,20.09975124224178,9.035595098166029,0.0,0.0,22.963832430605915
PatientID_0029,1,3,persistence,1,183.0,True,False,0,True,False,364,0,364,0.0,0.0,,,200.0,7.976938756959434,
PatientID_0029,1,3,geometric_train_rate,1,183.0,True,False,0,True,False,364,0,677,0.0,0.0,,,200.0,8.597297435657898,
PatientID_0029,1,3,last_rate,1,183.0,True,False,0,True,True,364,0,364,0.0,0.0,,,200.0,7.976938756959434,
PatientID_0029,1,3,linear,1,183.0,True,False,0,True,True,364,0,364,0.0,0.0,,,200.0,7.976938756959434,
PatientID_0029,1,3,gompertz,1,183.0,True,False,0,True,True,364,0,364,0.0,0.0,,,200.0,7.976938756959434,
PatientID_0029,1,3,oracle_volume_matched,1,183.0,True,False,0,True,False,364,0,0,1.0,1.0,,,0.0,0.0,
PatientID_0030,3,4,persistence,2,3.0,False,True,1,True,False,1115,1844,1115,0.3622845555931058,0.22121337185307471,7.483314773547883,3.5499906715514,49.2734031767489,-0.5030384040037834,8.654660126254903
PatientID_0030,3,4,geometric_train_rate,2,3.0,False,True,1,True,False,1115,1844,1123,0.3667003707448601,0.22451506397028478,7.483314773547883,3.544015131873303,48.60128075497135,-0.4958899316999076,8.661396410702526
PatientID_0030,3,4,last_rate,2,3.0,False,True,1,True,False,1115,1844,1191,0.3947281713344316,0.24589490968801314,7.483314773547883,3.5601620918347896,43.031301482701814,-0.4371066715693787,8.64314179959208
PatientID_0030,3,4,linear,2,3.0,False,True,1,True,False,1115,1844,1126,0.36835016835016837,0.22575319851423856,7.483314773547883,3.548207594303605,48.35016835016835,-0.49322237426612686,8.668468620090334
PatientID_0030,3,4,gompertz,2,3.0,False,True,1,True,True,1115,1844,1115,0.3622845555931058,0.22121337185307471,7.483314773547883,3.5499906715514,49.2734031767489,-0.5030384040037834,8.654660126254903
PatientID_0030,3,4,oracle_volume_matched,2,3.0,False,True,1,True,False,1115,1844,1844,0.4506507592190889,0.2908645432271614,7.483314773547883,3.5501061305276536,0.0,0.0,8.647796666780048
PatientID_0031,2,3,persistence,1,78.0,True,False,0,True,False,1666,2082,1666,0.37246531483457845,0.22885245901639345,26.153393661244042,7.575909846994931,22.198505869797224,-0.22288843587308957,14.29816115718379
PatientID_0031,2,3,geometric_train_rate,1,78.0,True,False,0,True,False,1666,2082,2170,0.41251175917215427,0.25985185185185183,24.787061876671405,7.267056122133732,4.139228598306679,0.041395762764840735,14.20258736393558
PatientID_0031,2,3,last_rate,1,78.0,True,False,0,True,True,1666,2082,1666,0.37246531483457845,0.22885245901639345,26.153393661244042,7.575909846994931,22.198505869797224,-0.22288843587308957,14.29816115718379
PatientID_0031,2,3,linear,1,78.0,True,False,0,True,True,1666,2082,1666,0.37246531483457845,0.22885245901639345,26.153393661244042,7.575909846994931,22.198505869797224,-0.22288843587308957,14.29816115718379
PatientID_0031,2,3,gompertz,1,78.0,True,False,0,True,True,1666,2082,1666,0.37246531483457845,0.22885245901639345,26.153393661244042,7.575909846994931,22.198505869797224,-0.22288843587308957,14.29816115718379
PatientID_0031,2,3,oracle_volume_matched,1,78.0,True,False,0,True,False,1666,2082,2082,0.4101825168107589,0.2580060422960725,24.819347291981714,7.295556093196098,0.0,0.0,14.161316722399478
PatientID_0031,3,4,persistence,1,85.0,True,True,1,True,False,2082,6609,2082,0.4770452191922679,0.31323662737987307,10.392304845413264,5.27597475718687,104.17673455298585,-1.155062263096984,4.319942733899715
PatientID_0031,3,4,geometric_train_rate,1,85.0,True,True,1,True,False,2082,6609,2777,0.5849137012571916,0.4133413642523716,8.717797887081348,4.334614270065727,81.65352652887279,-0.8670350499969642,4.052669928094664
PatientID_0031,3,4,last_rate,1,85.0,True,True,1,True,False,2082,6609,2654,0.5676346755910612,0.3962918299668375,9.38083151964686,4.515533210194442,85.39350102558566,-0.9123362363922981,4.084046195035455
PatientID_0031,3,4,linear,1,85.0,True,True,1,True,False,2082,6609,2535,0.5492125984251969,0.378561736770692,10.0,4.694061073433612,89.10761154855643,-0.9582083244199596,4.158334185099675
PatientID_0031,3,4,gompertz,1,85.0,True,True,1,True,True,2082,6609,2082,0.4770452191922679,0.31323662737987307,10.392304845413264,5.27597475718687,104.17673455298585,-1.155062263096984,4.319942733899715
PatientID_0031,3,4,oracle_volume_matched,1,85.0,True,True,1,True,False,2082,6609,6609,0.8036011499470419,0.6716833185784747,4.898979485566356,2.3836228309575853,0.0,0.0,4.384569231738411
PatientID_0031,4,5,persistence,1,143.0,True,True,2,True,False,6609,4842,6609,0.6511221727360056,0.4827139712546938,9.16515138991168,3.4328886733669597,30.861933455593398,0.31109759595086967,10.29762217859699
PatientID_0031,4,5,geometric_train_rate,1,143.0,True,True,2,True,False,6609,4842,10728,0.5938342967244702,0.4223074815017813,12.165525060596439,4.800403476703464,75.60693641618496,0.7955151237026707,10.412333131078206
PatientID_0031,4,5,last_rate,1,143.0,True,True,2,True,False,6609,4842,46122,0.19001648222274548,0.10498243788213868,26.758176320519304,18.98000465890181,161.9967035554509,2.253939095833502,8.050788768074097
PatientID_0031,4,5,linear,1,143.0,True,True,2,True,False,6609,4842,14225,0.5059002464991871,0.33859870822802585,14.142135623730951,6.548123276549676,98.42135626999529,1.0776560933587584,10.321097285579702
PatientID_0031,4,5,gompertz,1,143.0,True,True,2,True,False,6609,4842,6832,0.6438238821312318,0.4747347145022739,9.38083151964686,3.595550408988088,34.09285591913654,0.3442820786105726,10.319701462214608
PatientID_0031,4,5,oracle_volume_matched,1,143.0,True,True,2,True,False,6609,4842,4842,0.627633209417596,0.45733634311512417,8.0,3.3939366424145345,0.0,0.0,10.243590932574659
PatientID_0032,1,2,persistence,4,63.0,True,False,0,True,False,69,351,69,0.03333333333333333,0.01694915254237288,16.1245154965971,9.250224570358462,134.28571428571428,-1.6252258255819088,17.368859762008185
PatientID_0032,1,2,geometric_train_rate,4,63.0,True,False,0,True,False,69,351,77,0.03271028037383177,0.0166270783847981,16.1245154965971,9.07813487840043,128.0373831775701,-1.5157148031988559,17.477873452519873
PatientID_0032,1,2,last_rate,4,63.0,True,False,0,True,True,69,351,69,0.03333333333333333,0.01694915254237288,16.1245154965971,9.250224570358462,134.28571428571428,-1.6252258255819088,17.368859762008185
PatientID_0032,1,2,linear,4,63.0,True,False,0,True,True,69,351,69,0.03333333333333333,0.01694915254237288,16.1245154965971,9.250224570358462,134.28571428571428,-1.6252258255819088,17.368859762008185
PatientID_0032,1,2,gompertz,4,63.0,True,False,0,True,True,69,351,69,0.03333333333333333,0.01694915254237288,16.1245154965971,9.250224570358462,134.28571428571428,-1.6252258255819088,17.368859762008185
PatientID_0032,1,2,oracle_volume_matched,4,63.0,True,False,0,True,False,69,351,351,0.05128205128205128,0.02631578947368421,14.0,7.6642144865891035,0.0,0.0,19.60812669478225
PatientID_0032,2,3,persistence,4,4.0,False,True,1,True,False,351,1169,351,0.39473684210526316,0.2459016393442623,9.16515138991168,3.6037037738152704,107.63157894736842,-1.2028685993303074,5.142428336200784
PatientID_0032,2,3,geometric_train_rate,4,4.0,False,True,1,True,False,351,1169,354,0.3978988837820092,0.2483606557377049,9.16515138991168,3.5785967075331886,107.02560735390676,-1.1943609266040345,5.134721989922337
PatientID_0032,2,3,last_rate,4,4.0,False,True,1,True,False,351,1169,389,0.4313222079589217,0.27495908346972175,9.16515138991168,3.4569303509165294,100.12836970474967,-1.1001102559929428,5.173568270365221
PatientID_0032,2,3,linear,4,4.0,False,True,1,True,False,351,1169,369,0.4135240572171652,0.260655737704918,9.16515138991168,3.5134741018092956,104.03120936280884,-1.1528755446906283,5.114305462252684
PatientID_0032,2,3,gompertz,4,4.0,False,True,1,True,True,351,1169,351,0.39473684210526316,0.2459016393442623,9.16515138991168,3.6037037738152704,107.63157894736842,-1.2028685993303074,5.142428336200784
PatientID_0032,2,3,oracle_volume_matched,4,4.0,False,True,1,True,False,351,1169,1169,0.6082121471343028,0.43700061462815,6.0,2.5765956886837524,0.0,0.0,6.227293680716348
PatientID_0032,3,4,persistence,4,132.0,True,True,2,True,False,1169,139,1169,0.1834862385321101,0.10101010101010101,14.120815280171312,5.2830514409495155,157.49235474006116,2.128638075159006,7.201901528493629
PatientID_0032,3,4,geometric_train_rate,4,132.0,True,True,2,True,False,1169,139,1482,0.15299198025909932,0.08283233132932531,14.696938456699069,5.943674069731214,165.70018507094386,2.365859338182526,7.19387134054118
PatientID_0032,3,4,last_rate,4,132.0,True,True,2,True,False,1169,139,169121,0.001642443577927449,0.0008218967484818562,102.91744264214886,64.55002271383434,199.67151128441452,7.102997643567593,47.116438223048256
PatientID_0032,3,4,linear,4,132.0,True,True,2,True,False,1169,139,28163,0.009822627376157161,0.004935553740723644,32.31098884280702,24.14883665436177,198.03547452476857,5.310395967530584,8.598927677003783
PatientID_0032,3,4,gompertz,4,132.0,True,True,2,True,False,1169,139,3911,0.06864197530864198,0.035540782408591154,15.748015748023622,8.530474836783874,186.2716049382716,3.3362075257843187,6.072519257476776
PatientID_0032,3,4,oracle_volume_matched,4,132.0,True,True,2,True,False,1169,139,139,0.12949640287769784,0.06923076923076923,23.082040744860908,5.998721849199519,0.0,0.0,4.611033769197768
PatientID_0032,4,5,persistence,4,76.0,True,True,3,True,False,139,4872,139,0.044701656356016764,0.02286180853235354,38.87415048793677,15.812513904471377,188.90441029734583,-3.5559126562793435,17.684292186546028
PatientID_0032,4,5,geometric_train_rate,4,76.0,True,True,3,True,False,139,4872,159,0.04929437487577022,0.02527002241695537,38.853563082915976,15.703025915719437,187.3583780560525,-3.4215954089974816,17.718594639927733
PatientID_0032,4,5,last_rate,4,76.0,True,True,3,True,False,139,4872,40,0.014250814332247556,0.007176542956735698,40.88028502036153,21.265170600558626,196.74267100977198,-4.799285884424872,15.549952976456302
PatientID_0032,4,5,linear,4,76.0,True,True,3,True,False,139,4872,0,0.0,0.0,,,200.0,-10.570727007554888,
PatientID_0032,4,5,gompertz,4,76.0,True,True,3,True,False,139,4872,930,0.2171664943123061,0.12180974477958237,34.513757578456925,11.556900819279232,135.8841778697001,-1.6559664801576273,19.802982988963663
PatientID_0032,4,5,oracle_volume_matched,4,76.0,True,True,3,True,False,139,4872,4872,0.3957307060755337,0.24667349027635618,26.0,7.995870244144446,0.0,0.0,20.921977674562708
PatientID_0032,5,6,persistence,4,114.0,True,True,4,True,False,4872,18124,4872,0.41337623934597323,0.2605382886586636,15.748015748023622,7.625880336577475,115.25482692642198,-1.313713736820437,5.4362330021102645
PatientID_0032,5,6,geometric_train_rate,4,114.0,True,True,4,True,False,4872,18124,5980,0.47336541652837705,0.31007119952171314,14.966629547095765,7.049182682938996,100.76335877862596,-1.1088024529592435,5.669440380074751
PatientID_0032,5,6,last_rate,4,114.0,True,True,4,True,False,4872,18124,167130,0.19161799475314972,0.10596101608907196,63.93746945258312,30.538440873756436,160.8667019335615,2.2215287769079817,36.53143646921904
PatientID_0032,5,6,linear,4,114.0,True,True,4,True,False,4872,18124,11972,0.7240829346092504,0.5675,10.198039027185569,4.124415651831919,40.88250930356193,-0.4146628927483394,4.887135124615019
PatientID_0032,5,6,gompertz,4,114.0,True,True,4,True,False,4872,18124,3415,0.30874228144296395,0.18255188316679477,18.110770276274835,9.116142455028834,136.58015692464832,-1.6690298281393974,5.538458279359717
PatientID_0032,5,6,oracle_volume_matched,4,114.0,True,True,4,True,False,4872,18124,18124,0.8124034429485765,0.6840735922690949,8.246211251235321,3.050239718091986,0.0,0.0,3.6969164509786756
PatientID_0033,1,2,persistence,4,71.0,True,False,0,True,False,211,968,211,0.030534351145038167,0.015503875968992248,30.443353826368224,14.463041847647647,128.4139100932994,-1.522910836043169,21.449965571253152
PatientID_0033,1,2,geometric_train_rate,4,71.0,True,False,0,True,False,211,968,240,0.0380794701986755,0.019409282700421943,30.192642446030693,14.237655314338157,120.52980132450331,-1.3942015900824123,21.31752218726689
PatientID_0033,1,2,last_rate,4,71.0,True,False,0,True,True,211,968,211,0.030534351145038167,0.015503875968992248,30.443353826368224,14.463041847647647,128.4139100932994,-1.522910836043169,21.449965571253152
PatientID_0033,1,2,linear,4,71.0,True,False,0,True,True,211,968,211,0.030534351145038167,0.015503875968992248,30.443353826368224,14.463041847647647,128.4139100932994,-1.522910836043169,21.449965571253152
PatientID_0033,1,2,gompertz,4,71.0,True,False,0,True,True,211,968,211,0.030534351145038167,0.015503875968992248,30.443353826368224,14.463041847647647,128.4139100932994,-1.522910836043169,21.449965571253152
PatientID_0033,1,2,oracle_volume_matched,4,71.0,True,False,0,True,False,211,968,968,0.09504132231404959,0.049891540130151846,26.0,10.7666721004889,0.0,0.0,20.520818216165537
PatientID_0033,2,3,persistence,4,181.0,True,True,1,True,False,968,525,968,0.5184192900200938,0.3499095840867993,8.246211251235321,2.6827017620996507,59.343603482920294,0.6117248816815869,5.185309384121
PatientID_0033,2,3,geometric_train_rate,4,181.0,True,True,1,True,False,968,525,1340,0.48900804289544236,0.32363378282469835,7.826618188507178,3.1870246116641163,87.39946380697052,0.9368818426868578,5.358405491328211
PatientID_0033,2,3,last_rate,4,181.0,True,True,1,True,False,968,525,46646,0.022259439062135636,0.011254984350212237,39.64845520319802,31.88142068010478,195.54811218757288,4.486708807955331,12.208638909513912
PatientID_0033,2,3,linear,4,181.0,True,True,1,True,False,968,525,2898,0.3067484662576687,0.18115942028985507,11.489125293076057,5.889111910036491,138.65030674846625,1.7081829256561791,4.661044155639049
PatientID_0033,2,3,gompertz,4,181.0,True,True,1,True,True,968,525,968,0.5184192900200938,0.3499095840867993,8.246211251235321,2.6827017620996507,59.343603482920294,0.6117248816815869,5.185309384121
PatientID_0033,2,3,oracle_volume_matched,4,181.0,True,True,1,True,False,968,525,525,0.5695238095238095,0.3981358189081225,4.898979485566356,1.9799646048217052,0.0,0.0,5.36685654795702
PatientID_0033,3,4,persistence,4,110.0,True,True,2,True,False,525,628,525,0.5915004336513443,0.41995073891625617,4.898979485566356,2.502045571295627,17.866435385949696,-0.17910286175789447,3.049293092142463
PatientID_0033,3,4,geometric_train_rate,4,110.0,True,True,2,True,False,525,628,640,0.6293375394321766,0.45914844649021863,4.898979485566356,2.501942211133227,1.8927444794952681,0.018924278535273734,3.161768971484207
PatientID_0033,3,4,last_rate,4,110.0,True,True,2,True,False,525,628,362,0.5515151515151515,0.3807531380753138,6.0,2.7292073601307822,53.73737373737374,-0.550749735157926,2.4493546545985065
PatientID_0033,3,4,linear,4,110.0,True,True,2,True,False,525,628,256,0.4457013574660634,0.2867540029112082,6.6332495807108,3.219861263303069,84.16289592760181,-0.8970735846883768,2.34729235887291
PatientID_0033,3,4,gompertz,4,110.0,True,True,2,True,False,525,628,1216,0.5737527114967462,0.4022813688212928,6.0,3.0327141791606222,63.77440347071583,0.6606856620481512,3.153569761657376
PatientID_0033,3,4,oracle_volume_matched,4,110.0,True,True,2,True,False,525,628,628,0.6257961783439491,0.45538818076477405,4.898979485566356,2.514090870575206,0.0,0.0,3.153105890654139
PatientID_0033,4,5,persistence,4,160.0,True,True,3,True,False,628,888,628,0.741424802110818,0.589098532494759,2.8284271247461903,1.8916452862630797,34.300791556728235,-0.34637330760392454,2.9422899826612916
PatientID_0033,4,5,geometric_train_rate,4,160.0,True,True,3,True,False,628,888,837,0.7628985507246376,0.6166822867853796,2.8284271247461903,1.8739574577856244,5.913043478260869,-0.05913909662115086,2.884626307682184
PatientID_0033,4,5,last_rate,4,160.0,True,True,3,True,False,628,888,815,0.7527891955372872,0.603578154425612,3.4641016151377544,1.9237349708226557,8.573106283029947,-0.08577102313799875,2.990988197025156
PatientID_0033,4,5,linear,4,160.0,True,True,3,True,False,628,888,778,0.751500600240096,0.6019230769230769,3.4641016151377544,1.9089097835945312,13.205282112845138,-0.13222531919829267,2.9800686659200206
PatientID_0033,4,5,gompertz,4,160.0,True,True,3,True,False,628,888,1248,0.7574906367041199,0.6096458176337604,4.47213595499958,3.2041407023840027,33.70786516853933,0.3402852053187146,3.869132934352491
PatientID_0033,4,5,oracle_volume_matched,4,160.0,True,True,3,True,False,628,888,888,0.7759009009009009,0.6338546458141674,2.8284271247461903,1.840554212776592,0.0,0.0,2.8570545556055937
PatientID_0034,1,2,persistence,3,62.0,True,False,0,True,False,145,127,145,0.022058823529411766,0.011152416356877323,28.35489375751565,12.648484067768868,13.235294117647058,0.13242458564933154,19.28930960062456
PatientID_0034,1,2,geometric_train_rate,3,62.0,True,False,0,True,False,145,127,170,0.020202020202020204,0.01020408163265306,28.2274542383706,12.852319603264505,28.956228956228955,0.29136260660290614,19.724437199200004
PatientID_0034,1,2,last_rate,3,62.0,True,False,0,True,True,145,127,145,0.022058823529411766,0.011152416356877323,28.35489375751565,12.648484067768868,13.235294117647058,0.13242458564933154,19.28930960062456
PatientID_0034,1,2,linear,3,62.0,True,False,0,True,True,145,127,145,0.022058823529411766,0.011152416356877323,28.35489375751565,12.648484067768868,13.235294117647058,0.13242458564933154,19.28930960062456
PatientID_0034,1,2,gompertz,3,62.0,True,False,0,True,True,145,127,145,0.022058823529411766,0.011152416356877323,28.35489375751565,12.648484067768868,13.235294117647058,0.13242458564933154,19.28930960062456
PatientID_0034,1,2,oracle_volume_matched,3,62.0,True,False,0,True,False,145,127,127,0.023622047244094488,0.01195219123505976,28.425080849774915,13.087549669486203,0.0,0.0,22.615494664525862
PatientID_0034,2,3,persistence,3,42.0,True,True,1,True,False,127,3,127,0.0,0.0,26.758176320519304,22.471933844673135,190.76923076923077,3.7057365711803594,20.308240493956507
PatientID_0034,2,3,geometric_train_rate,3,42.0,True,True,1,True,False,127,3,142,0.0,0.0,26.758176320519304,22.30163418467773,191.72413793103448,3.8172726688823353,20.191134672728484
PatientID_0034,2,3,last_rate,3,42.0,True,True,1,True,False,127,3,116,0.0,0.0,26.758176320519304,22.840353955929807,189.91596638655463,3.6152329139456376,20.744576689248643
PatientID_0034,2,3,linear,3,42.0,True,True,1,True,False,127,3,115,0.0,0.0,26.758176320519304,22.840718762404535,189.83050847457628,3.6065842113871063,20.770301775198355
PatientID_0034,2,3,gompertz,3,42.0,True,True,1,True,True,127,3,127,0.0,0.0,26.758176320519304,22.471933844673135,190.76923076923077,3.7057365711803594,20.308240493956507
PatientID_0034,2,3,oracle_volume_matched,3,42.0,True,True,1,True,False,127,3,3,0.0,0.0,26.093380687627786,23.5675560373254,0.0,0.0,21.76643695641934
PatientID_0034,3,4,persistence,3,78.0,True,True,2,True,False,3,0,3,0.0,0.0,,,200.0,3.2188758248682006,
PatientID_0034,3,4,geometric_train_rate,3,78.0,True,True,2,True,False,3,0,4,0.0,0.0,,,200.0,3.4965075614664802,
PatientID_0034,3,4,last_rate,3,78.0,True,True,2,True,False,3,0,0,1.0,1.0,,,0.0,0.0,
PatientID_0034,3,4,linear,3,78.0,True,True,2,True,False,3,0,0,1.0,1.0,,,0.0,0.0,
PatientID_0034,3,4,gompertz,3,78.0,True,True,2,True,False,3,0,156,0.0,0.0,,,200.0,7.130098510125578,
PatientID_0034,3,4,oracle_volume_matched,3,78.0,True,True,2,True,False,3,0,0,1.0,1.0,,,0.0,0.0,
PatientID_0034,5,6,persistence,3,263.0,True,True,4,True,False,2,13,2,0.0,0.0,31.17037436604478,25.716912476958488,146.66666666666666,-1.8207470061013074,26.82366260859327
PatientID_0034,5,6,geometric_train_rate,3,263.0,True,True,4,True,False,2,13,10,0.0,0.0,29.18217909049977,22.7671324292277,26.08695652173913,-0.25951119548508456,26.82366260859327
PatientID_0034,5,6,last_rate,3,263.0,True,True,4,True,False,2,13,102,0.0,0.0,25.163364670047667,20.890448230896407,154.7826086956522,2.0516787447024796,26.82366260859327
PatientID_0034,5,6,linear,3,263.0,True,True,4,True,False,2,13,10,0.0,0.0,29.18217909049977,22.7671324292277,26.08695652173913,-0.25951119548508456,26.82366260859327
PatientID_0034,5,6,gompertz,3,263.0,True,True,4,True,False,2,13,184,0.0,0.0,26.00768096208106,20.818233126002372,173.60406091370558,2.641096066305107,26.82366260859327
PatientID_0034,5,6,oracle_volume_matched,3,263.0,True,True,4,True,False,2,13,20,0.0,0.0,29.120439557122072,22.130476528494537,42.42424242424242,0.42744401482693967,26.82366260859327
PatientID_0035,1,2,persistence,3,91.0,True,False,0,True,False,3225,1194,3225,0.42453043675039603,0.26946279804653833,11.489125293076057,4.717374712535527,91.92124915139172,0.9935580095784856,11.767336835827052
PatientID_0035,1,2,geometric_train_rate,3,91.0,True,False,0,True,False,3225,1194,4080,0.3917330299582859,0.24357462862532422,12.96148139681572,5.403228327176932,109.44254835039818,1.228713925593626,11.894929852801122
PatientID_0035,1,2,last_rate,3,91.0,True,False,0,True,True,3225,1194,3225,0.42453043675039603,0.26946279804653833,11.489125293076057,4.717374712535527,91.92124915139172,0.9935580095784856,11.767336835827052
PatientID_0035,1,2,linear,3,91.0,True,False,0,True,True,3225,1194,3225,0.42453043675039603,0.26946279804653833,11.489125293076057,4.717374712535527,91.92124915139172,0.9935580095784856,11.767336835827052
PatientID_0035,1,2,gompertz,3,91.0,True,False,0,True,True,3225,1194,3225,0.42453043675039603,0.26946279804653833,11.489125293076057,4.717374712535527,91.92124915139172,0.9935580095784856,11.767336835827052
PatientID_0035,1,2,oracle_volume_matched,3,91.0,True,False,0,True,False,3225,1194,1194,0.44304857621440535,0.28456159225389993,8.246211251235321,3.425798389034542,0.0,0.0,11.091441152227654
PatientID_0035,2,3,persistence,3,105.0,True,True,1,True,False,1194,2833,1194,0.5383660293022101,0.36833163438668026,12.165525060596439,4.7538459631874455,81.40054631239136,-0.8639666431049412,3.5276955895670734
PatientID_0035,2,3,geometric_train_rate,3,105.0,True,True,1,True,False,1194,2833,1566,0.6469652193680382,0.4781586021505376,10.198039027185569,3.8976134553396995,57.60400090929757,-0.592775927129397,3.1653555368405955
PatientID_0035,2,3,last_rate,3,105.0,True,True,1,True,False,1194,2833,379,0.23599003735990037,0.13378044475820686,22.369606229562464,9.42912512180047,152.80199252801992,-2.0112696556863687,3.67366790926849
PatientID_0035,2,3,linear,3,105.0,True,True,1,True,False,1194,2833,0,0.0,0.0,,,200.0,-10.02857716337495,
PatientID_0035,2,3,gompertz,3,105.0,True,True,1,True,True,1194,2833,1194,0.5383660293022101,0.36833163438668026,12.165525060596439,4.7538459631874455,81.40054631239136,-0.8639666431049412,3.5276955895670734
PatientID_0035,2,3,oracle_volume_matched,3,105.0,True,True,1,True,False,1194,2833,2833,0.7342040240028238,0.5800334634690463,7.211102550927978,3.0403182882328235,0.0,0.0,5.622917728050887
PatientID_0036,1,2,persistence,3,78.0,True,False,0,True,False,3704,6798,3704,0.4501999619120168,0.29048906365200294,9.797958971132712,4.787710498392639,58.922110074271565,-0.6071997753512561,11.06584730703781
PatientID_0036,1,2,geometric_train_rate,3,78.0,True,False,0,True,False,3704,6798,4531,0.5103716126754347,0.34261673382318086,8.932948208853228,4.546640361214627,40.0211845705711,-0.40567658583253274,10.87028694600948
PatientID_0036,1,2,last_rate,3,78.0,True,False,0,True,True,3704,6798,3704,0.4501999619120168,0.29048906365200294,9.797958971132712,4.787710498392639,58.922110074271565,-0.6071997753512561,11.06584730703781
PatientID_0036,1,2,linear,3,78.0,True,False,0,True,True,3704,6798,3704,0.4501999619120168,0.29048906365200294,9.797958971132712,4.787710498392639,58.922110074271565,-0.6071997753512561,11.06584730703781
PatientID_0036,1,2,gompertz,3,78.0,True,False,0,True,True,3704,6798,3704,0.4501999619120168,0.29048906365200294,9.797958971132712,4.787710498392639,58.922110074271565,-0.6071997753512561,11.06584730703781
PatientID_0036,1,2,oracle_volume_matched,3,78.0,True,False,0,True,False,3704,6798,6798,0.5553103854074728,0.38438040932695244,8.48528137423857,4.120452386983487,0.0,0.0,8.188281445486998
PatientID_0036,2,3,persistence,3,63.0,True,True,1,True,False,6798,8241,6798,0.796329543187712,0.6615843553198542,4.898979485566356,1.916504128012147,19.1901057251147,-0.1924900248623633,3.4742432614648613
PatientID_0036,2,3,geometric_train_rate,3,63.0,True,True,1,True,False,6798,8241,8000,0.8195308170679145,0.694241602336741,4.47213595499958,1.8396689321570494,2.967797549411982,-0.02967969717057414,3.5306815165059975
PatientID_0036,2,3,last_rate,3,63.0,True,True,1,True,False,6798,8241,11101,0.8013649053872403,0.6685645272601795,5.656854249492381,2.3455706463556405,29.572950056871058,0.2979095908055976,3.9950103858714856
PatientID_0036,2,3,linear,3,63.0,True,True,1,True,False,6798,8241,9297,0.8224426958604174,0.6984311446833237,4.898979485566356,1.9491365678549701,12.042422169004448,0.1205683488523695,3.7446457316992543
PatientID_0036,2,3,gompertz,3,63.0,True,True,1,True,True,6798,8241,6798,0.796329543187712,0.6615843553198542,4.898979485566356,1.916504128012147,19.1901057251147,-0.1924900248623633,3.4742432614648613
PatientID_0036,2,3,oracle_volume_matched,3,63.0,True,True,1,True,False,6798,8241,8241,0.8245358572988715,0.7014555589965934,4.47213595499958,1.8194202452669488,0.0,0.0,3.4106596163720857
PatientID_0036,3,4,persistence,3,98.0,True,True,2,True,False,8241,154,8241,0.03668850506253722,0.018687052542167213,24.166091947189145,14.146286333523209,192.66229898749256,3.9791281812259696,3.264750309384186
PatientID_0036,3,4,geometric_train_rate,3,98.0,True,True,2,True,False,8241,154,10616,0.02859795728876509,0.014506405425772419,24.413111231467404,15.38989046126864,194.280408542247,4.232365389137943,2.8363505494185666
PatientID_0036,3,4,last_rate,3,98.0,True,True,2,True,False,8241,154,11118,0.027324343506032647,0.01385141212448282,26.30589287593181,15.937731912956286,194.53513129879346,4.278567976995026,2.669549773032177
PatientID_0036,3,4,linear,3,98.0,True,True,2,True,False,8241,154,10486,0.02894736842105263,0.014686248331108143,24.3679776208164,15.345120225233337,194.21052631578948,4.220044272233032,2.9565442218295797
PatientID_0036,3,4,gompertz,3,98.0,True,True,2,True,False,8241,154,7402,0.04076230809952356,0.02080518778708457,20.97617696340303,12.728879277699598,191.8475383800953,3.871758438646753,4.164188980682447
PatientID_0036,3,4,oracle_volume_matched,3,98.0,True,True,2,True,False,8241,154,154,0.012987012987012988,0.006535947712418301,11.489125293076057,6.30170127437798,0.0,0.0,10.603790728037506
PatientID_0036,4,5,persistence,3,91.0,True,True,3,True,False,154,3178,154,0.09003601440576231,0.04714016341923319,16.73320053068151,8.096618747148153,181.51260504201682,-3.0262827177524163,11.354406931609384
PatientID_0036,4,5,geometric_train_rate,3,91.0,True,True,3,True,False,154,3178,195,0.11325229765787133,0.06002514142049026,16.73320053068151,8.015152926035459,176.87518529498962,-2.7904063004013286,11.42755430985988
PatientID_0036,4,5,last_rate,3,91.0,True,True,3,True,False,154,3178,3,0.001886199308393587,0.0009439899307740718,30.0,19.545366328282768,199.62276013832127,-6.92461239604856,11.865794991034727
PatientID_0036,4,5,linear,3,91.0,True,True,3,True,False,154,3178,0,0.0,0.0,,,200.0,-10.14348822091676,
PatientID_0036,4,5,gompertz,3,91.0,True,True,3,True,False,154,3178,3792,0.5581061692969871,0.3870646766169154,8.48528137423857,4.200828815865843,17.618364418938306,0.17663514772970357,8.726583000210875
PatientID_0036,4,5,oracle_volume_matched,3,91.0,True,True,3,True,False,154,3178,3178,0.5437382001258654,0.37337942955920483,9.16515138991168,4.103326933699533,0.0,0.0,9.211855228671663
PatientID_0036,5,6,persistence,3,76.0,True,True,4,True,False,3178,4328,3178,0.770050626165734,0.6260831889081456,6.6332495807108,2.2884285984540407,30.642152944311217,-0.30884302257287893,3.4008334278636227
PatientID_0036,5,6,geometric_train_rate,3,76.0,True,True,4,True,False,3178,4328,3868,0.8040507564665691,0.6723117731075291,6.0,2.108743218693785,11.224987798926305,-0.11236452931617776,3.492642378189647
PatientID_0036,5,6,last_rate,3,76.0,True,True,4,True,False,3178,4328,39626,0.19693315739181871,0.10922121839196487,24.413111231467404,19.009873250005995,160.61336852163626,2.2143542001339487,5.948107915749338
PatientID_0036,5,6,linear,3,76.0,True,True,4,True,False,3178,4328,5704,0.7655502392344498,0.6201550387596899,4.898979485566356,2.5119944127643343,27.432216905901118,0.2760551744902131,3.89809425484993
PatientID_0036,5,6,gompertz,3,76.0,True,True,4,True,False,3178,4328,3812,0.8034398034398035,0.6714579055441479,6.0,2.1184805290720354,12.678132678132679,-0.12694764638760084,3.5064742980184493
PatientID_0036,5,6,oracle_volume_matched,3,76.0,True,True,4,True,False,3178,4328,4328,0.8082255083179297,0.6781698332687088,4.898979485566356,2.076806270580232,0.0,0.0,3.446723354322058
PatientID_0037,1,2,persistence,1,105.0,True,False,0,True,False,810,540,810,0.37777777777777777,0.2328767123287671,5.656854249492381,2.2149788637771524,40.0,0.4053879624957829,3.2153784755523835
PatientID_0037,1,2,geometric_train_rate,1,105.0,True,False,0,True,False,810,540,1156,0.44693396226415094,0.2877752467729689,6.0,2.1856940615804947,72.64150943396227,0.7610285806223268,3.6173726471258196
PatientID_0037,1,2,last_rate,1,105.0,True,False,0,True,True,810,540,810,0.37777777777777777,0.2328767123287671,5.656854249492381,2.2149788637771524,40.0,0.4053879624957829,3.2153784755523835
PatientID_0037,1,2,linear,1,105.0,True,False,0,True,True,810,540,810,0.37777777777777777,0.2328767123287671,5.656854249492381,2.2149788637771524,40.0,0.4053879624957829,3.2153784755523835
PatientID_0037,1,2,gompertz,1,105.0,True,False,0,True,True,810,540,810,0.37777777777777777,0.2328767123287671,5.656854249492381,2.2149788637771524,40.0,0.4053879624957829,3.2153784755523835
PatientID_0037,1,2,oracle_volume_matched,1,105.0,True,False,0,True,False,810,540,540,0.35,0.21212121212121213,5.656854249492381,2.2404446443882517,0.0,0.0,4.808955123799354
PatientID_0037,2,3,persistence,1,98.0,True,True,1,True,False,540,552,540,0.5622710622710623,0.3910828025477707,4.0,1.5333491788416362,2.197802197802198,-0.021973875664593343,2.400380649588871
PatientID_0037,2,3,geometric_train_rate,1,98.0,True,True,1,True,False,540,552,753,0.6314176245210728,0.46136618141097424,4.0,1.601493300426758,30.804597701149426,0.31045674676232937,2.422414749108173
PatientID_0037,2,3,last_rate,1,98.0,True,True,1,True,False,540,552,370,0.5466377440347071,0.3761194029850746,4.0,1.5540713622035238,39.47939262472885,-0.39993368349493513,1.9886494497474383
PatientID_0037,2,3,linear,1,98.0,True,True,1,True,False,540,552,288,0.49523809523809526,0.3291139240506329,4.47213595499958,1.822952661551144,62.857142857142854,-0.6503800561657774,2.4127842037123926
PatientID_0037,2,3,gompertz,1,98.0,True,True,1,True,True,540,552,540,0.5622710622710623,0.3910828025477707,4.0,1.5333491788416362,2.197802197802198,-0.021973875664593343,2.400380649588871
PatientID_0037,2,3,oracle_volume_matched,1,98.0,True,True,1,True,False,540,552,552,0.5778985507246377,0.4063694267515924,4.0,1.514112180438324,0.0,0.0,2.369246643478648
PatientID_0037,3,4,persistence,1,91.0,True,True,2,True,False,552,1604,552,0.42207792207792205,0.2674897119341564,11.832159566199232,4.335407562008962,97.58812615955473,-1.0665592456479345,7.42153596688028
PatientID_0037,3,4,geometric_train_rate,1,91.0,True,True,2,True,False,552,1604,751,0.50276008492569,0.3357912648893931,11.661903789690601,4.126662523892459,72.4416135881104,-0.7587616329105331,7.377372617068919
PatientID_0037,3,4,last_rate,1,91.0,True,True,2,True,False,552,1604,563,0.4300876788186433,0.2739564961787184,11.832159566199232,4.349839495989629,96.07752653437933,-1.0468320872020227,7.436747688496188
PatientID_0037,3,4,linear,1,91.0,True,True,2,True,False,552,1604,563,0.4300876788186433,0.2739564961787184,11.832159566199232,4.349839495989629,96.07752653437933,-1.0468320872020227,7.436747688496188
PatientID_0037,3,4,gompertz,1,91.0,True,True,2,True,False,552,1604,871,0.5236363636363637,0.35467980295566504,11.489125293076057,3.9257577084008166,59.23232323232323,-0.6105482358059421,7.27793323719889
PatientID_0037,3,4,oracle_volume_matched,1,91.0,True,True,2,True,False,552,1604,1604,0.6066084788029925,0.43534675615212526,8.4016068311874,3.2521487713740656,0.0,0.0,7.201391514044969
PatientID_0038,1,2,persistence,4,92.0,True,False,0,True,False,2563,2689,2563,0.33244478293983243,0.19936058460835807,9.16515138991168,3.527255776712654,4.798172124904799,-0.047988644724524965,5.590262212697917
PatientID_0038,1,2,geometric_train_rate,4,92.0,True,False,0,True,False,2563,2689,3024,0.3343252231752144,0.2007145859604876,8.876329703123774,3.493336547393888,11.72763871871171,0.1174059315531029,5.481902885021612
PatientID_0038,1,2,last_rate,4,92.0,True,False,0,True,True,2563,2689,2563,0.33244478293983243,0.19936058460835807,9.16515138991168,3.527255776712654,4.798172124904799,-0.047988644724524965,5.590262212697917
PatientID_0038,1,2,linear,4,92.0,True,False,0,True,True,2563,2689,2563,0.33244478293983243,0.19936058460835807,9.16515138991168,3.527255776712654,4.798172124904799,-0.047988644724524965,5.590262212697917
PatientID_0038,1,2,gompertz,4,92.0,True,False,0,True,True,2563,2689,2563,0.33244478293983243,0.19936058460835807,9.16515138991168,3.527255776712654,4.798172124904799,-0.047988644724524965,5.590262212697917
PatientID_0038,1,2,oracle_volume_matched,4,92.0,True,False,0,True,False,2563,2689,2689,0.3302342878393455,0.1977728285077951,9.16515138991168,3.539023484955595,0.0,0.0,5.560855238821977
PatientID_0038,2,3,persistence,4,61.0,True,True,1,True,False,2689,5648,2689,0.6038143216984527,0.43247422680412373,5.656854249492381,1.8885178601817012,70.98476670265083,-0.7421077697853716,2.652788253093222
PatientID_0038,2,3,geometric_train_rate,4,61.0,True,True,1,True,False,2689,5648,3001,0.6437738466874783,0.47468030690537083,4.898979485566356,1.8505063958605557,61.20938836859752,-0.6323364133009003,2.850418372596352
PatientID_0038,2,3,last_rate,4,61.0,True,True,1,True,False,2689,5648,2776,0.6179962013295347,0.4471740250816011,4.898979485566356,1.8739123107384372,68.18613485280152,-0.7102675612248481,2.7694659791104863
PatientID_0038,2,3,linear,4,61.0,True,True,1,True,False,2689,5648,2773,0.6175038593991212,0.44665864971654357,4.898979485566356,1.8719296212426866,68.28167676047975,-0.7113487885230463,2.770347949105128
PatientID_0038,2,3,gompertz,4,61.0,True,True,1,True,True,2689,5648,2689,0.6038143216984527,0.43247422680412373,5.656854249492381,1.8885178601817012,70.98476670265083,-0.7421077697853716,2.652788253093222
PatientID_0038,2,3,oracle_volume_matched,4,61.0,True,True,1,True,False,2689,5648,5648,0.7662889518413598,0.6211251435132032,4.47213595499958,1.6932862421825463,0.0,0.0,1.8860656957363446
PatientID_0038,3,4,persistence,4,65.0,True,True,2,True,False,5648,15948,5648,0.5107427301352102,0.34295130899819665,12.328828005937952,5.836701086126474,95.38803482126319,-1.0380176357877222,7.3528654615117786
PatientID_0038,3,4,geometric_train_rate,4,65.0,True,True,2,True,False,5648,15948,6348,0.5574991029781127,0.3864809402400348,12.440926928095225,5.726991126221401,86.11410118406889,-0.921181773750177,7.146445821039899
PatientID_0038,3,4,last_rate,4,65.0,True,True,2,True,False,5648,15948,12453,0.7960987289179958,0.6612657931679925,9.16515138991168,3.416569715765195,24.61180944332946,-0.24736967203126217,5.874415954661523
PatientID_0038,3,4,linear,4,65.0,True,True,2,True,False,5648,15948,8801,0.6805123439330882,0.5157398334149926,11.313708498984761,4.62764644891716,57.75586892399693,-0.5944617132395065,6.50521486941607
PatientID_0038,3,4,gompertz,4,65.0,True,True,2,True,False,5648,15948,5027,0.473611442193087,0.3102823588205897,13.2664991614216,6.400817741378027,104.13349225268176,-1.1544930173354297,8.68522602176478
PatientID_0038,3,4,oracle_volume_matched,4,65.0,True,True,2,True,False,5648,15948,15948,0.8471281665412591,0.7347982160339389,7.211102550927978,2.7994759313085344,0.0,0.0,5.297708348153673
PatientID_0038,4,5,persistence,4,4.0,False,True,3,True,False,15948,6215,15948,0.5476695393222939,0.3770970548030322,12.96148139681572,5.2194414713730195,87.83106980101972,0.9423554300706551,5.295327742236278
PatientID_0038,4,5,geometric_train_rate,4,4.0,False,True,3,True,False,15948,6215,16063,0.5453810934554268,0.3749305684132568,13.416407864998739,5.335743890699335,88.41009067241224,0.9495404350131308,5.279245244235371
PatientID_0038,4,5,last_rate,4,4.0,False,True,3,True,False,15948,6215,17000,0.5262976523799268,0.3571261545656495,14.422205101855956,5.876719906978481,92.91406418264053,1.0062348595792094,5.327585446998732
PatientID_0038,4,5,linear,4,4.0,False,True,3,True,False,15948,6215,16582,0.5347194806334167,0.36492635612501495,14.142135623730951,5.660481508322138,90.95056367065843,0.9813394705690002,5.244405032248985
PatientID_0038,4,5,gompertz,4,4.0,False,True,3,True,False,15948,6215,6595,0.5929742388758782,0.4214380825565912,9.38083151964686,3.7363341980776186,5.932864949258392,0.05934490235135055,5.497100623484756
PatientID_0038,4,5,oracle_volume_matched,4,4.0,False,True,3,True,False,15948,6215,6215,0.5797264682220434,0.4081794494165628,9.16515138991168,3.8283202844454842,0.0,0.0,5.556278285765851
PatientID_0038,5,6,persistence,4,58.0,True,True,4,True,False,6215,16974,6215,0.5322351114752685,0.3626160535903161,13.564659966250536,5.662293149464104,92.79399715382293,-1.004704288333296,2.0751156725482462
PatientID_0038,5,6,geometric_train_rate,4,58.0,True,True,4,True,False,6215,16974,6898,0.5731400804289544,0.40167929070518466,13.416407864998739,5.478371963935002,84.41689008042896,-0.9004404901794348,2.031970759409131
PatientID_0038,5,6,last_rate,4,58.0,True,True,4,True,False,6215,16974,0,0.0,0.0,,,200.0,-11.818886946386419,
PatientID_0038,5,6,linear,4,58.0,True,True,4,True,False,6215,16974,0,0.0,0.0,,,200.0,-11.818886946386419,
PatientID_0038,5,6,gompertz,4,58.0,True,True,4,True,False,6215,16974,6924,0.574525064858984,0.40304115540421537,13.416407864998739,5.46116985981127,84.10745669093647,-0.8966784354249705,2.0314171850754428
PatientID_0038,5,6,oracle_volume_matched,4,58.0,True,True,4,True,False,6215,16974,16974,0.8242017202780724,0.7009720412867021,8.246211251235321,2.8880346956939,0.0,0.0,2.252175751138689
PatientID_0039,1,2,persistence,4,98.0,True,False,0,True,False,36,152,36,0.02127659574468085,0.010752688172043012,14.966629547095765,8.902351495850242,123.40425531914893,-1.4377174048750951,11.265395535529878
PatientID_0039,1,2,geometric_train_rate,4,98.0,True,False,0,True,False,36,152,44,0.02040816326530612,0.010309278350515464,14.939660438056098,8.745033308494346,110.20408163265306,-1.2376760360542303,11.378988685127377
PatientID_0039,1,2,last_rate,4,98.0,True,False,0,True,True,36,152,36,0.02127659574468085,0.010752688172043012,14.966629547095765,8.902351495850242,123.40425531914893,-1.4377174048750951,11.265395535529878
PatientID_0039,1,2,linear,4,98.0,True,False,0,True,True,36,152,36,0.02127659574468085,0.010752688172043012,14.966629547095765,8.902351495850242,123.40425531914893,-1.4377174048750951,11.265395535529878
PatientID_0039,1,2,gompertz,4,98.0,True,False,0,True,True,36,152,36,0.02127659574468085,0.010752688172043012,14.966629547095765,8.902351495850242,123.40425531914893,-1.4377174048750951,11.265395535529878
PatientID_0039,1,2,oracle_volume_matched,4,98.0,True,False,0,True,False,36,152,152,0.039473684210526314,0.020134228187919462,14.0,7.506079488656075,0.0,0.0,11.112229668227975
PatientID_0039,2,3,persistence,4,62.0,True,True,1,True,False,152,313,152,0.37849462365591396,0.23342175066312998,4.898979485566356,2.0031493057498087,69.24731182795699,-0.7218999205314379,2.1213286262730664
PatientID_0039,2,3,geometric_train_rate,4,62.0,True,True,1,True,False,152,313,170,0.4057971014492754,0.2545454545454545,4.898979485566356,2.0116811721901,59.21325051759835,-0.610069010867499,2.0751658720963815
PatientID_0039,2,3,last_rate,4,62.0,True,True,1,True,False,152,313,375,0.5290697674418605,0.35968379446640314,4.47213595499958,1.9403169700567915,18.023255813953487,0.18065683192140186,1.8466744499664796
PatientID_0039,2,3,linear,4,62.0,True,True,1,True,False,152,313,225,0.46096654275092935,0.2995169082125604,4.47213595499958,1.9791063493410634,32.71375464684015,-0.32994666834300906,2.1035345688730773
PatientID_0039,2,3,gompertz,4,62.0,True,True,1,True,True,152,313,152,0.37849462365591396,0.23342175066312998,4.898979485566356,2.0031493057498087,69.24731182795699,-0.7218999205314379,2.1213286262730664
PatientID_0039,2,3,oracle_volume_matched,4,62.0,True,True,1,True,False,152,313,313,0.5111821086261981,0.34334763948497854,4.47213595499958,1.8740284847051387,0.0,0.0,2.0676234189766904
PatientID_0039,3,4,persistence,4,92.0,True,True,2,True,False,313,56,313,0.3035230352303523,0.17891373801916932,14.142135623730951,5.53998004725347,139.29539295392954,1.719021125776711,7.713347761883195
PatientID_0039,3,4,geometric_train_rate,4,92.0,True,True,2,True,False,313,56,369,0.2635294117647059,0.15176151761517614,14.142135623730951,5.544851871510645,147.2941176470588,1.8835539940016683,7.569951582337748
PatientID_0039,3,4,last_rate,4,92.0,True,True,2,True,False,313,56,912,0.11570247933884298,0.06140350877192982,16.61324772583615,8.256158484940014,176.8595041322314,2.7881956960233656,6.7497581557456074
PatientID_0039,3,4,linear,4,92.0,True,True,2,True,False,313,56,552,0.18421052631578946,0.10144927536231885,16.074709297958254,6.7409671469652706,163.1578947368421,2.286193123854272,7.031416293617778
PatientID_0039,3,4,gompertz,4,92.0,True,True,2,True,False,313,56,700,0.14814814814814814,0.08,16.24807680927192,7.378578118838321,170.37037037037038,2.523677544467578,7.174026137421595
PatientID_0039,3,4,oracle_volume_matched,4,92.0,True,True,2,True,False,313,56,56,0.25,0.14285714285714285,11.919615242270645,4.418800419478846,0.0,0.0,8.659738531189697
PatientID_0039,4,6,persistence,4,63.0,True,True,3,True,False,56,89,56,0.2620689655172414,0.15079365079365079,14.007106781186547,5.630799986629982,45.51724137931034,-0.4624585326720416,10.752424672542071
PatientID_0039,4,6,geometric_train_rate,4,63.0,True,True,3,True,False,56,89,63,0.25,0.14285714285714285,14.0,5.632246463430446,34.21052631578947,-0.3449229911389361,10.679825295960882
PatientID_0039,4,6,last_rate,4,63.0,True,True,3,True,False,56,89,17,0.20754716981132076,0.11578947368421053,16.0,8.015574236673901,135.8490566037736,-1.649500494586171,10.835617642829545
PatientID_0039,4,6,linear,4,63.0,True,True,3,True,False,56,89,0,0.0,0.0,,,200.0,-6.569481420414296,
PatientID_0039,4,6,gompertz,4,63.0,True,True,3,True,False,56,89,242,0.13897280966767372,0.07467532467532467,10.198039027185569,5.194325286751349,92.44712990936556,0.9994142429927,11.022546142955537
PatientID_0039,4,6,oracle_volume_matched,4,63.0,True,True,3,True,False,56,89,90,0.2122905027932961,0.11875,12.165525060596439,5.062484951043811,1.1173184357541899,0.01115771687065314,10.83217893471386
PatientID_0041,1,2,persistence,0,91.0,True,False,0,True,False,127,233,127,0.05,0.02564102564102564,9.16515138991168,4.71010377542836,58.888888888888886,-0.6064039360293559,6.1921476919602645
PatientID_0041,1,2,geometric_train_rate,0,91.0,True,False,0,True,False,127,233,158,0.056265984654731455,0.02894736842105263,9.065755623951048,4.5848538283448725,38.36317135549872,-0.3881889309162953,6.088995710805724
PatientID_0041,1,2,last_rate,0,91.0,True,False,0,True,True,127,233,127,0.05,0.02564102564102564,9.16515138991168,4.71010377542836,58.888888888888886,-0.6064039360293559,6.1921476919602645
PatientID_0041,1,2,linear,0,91.0,True,False,0,True,True,127,233,127,0.05,0.02564102564102564,9.16515138991168,4.71010377542836,58.888888888888886,-0.6064039360293559,6.1921476919602645
PatientID_0041,1,2,gompertz,0,91.0,True,False,0,True,True,127,233,127,0.05,0.02564102564102564,9.16515138991168,4.71010377542836,58.888888888888886,-0.6064039360293559,6.1921476919602645
PatientID_0041,1,2,oracle_volume_matched,0,91.0,True,False,0,True,False,127,233,233,0.08583690987124463,0.04484304932735426,8.48528137423857,4.294986491127141,0.0,0.0,6.291541016937673
PatientID_0044,2,3,persistence,1,98.0,True,True,1,True,False,230,22,230,0.023809523809523808,0.012048192771084338,11.916079783099615,6.701338672683827,165.0793650793651,2.341914448659249,9.240517602106715
PatientID_0044,2,3,geometric_train_rate,1,98.0,True,True,1,True,False,230,22,321,0.029154518950437316,0.014792899408284023,12.328828005937952,6.653420563463319,174.34402332361515,2.6751222645360544,9.168783069751854
PatientID_0044,2,3,last_rate,1,98.0,True,True,1,True,False,230,22,173193,0.0002540195710533152,0.00012702591906139395,120.84204542490015,81.08142545791485,199.94919608578934,8.96545438943327,54.86324686975454
PatientID_0044,2,3,linear,1,98.0,True,True,1,True,False,230,22,577,0.03005008347245409,0.015254237288135594,14.225752454696963,7.893543171913585,185.30884808013354,3.2613506899331597,9.496124943100995
PatientID_0044,2,3,gompertz,1,98.0,True,True,1,True,True,230,22,230,0.023809523809523808,0.012048192771084338,11.916079783099615,6.701338672683827,165.0793650793651,2.341914448659249,9.240517602106715
PatientID_0044,2,3,oracle_volume_matched,1,98.0,True,True,1,True,False,230,22,22,0.0,0.0,8.449420855788082,6.009835299755272,0.0,0.0,7.863504991020347
PatientID_0044,3,4,persistence,1,85.0,True,True,2,True,False,22,377,22,0.005012531328320802,0.002512562814070352,39.43594091503686,21.5457704784066,177.94486215538848,-2.835868506585232,26.584038750635585
PatientID_0044,3,4,geometric_train_rate,1,85.0,True,True,2,True,False,22,377,29,0.009852216748768473,0.0049504950495049506,39.395431207184416,21.212312548724025,171.42857142857142,-2.5609797855933607,26.22831682943236
PatientID_0044,3,4,last_rate,1,85.0,True,True,2,True,False,22,377,2,0.0,0.0,43.82692856011516,26.569877020505064,197.88918205804748,-5.178804895102845,26.35156338319013
PatientID_0044,3,4,linear,1,85.0,True,True,2,True,False,22,377,0,0.0,0.0,,,200.0,-8.012018239159062,
PatientID_0044,3,4,gompertz,1,85.0,True,True,2,True,True,22,377,22,0.005012531328320802,0.002512562814070352,39.43594091503686,21.5457704784066,177.94486215538848,-2.835868506585232,26.584038750635585
PatientID_0044,3,4,oracle_volume_matched,1,85.0,True,True,2,True,False,22,377,377,0.11140583554376658,0.05898876404494382,33.94678115237821,13.371055658923446,0.0,0.0,25.643509315974793
PatientID_0044,4,5,persistence,1,88.0,True,True,3,True,False,377,2557,377,0.09679618268575324,0.0508595988538682,22.627416997969522,10.055737449680873,148.60259032038172,-1.9140621620297014,16.04491191736433
PatientID_0044,4,5,geometric_train_rate,1,88.0,True,True,3,True,False,377,2557,508,0.11876019575856443,0.06312868539715574,22.44994432064365,9.719299522482924,133.70309951060358,-1.6159113792068516,15.715471107647668
PatientID_0044,4,5,last_rate,1,88.0,True,True,3,True,False,377,2557,6856,0.3110591734834803,0.18417410995093722,24.19913969069921,7.742946487244086,91.34176139381707,0.9862588328078521,14.614933017085136
PatientID_0044,4,5,linear,1,88.0,True,True,3,True,False,377,2557,745,0.16596002422774075,0.0904887714663144,20.97617696340303,8.645344269612112,109.75166565717747,-1.2330868699688362,14.81284185739574
PatientID_0044,4,5,gompertz,1,88.0,True,True,3,True,True,377,2557,377,0.09679618268575324,0.0508595988538682,22.627416997969522,10.055737449680873,148.60259032038172,-1.9140621620297014,16.04491191736433
PatientID_0044,4,5,oracle_volume_matched,1,88.0,True,True,3,True,False,377,2557,2557,0.3046538912788424,0.17970011534025374,20.91883859605388,7.081803291267589,0.0,0.0,15.98799997181834
PatientID_0044,5,6,persistence,1,120.0,True,True,4,True,False,2557,324,2557,0.1443943075321069,0.07781518892630004,25.059928172283335,10.108508246594713,155.01561957653593,2.065509615650098,16.022684612039075
PatientID_0044,5,6,geometric_train_rate,1,120.0,True,True,4,True,False,2557,324,3840,0.13112391930835735,0.07016191210485737,25.946073955542005,10.91922162969848,168.87608069164264,2.4721309532764697,16.268820095335013
PatientID_0044,5,6,last_rate,1,120.0,True,True,4,True,False,2557,324,34695,0.018504240555127217,0.00933852140077821,44.739230240959856,27.719060253249175,196.29915188897456,4.673225222292945,15.981948924253313
PatientID_0044,5,6,linear,1,120.0,True,True,4,True,False,2557,324,5530,0.10146908097027674,0.05344610401295663,28.142494558940577,12.389762148858258,177.8612914246669,2.836836454380386,15.075022370467801
PatientID_0044,5,6,gompertz,1,120.0,True,True,4,True,True,2557,324,2557,0.1443943075321069,0.07781518892630004,25.059928172283335,10.108508246594713,155.01561957653593,2.065509615650098,16.022684612039075
PatientID_0044,5,6,oracle_volume_matched,1,120.0,True,True,4,True,False,2557,324,324,0.11419753086419752,0.060556464811783964,19.697715603592208,8.25272430923948,0.0,0.0,18.858566196181666
PatientID_0045,1,2,persistence,4,70.0,True,False,0,True,False,491,2228,491,0.30158146377344613,0.1775660459073192,33.814191597829435,11.144901033250859,127.76756160353071,-1.5122170257240368,16.273333885462517
PatientID_0045,1,2,geometric_train_rate,4,70.0,True,False,0,True,False,491,2228,557,0.3317773788150808,0.19888075764098148,33.567830641789456,11.000103866867413,120.0,-1.386126072335941,16.110018682756056
PatientID_0045,1,2,last_rate,4,70.0,True,False,0,True,True,491,2228,491,0.30158146377344613,0.1775660459073192,33.814191597829435,11.144901033250859,127.76756160353071,-1.5122170257240368,16.273333885462517
PatientID_0045,1,2,linear,4,70.0,True,False,0,True,True,491,2228,491,0.30158146377344613,0.1775660459073192,33.814191597829435,11.144901033250859,127.76756160353071,-1.5122170257240368,16.273333885462517
PatientID_0045,1,2,gompertz,4,70.0,True,False,0,True,True,491,2228,491,0.30158146377344613,0.1775660459073192,33.814191597829435,11.144901033250859,127.76756160353071,-1.5122170257240368,16.273333885462517
PatientID_0045,1,2,oracle_volume_matched,4,70.0,True,False,0,True,False,491,2228,2228,0.5062836624775583,0.3389423076923077,27.202941017470888,7.521687551726868,0.0,0.0,15.732499865293141
PatientID_0045,2,3,persistence,4,30.0,True,True,1,True,False,2228,808,2228,0.3326745718050066,0.1995258790991703,11.313708498984761,5.293844931025285,93.54413702239789,1.0141989540765388,7.386444350504585
PatientID_0045,2,3,geometric_train_rate,4,30.0,True,True,1,True,False,2228,808,2351,0.32985121874010764,0.1974981046247157,11.313708498984761,5.341700791129559,97.68914213358657,1.0679324664648466,7.46879176105864
PatientID_0045,2,3,last_rate,4,30.0,True,True,1,True,False,2228,808,4258,0.28661666008685355,0.1672811059907834,14.338596154993784,7.048497934509895,136.2021318594552,1.6618674520018106,7.802947291348363
PatientID_0045,2,3,linear,4,30.0,True,True,1,True,False,2228,808,2972,0.3333333333333333,0.2,11.832159566199232,5.75506391382947,114.4973544973545,1.3023157146464446,6.998503324970208
PatientID_0045,2,3,gompertz,4,30.0,True,True,1,True,True,2228,808,2228,0.3326745718050066,0.1995258790991703,11.313708498984761,5.293844931025285,93.54413702239789,1.0141989540765388,7.386444350504585
PatientID_0045,2,3,oracle_volume_matched,4,30.0,True,True,1,True,False,2228,808,808,0.3032178217821782,0.1787016776075857,8.48528137423857,4.237510120678857,0.0,0.0,5.818551462642507
PatientID_0045,3,4,persistence,4,51.0,True,True,2,True,False,808,754,808,0.44430217669654287,0.28559670781893004,69.31089380465383,6.800141909954434,6.914212548015365,0.06915861276519615,9.80888436653217
PatientID_0045,3,4,geometric_train_rate,4,51.0,True,True,2,True,False,808,754,886,0.4329268292682927,0.27626459143968873,68.37182203268412,6.797322444933377,16.097560975609756,0.16129988741425572,9.671919110017452
PatientID_0045,3,4,last_rate,4,51.0,True,True,2,True,False,808,754,143,0.20735785953177258,0.11567164179104478,74.10262091335932,10.60480606421608,136.231884057971,-1.6618397624524217,6.442429129838193
PatientID_0045,3,4,linear,4,51.0,True,True,2,True,False,808,754,0,0.0,0.0,,,200.0,-8.704999678440762,
PatientID_0045,3,4,gompertz,4,51.0,True,True,2,True,False,808,754,2083,0.426506873457878,0.2710573476702509,10.770329614269007,6.693368557713383,93.6905181529785,1.0160663123010785,9.569104720317116
PatientID_0045,3,4,oracle_volume_matched,4,51.0,True,True,2,True,False,808,754,754,0.4588859416445623,0.2977624784853701,69.31089380465383,6.749044844408905,0.0,0.0,8.582984262673172
PatientID_0051,1,3,persistence,2,90.0,True,False,0,True,False,3628,2950,3628,0.500456065673457,0.3337388483373885,6.324555320336759,2.0884964086808737,20.614168440255398,0.20686844356873998,8.978943852821931
PatientID_0051,1,3,geometric_train_rate,2,90.0,True,False,0,True,False,3628,2950,4518,0.5420460632029994,0.37178545187362233,6.0,2.100468657359441,41.9925013390466,0.42624954243704527,9.198183148965509
PatientID_0051,1,3,last_rate,2,90.0,True,False,0,True,True,3628,2950,3628,0.500456065673457,0.3337388483373885,6.324555320336759,2.0884964086808737,20.614168440255398,0.20686844356873998,8.978943852821931
PatientID_0051,1,3,linear,2,90.0,True,False,0,True,True,3628,2950,3628,0.500456065673457,0.3337388483373885,6.324555320336759,2.0884964086808737,20.614168440255398,0.20686844356873998,8.978943852821931
PatientID_0051,1,3,gompertz,2,90.0,True,False,0,True,True,3628,2950,3628,0.500456065673457,0.3337388483373885,6.324555320336759,2.0884964086808737,20.614168440255398,0.20686844356873998,8.978943852821931
PatientID_0051,1,3,oracle_volume_matched,2,90.0,True,False,0,True,False,3628,2950,2950,0.4264406779661017,0.27100387763894873,7.483314773547883,2.7411929246387228,0.0,0.0,17.801544123154876
PatientID_0051,3,4,persistence,2,87.0,True,True,1,True,False,2950,2024,2950,0.6369119420989143,0.4672566371681416,4.47213595499958,1.7689454137593905,37.23361479694411,0.3767100339238814,4.322596689279433
PatientID_0051,3,4,geometric_train_rate,2,87.0,True,True,1,True,False,2950,2024,3647,0.5871980250396756,0.41562656015976035,5.050554438351423,2.2237700139441166,57.23858226062423,0.5888016775740466,4.55046350683278
PatientID_0051,3,4,last_rate,2,87.0,True,True,1,True,False,2950,2024,2415,0.6041901329128182,0.4328599096191091,5.656854249492381,2.0849223945517177,17.616580310880828,0.17661353718791273,10.351487688501345
PatientID_0051,3,4,linear,2,87.0,True,True,1,True,False,2950,2024,2295,0.6075480435285946,0.4363152643831061,4.898979485566356,2.062301912392135,12.549201203982403,0.12564979984871627,8.7981652526565
PatientID_0051,3,4,gompertz,2,87.0,True,True,1,True,True,2950,2024,2950,0.6369119420989143,0.4672566371681416,4.47213595499958,1.7689454137593905,37.23361479694411,0.3767100339238814,4.322596689279433
PatientID_0051,3,4,oracle_volume_matched,2,87.0,True,True,1,True,False,2950,2024,2024,0.6017786561264822,0.4303886925795053,5.656854249492381,2.222385677377851,0.0,0.0,5.845935153457645
PatientID_0052,1,2,persistence,4,70.0,True,False,0,True,False,538,1705,538,0.016941596076683014,0.0085431654676259,19.79898987322333,10.261202233236284,104.05706642888988,-1.1533028256312892,18.037121674126162
PatientID_0052,1,2,geometric_train_rate,4,70.0,True,False,0,True,False,538,1705,610,0.024190064794816415,0.012243113248797552,19.79898987322333,10.261320333123678,94.60043196544277,-1.0277298466059728,17.968856925172062
PatientID_0052,1,2,last_rate,4,70.0,True,False,0,True,True,538,1705,538,0.016941596076683014,0.0085431654676259,19.79898987322333,10.261202233236284,104.05706642888988,-1.1533028256312892,18.037121674126162
PatientID_0052,1,2,linear,4,70.0,True,False,0,True,True,538,1705,538,0.016941596076683014,0.0085431654676259,19.79898987322333,10.261202233236284,104.05706642888988,-1.1533028256312892,18.037121674126162
PatientID_0052,1,2,gompertz,4,70.0,True,False,0,True,True,538,1705,538,0.016941596076683014,0.0085431654676259,19.79898987322333,10.261202233236284,104.05706642888988,-1.1533028256312892,18.037121674126162
PatientID_0052,1,2,oracle_volume_matched,4,70.0,True,False,0,True,False,538,1705,1705,0.05571847507331378,0.02865761689291101,18.110770276274835,9.36640554052746,0.0,0.0,17.271097593509214
PatientID_0053,4,5,persistence,3,69.0,True,True,2,True,False,8,146,8,0.0,0.0,95.56670605017457,72.22983181971681,179.2207792207792,-2.889516691576431,69.35198489702685
PatientID_0053,4,5,geometric_train_rate,3,69.0,True,True,2,True,False,8,146,10,0.0,0.0,95.53526782494741,71.84440273519186,174.35897435897436,-2.6694548067996298,69.37392774128716
PatientID_0053,4,5,last_rate,3,69.0,True,True,2,True,False,8,146,24,0.0,0.0,93.62145407938871,69.53417334655384,143.52941176470588,-1.8012137725671828,69.2793131297265
PatientID_0053,4,5,linear,3,69.0,True,True,2,True,False,8,146,14,0.0,0.0,94.72154271802236,70.91087359520584,165.0,-2.336516142759728,69.1513504155012
PatientID_0053,4,5,gompertz,3,69.0,True,True,2,True,True,8,146,8,0.0,0.0,95.56670605017457,72.22983181971681,179.2207792207792,-2.889516691576431,69.35198489702685
PatientID_0053,4,5,oracle_volume_matched,3,69.0,True,True,2,True,False,8,146,146,0.0,0.0,90.35928080721953,63.537642078994445,0.0,0.0,69.37754101723445
PatientID_0053,5,6,persistence,3,91.0,True,True,3,True,False,146,1772,146,0.15224191866527634,0.08239277652370203,28.142494558940577,10.475568779104826,169.55161626694473,-2.495472250645563,16.002971526957623
PatientID_0053,5,6,geometric_train_rate,3,91.0,True,True,3,True,False,146,1772,185,0.17986714358712313,0.09882088714205503,27.129319932501073,9.794183552544407,162.18702095043434,-2.2589033978498327,14.511331118511093
PatientID_0053,5,6,last_rate,3,91.0,True,True,3,True,False,146,1772,5849,0.22831649389843853,0.12886979706710117,14.0,7.366646971759391,106.99383283033723,1.1941126859514297,17.479519289481257
PatientID_0053,5,6,linear,3,91.0,True,True,3,True,False,146,1772,328,0.28,0.16279069767441862,26.30589287593181,8.576178289229087,137.52380952380952,-1.6865400370919073,14.016874743106465
PatientID_0053,5,6,gompertz,3,91.0,True,True,3,True,True,146,1772,146,0.15224191866527634,0.08239277652370203,28.142494558940577,10.475568779104826,169.55161626694473,-2.495472250645563,16.002971526957623
PatientID_0053,5,6,oracle_volume_matched,3,91.0,True,True,3,True,False,146,1772,1772,0.3843115124153499,0.23786238211666086,21.945341380123974,6.065218859598183,0.0,0.0,16.933971285180114
PatientID_0054,1,2,persistence,3,77.0,True,False,0,True,False,5018,7102,5018,0.449009900990099,0.28949888285987874,6.324555320336759,2.477529594725452,34.38943894389439,-0.3473376770850607,6.672522258809621
PatientID_0054,1,2,geometric_train_rate,3,77.0,True,False,0,True,False,5018,7102,6123,0.535047258979206,0.3652317538969753,7.211102550927978,2.7273407288772034,14.805293005671077,-0.14832144792510232,6.772708787033487
PatientID_0054,1,2,last_rate,3,77.0,True,False,0,True,True,5018,7102,5018,0.449009900990099,0.28949888285987874,6.324555320336759,2.477529594725452,34.38943894389439,-0.3473376770850607,6.672522258809621
PatientID_0054,1,2,linear,3,77.0,True,False,0,True,True,5018,7102,5018,0.449009900990099,0.28949888285987874,6.324555320336759,2.477529594725452,34.38943894389439,-0.3473376770850607,6.672522258809621
PatientID_0054,1,2,gompertz,3,77.0,True,False,0,True,True,5018,7102,5018,0.449009900990099,0.28949888285987874,6.324555320336759,2.477529594725452,34.38943894389439,-0.3473376770850607,6.672522258809621
PatientID_0054,1,2,oracle_volume_matched,3,77.0,True,False,0,True,False,5018,7102,7102,0.5404111517882286,0.3702488906038974,7.211102550927978,2.953251283331071,0.0,0.0,6.446324229607309
PatientID_0055,1,4,persistence,4,182.0,True,False,0,True,False,4367,1772,4367,0.2003583645544877,0.11133236784938451,19.256023897938842,7.587608284359145,84.54145626323505,0.901925506407291,18.03894779675099
PatientID_0055,1,4,geometric_train_rate,4,182.0,True,False,0,True,False,4367,1772,6058,0.2140485312899106,0.1198512585812357,20.596105311154137,8.14992712586241,109.47637292464879,1.229220954809077,17.722439109363133
PatientID_0055,1,4,last_rate,4,182.0,True,False,0,True,True,4367,1772,4367,0.2003583645544877,0.11133236784938451,19.256023897938842,7.587608284359145,84.54145626323505,0.901925506407291,18.03894779675099
PatientID_0055,1,4,linear,4,182.0,True,False,0,True,True,4367,1772,4367,0.2003583645544877,0.11133236784938451,19.256023897938842,7.587608284359145,84.54145626323505,0.901925506407291,18.03894779675099
PatientID_0055,1,4,gompertz,4,182.0,True,False,0,True,True,4367,1772,4367,0.2003583645544877,0.11133236784938451,19.256023897938842,7.587608284359145,84.54145626323505,0.901925506407291,18.03894779675099
PatientID_0055,1,4,oracle_volume_matched,4,182.0,True,False,0,True,False,4367,1772,1772,0.14785553047404063,0.07982937233394272,18.0,8.165979975668815,0.0,0.0,19.507303618012454
PatientID_0055,4,5,persistence,4,64.0,True,True,1,True,False,1772,2389,1772,0.7498197548666186,0.5997693194925029,2.8284271247461903,1.2493463168816528,29.6563326123528,-0.2987477986669663,3.7082200015011897
PatientID_0055,4,5,geometric_train_rate,4,64.0,True,True,1,True,False,1772,2389,1988,0.7507425177061915,0.6009509875640088,3.4641016151377544,1.353027415906009,18.32305231893991,-0.18373520660135342,3.702526297622239
PatientID_0055,4,5,last_rate,4,64.0,True,True,1,True,False,1772,2389,1290,0.6289752650176679,0.4587628865979381,4.898979485566356,1.852969271151458,59.74449578689861,-0.6161880772186645,4.3571869417279565
PatientID_0055,4,5,linear,4,64.0,True,True,1,True,False,1772,2389,859,0.4876847290640394,0.32247557003257327,6.324555320336759,2.6031837941622,94.21182266009852,-1.0227680396629928,5.815028260260247
PatientID_0055,4,5,gompertz,4,64.0,True,True,1,True,True,1772,2389,1772,0.7498197548666186,0.5997693194925029,2.8284271247461903,1.2493463168816528,29.6563326123528,-0.2987477986669663,3.7082200015011897
PatientID_0055,4,5,oracle_volume_matched,4,64.0,True,True,1,True,False,1772,2389,2389,0.7626622017580578,0.6163734776725305,2.8284271247461903,1.4497586198242527,0.0,0.0,3.307311640295547
PatientID_0055,5,6,persistence,4,42.0,True,True,2,True,False,2389,3479,2389,0.7385821404226313,0.5855174277222372,4.47213595499958,1.6533737528817274,37.15064758009543,-0.3758536352666216,0.6372451798731605
PatientID_0055,5,6,geometric_train_rate,4,42.0,True,True,2,True,False,2389,3479,2576,0.7679603633360859,0.6233243967828418,4.898979485566356,1.680706156842736,29.826589595375722,-0.30049449347971113,0.41026927732811436
PatientID_0055,5,6,last_rate,4,42.0,True,True,2,True,False,2389,3479,2906,0.7899765074393109,0.6528604711364224,4.898979485566356,1.7186445978513705,17.948316366483947,-0.17996024671339422,0.34398803667458294
PatientID_0055,5,6,linear,4,42.0,True,True,2,True,False,2389,3479,2794,0.7859078590785907,0.6473214285714286,4.898979485566356,1.7102475743746488,21.83963016100749,-0.2192618268293823,0.3408911776445999
PatientID_0055,5,6,gompertz,4,42.0,True,True,2,True,False,2389,3479,4437,0.7789287518948964,0.637906062487068,4.898979485566356,2.226601899923506,24.204143506821627,0.24322581879911284,0.3568111488557738
PatientID_0055,5,6,oracle_volume_matched,4,42.0,True,True,2,True,False,2389,3479,3479,0.7933314170738718,0.6574559313959029,4.47213595499958,1.8650570438463556,0.0,0.0,0.49605162377297607
PatientID_0059,1,2,persistence,4,1109.0,False,False,0,True,False,965,259,965,0.049019607843137254,0.02512562814070352,11.313708498984761,6.009256733377959,115.359477124183,1.314947055873036,8.880887624743966
PatientID_0059,1,2,geometric_train_rate,4,1109.0,False,False,0,True,False,965,259,7088,0.07050496801415544,0.03654063205417607,18.2208671582886,11.86729803253983,185.8990063971689,3.308865556813651,5.920492205856838
PatientID_0059,1,2,last_rate,4,1109.0,False,False,0,True,True,965,259,965,0.049019607843137254,0.02512562814070352,11.313708498984761,6.009256733377959,115.359477124183,1.314947055873036,8.880887624743966
PatientID_0059,1,2,linear,4,1109.0,False,False,0,True,True,965,259,965,0.049019607843137254,0.02512562814070352,11.313708498984761,6.009256733377959,115.359477124183,1.314947055873036,8.880887624743966
PatientID_0059,1,2,gompertz,4,1109.0,False,False,0,True,True,965,259,965,0.049019607843137254,0.02512562814070352,11.313708498984761,6.009256733377959,115.359477124183,1.314947055873036,8.880887624743966
PatientID_0059,1,2,oracle_volume_matched,4,1109.0,False,False,0,True,False,965,259,259,0.05405405405405406,0.027777777777777776,8.94427190999916,5.527330970320485,0.0,0.0,16.61640059885189
PatientID_0059,2,3,persistence,4,177.0,True,True,1,True,False,259,908,259,0.0,0.0,78.62951006332446,67.7761790921664,111.22536418166239,-1.2540714635686039,77.12659107569723
PatientID_0059,2,3,geometric_train_rate,4,177.0,True,True,1,True,False,259,908,356,0.0,0.0,78.61297602813418,67.75161178781217,87.34177215189874,-0.9361002415064749,77.31996554451811
PatientID_0059,2,3,last_rate,4,177.0,True,True,1,True,False,259,908,210,0.0,0.0,80.24961059095551,68.41113225117276,124.86583184257603,-1.4636794425957678,76.35101040221868
PatientID_0059,2,3,linear,4,177.0,True,True,1,True,False,259,908,146,0.0,0.0,80.53943046544225,68.94537182526913,144.5920303605313,-1.8269196145323148,75.83596602275402
PatientID_0059,2,3,gompertz,4,177.0,True,True,1,True,True,259,908,259,0.0,0.0,78.62951006332446,67.7761790921664,111.22536418166239,-1.2540714635686039,77.12659107569723
PatientID_0059,2,3,oracle_volume_matched,4,177.0,True,True,1,True,False,259,908,908,0.0,0.0,76.47221717722064,66.96158570885979,0.0,0.0,78.39348207588428
PatientID_0060,1,2,persistence,2,3.0,False,False,0,True,False,4474,13689,4474,0.48351043329846394,0.318835318036596,12.328828005937952,6.685336442110711,101.47002147222375,-1.118290920109135,3.544678256070534
PatientID_0060,1,2,geometric_train_rate,2,3.0,False,False,0,True,False,4474,13689,4507,0.48626071664102,0.3212314841707813,12.328828005937952,6.705236667544752,100.92327984172346,-1.1109422440321464,3.543443238235215
PatientID_0060,1,2,last_rate,2,3.0,False,False,0,True,True,4474,13689,4474,0.48351043329846394,0.318835318036596,12.328828005937952,6.685336442110711,101.47002147222375,-1.118290920109135,3.544678256070534
PatientID_0060,1,2,linear,2,3.0,False,False,0,True,True,4474,13689,4474,0.48351043329846394,0.318835318036596,12.328828005937952,6.685336442110711,101.47002147222375,-1.118290920109135,3.544678256070534
PatientID_0060,1,2,gompertz,2,3.0,False,False,0,True,True,4474,13689,4474,0.48351043329846394,0.318835318036596,12.328828005937952,6.685336442110711,101.47002147222375,-1.118290920109135,3.544678256070534
PatientID_0060,1,2,oracle_volume_matched,2,3.0,False,False,0,True,False,4474,13689,13689,0.8796113667908539,0.7850948686183739,4.898979485566356,2.094987109960885,0.0,0.0,1.6014542063307726
PatientID_0062,1,2,persistence,3,3.0,False,False,0,True,False,4542,13689,4542,0.4891668037957325,0.3237728724949172,12.649110640673518,6.784020007913599,100.34556524600954,-1.1032067577705025,3.4092675287216654
PatientID_0062,1,2,geometric_train_rate,3,3.0,False,False,0,True,False,4542,13689,4577,0.492061754078616,0.3263142608190531,12.735536449479245,6.810615701794944,99.77006460089784,-1.0955306502271205,3.405290460195373
PatientID_0062,1,2,last_rate,3,3.0,False,False,0,True,True,4542,13689,4542,0.4891668037957325,0.3237728724949172,12.649110640673518,6.784020007913599,100.34556524600954,-1.1032067577705025,3.4092675287216654
PatientID_0062,1,2,linear,3,3.0,False,False,0,True,True,4542,13689,4542,0.4891668037957325,0.3237728724949172,12.649110640673518,6.784020007913599,100.34556524600954,-1.1032067577705025,3.4092675287216654
PatientID_0062,1,2,gompertz,3,3.0,False,False,0,True,True,4542,13689,4542,0.4891668037957325,0.3237728724949172,12.649110640673518,6.784020007913599,100.34556524600954,-1.1032067577705025,3.4092675287216654
PatientID_0062,1,2,oracle_volume_matched,3,3.0,False,False,0,True,False,4542,13689,13689,0.8792461100153408,0.7845131012905749,4.898979485566356,2.089117628267315,0.0,0.0,1.5583688815538916
PatientID_0064,1,2,persistence,2,84.0,True,False,0,True,False,5509,3566,5509,0.6939944903581268,0.5313871076611543,6.324555320336759,2.66696710443038,42.82093663911846,0.4349262362689799,5.000571794941675
PatientID_0064,1,2,geometric_train_rate,2,84.0,True,False,0,True,False,5509,3566,6761,0.6518834124140602,0.483551213906048,7.211102550927978,3.3647577784058966,61.876634066040474,0.6397097242193402,5.222819802633005
PatientID_0064,1,2,last_rate,2,84.0,True,False,0,True,True,5509,3566,5509,0.6939944903581268,0.5313871076611543,6.324555320336759,2.66696710443038,42.82093663911846,0.4349262362689799,5.000571794941675
PatientID_0064,1,2,linear,2,84.0,True,False,0,True,True,5509,3566,5509,0.6939944903581268,0.5313871076611543,6.324555320336759,2.66696710443038,42.82093663911846,0.4349262362689799,5.000571794941675
PatientID_0064,1,2,gompertz,2,84.0,True,False,0,True,True,5509,3566,5509,0.6939944903581268,0.5313871076611543,6.324555320336759,2.66696710443038,42.82093663911846,0.4349262362689799,5.000571794941675
PatientID_0064,1,2,oracle_volume_matched,2,84.0,True,False,0,True,False,5509,3566,3566,0.7277061132922041,0.571963852766145,4.898979485566356,2.217697761654547,0.0,0.0,3.7090169513740805
PatientID_0065,1,2,persistence,3,14.0,True,False,0,True,False,339,3731,339,0.16461916461916462,0.08969210174029452,11.489125293076057,6.555118491042562,166.68304668304668,-2.39809630476313,1.8679519885167835
PatientID_0065,1,2,geometric_train_rate,3,14.0,True,False,0,True,False,339,3731,351,0.17001469867711905,0.092904953145917,11.489125293076057,6.5360889599022025,165.60509554140128,-2.363322790317818,1.8730761695360176
PatientID_0065,1,2,last_rate,3,14.0,True,False,0,True,True,339,3731,339,0.16461916461916462,0.08969210174029452,11.489125293076057,6.555118491042562,166.68304668304668,-2.39809630476313,1.8679519885167835
PatientID_0065,1,2,linear,3,14.0,True,False,0,True,True,339,3731,339,0.16461916461916462,0.08969210174029452,11.489125293076057,6.555118491042562,166.68304668304668,-2.39809630476313,1.8679519885167835
PatientID_0065,1,2,gompertz,3,14.0,True,False,0,True,True,339,3731,339,0.16461916461916462,0.08969210174029452,11.489125293076057,6.555118491042562,166.68304668304668,-2.39809630476313,1.8679519885167835
PatientID_0065,1,2,oracle_volume_matched,3,14.0,True,False,0,True,False,339,3731,3731,0.7866523720182257,0.6483322288491274,6.0,2.3823064485478356,0.0,0.0,1.6958421476042687
PatientID_0065,2,3,persistence,3,63.0,True,True,1,True,False,3731,2945,3731,0.823247453565009,0.6995926680244399,4.47213595499958,1.632467087629476,23.54703415218694,0.23655853573556285,2.910175279100134
PatientID_0065,2,3,geometric_train_rate,3,63.0,True,True,1,True,False,3731,2945,4391,0.7813522355507089,0.6411633109619687,4.898979485566356,2.25848956414429,39.42202835332606,0.39943419746938535,2.7933987301530734
PatientID_0065,2,3,last_rate,3,63.0,True,True,1,True,False,3731,2945,167437,0.03449894941953962,0.01755224165835538,96.04165762834376,57.480101177367295,193.0861241210926,4.0404566466361365,48.083531325702204
PatientID_0065,2,3,linear,3,63.0,True,True,1,True,False,3731,2945,18995,0.26791248860528716,0.15467606968054312,18.973665961010276,13.358408950747753,146.30811303555151,1.8640311062725365,7.340777352965788
PatientID_0065,2,3,gompertz,3,63.0,True,True,1,True,True,3731,2945,3731,0.823247453565009,0.6995926680244399,4.47213595499958,1.632467087629476,23.54703415218694,0.23655853573556285,2.910175279100134
PatientID_0065,2,3,oracle_volume_matched,3,63.0,True,True,1,True,False,3731,2945,2945,0.8264855687606112,0.7042824074074074,3.4641016151377544,1.5339140996059781,0.0,0.0,3.169077667076675
PatientID_0065,3,4,persistence,3,80.0,True,True,2,True,False,2945,6431,2945,0.5373293515358362,0.36736182003791745,10.954451150103322,4.593662793199838,74.36006825938567,-0.7809982230408417,9.37867425558303
PatientID_0065,3,4,geometric_train_rate,3,80.0,True,True,2,True,False,2945,6431,3621,0.5951054516514127,0.4235943917292168,10.770329614269007,4.455933890656308,55.90927178670911,-0.5743647330271004,9.472896946234881
PatientID_0065,3,4,last_rate,3,80.0,True,True,2,True,False,2945,6431,2181,0.4563399907106363,0.29562208515119603,12.806248474865697,5.443510597163586,98.69948908499768,-1.0813086853291105,9.028946630713442
PatientID_0065,3,4,linear,3,80.0,True,True,2,True,False,2945,6431,1947,0.4230126521842922,0.26824099303663335,12.806248474865697,5.672791118886478,107.04225352112677,-1.1947955584007346,8.751744683229507
PatientID_0065,3,4,gompertz,3,80.0,True,True,2,True,False,2945,6431,7405,0.737351835790691,0.5839725243274184,8.48528137423857,3.5655064913886574,14.079213645562302,0.14102284399807885,7.827360730703202
PatientID_0065,3,4,oracle_volume_matched,3,80.0,True,True,2,True,False,2945,6431,6431,0.7233711708909968,0.566626065773447,8.246211251235321,3.565901924228677,0.0,0.0,8.194023307490028
PatientID_0065,4,5,persistence,3,127.0,True,True,3,True,False,6431,5241,6431,0.8029472241261137,0.6707701116518752,4.898979485566356,2.041479152779553,20.390678546949967,0.20461331411952774,4.387561720390134
PatientID_0065,4,5,geometric_train_rate,3,127.0,True,True,3,True,False,6431,5241,8929,0.7285815102328864,0.5730461811722913,7.211102550927978,3.330076396371609,52.05363443895554,0.5327822358192823,4.644400515393478
PatientID_0065,4,5,last_rate,3,127.0,True,True,3,True,False,6431,5241,22216,0.38176057107477146,0.23591105509542673,16.1245154965971,11.340930075516734,123.6478857850457,1.4442822066182708,2.022825045356178
PatientID_0065,4,5,linear,3,127.0,True,True,3,True,False,6431,5241,11965,0.6090898523770778,0.437907404312218,9.797958971132712,5.528445152438255,78.15878182029525,0.8254599984974103,4.032849764080093
PatientID_0065,4,5,gompertz,3,127.0,True,True,3,True,False,6431,5241,7405,0.7804839474932785,0.639994812605369,6.0,2.495893250743931,34.22426063577416,0.34563615811760656,4.6406548398355
PatientID_0065,4,5,oracle_volume_matched,3,127.0,True,True,3,True,False,6431,5241,5241,0.8048082427017744,0.6733716475095786,4.47213595499958,2.053525840668604,0.0,0.0,3.8530238744324685
PatientID_0066,1,2,persistence,1,63.0,True,False,0,True,False,42,14,42,0.0,0.0,31.394032281889736,20.45406151904771,100.0,1.0926951116400212,30.00838884979574
PatientID_0066,1,2,geometric_train_rate,1,63.0,True,False,0,True,False,42,14,52,0.0,0.0,31.304951684997057,20.553042095172064,115.15151515151516,1.305698403086461,29.788568838972758
PatientID_0066,1,2,last_rate,1,63.0,True,False,0,True,True,42,14,42,0.0,0.0,31.394032281889736,20.45406151904771,100.0,1.0926951116400212,30.00838884979574
PatientID_0066,1,2,linear,1,63.0,True,False,0,True,True,42,14,42,0.0,0.0,31.394032281889736,20.45406151904771,100.0,1.0926951116400212,30.00838884979574
PatientID_0066,1,2,gompertz,1,63.0,True,False,0,True,True,42,14,42,0.0,0.0,31.394032281889736,20.45406151904771,100.0,1.0926951116400212,30.00838884979574
PatientID_0066,1,2,oracle_volume_matched,1,63.0,True,False,0,True,False,42,14,14,0.0,0.0,32.9140033816907,24.83337776878196,0.0,0.0,27.162398980343166
PatientID_0066,2,3,persistence,1,108.0,True,True,1,True,False,14,21,14,0.0,0.0,54.50764357044704,30.233844683285167,40.0,-0.40251089621073294,27.689319469759692
PatientID_0066,2,3,geometric_train_rate,1,108.0,True,True,1,True,False,14,21,20,0.0,0.0,54.11546088209549,30.32983905044564,4.878048780487805,-0.048494349938610494,27.721812510889134
PatientID_0066,2,3,last_rate,1,108.0,True,True,1,True,False,14,21,1,0.0,0.0,58.74249404969125,42.32152132751214,181.8181818181818,-2.932674137586854,29.053863497424643
PatientID_0066,2,3,linear,1,108.0,True,True,1,True,False,14,21,0,0.0,0.0,,,200.0,-5.1298987149230735,
PatientID_0066,2,3,gompertz,1,108.0,True,True,1,True,True,14,21,14,0.0,0.0,54.50764357044704,30.233844683285167,40.0,-0.40251089621073294,27.689319469759692
PatientID_0066,2,3,oracle_volume_matched,1,108.0,True,True,1,True,False,14,21,21,0.0,0.0,54.11546088209549,30.308966933329526,0.0,0.0,27.711831015493956
PatientID_0066,3,5,persistence,1,170.0,True,True,2,True,False,21,0,21,0.0,0.0,,,200.0,5.1298987149230735,
PatientID_0066,3,5,geometric_train_rate,1,170.0,True,True,2,True,False,21,0,37,0.0,0.0,,,200.0,5.6937321388027,
PatientID_0066,3,5,last_rate,1,170.0,True,True,2,True,False,21,0,39,0.0,0.0,,,200.0,5.746203190540153,
PatientID_0066,3,5,linear,1,170.0,True,True,2,True,False,21,0,32,0.0,0.0,,,200.0,5.54907608489522,
PatientID_0066,3,5,gompertz,1,170.0,True,True,2,True,False,21,0,51,0.0,0.0,,,200.0,6.013715156042802,
PatientID_0066,3,5,oracle_volume_matched,1,170.0,True,True,2,True,False,21,0,0,1.0,1.0,,,0.0,0.0,
PatientID_0067,1,2,persistence,0,103.0,True,False,0,True,False,554,945,554,0.1801200800533689,0.09897360703812316,10.449008560741573,4.504357423510797,52.168112074716475,-0.5339269008132164,9.091828380138995
PatientID_0067,1,2,geometric_train_rate,0,103.0,True,False,0,True,False,554,945,708,0.2613430127041742,0.15031315240083507,10.198039027185569,4.242121315451549,28.67513611615245,-0.2886965620961631,8.63102108197701
PatientID_0067,1,2,last_rate,0,103.0,True,False,0,True,True,554,945,554,0.1801200800533689,0.09897360703812316,10.449008560741573,4.504357423510797,52.168112074716475,-0.5339269008132164,9.091828380138995
PatientID_0067,1,2,linear,0,103.0,True,False,0,True,True,554,945,554,0.1801200800533689,0.09897360703812316,10.449008560741573,4.504357423510797,52.168112074716475,-0.5339269008132164,9.091828380138995
PatientID_0067,1,2,gompertz,0,103.0,True,False,0,True,True,554,945,554,0.1801200800533689,0.09897360703812316,10.449008560741573,4.504357423510797,52.168112074716475,-0.5339269008132164,9.091828380138995
PatientID_0067,1,2,oracle_volume_matched,0,103.0,True,False,0,True,False,554,945,945,0.3164021164021164,0.1879321181646763,10.198039027185569,4.091648612430127,0.0,0.0,8.345362410712433
PatientID_0068,1,2,persistence,1,77.0,True,False,0,True,False,317,223,317,0.07777777777777778,0.04046242774566474,11.924471804789656,6.733570961174976,34.81481481481482,0.35156386538554246,11.985741067683144
PatientID_0068,1,2,geometric_train_rate,1,77.0,True,False,0,True,False,317,223,411,0.0914826498422713,0.047933884297520664,11.661903789690601,6.529953275961522,59.305993690851736,0.6111651519753175,12.004316271340645
PatientID_0068,1,2,last_rate,1,77.0,True,False,0,True,True,317,223,317,0.07777777777777778,0.04046242774566474,11.924471804789656,6.733570961174976,34.81481481481482,0.35156386538554246,11.985741067683144
PatientID_0068,1,2,linear,1,77.0,True,False,0,True,True,317,223,317,0.07777777777777778,0.04046242774566474,11.924471804789656,6.733570961174976,34.81481481481482,0.35156386538554246,11.985741067683144
PatientID_0068,1,2,gompertz,1,77.0,True,False,0,True,True,317,223,317,0.07777777777777778,0.04046242774566474,11.924471804789656,6.733570961174976,34.81481481481482,0.35156386538554246,11.985741067683144
PatientID_0068,1,2,oracle_volume_matched,1,77.0,True,False,0,True,False,317,223,223,0.06726457399103139,0.03480278422273782,12.821771767060694,7.3342634287545785,0.0,0.0,11.938570673489966
PatientID_0068,2,3,persistence,1,21.0,True,True,1,True,False,223,664,223,0.0992108229988726,0.05219454329774614,11.007918564400578,6.0361551583129,99.43630214205186,-1.0907382322372037,12.834394267023557
PatientID_0068,2,3,geometric_train_rate,1,21.0,True,True,1,True,False,223,664,239,0.10188261351052048,0.05367561260210035,10.954451150103322,5.9619232486566185,94.13067552602436,-1.0214839570106904,12.926549644444952
PatientID_0068,2,3,last_rate,1,21.0,True,True,1,True,False,223,664,203,0.09457900807381776,0.04963680387409201,12.806248474865697,6.630539326371679,106.3437139561707,-1.1846488316871053,13.823883008796171
PatientID_0068,2,3,linear,1,21.0,True,True,1,True,False,223,664,197,0.0859465737514518,0.044902912621359224,13.564659966250536,7.037106381987336,108.47851335656213,-1.2146323394879048,14.170174484974977
PatientID_0068,2,3,gompertz,1,21.0,True,True,1,True,True,223,664,223,0.0992108229988726,0.05219454329774614,11.007918564400578,6.0361551583129,99.43630214205186,-1.0907382322372037,12.834394267023557
PatientID_0068,2,3,oracle_volume_matched,1,21.0,True,True,1,True,False,223,664,664,0.20933734939759036,0.11690496215306981,11.322479338689318,5.335086207869206,0.0,0.0,11.938827802790714
PatientID_0068,3,4,persistence,1,48.0,True,True,2,True,False,664,524,664,0.6111111111111112,0.44,6.0,4.229346816538123,23.569023569023567,0.23674017928018062,4.817701015858241
PatientID_0068,3,4,geometric_train_rate,1,48.0,True,True,2,True,False,664,524,782,0.5941807044410413,0.4226579520697168,6.0,4.432438899917124,39.50995405819295,0.40028436882760077,5.007845787623197
PatientID_0068,3,4,last_rate,1,48.0,True,True,2,True,False,664,524,7997,0.11946954582795447,0.06352970544183724,20.97617696340303,13.496476128824446,175.40194812815398,2.7251071755803755,7.058036109118732
PatientID_0068,3,4,linear,1,48.0,True,True,2,True,False,664,524,1672,0.4553734061930783,0.294811320754717,9.38083151964686,5.658809197416918,104.55373406193078,1.1601203461248237,5.164930527386436
PatientID_0068,3,4,gompertz,1,48.0,True,True,2,True,False,664,524,477,0.5954045954045954,0.4238975817923186,6.0,4.742163857439653,9.390609390609391,-0.09395169442553297,4.685539756854935
PatientID_0068,3,4,oracle_volume_matched,1,48.0,True,True,2,True,False,664,524,524,0.601145038167939,0.4297407912687585,6.0,4.652850383214395,0.0,0.0,4.6919591332543495
PatientID_0068,4,5,persistence,1,189.0,True,True,3,True,False,524,1293,524,0.5250412768299395,0.3559701492537313,10.0,4.863040499046846,84.64501926252063,-0.9030868430088808,2.499081219261811
PatientID_0068,4,5,geometric_train_rate,1,189.0,True,True,3,True,False,524,1293,994,0.6620026235242676,0.4947712418300654,9.10993151993355,6.063237715920404,26.14779186707477,-0.2629540952225081,2.741471693752861
PatientID_0068,4,5,last_rate,1,189.0,True,True,3,True,False,524,1293,206,0.27484989993328884,0.15931941221964424,11.781082833246632,5.738610458583032,145.03002001334224,-1.8363342676200445,3.8993220492551526
PatientID_0068,4,5,linear,1,189.0,True,True,3,True,False,524,1293,0,0.0,0.0,,,200.0,-9.244258590179644,
PatientID_0068,4,5,gompertz,1,189.0,True,True,3,True,False,524,1293,830,0.659444182760245,0.49191848208011246,8.246211251235321,3.972705360568631,43.61752237399906,-0.44324075663892976,3.1678149652376453
PatientID_0068,4,5,oracle_volume_matched,1,189.0,True,True,3,True,False,524,1293,1293,0.6488785769528229,0.48025186033199774,84.94939053364375,8.384281865339021,0.0,0.0,4.444123740035976
PatientID_0069,2,3,persistence,3,51.0,True,False,0,True,False,354,214,354,0.6584507042253521,0.49081364829396323,3.4908965343808425,1.2390965853547502,49.29577464788732,0.5030900015063966,2.640563860864052
PatientID_0069,2,3,geometric_train_rate,3,51.0,True,False,0,True,False,354,214,404,0.6181229773462783,0.44730679156908665,4.0,1.5232375617498517,61.48867313915858,0.6351642794013131,2.623464341788167
PatientID_0069,2,3,last_rate,3,51.0,True,False,0,True,True,354,214,354,0.6584507042253521,0.49081364829396323,3.4908965343808425,1.2390965853547502,49.29577464788732,0.5030900015063966,2.640563860864052
PatientID_0069,2,3,linear,3,51.0,True,False,0,True,True,354,214,354,0.6584507042253521,0.49081364829396323,3.4908965343808425,1.2390965853547502,49.29577464788732,0.5030900015063966,2.640563860864052
PatientID_0069,2,3,gompertz,3,51.0,True,False,0,True,True,354,214,354,0.6584507042253521,0.49081364829396323,3.4908965343808425,1.2390965853547502,49.29577464788732,0.5030900015063966,2.640563860864052
PatientID_0069,2,3,oracle_volume_matched,3,51.0,True,False,0,True,False,354,214,214,0.6962616822429907,0.5340501792114696,2.8284271247461903,0.9989688411397377,0.0,0.0,2.0101280807114446
PatientID_0069,3,4,persistence,3,50.0,True,True,1,True,False,214,177,214,0.690537084398977,0.52734375,2.8284271247461903,0.9443404736055042,18.925831202046037,0.18970425863343948,2.3270577505102183
PatientID_0069,3,4,geometric_train_rate,3,50.0,True,True,1,True,False,214,177,244,0.665083135391924,0.498220640569395,2.8284271247461903,1.0554956170981118,31.828978622327792,0.3208246911859985,2.3835222102631275
PatientID_0069,3,4,last_rate,3,50.0,True,True,1,True,False,214,177,130,0.5732899022801303,0.4018264840182648,4.0,1.260542750362887,30.618892508143322,-0.30836017107571156,2.169001526683152
PatientID_0069,3,4,linear,3,50.0,True,True,1,True,False,214,177,77,0.41732283464566927,0.263681592039801,6.0,1.835396829262932,78.74015748031496,-0.8314282157852926,2.2591071977028996
PatientID_0069,3,4,gompertz,3,50.0,True,True,1,True,True,214,177,214,0.690537084398977,0.52734375,2.8284271247461903,0.9443404736055042,18.925831202046037,0.18970425863343948,2.3270577505102183
PatientID_0069,3,4,oracle_volume_matched,3,50.0,True,True,1,True,False,214,177,177,0.6610169491525424,0.4936708860759494,2.8284271247461903,1.0247228777917365,0.0,0.0,2.1646308543519353
PatientID_0069,4,5,persistence,3,102.0,True,True,2,True,False,177,36,177,0.30985915492957744,0.18333333333333332,7.712183716854101,3.0169655015197576,132.3943661971831,1.5898705515782483,3.767196376943716
PatientID_0069,4,5,geometric_train_rate,3,102.0,True,True,2,True,False,177,36,230,0.2631578947368421,0.15151515151515152,7.483314773547883,3.2585039131612565,145.86466165413535,1.8516374931206456,3.7305600578043836
PatientID_0069,4,5,last_rate,3,102.0,True,True,2,True,False,177,36,120,0.3974358974358974,0.248,6.509771876561182,2.24402374056217,107.6923076923077,1.2015477208578604,3.8876228097786116
PatientID_0069,4,5,linear,3,102.0,True,True,2,True,False,177,36,102,0.4057971014492754,0.2545454545454545,6.448033024486373,2.2340237714553455,95.65217391304348,1.0392124067475708,3.9910631615590764
PatientID_0069,4,5,gompertz,3,102.0,True,True,2,True,False,177,36,377,0.1694915254237288,0.09259259259259259,8.246211251235321,3.916726847600444,165.13317191283292,2.345591551046629,3.6160793295939437
PatientID_0069,4,5,oracle_volume_matched,3,102.0,True,True,2,True,False,177,36,36,0.25,0.14285714285714285,6.780726405493154,2.6937969565121636,0.0,0.0,4.744717660621343
PatientID_0069,5,6,persistence,3,142.0,True,True,3,True,False,36,24,36,0.3333333333333333,0.2,9.838367176906168,2.7969265440303146,40.0,0.4037364992075466,1.5500896031448759
PatientID_0069,5,6,geometric_train_rate,3,142.0,True,True,3,True,False,36,24,52,0.5263157894736842,0.35714285714285715,9.57647631770535,2.2777781562480244,73.6842105263158,0.770396032893916,1.4597661318729536
PatientID_0069,5,6,last_rate,3,142.0,True,True,3,True,False,36,24,3,0.2222222222222222,0.125,12.09442719099989,3.1950945226836645,155.55555555555554,-2.043814364036685,2.34816713393421
PatientID_0069,5,6,linear,3,142.0,True,True,3,True,False,36,24,0,0.0,0.0,,,200.0,-5.262690188904886,
PatientID_0069,5,6,gompertz,3,142.0,True,True,3,True,False,36,24,394,0.10526315789473684,0.05555555555555555,11.601431315875507,5.789311167196775,177.0334928229665,2.7934194706401754,2.434499059000203
PatientID_0069,5,6,oracle_volume_matched,3,142.0,True,True,3,True,False,36,24,24,0.4166666666666667,0.2631578947368421,2.8284271247461903,1.836899210988919,0.0,0.0,2.6378652985573883
PatientID_0070,1,2,persistence,0,3.0,False,False,0,True,False,129,3525,129,0.046524356869184456,0.023816195012608572,15.748015748023622,9.295013565459197,185.8784893267652,-3.306890248170748,6.2345999274358315
PatientID_0070,1,2,geometric_train_rate,0,3.0,False,False,0,True,False,129,3525,130,0.047058823529411764,0.024096385542168676,15.748015748023622,9.29287808145839,185.77291381668945,-3.299175648675418,6.226307695737831
PatientID_0070,1,2,last_rate,0,3.0,False,False,0,True,True,129,3525,129,0.046524356869184456,0.023816195012608572,15.748015748023622,9.295013565459197,185.8784893267652,-3.306890248170748,6.2345999274358315
PatientID_0070,1,2,linear,0,3.0,False,False,0,True,True,129,3525,129,0.046524356869184456,0.023816195012608572,15.748015748023622,9.295013565459197,185.8784893267652,-3.306890248170748,6.2345999274358315
PatientID_0070,1,2,gompertz,0,3.0,False,False,0,True,True,129,3525,129,0.046524356869184456,0.023816195012608572,15.748015748023622,9.295013565459197,185.8784893267652,-3.306890248170748,6.2345999274358315
PatientID_0070,1,2,oracle_volume_matched,0,3.0,False,False,0,True,False,129,3525,3525,0.5971631205673759,0.4256825075834176,9.38083151964686,3.5925534638715155,0.0,0.0,5.199030015585852
PatientID_0070,2,3,persistence,0,102.0,True,True,1,True,False,3525,1907,3525,0.5975699558173785,0.4260960882121292,9.797958971132712,3.1073432655462163,59.57290132547865,0.6143190241771845,5.175236297864486
PatientID_0070,2,3,geometric_train_rate,0,102.0,True,True,1,True,False,3525,1907,4492,0.5578996718237225,0.38686605981794536,11.627348090367645,3.7479435025989885,80.79387404281918,0.8567289912862386,5.230454556199903
PatientID_0070,2,3,last_rate,0,102.0,True,True,1,True,False,3525,1907,151409,0.024811500430483444,0.0125615861148903,74.75292636412303,46.62832570152288,195.0246549609956,4.37438873754172,29.14083379439061
PatientID_0070,2,3,linear,0,102.0,True,True,1,True,False,3525,1907,118989,0.031465060878771836,0.015983999193236634,56.356011214421486,40.05738414014586,193.69044467972472,4.133435229929673,21.833506566972183
PatientID_0070,2,3,gompertz,0,102.0,True,True,1,True,True,3525,1907,3525,0.5975699558173785,0.4260960882121292,9.797958971132712,3.1073432655462163,59.57290132547865,0.6143190241771845,5.175236297864486
PatientID_0070,2,3,oracle_volume_matched,0,102.0,True,True,1,True,False,3525,1907,1907,0.5448348190875721,0.3744144144144144,7.483314773547883,3.073474903966305,0.0,0.0,6.092347886221739
PatientID_0070,3,4,persistence,0,146.0,True,True,2,True,False,1907,3186,1907,0.45749067347339484,0.2965885947046843,10.0,3.7057408514556807,50.22580011780876,-0.5132085724163922,6.319991955148995
PatientID_0070,3,4,geometric_train_rate,0,146.0,True,True,2,True,False,1907,3186,2698,0.5305914343983684,0.3610918343742771,8.48528137423857,3.4932169615778514,16.587355540448673,-0.16624835754001638,6.487842936375289
PatientID_0070,3,4,last_rate,0,146.0,True,True,2,True,False,1907,3186,791,0.2796077445310536,0.1625255773165741,12.96148139681572,5.383606638190405,120.44254463163189,-1.393104740754289,8.799908768296316
PatientID_0070,3,4,linear,0,146.0,True,True,2,True,False,1907,3186,0,0.0,0.0,,,200.0,-10.146002265529594,
PatientID_0070,3,4,gompertz,0,146.0,True,True,2,True,False,1907,3186,7320,0.51304016752332,0.3450262450390475,10.0,4.645459452136485,78.697886921759,0.8318219594625292,5.146963216182825
PatientID_0070,3,4,oracle_volume_matched,0,146.0,True,True,2,True,False,1907,3186,3186,0.5464532328939109,0.3759447203627726,8.246211251235321,3.4519855530935453,0.0,0.0,5.764525000361594
PatientID_0072,1,2,persistence,3,103.0,True,False,0,True,False,1802,50,1802,0.03455723542116631,0.017582417582417582,13.416407864998739,7.1366433899043225,189.20086393088553,3.5822019175053343,11.591279925474325
PatientID_0072,1,2,geometric_train_rate,3,103.0,True,False,0,True,False,1802,50,2351,0.03165347771761766,0.01608125264494287,14.560219778561036,7.807427332923695,191.6701374427322,3.848129330364235,11.573873602971794
PatientID_0072,1,2,last_rate,3,103.0,True,False,0,True,True,1802,50,1802,0.03455723542116631,0.017582417582417582,13.416407864998739,7.1366433899043225,189.20086393088553,3.5822019175053343,11.591279925474325
PatientID_0072,1,2,linear,3,103.0,True,False,0,True,True,1802,50,1802,0.03455723542116631,0.017582417582417582,13.416407864998739,7.1366433899043225,189.20086393088553,3.5822019175053343,11.591279925474325
PatientID_0072,1,2,gompertz,3,103.0,True,False,0,True,True,1802,50,1802,0.03455723542116631,0.017582417582417582,13.416407864998739,7.1366433899043225,189.20086393088553,3.5822019175053343,11.591279925474325
PatientID_0072,1,2,oracle_volume_matched,3,103.0,True,False,0,True,False,1802,50,50,0.0,0.0,16.720442232628447,10.27947958602867,0.0,0.0,15.069917053520896
PatientID_0072,2,3,persistence,3,86.0,True,True,1,True,False,50,310,50,0.005555555555555556,0.002785515320334262,22.55621994566662,12.533869972670743,144.44444444444446,-1.8224555563852318,19.49718024384495
PatientID_0072,2,3,geometric_train_rate,3,86.0,True,True,1,True,False,50,310,62,0.010752688172043012,0.005405405405405406,22.436554638796785,12.058086221911958,133.33333333333334,-1.6078269575951722,18.74275274438215
PatientID_0072,2,3,last_rate,3,86.0,True,True,1,True,False,50,310,2,0.0,0.0,26.35903620436163,16.76145562172766,197.43589743589743,-4.983203639635585,15.001811891955692
PatientID_0072,2,3,linear,3,86.0,True,True,1,True,False,50,310,0,0.0,0.0,,,200.0,-7.816416983691801,
PatientID_0072,2,3,gompertz,3,86.0,True,True,1,True,True,50,310,50,0.005555555555555556,0.002785515320334262,22.55621994566662,12.533869972670743,144.44444444444446,-1.8224555563852318,19.49718024384495
PatientID_0072,2,3,oracle_volume_matched,3,86.0,True,True,1,True,False,50,310,310,0.02903225806451613,0.014729950900163666,19.20355818886947,9.568677546031715,0.0,0.0,20.714939538488803
PatientID_0073,1,2,persistence,0,43.0,True,False,0,True,False,1334,1142,1334,0.5088852988691438,0.3412784398699892,3.4641016151377544,1.5295210378210415,15.508885298869144,0.1553850839153443,3.2426466733887267
PatientID_0073,1,2,geometric_train_rate,0,43.0,True,False,0,True,False,1334,1142,1478,0.5206106870229008,0.35190918472652216,3.4641016151377544,1.5830090669469392,25.64885496183206,0.25788383036151313,3.1586076576416757
PatientID_0073,1,2,last_rate,0,43.0,True,False,0,True,True,1334,1142,1334,0.5088852988691438,0.3412784398699892,3.4641016151377544,1.5295210378210415,15.508885298869144,0.1553850839153443,3.2426466733887267
PatientID_0073,1,2,linear,0,43.0,True,False,0,True,True,1334,1142,1334,0.5088852988691438,0.3412784398699892,3.4641016151377544,1.5295210378210415,15.508885298869144,0.1553850839153443,3.2426466733887267
PatientID_0073,1,2,gompertz,0,43.0,True,False,0,True,True,1334,1142,1334,0.5088852988691438,0.3412784398699892,3.4641016151377544,1.5295210378210415,15.508885298869144,0.1553850839153443,3.2426466733887267
PatientID_0073,1,2,oracle_volume_matched,0,43.0,True,False,0,True,False,1334,1142,1142,0.47723292469352013,0.3133985048878666,3.6784609690825794,1.5867943430762124,0.0,0.0,3.776245310715918
PatientID_0073,2,3,persistence,0,55.0,True,True,1,True,False,1142,1026,1142,0.6226937269372693,0.4521098459477562,2.8284271247461903,1.0981359102091202,10.70110701107011,0.10710099065035446,1.9721938567655735
PatientID_0073,2,3,geometric_train_rate,0,55.0,True,True,1,True,False,1142,1026,1302,0.6443298969072165,0.4752851711026616,2.8284271247461903,1.1549527374029307,23.711340206185568,0.23820797363618265,1.9546172176869232
PatientID_0073,2,3,last_rate,0,55.0,True,True,1,True,False,1142,1026,936,0.5708460754332314,0.39942938659058486,2.8284271247461903,1.2143219253264605,9.174311926605505,-0.09179583609889908,2.3024346602028576
PatientID_0073,2,3,linear,0,55.0,True,True,1,True,False,1142,1026,896,0.5619146722164412,0.3907380607814761,2.8284271247461903,1.2354149597143438,13.52757544224766,-0.13546493849539398,2.2604875429337303
PatientID_0073,2,3,gompertz,0,55.0,True,True,1,True,True,1142,1026,1142,0.6226937269372693,0.4521098459477562,2.8284271247461903,1.0981359102091202,10.70110701107011,0.10710099065035446,1.9721938567655735
PatientID_0073,2,3,oracle_volume_matched,0,55.0,True,True,1,True,False,1142,1026,1026,0.5886939571150097,0.4171270718232044,2.8284271247461903,1.1967027296532997,0.0,0.0,2.23269734528445
PatientID_0073,3,4,persistence,0,42.0,True,True,2,True,False,1026,4665,1026,0.15638727815849587,0.08482653450247808,39.84466722527962,13.106437599467176,127.88613600421718,-1.5143250575380567,42.72400820678444
PatientID_0073,3,4,geometric_train_rate,0,42.0,True,True,2,True,False,1026,4665,1134,0.16140713916192448,0.08778840742824986,39.76429892537193,13.051097415767744,121.77961717537507,-1.414253200716694,42.71192765241479
PatientID_0073,3,4,last_rate,0,42.0,True,True,2,True,False,1026,4665,945,0.1536541889483066,0.08322069897663642,49.7352954345741,17.209382466311705,132.62032085561498,-1.596552714328053,42.6878709385649
PatientID_0073,3,4,linear,0,42.0,True,True,2,True,False,1026,4665,937,0.1535166012138522,0.0831399845320959,49.74534784454277,17.235925079807398,133.09532309889326,-1.6050532303832608,42.61246420193727
PatientID_0073,3,4,gompertz,0,42.0,True,True,2,True,False,1026,4665,1368,0.17835239515995358,0.09790718835304822,39.83964836516689,13.215044575778828,109.29885629040278,-1.2266734399293595,42.74625626772929
PatientID_0073,3,4,oracle_volume_matched,0,42.0,True,True,2,True,False,1026,4665,4665,0.18092175777063238,0.09945793070940373,34.38601213432927,11.944688914348443,0.0,0.0,41.70353484154909
PatientID_0074,1,2,persistence,4,81.0,True,False,0,True,False,354,151,354,0.039603960396039604,0.020202020202020204,10.198039027185569,5.611606017801366,80.39603960396039,0.8515426492157238,7.3630024662953355
PatientID_0074,1,2,geometric_train_rate,4,81.0,True,False,0,True,False,354,151,409,0.04642857142857143,0.02376599634369287,10.198039027185569,5.548732967530179,92.14285714285714,0.9959134238863879,7.079115174340331
PatientID_0074,1,2,last_rate,4,81.0,True,False,0,True,True,354,151,354,0.039603960396039604,0.020202020202020204,10.198039027185569,5.611606017801366,80.39603960396039,0.8515426492157238,7.3630024662953355
PatientID_0074,1,2,linear,4,81.0,True,False,0,True,True,354,151,354,0.039603960396039604,0.020202020202020204,10.198039027185569,5.611606017801366,80.39603960396039,0.8515426492157238,7.3630024662953355
PatientID_0074,1,2,gompertz,4,81.0,True,False,0,True,True,354,151,354,0.039603960396039604,0.020202020202020204,10.198039027185569,5.611606017801366,80.39603960396039,0.8515426492157238,7.3630024662953355
PatientID_0074,1,2,oracle_volume_matched,4,81.0,True,False,0,True,False,354,151,151,0.046357615894039736,0.023728813559322035,7.066639308373683,3.668739952585982,0.0,0.0,5.52892486213501
PatientID_0074,2,3,persistence,4,83.0,True,True,1,True,False,151,12,151,0.0,0.0,106.54576481493763,96.26180184958476,170.5521472392638,2.5228378721114098,99.41907159323694
PatientID_0074,2,3,geometric_train_rate,4,83.0,True,True,1,True,False,151,12,175,0.0,0.0,106.52885725102162,96.28268432054115,174.33155080213905,2.6702305678336242,99.41446727186064
PatientID_0074,2,3,last_rate,4,83.0,True,True,1,True,False,151,12,63,0.0,0.0,102.25552470248347,95.39720803736984,136.0,1.6498474507719771,99.39758837342083
PatientID_0074,2,3,linear,4,83.0,True,True,1,True,False,151,12,0,0.0,0.0,,,200.0,-4.574710978503383,
PatientID_0074,2,3,gompertz,4,83.0,True,True,1,True,True,151,12,151,0.0,0.0,106.54576481493763,96.26180184958476,170.5521472392638,2.5228378721114098,99.41907159323694
PatientID_0074,2,3,oracle_volume_matched,4,83.0,True,True,1,True,False,151,12,12,0.0,0.0,101.34691321748046,93.27323528021138,0.0,0.0,99.97569148992615
PatientID_0074,3,4,persistence,4,146.0,True,True,2,True,False,12,544,12,0.0,0.0,93.47190576608104,67.986235844918,191.36690647482015,-3.8039095630489146,66.2797374872538
PatientID_0074,3,4,geometric_train_rate,4,146.0,True,True,2,True,False,12,544,16,0.0,0.0,93.45051018693982,67.79461436352686,188.57142857142858,-3.5188081371906255,66.22171308857702
PatientID_0074,3,4,last_rate,4,146.0,True,True,2,True,False,12,544,0,0.0,0.0,,,200.0,-8.378620541552298,
PatientID_0074,3,4,linear,4,146.0,True,True,2,True,False,12,544,0,0.0,0.0,,,200.0,-8.378620541552298,
PatientID_0074,3,4,gompertz,4,146.0,True,True,2,True,False,12,544,390,0.0,0.0,85.00117480225923,59.25689908016151,32.97644539614561,-0.3327117992815181,66.42043837395457
PatientID_0074,3,4,oracle_volume_matched,4,146.0,True,True,2,True,False,12,544,545,0.0,0.0,83.48891647443381,58.53783378681379,0.18365472910927455,0.0018361262904688623,66.59109934821882
PatientID_0074,4,5,persistence,4,240.0,True,True,3,True,False,544,11,544,0.0,0.0,88.92693630166283,74.68787504339862,192.07207207207207,3.8899841718201578,79.64861294910536
PatientID_0074,4,5,geometric_train_rate,4,240.0,True,True,3,True,False,544,11,838,0.0,0.0,89.87546763810633,75.05163075695621,194.81743227326265,4.321972425983639,79.82706783194925
PatientID_0074,4,5,last_rate,4,240.0,True,True,3,True,False,544,11,202406,0.00010868652336513237,5.434621503315119e-05,142.84187057962797,87.92979779809676,199.97826269532698,9.80883664974297,60.13907328325135
PatientID_0074,4,5,linear,4,240.0,True,True,3,True,False,544,11,1419,0.0,0.0,90.02442853032834,71.3850126033105,196.92307692307693,4.848600935432394,74.41269788846168
PatientID_0074,4,5,gompertz,4,240.0,True,True,3,True,False,544,11,420,0.0,0.0,87.82710098951152,76.85338821028631,189.79118329466357,3.6313574579929657,82.14280417385032
PatientID_0074,4,5,oracle_volume_matched,4,240.0,True,True,3,True,False,544,11,11,0.0,0.0,83.3234601614158,81.06436457614105,0.0,0.0,83.33185673622927
PatientID_0074,5,6,persistence,4,103.0,True,True,4,True,False,11,0,11,0.0,0.0,,,200.0,4.48863636973214,
PatientID_0074,5,6,geometric_train_rate,4,103.0,True,True,4,True,False,11,0,14,0.0,0.0,,,200.0,4.727387818712341,
PatientID_0074,5,6,last_rate,4,103.0,True,True,4,True,False,11,0,1,0.0,0.0,,,200.0,2.1972245773362196,
PatientID_0074,5,6,linear,4,103.0,True,True,4,True,False,11,0,0,1.0,1.0,,,0.0,0.0,
PatientID_0074,5,6,gompertz,4,103.0,True,True,4,True,False,11,0,433,0.0,0.0,,,200.0,8.150467911624004,
PatientID_0074,5,6,oracle_volume_matched,4,103.0,True,True,4,True,False,11,0,0,1.0,1.0,,,0.0,0.0,
PatientID_0076,1,2,persistence,2,41.0,True,False,0,True,False,898,12038,898,0.0,0.0,109.74515934655159,81.68923218324394,172.23252937538652,-2.5955247190051973,100.21607538304062
PatientID_0076,1,2,geometric_train_rate,2,41.0,True,False,0,True,False,898,12038,992,0.0,0.0,109.73057890511961,81.58660124818243,169.54719877206446,-2.4959848684274473,100.18190634633473
PatientID_0076,1,2,last_rate,2,41.0,True,False,0,True,True,898,12038,898,0.0,0.0,109.74515934655159,81.68923218324394,172.23252937538652,-2.5955247190051973,100.21607538304062
PatientID_0076,1,2,linear,2,41.0,True,False,0,True,True,898,12038,898,0.0,0.0,109.74515934655159,81.68923218324394,172.23252937538652,-2.5955247190051973,100.21607538304062
PatientID_0076,1,2,gompertz,2,41.0,True,False,0,True,True,898,12038,898,0.0,0.0,109.74515934655159,81.68923218324394,172.23252937538652,-2.5955247190051973,100.21607538304062
PatientID_0076,1,2,oracle_volume_matched,2,41.0,True,False,0,True,False,898,12038,12038,0.0,0.0,99.37806599043876,74.36660210495941,0.0,0.0,103.63699629881117
PatientID_0078,1,2,persistence,1,103.0,True,False,0,True,False,427,2058,427,0.17706237424547283,0.09713024282560706,8.94427190999916,3.7979845292534242,131.26760563380282,-1.5724739426951728,8.691136327042576
PatientID_0078,1,2,geometric_train_rate,1,103.0,True,False,0,True,False,427,2058,605,0.23732632369508075,0.13463996591393268,8.717797887081348,3.538015066488803,109.12504693954187,-1.2241156048707704,8.975916466007503
PatientID_0078,1,2,last_rate,1,103.0,True,False,0,True,True,427,2058,427,0.17706237424547283,0.09713024282560706,8.94427190999916,3.7979845292534242,131.26760563380282,-1.5724739426951728,8.691136327042576
PatientID_0078,1,2,linear,1,103.0,True,False,0,True,True,427,2058,427,0.17706237424547283,0.09713024282560706,8.94427190999916,3.7979845292534242,131.26760563380282,-1.5724739426951728,8.691136327042576
PatientID_0078,1,2,gompertz,1,103.0,True,False,0,True,True,427,2058,427,0.17706237424547283,0.09713024282560706,8.94427190999916,3.7979845292534242,131.26760563380282,-1.5724739426951728,8.691136327042576
PatientID_0078,1,2,oracle_volume_matched,1,103.0,True,False,0,True,False,427,2058,2058,0.5082604470359572,0.34071661237785017,6.324555320336759,2.4374900234577566,0.0,0.0,6.936560188945013
PatientID_0078,2,3,persistence,1,166.0,True,True,1,True,False,2058,660,2058,0.2634289919058131,0.15169491525423728,10.198039027185569,4.09502852104238,102.86975717439293,1.1371214421035314,9.232464760375958
PatientID_0078,2,3,geometric_train_rate,1,166.0,True,True,1,True,False,2058,660,3611,0.2500585343011004,0.1428953706181429,12.0,5.177182187201044,138.18777803793023,1.699345426100962,8.977134048599066
PatientID_0078,2,3,last_rate,1,166.0,True,True,1,True,False,2058,660,25890,0.04971751412429379,0.02549246813441483,30.789608636681304,21.33695717127862,190.05649717514123,3.6691876898257956,4.359405106026278
PatientID_0078,2,3,linear,1,166.0,True,True,1,True,False,2058,660,4687,0.228165326351225,0.12877348532826682,12.806248474865697,6.32168519685162,150.62651954366936,1.9601454560513984,8.517959289792286
PatientID_0078,2,3,gompertz,1,166.0,True,True,1,True,True,2058,660,2058,0.2634289919058131,0.15169491525423728,10.198039027185569,4.09502852104238,102.86975717439293,1.1371214421035314,9.232464760375958
PatientID_0078,2,3,oracle_volume_matched,1,166.0,True,True,1,True,False,2058,660,660,0.2,0.1111111111111111,10.0,4.116634151507286,0.0,0.0,10.223217602354318
PatientID_0079,1,2,persistence,0,25.0,True,False,0,True,False,4609,1357,4609,0.4485417365068723,0.28910976663785654,10.198039027185569,5.151036204186934,109.01776734830707,1.2226695426512384,5.019860038941026
PatientID_0079,1,2,geometric_train_rate,0,25.0,True,False,0,True,False,4609,1357,4891,0.4286171574903969,0.2727643104501935,10.770329614269007,5.597435140055539,113.12419974391806,1.2820538468065406,5.027190193717113
PatientID_0079,1,2,last_rate,0,25.0,True,False,0,True,True,4609,1357,4609,0.4485417365068723,0.28910976663785654,10.198039027185569,5.151036204186934,109.01776734830707,1.2226695426512384,5.019860038941026
PatientID_0079,1,2,linear,0,25.0,True,False,0,True,True,4609,1357,4609,0.4485417365068723,0.28910976663785654,10.198039027185569,5.151036204186934,109.01776734830707,1.2226695426512384,5.019860038941026
PatientID_0079,1,2,gompertz,0,25.0,True,False,0,True,True,4609,1357,4609,0.4485417365068723,0.28910976663785654,10.198039027185569,5.151036204186934,109.01776734830707,1.2226695426512384,5.019860038941026
PatientID_0079,1,2,oracle_volume_matched,0,25.0,True,False,0,True,False,4609,1357,1357,0.522476050110538,0.3536159600997506,5.656854249492381,2.431012057106918,0.0,0.0,5.110799931016195
PatientID_0079,2,3,persistence,0,12.0,False,True,1,True,False,1357,2386,1357,0.5818861875500935,0.41032403918613414,5.656854249492381,2.191376996368654,54.98263425060112,-0.5643022196690498,2.954597282150356
PatientID_0079,2,3,geometric_train_rate,0,12.0,False,True,1,True,False,1357,2386,1396,0.5795875198307774,0.40804169769173493,5.656854249492381,2.2040143632712335,52.3532522474881,-0.5359701693600754,2.9480777142705556
PatientID_0079,2,3,last_rate,0,12.0,False,True,1,True,False,1357,2386,754,0.3910828025477707,0.24307205067300078,7.211102550927978,3.4029245854583117,103.94904458598727,-1.15186785346014,2.2500801717414323
PatientID_0079,2,3,linear,0,12.0,False,True,1,True,False,1357,2386,0,0.0,0.0,,,200.0,-9.856867531900901,
PatientID_0079,2,3,gompertz,0,12.0,False,True,1,True,True,1357,2386,1357,0.5818861875500935,0.41032403918613414,5.656854249492381,2.191376996368654,54.98263425060112,-0.5643022196690498,2.954597282150356
PatientID_0079,2,3,oracle_volume_matched,0,12.0,False,True,1,True,False,1357,2386,2386,0.6923721709974854,0.5294871794871795,4.47213595499958,1.8926817256128958,0.0,0.0,3.0456374453274124
PatientID_0079,3,4,persistence,0,51.0,True,True,2,True,False,2386,830,2386,0.2810945273631841,0.16353111432706222,9.797958971132712,3.788567548325387,96.76616915422886,1.0558496983601882,3.2928932577520498
PatientID_0079,3,4,geometric_train_rate,0,51.0,True,True,2,True,False,2386,830,2694,0.3098751418842225,0.18334452652787106,10.0,3.8851024781692973,105.788876276958,1.1772524634391,3.0460965258051833
PatientID_0079,3,4,last_rate,0,51.0,True,True,2,True,False,2386,830,26235,0.06133382597450582,0.03163712597674862,32.802438933713454,20.204599862395366,187.73323480509885,3.45327814887599,10.405489471535404
PatientID_0079,3,4,linear,0,51.0,True,True,2,True,False,2386,830,6759,0.21030438792989853,0.11750846708879399,15.362291495737216,7.772940162385733,156.25247068124918,2.0970724309285056,3.5049752716484996
PatientID_0079,3,4,gompertz,0,51.0,True,True,2,True,False,2386,830,4629,0.2553581241985712,0.14636707265854684,12.759107124608015,5.495789132224099,139.1830005495512,1.7185468524782996,3.097870629983304
PatientID_0079,3,4,oracle_volume_matched,0,51.0,True,True,2,True,False,2386,830,830,0.2289156626506024,0.1292517006802721,9.979795897113243,4.070618333319886,0.0,0.0,6.825501012611455
PatientID_0079,4,5,persistence,0,54.0,True,True,3,True,False,830,3420,830,0.26776470588235296,0.15457756044553111,12.806248474865697,4.685144180902489,121.88235294117646,-1.415856087235451,6.759491387412297
PatientID_0079,4,5,geometric_train_rate,0,54.0,True,True,3,True,False,830,3420,944,0.3029330889092576,0.17850391574399135,12.806248474865697,4.634976160116511,113.47387717690192,-1.287173806462717,6.9673629148092235
PatientID_0079,4,5,last_rate,0,54.0,True,True,3,True,False,830,3420,271,0.11541587645624492,0.061242093156986775,18.973665961010276,9.176409437145617,170.63126523977243,-2.5348524099492904,9.007391873975283
PatientID_0079,4,5,linear,0,54.0,True,True,3,True,False,830,3420,0,0.0,0.0,,,200.0,-10.216873920776164,
PatientID_0079,4,5,gompertz,0,54.0,True,True,3,True,False,830,3420,4641,0.544101228135467,0.37372188139059304,8.246211251235321,3.600627831790264,30.29400818756978,0.3052796936326006,6.083712848648377
PatientID_0079,4,5,oracle_volume_matched,0,54.0,True,True,3,True,False,830,3420,3420,0.5435672514619883,0.37321822927123066,8.246211251235321,3.378671672090905,0.0,0.0,6.00998866467565
PatientID_0079,5,6,persistence,0,219.0,True,True,4,True,False,3420,10001,3420,0.4758214738097012,0.31218224481814627,16.97056274847714,6.184441921874003,98.07018851054318,-1.0730204865522035,11.52379271623982
PatientID_0079,5,6,geometric_train_rate,0,219.0,True,True,4,True,False,3420,10001,5756,0.644792790505807,0.4757890793293996,14.2828568570857,4.82060640866556,53.88081487592816,-0.5524330814073023,11.212577869620329
PatientID_0079,5,6,last_rate,0,219.0,True,True,4,True,False,3420,10001,187807,0.10098681549785651,0.05317857523160473,82.89752710425083,46.11551307784115,179.77634878265792,2.932717918685215,44.19602122021877
PatientID_0079,5,6,linear,0,219.0,True,True,4,True,False,3420,10001,13924,0.7333751306165099,0.5789994720168955,9.38083151964686,4.164633972688127,32.794148380355274,0.33092536054787347,7.4862158163731545
PatientID_0079,5,6,gompertz,0,219.0,True,True,4,True,False,3420,10001,4689,0.5821647379169503,0.4106011138851546,16.1245154965971,5.512494613592923,72.3213070115725,-0.7574515887782046,11.489398738711781
PatientID_0079,5,6,oracle_volume_matched,0,219.0,True,True,4,True,False,3420,10001,10001,0.7392260773922608,0.5863272265841859,10.0,3.8044744772935877,0.0,0.0,9.111304514494636
PatientID_0080,1,2,persistence,2,31.0,True,False,0,True,False,1225,5098,1225,0.20907796931836153,0.11674320028258565,11.832159566199232,4.441389869358799,122.5051399652064,-1.4258299454655008,7.86410975587445
PatientID_0080,1,2,geometric_train_rate,2,31.0,True,False,0,True,False,1225,5098,1321,0.21560990808537156,0.12083115068971538,11.832159566199232,4.394821537083701,117.68188191307057,-1.3503891787253335,7.8595945651178525
PatientID_0080,1,2,last_rate,2,31.0,True,False,0,True,True,1225,5098,1225,0.20907796931836153,0.11674320028258565,11.832159566199232,4.441389869358799,122.5051399652064,-1.4258299454655008,7.86410975587445
PatientID_0080,1,2,linear,2,31.0,True,False,0,True,True,1225,5098,1225,0.20907796931836153,0.11674320028258565,11.832159566199232,4.441389869358799,122.5051399652064,-1.4258299454655008,7.86410975587445
PatientID_0080,1,2,gompertz,2,31.0,True,False,0,True,True,1225,5098,1225,0.20907796931836153,0.11674320028258565,11.832159566199232,4.441389869358799,122.5051399652064,-1.4258299454655008,7.86410975587445
PatientID_0080,1,2,oracle_volume_matched,2,31.0,True,False,0,True,False,1225,5098,5098,0.5237347979599843,0.3547701302152538,8.246211251235321,3.545415484955069,0.0,0.0,7.190511517932239
PatientID_0082,1,2,persistence,2,128.0,True,False,0,True,False,1316,870,1316,0.4693504117108875,0.3066347878063359,6.324555320336759,2.574435288847273,40.80512351326624,0.41381021268809287,4.469262770207495
PatientID_0082,1,2,geometric_train_rate,2,128.0,True,False,0,True,False,1316,870,1798,0.4745127436281859,0.31105651105651105,6.6332495807108,3.1005586071617497,69.56521739130434,0.7258628548169818,4.411362821352683
PatientID_0082,1,2,last_rate,2,128.0,True,False,0,True,True,1316,870,1316,0.4693504117108875,0.3066347878063359,6.324555320336759,2.574435288847273,40.80512351326624,0.41381021268809287,4.469262770207495
PatientID_0082,1,2,linear,2,128.0,True,False,0,True,True,1316,870,1316,0.4693504117108875,0.3066347878063359,6.324555320336759,2.574435288847273,40.80512351326624,0.41381021268809287,4.469262770207495
PatientID_0082,1,2,gompertz,2,128.0,True,False,0,True,True,1316,870,1316,0.4693504117108875,0.3066347878063359,6.324555320336759,2.574435288847273,40.80512351326624,0.41381021268809287,4.469262770207495
PatientID_0082,1,2,oracle_volume_matched,2,128.0,True,False,0,True,False,1316,870,870,0.47126436781609193,0.3082706766917293,7.211102550927978,2.725810470929239,0.0,0.0,4.5185584930154965
PatientID_0083,1,2,persistence,2,39.0,True,False,0,True,False,1260,3751,1260,0.18040311315106766,0.0991445492432551,19.390719429665317,6.762880945404441,99.42127319896228,-1.090844872599349,21.278301776895322
PatientID_0083,1,2,geometric_train_rate,2,39.0,True,False,0,True,False,1260,3751,1386,0.19700214132762311,0.10926365795724466,19.390719429665317,6.667037929742655,92.07708779443254,-0.9955437107000745,21.259319661845186
PatientID_0083,1,2,last_rate,2,39.0,True,False,0,True,True,1260,3751,1260,0.18040311315106766,0.0991445492432551,19.390719429665317,6.762880945404441,99.42127319896228,-1.090844872599349,21.278301776895322
PatientID_0083,1,2,linear,2,39.0,True,False,0,True,True,1260,3751,1260,0.18040311315106766,0.0991445492432551,19.390719429665317,6.762880945404441,99.42127319896228,-1.090844872599349,21.278301776895322
PatientID_0083,1,2,gompertz,2,39.0,True,False,0,True,True,1260,3751,1260,0.18040311315106766,0.0991445492432551,19.390719429665317,6.762880945404441,99.42127319896228,-1.090844872599349,21.278301776895322
PatientID_0083,1,2,oracle_volume_matched,2,39.0,True,False,0,True,False,1260,3751,3751,0.3263129832044788,0.19496654985664225,16.1245154965971,5.8077126643279255,0.0,0.0,20.355167771035557
PatientID_0083,2,3,persistence,2,38.0,True,True,1,True,False,3751,3570,3751,0.6064745253380686,0.4352087825916487,7.211102550927978,2.6736505329285016,4.944679688567136,0.04945518580714341,4.8782972100345665
PatientID_0083,2,3,geometric_train_rate,2,38.0,True,True,1,True,False,3751,3570,4115,0.6209499024072869,0.4502736365351953,7.211102550927978,2.7562259451426665,14.183474300585557,0.1420686011542143,4.8882248631927645
PatientID_0083,2,3,last_rate,2,38.0,True,True,1,True,False,3751,3570,10855,0.4745927209705373,0.3111252499545537,13.167944788090146,6.401121353146248,101.0051993067591,1.1120367095104564,6.685001845547817
PatientID_0083,2,3,linear,2,38.0,True,True,1,True,False,3751,3570,6178,0.6021748050882232,0.4307940701599883,8.48528137423857,3.494030388429724,53.50841198194502,0.5484142181926707,5.5050399566275345
PatientID_0083,2,3,gompertz,2,38.0,True,True,1,True,True,3751,3570,3751,0.6064745253380686,0.4352087825916487,7.211102550927978,2.6736505329285016,4.944679688567136,0.04945518580714341,4.8782972100345665
PatientID_0083,2,3,oracle_volume_matched,2,38.0,True,True,1,True,False,3751,3570,3570,0.6201680672268908,0.44945188794153473,6.324555320336759,2.494973044958449,0.0,0.0,3.743319439635261
PatientID_0083,3,4,persistence,2,80.0,True,True,2,True,False,3570,4931,3570,0.3768968356663922,0.23220756631395856,19.595917942265423,6.149057698585986,32.01976238089637,-0.3229665475641348,15.733063300496486
PatientID_0083,3,4,geometric_train_rate,2,80.0,True,True,2,True,False,3570,4931,4339,0.4381877022653722,0.28056361375880645,19.595917942265423,6.2195263725345935,12.772384034519957,-0.12789444186583457,15.852095616648937
PatientID_0083,3,4,last_rate,2,80.0,True,True,2,True,False,3570,4931,3217,0.36867943053510066,0.22600060186578394,21.354156504062622,6.636111601544319,42.07167403043692,-0.42707905316920675,16.65736265975587
PatientID_0083,3,4,linear,2,80.0,True,True,2,True,False,3570,4931,3189,0.36724137931034484,0.2249208025343189,21.354156504062622,6.6497114268699535,42.9064039408867,-0.4358205722480657,16.651943201891992
PatientID_0083,3,4,gompertz,2,80.0,True,True,2,True,False,3570,4931,6990,0.4570086402147471,0.29618353811025333,15.748015748023622,6.330431147935014,34.544081872326146,0.34893128202707313,15.107012300211657
PatientID_0083,3,4,oracle_volume_matched,2,80.0,True,True,2,True,False,3570,4931,4931,0.4477793551003853,0.2884766135354063,18.867962264113206,6.289634546099592,0.0,0.0,16.18865871020913
PatientID_0083,4,5,persistence,2,14.0,True,True,3,True,False,4931,1963,4931,0.3582825645488831,0.21823643753313307,15.620499351813308,6.052711946949629,86.10385842761822,0.9210295654375349,9.467204109403106
PatientID_0083,4,5,geometric_train_rate,2,14.0,True,True,3,True,False,4931,1963,5102,0.3592356687898089,0.21894409937888198,15.620499351813308,6.1613736401320525,88.86058032554848,0.9551195283047225,9.510032836655547
PatientID_0083,4,5,last_rate,2,14.0,True,True,3,True,False,4931,1963,5218,0.35844589889987466,0.2183576518493383,15.620499351813308,6.238019685197177,90.65589750731095,0.977600550655354,9.548111118659177
PatientID_0083,4,5,linear,2,14.0,True,True,3,True,False,4931,1963,5169,0.3586651710600112,0.21852041688023235,15.620499351813308,6.2063850319306395,89.90465507571508,0.9681658372379339,9.540095638577949
PatientID_0083,4,5,gompertz,2,14.0,True,True,3,True,False,4931,1963,6645,0.34595724907063197,0.20915858968956313,16.21100841546945,6.679198099604166,108.78252788104089,1.2193459118137002,9.239004255047938
PatientID_0083,4,5,oracle_volume_matched,2,14.0,True,True,3,True,False,4931,1963,1963,0.3560876209882832,0.21660985435388905,12.328828005937952,4.530440006022623,0.0,0.0,10.284066553026136
PatientID_0083,5,6,persistence,2,18.0,True,True,4,True,False,1963,1461,1963,0.4649532710280374,0.3028919330289193,6.6332495807108,3.15729985107903,29.322429906542055,0.29533090436497667,6.058483667647003
PatientID_0083,5,6,geometric_train_rate,2,18.0,True,True,4,True,False,1963,1461,2051,0.4652619589977221,0.3031539888682746,6.6332495807108,3.188654538344933,33.59908883826879,0.3391817361673801,6.029637513212318
PatientID_0083,5,6,last_rate,2,18.0,True,True,4,True,False,1963,1461,600,0.3609898107714702,0.2202486678507993,8.48528137423857,3.7993650049679366,83.55167394468704,-0.88982399907683,7.407303382131385
PatientID_0083,5,6,linear,2,18.0,True,True,4,True,False,1963,1461,0,0.0,0.0,,,200.0,-9.366403507607771,
PatientID_0083,5,6,gompertz,2,18.0,True,True,4,True,False,1963,1461,4662,0.42266862649028253,0.26796438185959826,10.198039027185569,4.849298087520249,104.55658990690837,1.1602646658351312,6.378102751587768
PatientID_0083,5,6,oracle_volume_matched,2,18.0,True,True,4,True,False,1963,1461,1461,0.44284736481861736,0.2843956043956044,6.6332495807108,3.151839240194161,0.0,0.0,6.16579573758646
PatientID_0084,1,2,persistence,2,101.0,True,False,0,True,False,3797,6091,3797,0.6229773462783171,0.45240893066980026,10.954451150103322,4.308292632366571,46.39967637540453,-0.4725885922908528,7.187563084514005
PatientID_0084,1,2,geometric_train_rate,2,101.0,True,False,0,True,False,3797,6091,4857,0.676105224698575,0.5106940803090935,9.38083151964686,3.929536399409206,22.542930215564486,-0.22638609464203094,6.668600272240325
PatientID_0084,1,2,last_rate,2,101.0,True,False,0,True,True,3797,6091,3797,0.6229773462783171,0.45240893066980026,10.954451150103322,4.308292632366571,46.39967637540453,-0.4725885922908528,7.187563084514005
PatientID_0084,1,2,linear,2,101.0,True,False,0,True,True,3797,6091,3797,0.6229773462783171,0.45240893066980026,10.954451150103322,4.308292632366571,46.39967637540453,-0.4725885922908528,7.187563084514005
PatientID_0084,1,2,gompertz,2,101.0,True,False,0,True,True,3797,6091,3797,0.6229773462783171,0.45240893066980026,10.954451150103322,4.308292632366571,46.39967637540453,-0.4725885922908528,7.187563084514005
PatientID_0084,1,2,oracle_volume_matched,2,101.0,True,False,0,True,False,3797,6091,6091,0.7087506156624528,0.5488874761602034,8.246211251235321,3.654223953791925,0.0,0.0,6.047867784804738
PatientID_0084,2,3,persistence,2,91.0,True,True,1,True,False,6091,1133,6091,0.2751937984496124,0.15955056179775282,13.416407864998739,5.7006983017296555,137.26467331118494,1.681853491198554,8.469017514559354
PatientID_0084,2,3,geometric_train_rate,2,91.0,True,True,1,True,False,6091,1133,7604,0.24951356300789745,0.14253955799659998,14.696938456699069,6.906320384311045,148.12864827744076,1.903711560680555,8.484439818711012
PatientID_0084,2,3,last_rate,2,91.0,True,True,1,True,False,6091,1133,9324,0.21440183609065697,0.12007283633247644,16.97056274847714,8.548241006941774,156.66061011762457,2.1076258248200754,8.539489133010695
PatientID_0084,2,3,linear,2,91.0,True,True,1,True,False,6091,1133,8158,0.23764933806909913,0.13484792964455844,15.620499351813308,7.475338214686904,151.22161231299106,1.9740350606339387,8.495607348029779
PatientID_0084,2,3,gompertz,2,91.0,True,True,1,True,True,6091,1133,6091,0.2751937984496124,0.15955056179775282,13.416407864998739,5.7006983017296555,137.26467331118494,1.681853491198554,8.469017514559354
PatientID_0084,2,3,oracle_volume_matched,2,91.0,True,True,1,True,False,6091,1133,1133,0.10326566637246248,0.05444392740809679,10.198039027185569,4.806050084643919,0.0,0.0,8.791171209214916
PatientID_0084,3,4,persistence,2,89.0,True,True,2,True,False,1133,3849,1133,0.2360497792051385,0.1338188438780155,26.758176320519304,8.632899086697332,109.03251706142112,-1.2228665472150815,15.642680668415228
PatientID_0084,3,4,geometric_train_rate,2,89.0,True,True,2,True,False,1133,3849,1407,0.2572298325722983,0.14759825327510917,26.765640261467116,8.682001810820882,92.92237442922375,-1.006297234049229,15.770968146384876
PatientID_0084,3,4,last_rate,2,89.0,True,True,2,True,False,1133,3849,218,0.07966560118023112,0.04148527528809219,33.823069050575526,16.192167215660973,178.55913449717235,-2.8705328357675053,18.22394328423686
PatientID_0084,3,4,linear,2,89.0,True,True,2,True,False,1133,3849,0,0.0,0.0,,,200.0,-10.335042670404032,
PatientID_0084,3,4,gompertz,2,89.0,True,True,2,True,False,1133,3849,3888,0.3479384774460385,0.21060866843999373,22.627416997969522,7.00540318762687,1.0081426909654905,0.010081186545087007,15.039388068055525
PatientID_0084,3,4,oracle_volume_matched,2,89.0,True,True,2,True,False,1133,3849,3849,0.3463237204468693,0.20942655145326003,22.715633383201094,7.040567202659961,0.0,0.0,15.062804792041309
PatientID_0084,4,5,persistence,2,95.0,True,True,3,True,False,3849,663,3849,0.1276595744680851,0.06818181818181818,23.49468024894146,8.394432195938368,141.22340425531914,1.7586376193559496,9.552036899834743
PatientID_0084,4,5,geometric_train_rate,2,95.0,True,True,3,True,False,3849,663,4852,0.1515865820489574,0.08200902491661761,23.748684174075834,8.506829704605156,151.91296464188576,1.9902085229359792,9.517662713710306
PatientID_0084,4,5,last_rate,2,95.0,True,True,3,True,False,3849,663,14193,0.08925686591276252,0.046713168463326994,32.31098884280702,15.864538611109278,182.1486268174475,3.063549462050686,13.972272183800731
PatientID_0084,4,5,linear,2,95.0,True,True,3,True,False,3849,663,6748,0.12548913776818243,0.06694500431903254,25.37715508089904,9.075259817640536,164.215355552557,2.3200564581331573,10.364758290158145
PatientID_0084,4,5,gompertz,2,95.0,True,True,3,True,False,3849,663,3918,0.12835625409299278,0.06857942617214835,23.49468024894146,8.291701256193605,142.1087098886706,1.7764049926599854,9.578318528255526
PatientID_0084,4,5,oracle_volume_matched,2,95.0,True,True,3,True,False,3849,663,663,0.15233785822021115,0.08244897959183674,10.954451150103322,4.712290388238908,0.0,0.0,6.563819752580298
PatientID_0084,5,6,persistence,2,91.0,True,True,4,True,False,663,236,663,0.35372636262513907,0.21486486486486486,10.0,3.4513904652169582,94.9944382647386,1.032602183546574,9.556414833476504
PatientID_0084,5,6,geometric_train_rate,2,91.0,True,True,4,True,False,663,236,828,0.3007518796992481,0.17699115044247787,10.0,3.7060593314744996,111.2781954887218,1.2548027833529134,9.60532623903831
PatientID_0084,5,6,last_rate,2,91.0,True,True,4,True,False,663,236,122,0.24581005586592178,0.14012738853503184,8.246211251235321,3.219011856590832,63.687150837988824,-0.6593162154587268,9.64473844791199
PatientID_0084,5,6,linear,2,91.0,True,True,4,True,False,663,236,0,0.0,0.0,,,200.0,-7.543802867501509,
PatientID_0084,5,6,gompertz,2,91.0,True,True,4,True,False,663,236,3948,0.1118546845124283,0.05924050632911392,15.362291495737216,8.181209754781614,177.4378585086042,2.816634735831291,10.732060081185912
PatientID_0084,5,6,oracle_volume_matched,2,91.0,True,True,4,True,False,663,236,236,0.288135593220339,0.16831683168316833,8.049242250247062,2.9649299856912976,0.0,0.0,9.206257161729429
PatientID_0085,1,2,persistence,2,73.0,True,False,0,True,False,186,332,186,0.16602316602316602,0.09052631578947369,6.324555320336759,3.142496159328003,56.37065637065637,-0.5790929130758045,2.050333776301946
PatientID_0085,1,2,geometric_train_rate,2,73.0,True,False,0,True,False,186,332,222,0.2527075812274368,0.1446280991735537,6.0,2.7587563997686866,39.711191335740075,-0.4022711176051621,2.051112104255852
PatientID_0085,1,2,last_rate,2,73.0,True,False,0,True,True,186,332,186,0.16602316602316602,0.09052631578947369,6.324555320336759,3.142496159328003,56.37065637065637,-0.5790929130758045,2.050333776301946
PatientID_0085,1,2,linear,2,73.0,True,False,0,True,True,186,332,186,0.16602316602316602,0.09052631578947369,6.324555320336759,3.142496159328003,56.37065637065637,-0.5790929130758045,2.050333776301946
PatientID_0085,1,2,gompertz,2,73.0,True,False,0,True,True,186,332,186,0.16602316602316602,0.09052631578947369,6.324555320336759,3.142496159328003,56.37065637065637,-0.5790929130758045,2.050333776301946
PatientID_0085,1,2,oracle_volume_matched,2,73.0,True,False,0,True,False,186,332,332,0.32831325301204817,0.1963963963963964,6.0,2.4841535102769097,0.0,0.0,1.7941797969692166
PatientID_0085,2,3,persistence,2,61.0,True,True,1,True,False,332,129,332,0.24295010845986983,0.1382716049382716,7.211102550927978,3.0563844845461574,88.06941431670282,0.944730476640175,7.893377214062118
PatientID_0085,2,3,geometric_train_rate,2,61.0,True,True,1,True,False,332,129,385,0.23735408560311283,0.1346578366445916,7.211102550927978,3.2009549114132994,99.61089494163424,1.0927870294770294,7.847777680347111
PatientID_0085,2,3,last_rate,2,61.0,True,True,1,True,False,332,129,538,0.20689655172413793,0.11538461538461539,7.483314773547883,3.659883118333926,122.63868065967017,1.4273099477421927,7.768578811332861
PatientID_0085,2,3,linear,2,61.0,True,True,1,True,False,332,129,454,0.2195540308747856,0.1233140655105973,7.211102550927978,3.392954098426693,111.49228130360206,1.2575915631015633,7.814672311107731
PatientID_0085,2,3,gompertz,2,61.0,True,True,1,True,True,332,129,332,0.24295010845986983,0.1382716049382716,7.211102550927978,3.0563844845461574,88.06941431670282,0.944730476640175,7.893377214062118
PatientID_0085,2,3,oracle_volume_matched,2,61.0,True,True,1,True,False,332,129,129,0.2248062015503876,0.12663755458515283,14.021320343559639,4.645418155117394,0.0,0.0,10.287975376794225
PatientID_0085,3,4,persistence,2,133.0,True,True,2,True,False,129,226,129,0.028169014084507043,0.014285714285714285,45.6157326743643,17.588915913684655,54.647887323943664,-0.5603070162756567,24.790666412657625
PatientID_0085,3,4,geometric_train_rate,2,133.0,True,True,2,True,False,129,226,178,0.024752475247524754,0.012531328320802004,45.376169147165974,16.751923253101882,23.762376237623762,-0.23860239269254427,25.139053495467707
PatientID_0085,3,4,last_rate,2,133.0,True,True,2,True,False,129,226,16,0.0,0.0,54.18486873657626,28.255186765599454,173.55371900826447,-2.640717081033623,26.541493728894615
PatientID_0085,3,4,linear,2,133.0,True,True,2,True,False,129,226,0,0.0,0.0,,,200.0,-7.500529485395295,
PatientID_0085,3,4,gompertz,2,133.0,True,True,2,True,False,129,226,207,0.023094688221709007,0.011682242990654205,45.188380542005305,16.395500589883195,8.775981524249422,-0.08776546796873216,25.370094351457382
PatientID_0085,3,4,oracle_volume_matched,2,133.0,True,True,2,True,False,129,226,226,0.022123893805309734,0.011185682326621925,45.1552186163596,16.25991986643367,0.0,0.0,25.38887003376388
PatientID_0087,1,2,persistence,1,129.0,True,False,0,True,False,1066,1183,1066,0.009782125389061804,0.004915102770330653,19.763543878852424,11.041314424308577,10.404624277456648,-0.10412866332431378,20.31842424564332
PatientID_0087,1,2,geometric_train_rate,1,129.0,True,False,0,True,False,1066,1183,1650,0.028238616307800918,0.014321518080916577,19.390719429665317,10.661410268199907,32.96858453935757,0.33269179963733636,20.598137093662196
PatientID_0087,1,2,last_rate,1,129.0,True,False,0,True,True,1066,1183,1066,0.009782125389061804,0.004915102770330653,19.763543878852424,11.041314424308577,10.404624277456648,-0.10412866332431378,20.31842424564332
PatientID_0087,1,2,linear,1,129.0,True,False,0,True,True,1066,1183,1066,0.009782125389061804,0.004915102770330653,19.763543878852424,11.041314424308577,10.404624277456648,-0.10412866332431378,20.31842424564332
PatientID_0087,1,2,gompertz,1,129.0,True,False,0,True,True,1066,1183,1066,0.009782125389061804,0.004915102770330653,19.763543878852424,11.041314424308577,10.404624277456648,-0.10412866332431378,20.31842424564332
PatientID_0087,1,2,oracle_volume_matched,1,129.0,True,False,0,True,False,1066,1183,1183,0.01098901098901099,0.0055248618784530384,19.697715603592208,11.114722000535147,0.0,0.0,20.437365805687342
PatientID_0087,2,3,persistence,1,51.0,True,True,1,True,False,1183,233,1183,0.1751412429378531,0.09597523219814241,8.819711197394348,3.400498859482887,134.180790960452,1.6243397315655073,2.672086668966416
PatientID_0087,2,3,geometric_train_rate,1,51.0,True,True,1,True,False,1183,233,1406,0.16595485051860892,0.09048569527611444,9.16515138991168,3.3615049745229,143.1360585723002,1.79701818271491,2.8536859717847194
PatientID_0087,2,3,last_rate,1,51.0,True,True,1,True,False,1183,233,1233,0.17053206002728513,0.09321401938851603,8.717797887081348,3.342761773231682,136.4256480218281,1.6657320863787999,2.7242343631041317
PatientID_0087,2,3,linear,1,51.0,True,True,1,True,False,1183,233,1229,0.17099863201094392,0.09349289454001496,8.717797887081348,3.3466433491808814,136.25170998632012,1.6624830227022402,2.7178551311057038
PatientID_0087,2,3,gompertz,1,51.0,True,True,1,True,True,1183,233,1183,0.1751412429378531,0.09597523219814241,8.819711197394348,3.400498859482887,134.180790960452,1.6243397315655073,2.672086668966416
PatientID_0087,2,3,oracle_volume_matched,1,51.0,True,True,1,True,False,1183,233,233,0.004291845493562232,0.002150537634408602,14.142135623730951,7.774462075904508,0.0,0.0,3.9365933624044134
PatientID_0088,1,2,persistence,3,11.0,False,False,0,True,False,906,1073,906,0.8216270843860536,0.6972555746140652,2.8284271247461903,1.4487559546437387,16.87721071248105,-0.16915296603069813,1.656313216667997
PatientID_0088,1,2,geometric_train_rate,3,11.0,False,False,0,True,False,906,1073,932,0.8169576059850374,0.6905564924114671,2.8284271247461903,1.466857786872481,14.064837905236908,-0.14086330578778106,1.7004556482375373
PatientID_0088,1,2,last_rate,3,11.0,False,False,0,True,True,906,1073,906,0.8216270843860536,0.6972555746140652,2.8284271247461903,1.4487559546437387,16.87721071248105,-0.16915296603069813,1.656313216667997
PatientID_0088,1,2,linear,3,11.0,False,False,0,True,True,906,1073,906,0.8216270843860536,0.6972555746140652,2.8284271247461903,1.4487559546437387,16.87721071248105,-0.16915296603069813,1.656313216667997
PatientID_0088,1,2,gompertz,3,11.0,False,False,0,True,True,906,1073,906,0.8216270843860536,0.6972555746140652,2.8284271247461903,1.4487559546437387,16.87721071248105,-0.16915296603069813,1.656313216667997
PatientID_0088,1,2,oracle_volume_matched,3,11.0,False,False,0,True,False,906,1073,1073,0.8219944082013048,0.6977848101265823,2.8284271247461903,1.466744181874391,0.0,0.0,1.3000915264530846
PatientID_0089,1,2,persistence,3,89.0,True,False,0,True,False,450,1528,450,0.0788675429726997,0.04105263157894737,16.61324772583615,7.597183793012705,108.9989888776542,-1.2222714506941976,14.175073861610455
PatientID_0089,1,2,geometric_train_rate,3,89.0,True,False,0,True,False,450,1528,566,0.10888252148997135,0.05757575757575758,16.61324772583615,7.100551480649603,91.88156638013372,-0.992981870786859,13.29983008094433
PatientID_0089,1,2,last_rate,3,89.0,True,False,0,True,True,450,1528,450,0.0788675429726997,0.04105263157894737,16.61324772583615,7.597183793012705,108.9989888776542,-1.2222714506941976,14.175073861610455
PatientID_0089,1,2,linear,3,89.0,True,False,0,True,True,450,1528,450,0.0788675429726997,0.04105263157894737,16.61324772583615,7.597183793012705,108.9989888776542,-1.2222714506941976,14.175073861610455
PatientID_0089,1,2,gompertz,3,89.0,True,False,0,True,True,450,1528,450,0.0788675429726997,0.04105263157894737,16.61324772583615,7.597183793012705,108.9989888776542,-1.2222714506941976,14.175073861610455
PatientID_0089,1,2,oracle_volume_matched,3,89.0,True,False,0,True,False,450,1528,1528,0.168848167539267,0.09220872051465333,16.97056274847714,6.9826438720394375,0.0,0.0,14.910966901979238
PatientID_0089,2,3,persistence,3,91.0,True,True,1,True,False,1528,415,1528,0.3674729799279465,0.22509457755359394,11.661903789690601,4.184794048683369,114.56510550694802,1.3032170929663263,4.333852106077335
PatientID_0089,2,3,geometric_train_rate,3,91.0,True,True,1,True,False,1528,415,1934,0.33205619412515963,0.1990811638591118,11.661903789690601,4.834661958511409,129.33163048105578,1.538830627112926,4.162719336784408
PatientID_0089,2,3,last_rate,3,91.0,True,True,1,True,False,1528,415,5327,0.14454893765238594,0.07790501220198986,19.078784028338912,9.696179194552503,171.0902124695228,2.551987292309902,3.6506240478368235
PatientID_0089,2,3,linear,3,91.0,True,True,1,True,False,1528,415,2630,0.2660098522167488,0.1534090909090909,14.80481489285771,6.093539031174263,145.48440065681444,1.8462069728625656,3.739763721905247
PatientID_0089,2,3,gompertz,3,91.0,True,True,1,True,True,1528,415,1528,0.3674729799279465,0.22509457755359394,11.661903789690601,4.184794048683369,114.56510550694802,1.3032170929663263,4.333852106077335
PatientID_0089,2,3,oracle_volume_matched,3,91.0,True,True,1,True,False,1528,415,415,0.3686746987951807,0.2259970457902511,5.914213562373095,2.4223060505158753,0.0,0.0,7.564330962993025
PatientID_0089,3,4,persistence,3,77.0,True,True,2,True,False,415,0,415,0.0,0.0,,,200.0,8.108021221376747,
PatientID_0089,3,4,geometric_train_rate,3,77.0,True,True,2,True,False,415,0,506,0.0,0.0,,,200.0,8.30622521603216,
PatientID_0089,3,4,last_rate,3,77.0,True,True,2,True,False,415,0,137,0.0,0.0,,,200.0,7.00033446027523,
PatientID_0089,3,4,linear,3,77.0,True,True,2,True,False,415,0,0,1.0,1.0,,,0.0,0.0,
PatientID_0089,3,4,gompertz,3,77.0,True,True,2,True,False,415,0,841,0.0,0.0,,,200.0,8.814181823188319,
PatientID_0089,3,4,oracle_volume_matched,3,77.0,True,True,2,True,False,415,0,0,1.0,1.0,,,0.0,0.0,
PatientID_0089,5,6,persistence,3,99.0,True,True,4,True,False,648,166,648,0.04914004914004914,0.02518891687657431,30.43008841057685,12.368201222511624,118.42751842751842,1.3613430619503823,26.38911185383762
PatientID_0089,5,6,geometric_train_rate,3,99.0,True,True,4,True,False,648,166,837,0.03988035892323031,0.02034587995930824,30.212423718465715,12.906626612665368,133.7986041874377,1.617232885196805,28.366206579794788
PatientID_0089,5,6,last_rate,3,99.0,True,True,4,True,False,648,166,162839,0.0017300082819545412,0.0008657530209254347,66.783231428256,48.02580048075585,199.59265053219227,6.8877775121964335,24.495943887759086
PatientID_0089,5,6,linear,3,99.0,True,True,4,True,False,648,166,1303,0.04628999319264806,0.023693379790940768,30.990009898668816,13.845875984187296,154.7991831177672,2.059779987953757,25.759666097155513
PatientID_0089,5,6,gompertz,3,99.0,True,True,4,True,False,648,166,513,0.041237113402061855,0.021052631578947368,40.33599133515079,17.05007529766565,102.20913107511046,1.1277789631732833,32.932968204083096
PatientID_0089,5,6,oracle_volume_matched,3,99.0,True,True,4,True,False,648,166,166,0.04216867469879518,0.021538461538461538,44.750413913777734,20.547135883681044,0.0,0.0,35.16880884251505
PatientID_0090,1,2,persistence,0,91.0,True,False,0,True,False,1129,953,1129,0.28434197886647455,0.16573348264277715,17.11716825149761,5.855281199835624,16.90682036503362,0.16945221567423116,8.114859432607496
PatientID_0090,1,2,geometric_train_rate,0,91.0,True,False,0,True,False,1129,953,1402,0.3235668789808917,0.19300911854103345,17.093839642807566,5.809745948600682,38.131634819532906,0.3859981621696111,8.105170325189597
PatientID_0090,1,2,last_rate,0,91.0,True,False,0,True,True,1129,953,1129,0.28434197886647455,0.16573348264277715,17.11716825149761,5.855281199835624,16.90682036503362,0.16945221567423116,8.114859432607496
PatientID_0090,1,2,linear,0,91.0,True,False,0,True,True,1129,953,1129,0.28434197886647455,0.16573348264277715,17.11716825149761,5.855281199835624,16.90682036503362,0.16945221567423116,8.114859432607496
PatientID_0090,1,2,gompertz,0,91.0,True,False,0,True,True,1129,953,1129,0.28434197886647455,0.16573348264277715,17.11716825149761,5.855281199835624,16.90682036503362,0.16945221567423116,8.114859432607496
PatientID_0090,1,2,oracle_volume_matched,0,91.0,True,False,0,True,False,1129,953,953,0.2885624344176285,0.16860821581851626,20.498307038293234,5.679632546214739,0.0,0.0,9.096728919659773
PatientID_0091,1,2,persistence,3,33.0,True,False,0,True,False,1067,12560,1067,0.07749321200557717,0.040308420490113746,25.298221281347036,10.465581939191653,168.67982681441256,-2.4655589968714953,25.208734247850774
PatientID_0091,1,2,geometric_train_rate,3,33.0,True,False,0,True,False,1067,12560,1162,0.09080308992858184,0.047560882510115275,25.163401845162106,10.440110917276733,166.1273866783268,-2.380276887425944,25.1507504609173
PatientID_0091,1,2,last_rate,3,33.0,True,False,0,True,True,1067,12560,1067,0.07749321200557717,0.040308420490113746,25.298221281347036,10.465581939191653,168.67982681441256,-2.4655589968714953,25.208734247850774
PatientID_0091,1,2,linear,3,33.0,True,False,0,True,True,1067,12560,1067,0.07749321200557717,0.040308420490113746,25.298221281347036,10.465581939191653,168.67982681441256,-2.4655589968714953,25.208734247850774
PatientID_0091,1,2,gompertz,3,33.0,True,False,0,True,True,1067,12560,1067,0.07749321200557717,0.040308420490113746,25.298221281347036,10.465581939191653,168.67982681441256,-2.4655589968714953,25.208734247850774
PatientID_0091,1,2,oracle_volume_matched,3,33.0,True,False,0,True,False,1067,12560,12560,0.43702229299363055,0.27960878202842443,15.620499351813308,7.042789406851298,0.0,0.0,17.01248204902436
PatientID_0092,1,2,persistence,4,35.0,True,False,0,True,False,77,572,77,0.040061633281972264,0.020440251572327043,48.744230427815765,32.117391428084,152.54237288135593,-2.0039300167482543,44.551832510841486
PatientID_0092,1,2,geometric_train_rate,4,35.0,True,False,0,True,False,77,572,82,0.039755351681957186,0.0202808112324493,48.744230427815765,31.751313048809976,149.84709480122325,-1.9411150221690316,44.52953790625523
PatientID_0092,1,2,last_rate,4,35.0,True,False,0,True,True,77,572,77,0.040061633281972264,0.020440251572327043,48.744230427815765,32.117391428084,152.54237288135593,-2.0039300167482543,44.551832510841486
PatientID_0092,1,2,linear,4,35.0,True,False,0,True,True,77,572,77,0.040061633281972264,0.020440251572327043,48.744230427815765,32.117391428084,152.54237288135593,-2.0039300167482543,44.551832510841486
PatientID_0092,1,2,gompertz,4,35.0,True,False,0,True,True,77,572,77,0.040061633281972264,0.020440251572327043,48.744230427815765,32.117391428084,152.54237288135593,-2.0039300167482543,44.551832510841486
PatientID_0092,1,2,oracle_volume_matched,4,35.0,True,False,0,True,False,77,572,572,0.022727272727272728,0.011494252873563218,44.27188724235731,23.01545869318108,0.0,0.0,44.3940105203581
PatientID_0093,1,2,persistence,3,63.0,True,False,0,True,False,1663,1963,1663,0.8896856039713182,0.8012916045702931,2.8284271247461903,1.136835527701279,16.54715940430226,-0.1658392285609573,1.5778572088443812
PatientID_0093,1,2,geometric_train_rate,3,63.0,True,False,0,True,False,1663,1963,1957,0.8969387755102041,0.81313598519889,2.8284271247461903,1.1106018249726044,0.30612244897959184,-0.0030610316612240188,1.5796547491099038
PatientID_0093,1,2,last_rate,3,63.0,True,False,0,True,True,1663,1963,1663,0.8896856039713182,0.8012916045702931,2.8284271247461903,1.136835527701279,16.54715940430226,-0.1658392285609573,1.5778572088443812
PatientID_0093,1,2,linear,3,63.0,True,False,0,True,True,1663,1963,1663,0.8896856039713182,0.8012916045702931,2.8284271247461903,1.136835527701279,16.54715940430226,-0.1658392285609573,1.5778572088443812
PatientID_0093,1,2,gompertz,3,63.0,True,False,0,True,True,1663,1963,1663,0.8896856039713182,0.8012916045702931,2.8284271247461903,1.136835527701279,16.54715940430226,-0.1658392285609573,1.5778572088443812
PatientID_0093,1,2,oracle_volume_matched,3,63.0,True,False,0,True,False,1663,1963,1963,0.8970962812022415,0.8133949191685912,2.8284271247461903,1.1099188677386833,0.0,0.0,1.5814698057081729
PatientID_0093,2,3,persistence,3,57.0,True,True,1,True,False,1963,2203,1963,0.7402784445511282,0.5876524390243902,31.704857296359304,5.181581017827947,11.521843494959194,-0.11533921570772243,6.866758737755825
PatientID_0093,2,3,geometric_train_rate,3,57.0,True,True,1,True,False,1963,2203,2275,0.7297900848593122,0.5745428973277075,31.35920089305836,5.237291115761727,3.21572130415364,0.032158188929938235,7.011196446965616
PatientID_0093,2,3,last_rate,3,57.0,True,True,1,True,False,1963,2203,2281,0.7292595896520964,0.5738855738855739,31.352818633286446,5.236479207634633,3.4790365744870653,0.03479193530834562,7.0103641370600975
PatientID_0093,2,3,linear,3,57.0,True,True,1,True,False,1963,2203,2234,0.7311246337615506,0.5761989342806394,31.387862864715878,5.229443916067368,1.3973405454135677,0.01397284550990905,6.994134073831651
PatientID_0093,2,3,gompertz,3,57.0,True,True,1,True,True,1963,2203,1963,0.7402784445511282,0.5876524390243902,31.704857296359304,5.181581017827947,11.521843494959194,-0.11533921570772243,6.866758737755825
PatientID_0093,2,3,oracle_volume_matched,3,57.0,True,True,1,True,False,1963,2203,2203,0.7335451656831593,0.5792114695340502,31.4260400287152,5.230089622537379,0.0,0.0,6.991727931367343
PatientID_0093,3,4,persistence,3,36.0,True,True,2,True,False,2203,9324,2203,0.2927040860588184,0.1714430894308943,23.748684174075834,9.865300769299347,123.55339637373125,-1.4427283203285575,34.37256839675298
PatientID_0093,3,4,geometric_train_rate,3,36.0,True,True,2,True,False,2203,9324,2418,0.28921819110884006,0.16905615292712067,23.57965224510319,9.881775286313182,117.62902401635156,-1.3496126808744136,33.97977489473483
PatientID_0093,3,4,last_rate,3,36.0,True,True,2,True,False,2203,9324,2369,0.28940391687334305,0.16918308169183083,23.643152410574647,9.900245477358649,118.96006157530147,-1.3700844386827267,33.996331536804554
PatientID_0093,3,4,linear,3,36.0,True,True,2,True,False,2203,9324,2355,0.28957958729343264,0.16930316379655586,23.655852443668905,9.90340803927582,119.34240945286412,-1.3760113227310262,34.02001444348546
PatientID_0093,3,4,gompertz,3,36.0,True,True,2,True,False,2203,9324,2385,0.28917926381416004,0.16902955271565495,23.57965224510319,9.890774578527463,118.52421214450423,-1.3633535934786851,33.9889244149721
PatientID_0093,3,4,oracle_volume_matched,3,36.0,True,True,2,True,False,2203,9324,9324,0.4025096525096525,0.25196374622356493,15.231546211727817,7.276135709085239,0.0,0.0,25.676335616438365
PatientID_0094,1,2,persistence,4,91.0,True,False,0,True,False,599,558,599,0.25929127052722556,0.14895729890764647,6.324555320336759,2.550710500859129,7.087294727744166,0.0708873058490318,7.2814713085535345
PatientID_0094,1,2,geometric_train_rate,4,91.0,True,False,0,True,False,599,558,705,0.36896278701504354,0.2262135922330097,6.324555320336759,2.4867487981087524,23.27790973871734,0.23379214042937668,7.282187087992358
PatientID_0094,1,2,last_rate,4,91.0,True,False,0,True,True,599,558,599,0.25929127052722556,0.14895729890764647,6.324555320336759,2.550710500859129,7.087294727744166,0.0708873058490318,7.2814713085535345
PatientID_0094,1,2,linear,4,91.0,True,False,0,True,True,599,558,599,0.25929127052722556,0.14895729890764647,6.324555320336759,2.550710500859129,7.087294727744166,0.0708873058490318,7.2814713085535345
PatientID_0094,1,2,gompertz,4,91.0,True,False,0,True,True,599,558,599,0.25929127052722556,0.14895729890764647,6.324555320336759,2.550710500859129,7.087294727744166,0.0708873058490318,7.2814713085535345
PatientID_0094,1,2,oracle_volume_matched,4,91.0,True,False,0,True,False,599,558,558,0.25089605734767023,0.14344262295081966,6.0,2.514493123253916,0.0,0.0,6.801757843732528
PatientID_0094,2,3,persistence,4,43.0,True,True,1,True,False,558,396,558,0.4276729559748428,0.272,10.392304845413264,3.5026888439478787,33.9622641509434,0.3428531336196787,8.239293613974063
PatientID_0094,2,3,geometric_train_rate,4,43.0,True,True,1,True,False,558,396,603,0.4444444444444444,0.2857142857142857,10.392304845413264,3.5652270320047723,41.44144144144144,0.42039465408216553,8.237181977188023
PatientID_0094,2,3,last_rate,4,43.0,True,True,1,True,False,558,396,540,0.43162393162393164,0.27520435967302453,10.256318772653868,3.4540816326116373,30.76923076923077,0.3100707762410125,8.33902349690331
PatientID_0094,2,3,linear,4,43.0,True,True,1,True,False,558,396,539,0.4320855614973262,0.2755798090040928,10.198039027185569,3.4358867554866293,30.58823529411765,0.30821763695692245,8.311914901085563
PatientID_0094,2,3,gompertz,4,43.0,True,True,1,True,True,558,396,558,0.4276729559748428,0.272,10.392304845413264,3.5026888439478787,33.9622641509434,0.3428531336196787,8.239293613974063
PatientID_0094,2,3,oracle_volume_matched,4,43.0,True,True,1,True,False,558,396,396,0.39646464646464646,0.247244094488189,8.246211251235321,3.3798014116147415,0.0,0.0,8.487328281203872
PatientID_0094,3,4,persistence,4,37.0,True,True,2,True,False,396,271,396,0.5487256371814093,0.378099173553719,9.065755623951036,2.743465960498544,37.481259370314845,0.3791498488640463,3.85965061934252
PatientID_0094,3,4,geometric_train_rate,4,37.0,True,True,2,True,False,396,271,423,0.5273775216138329,0.35812133072407043,9.054711649955419,2.8983580784224814,43.804034582132566,0.445087674519501,3.779313458816284
PatientID_0094,3,4,last_rate,4,37.0,True,True,2,True,False,396,271,295,0.5865724381625441,0.415,9.766318592071652,2.6062848597275337,8.480565371024735,0.08481902625863845,3.967476421882971
PatientID_0094,3,4,linear,4,37.0,True,True,2,True,False,396,271,257,0.5946969696969697,0.42318059299191374,10.770329614269007,2.828141890010607,5.303030303030303,-0.05301762117391725,3.857208069655457
PatientID_0094,3,4,gompertz,4,37.0,True,True,2,True,False,396,271,626,0.4124860646599777,0.2598314606741573,7.211102550927978,3.4362798694792356,79.15273132664437,0.8369700625307424,3.9359031471673886
PatientID_0094,3,4,oracle_volume_matched,4,37.0,True,True,2,True,False,396,271,271,0.5904059040590406,0.418848167539267,10.0,2.654723250877732,0.0,0.0,3.879827702740771
PatientID_0094,4,5,persistence,4,47.0,True,True,3,True,False,271,969,271,0.2161290322580645,0.12115732368896925,22.360679774997898,7.351336967041564,112.58064516129032,-1.2738136333920846,9.180815988286184
PatientID_0094,4,5,geometric_train_rate,4,47.0,True,True,3,True,False,271,969,295,0.23575949367088608,0.1336322869955157,22.360679774997898,7.220319534167057,106.64556962025317,-1.188994607133446,9.16061990744062
PatientID_0094,4,5,last_rate,4,47.0,True,True,3,True,False,271,969,167,0.17253521126760563,0.09441233140655106,22.891046284519195,8.375244711435224,141.19718309859155,-1.7576515671170159,9.18205819945268
PatientID_0094,4,5,linear,4,47.0,True,True,3,True,False,271,969,112,0.1332099907493062,0.07135777998017839,24.08318915758459,9.271795177747466,158.55689176688253,-2.156779282160163,9.124926284238423
PatientID_0094,4,5,gompertz,4,47.0,True,True,3,True,False,271,969,634,0.314410480349345,0.18652849740932642,20.09975124224178,5.984323386575278,41.796631316281974,-0.4241475066522691,9.251541469988021
PatientID_0094,4,5,oracle_volume_matched,4,47.0,True,True,3,True,False,271,969,969,0.3446852425180599,0.2082294264339152,18.563273254647484,5.475483243290661,0.0,0.0,9.231372142923487
PatientID_0094,5,6,persistence,4,254.0,True,True,4,True,False,969,7241,969,0.2194884287454324,0.12327267752086468,18.547236990991408,8.35343639694921,152.78928136419,-2.0111382575097014,7.931378883993251
PatientID_0094,5,6,geometric_train_rate,4,254.0,True,True,4,True,False,969,7241,1530,0.33177516816782576,0.19887916894477856,18.2208671582886,7.603090272393264,130.22460380800365,-1.5544271496531479,7.7168741091861115
PatientID_0094,5,6,last_rate,4,254.0,True,True,4,True,False,969,7241,192788,0.0711596818461323,0.03689246910508418,110.07270324653611,56.730234251252895,185.5200995855601,3.2818152068892212,55.352062274504696
PatientID_0094,5,6,linear,4,254.0,True,True,4,True,False,969,7241,4741,0.6244366549824737,0.4539497633782308,12.711965774350332,4.483506352314216,41.72926055750292,-0.42350213174865303,9.42741673891747
PatientID_0094,5,6,gompertz,4,254.0,True,True,4,True,False,969,7241,677,0.16973983329123515,0.09274082252277119,24.08318915758459,11.393309626123756,165.7994443041172,-2.3696759660707616,7.486464053196271
PatientID_0094,5,6,oracle_volume_matched,4,254.0,True,True,4,True,False,969,7241,7241,0.6982460986051651,0.5363887120729895,10.198039027185569,4.049669495063699,0.0,0.0,9.33693557910723
PatientID_0095,1,2,persistence,1,80.0,True,False,0,True,False,1820,10831,1820,0.25847759070429216,0.14842047930283225,18.0,6.826111476842924,142.45514188601692,-1.7835187536853534,8.993733435734383
PatientID_0095,1,2,geometric_train_rate,1,80.0,True,False,0,True,False,1820,10831,2387,0.33318202451202905,0.19989106753812635,17.204650534085253,6.675066593481487,127.76516870933575,-1.5123342207608437,9.469012336071161
PatientID_0095,1,2,last_rate,1,80.0,True,False,0,True,True,1820,10831,1820,0.25847759070429216,0.14842047930283225,18.0,6.826111476842924,142.45514188601692,-1.7835187536853534,8.993733435734383
PatientID_0095,1,2,linear,1,80.0,True,False,0,True,True,1820,10831,1820,0.25847759070429216,0.14842047930283225,18.0,6.826111476842924,142.45514188601692,-1.7835187536853534,8.993733435734383
PatientID_0095,1,2,gompertz,1,80.0,True,False,0,True,True,1820,10831,1820,0.25847759070429216,0.14842047930283225,18.0,6.826111476842924,142.45514188601692,-1.7835187536853534,8.993733435734383
PatientID_0095,1,2,oracle_volume_matched,1,80.0,True,False,0,True,False,1820,10831,10831,0.6495245129720247,0.48095986873589935,10.770329614269007,3.7170974880223855,0.0,0.0,7.868514194540149
PatientID_0095,2,3,persistence,1,7.0,False,True,1,True,False,10831,3960,10831,0.4689338111013454,0.30627925461450145,15.362291495737216,5.206417646969834,92.90784936785883,1.0061483433095149,7.078638141178406
PatientID_0095,2,3,geometric_train_rate,1,7.0,False,True,1,True,False,10831,3960,11091,0.46561690253139326,0.30345544297220056,15.620499351813308,5.431523453230796,94.75782340043851,1.029869648533747,6.980963583594038
PatientID_0095,2,3,last_rate,1,7.0,False,True,1,True,False,10831,3960,12660,0.4406738868832732,0.2826053403302979,16.24807680927192,6.043023715987344,104.69314079422382,1.16218169986021,6.485943256315486
PatientID_0095,2,3,linear,1,7.0,False,True,1,True,False,10831,3960,11619,0.4568971050773477,0.296089850249584,15.748015748023622,5.7204959183947395,98.32466782206816,1.0763768569588978,6.756465696537397
PatientID_0095,2,3,gompertz,1,7.0,False,True,1,True,True,10831,3960,10831,0.4689338111013454,0.30627925461450145,15.362291495737216,5.206417646969834,92.90784936785883,1.0061483433095149,7.078638141178406
PatientID_0095,2,3,oracle_volume_matched,1,7.0,False,True,1,True,False,10831,3960,3960,0.46565656565656566,0.3034891375905201,14.696938456699069,5.393108653099766,0.0,0.0,9.231696898719848
PatientID_0095,3,4,persistence,1,110.0,True,True,2,True,False,3960,459,3960,0.15071283095723015,0.08149779735682819,16.73320053068151,7.74642282408635,158.45213849287168,2.1547083652670755,11.611272268513307
PatientID_0095,3,4,geometric_train_rate,1,110.0,True,True,2,True,False,3960,459,5748,0.11857580151441921,0.06302449049494777,18.160313873181007,8.951884453930298,170.42049299178348,2.5273064895171307,11.802539086402948
PatientID_0095,3,4,last_rate,1,110.0,True,True,2,True,False,3960,459,0,0.0,0.0,,,200.0,-8.208764045819667,
PatientID_0095,3,4,linear,1,110.0,True,True,2,True,False,3960,459,0,0.0,0.0,,,200.0,-8.208764045819667,
PatientID_0095,3,4,gompertz,1,110.0,True,True,2,True,False,3960,459,8617,0.0870427501101807,0.0455016703144799,19.79898987322333,10.740168202915056,179.77082415160865,2.932184277203379,12.059072216402395
PatientID_0095,3,4,oracle_volume_matched,1,110.0,True,True,2,True,False,3960,459,459,0.3485838779956427,0.21108179419525067,18.760451476000842,4.690104457839904,0.0,0.0,9.555984718955377
PatientID_0095,4,6,persistence,1,121.0,True,True,3,True,False,459,1450,459,0.4410686223153483,0.28293010752688175,10.52461351451274,3.1456845156201965,103.8239916186485,-1.1500825344557395,5.929180946544792
PatientID_0095,4,6,geometric_train_rate,1,121.0,True,True,3,True,False,459,1450,692,0.4995331465919701,0.3329184816428127,10.198039027185569,3.0315586292173364,70.7749766573296,-0.7396384634524396,5.825914256947425
PatientID_0095,4,6,last_rate,1,121.0,True,True,3,True,False,459,1450,42,0.05630026809651475,0.028965517241379312,32.48689537975701,13.894677461456046,188.73994638069706,-3.538763649923045,6.648323644791582
PatientID_0095,4,6,linear,1,121.0,True,True,3,True,False,459,1450,0,0.0,0.0,,,200.0,-9.358846580275406,
PatientID_0095,4,6,gompertz,1,121.0,True,True,3,True,False,459,1450,1917,0.5743985743985744,0.40291666666666665,6.324555320336759,2.4402242234876526,27.73982773982774,0.279176908375373,3.660419713269206
PatientID_0095,4,6,oracle_volume_matched,1,121.0,True,True,3,True,False,459,1450,1450,0.6006896551724138,0.42927550517496305,8.0,2.3488018751003685,0.0,0.0,5.405393879860436
PatientID_0097,1,2,persistence,3,69.0,True,False,0,True,False,783,1331,783,0.004730368968779565,0.002370791844476055,29.732137494637012,16.371417388062607,51.84484389782403,-0.530487402685215,32.517418096409536
PatientID_0097,1,2,geometric_train_rate,3,69.0,True,False,0,True,False,783,1331,936,0.004411116012351125,0.0022104332449160036,29.732137494637012,16.316121662400604,34.84781649757389,-0.3520307137660167,32.64868289161303
PatientID_0097,1,2,last_rate,3,69.0,True,False,0,True,True,783,1331,783,0.004730368968779565,0.002370791844476055,29.732137494637012,16.371417388062607,51.84484389782403,-0.530487402685215,32.517418096409536
PatientID_0097,1,2,linear,3,69.0,True,False,0,True,True,783,1331,783,0.004730368968779565,0.002370791844476055,29.732137494637012,16.371417388062607,51.84484389782403,-0.530487402685215,32.517418096409536
PatientID_0097,1,2,gompertz,3,69.0,True,False,0,True,True,783,1331,783,0.004730368968779565,0.002370791844476055,29.732137494637012,16.371417388062607,51.84484389782403,-0.530487402685215,32.517418096409536
PatientID_0097,1,2,oracle_volume_matched,3,69.0,True,False,0,True,False,783,1331,1331,0.007513148009015778,0.003770739064856712,29.79932885150268,16.443770938743633,0.0,0.0,32.9516695790562
PatientID_0097,2,3,persistence,3,42.0,True,True,1,True,False,1331,1393,1331,0.5954478707782672,0.4239414532148458,4.16524758424981,1.459369310340926,4.552129221732746,-0.045524975804585505,3.248749687883215
PatientID_0097,2,3,geometric_train_rate,3,42.0,True,True,1,True,False,1331,1393,1484,0.6082725060827251,0.4370629370629371,4.0,1.5180860279353412,6.326034063260341,0.06327594784582308,3.5250528598292763
PatientID_0097,2,3,last_rate,3,42.0,True,True,1,True,False,1331,1393,1838,0.620860414732281,0.4501795332136445,4.47213595499958,1.6779394871645985,27.545651501083256,0.27719660516812616,3.8055615639919127
PatientID_0097,2,3,linear,3,42.0,True,True,1,True,False,1331,1393,1665,0.6200130804447351,0.4492890995260663,4.47213595499958,1.5985628340959992,17.78940483976455,0.17835077053149348,3.6290961613904935
PatientID_0097,2,3,gompertz,3,42.0,True,True,1,True,True,1331,1393,1331,0.5954478707782672,0.4239414532148458,4.16524758424981,1.459369310340926,4.552129221732746,-0.045524975804585505,3.248749687883215
PatientID_0097,2,3,oracle_volume_matched,3,42.0,True,True,1,True,False,1331,1393,1393,0.5994256999282125,0.42798564838544334,4.0,1.4906370271415197,0.0,0.0,3.3147992456492688
PatientID_0097,3,4,persistence,3,58.0,True,True,2,True,False,1393,2838,1393,0.5880406523280548,0.41647137596250416,7.483314773547883,2.043763609818385,68.30536516190026,-0.7115941977120823,5.127117352710755
PatientID_0097,3,4,geometric_train_rate,3,58.0,True,True,2,True,False,1393,2838,1618,0.6027827648114902,0.43141663989720525,7.211102550927978,2.054407425980436,54.75763016157989,-0.5618755513464135,5.515704890916015
PatientID_0097,3,4,last_rate,3,58.0,True,True,2,True,False,1393,2838,1483,0.5841240453598704,0.41255312193527294,7.483314773547883,2.091966547318131,62.7169636658181,-0.6489922746621875,5.278436109899389
PatientID_0097,3,4,linear,3,58.0,True,True,2,True,False,1393,2838,1479,0.5837387074357192,0.41216879293424924,7.483314773547883,2.091703387494514,62.96038915913829,-0.6516929261474925,5.258938966288003
PatientID_0097,3,4,gompertz,3,58.0,True,True,2,True,False,1393,2838,1943,0.6509098514955031,0.4824806201550388,6.810221770449599,1.9486556501043026,37.439866136791466,-0.37884612103919724,5.785560956333576
PatientID_0097,3,4,oracle_volume_matched,3,58.0,True,True,2,True,False,1393,2838,2838,0.6983791402396053,0.5365457498646453,5.656854249492381,1.7631505150007358,0.0,0.0,3.7942974608761184
PatientID_0097,4,5,persistence,3,21.0,True,True,3,True,False,2838,6556,2838,0.4954226101767085,0.3292769208999575,8.246211251235321,2.835454251069631,79.15690866510539,-0.8372561043337071,4.696805726001885
PatientID_0097,4,5,geometric_train_rate,3,21.0,True,True,3,True,False,2838,6556,2996,0.5159128978224455,0.3476297968397291,8.246211251235321,2.7986107457462484,74.5393634840871,-0.7830799401227682,4.754365932389285
PatientID_0097,4,5,last_rate,3,21.0,True,True,3,True,False,2838,6556,3672,0.5793899100508408,0.40784583620096354,7.483314773547883,2.682599669377194,56.394211967149005,-0.5796292136306012,4.378520858469117
PatientID_0097,4,5,linear,3,21.0,True,True,3,True,False,2838,6556,3361,0.551578098215186,0.3808131439710387,8.246211251235321,2.7591248386836864,64.43480891398609,-0.6681239878402871,4.635439330206431
PatientID_0097,4,5,gompertz,3,21.0,True,True,3,True,False,2838,6556,2572,0.4645048203330412,0.3025114155251142,8.246211251235321,2.995503214506339,87.29184925503944,-0.9356673216983276,5.350014457171183
PatientID_0097,4,5,oracle_volume_matched,3,21.0,True,True,3,True,False,2838,6556,6556,0.7194935936546675,0.561882072662299,6.0,2.3176311598136436,0.0,0.0,2.907542719281391
PatientID_0097,5,6,persistence,3,36.0,True,True,4,True,False,6556,2095,6556,0.31996301005664085,0.19044997935874503,20.97617696340303,7.641213979194192,103.13258582822795,1.1407865097385002,12.711599021578325
PatientID_0097,5,6,geometric_train_rate,3,36.0,True,True,4,True,False,6556,2095,7195,0.3009687836383208,0.17714140902179423,21.2602916254693,7.824878413566558,109.79547900968784,1.2337904958989503,12.743583201937694
PatientID_0097,5,6,last_rate,3,36.0,True,True,4,True,False,6556,2095,27536,0.13911106611319227,0.07475516866158868,26.30589287593181,12.830524215531119,171.71880800512977,2.575885561505506,11.46500235381995
PatientID_0097,5,6,linear,3,36.0,True,True,4,True,False,6556,2095,12930,0.22296173044925124,0.1254681647940075,23.323807579381203,8.398726823213169,144.2262895174709,1.8199466427118132,11.750671283763335
PatientID_0097,5,6,gompertz,3,36.0,True,True,4,True,False,6556,2095,3938,0.34211834908005967,0.20635872825434912,20.09975124224178,7.576662330361424,61.09729819327035,0.6310915042488974,12.233749633469932
PatientID_0097,5,6,oracle_volume_matched,3,36.0,True,True,4,True,False,6556,2095,2095,0.3107398568019093,0.1839502684374117,20.054863183232953,7.664861529189186,0.0,0.0,11.458565548617505
PatientID_0099,1,2,persistence,1,49.0,True,False,0,True,False,1156,1746,1156,0.25086147484493454,0.1434200157604413,12.328828005937952,5.746529353106472,40.66161268090972,-0.41232515117329077,12.292755487243415
PatientID_0099,1,2,geometric_train_rate,1,49.0,True,False,0,True,False,1156,1746,1365,0.297653487624558,0.1748489425981873,12.328828005937952,5.723349165371277,24.493731918997106,-0.2461530475298225,12.10339811859108
PatientID_0099,1,2,last_rate,1,49.0,True,False,0,True,True,1156,1746,1156,0.25086147484493454,0.1434200157604413,12.328828005937952,5.746529353106472,40.66161268090972,-0.41232515117329077,12.292755487243415
PatientID_0099,1,2,linear,1,49.0,True,False,0,True,True,1156,1746,1156,0.25086147484493454,0.1434200157604413,12.328828005937952,5.746529353106472,40.66161268090972,-0.41232515117329077,12.292755487243415
PatientID_0099,1,2,gompertz,1,49.0,True,False,0,True,True,1156,1746,1156,0.25086147484493454,0.1434200157604413,12.328828005937952,5.746529353106472,40.66161268090972,-0.41232515117329077,12.292755487243415
PatientID_0099,1,2,oracle_volume_matched,1,49.0,True,False,0,True,False,1156,1746,1746,0.3356242840778923,0.20165175498967652,12.649110640673518,5.5693185767406295,0.0,0.0,11.934579107193123
PatientID_0103,1,2,persistence,2,68.0,True,False,0,True,False,153,888,153,0.04226705091258405,0.021589793915603533,20.09975124224178,8.719500894111498,141.21037463976944,-1.7578579175523736,12.451776791483816
PatientID_0103,1,2,geometric_train_rate,2,68.0,True,False,0,True,False,153,888,181,0.05425631431244153,0.027884615384615386,20.09975124224178,8.5022306810594,132.27315247895228,-1.5899250982105186,12.758134530223606
PatientID_0103,1,2,last_rate,2,68.0,True,False,0,True,True,153,888,153,0.04226705091258405,0.021589793915603533,20.09975124224178,8.719500894111498,141.21037463976944,-1.7578579175523736,12.451776791483816
PatientID_0103,1,2,linear,2,68.0,True,False,0,True,True,153,888,153,0.04226705091258405,0.021589793915603533,20.09975124224178,8.719500894111498,141.21037463976944,-1.7578579175523736,12.451776791483816
PatientID_0103,1,2,gompertz,2,68.0,True,False,0,True,True,153,888,153,0.04226705091258405,0.021589793915603533,20.09975124224178,8.719500894111498,141.21037463976944,-1.7578579175523736,12.451776791483816
PatientID_0103,1,2,oracle_volume_matched,2,68.0,True,False,0,True,False,153,888,888,0.15653153153153154,0.08491142333536958,16.73320053068151,6.086308227018343,0.0,0.0,12.020230179522509
PatientID_0103,2,3,persistence,2,44.0,True,True,1,True,False,888,1989,888,0.4045881126173097,0.25359477124183005,3.4641016151377544,1.5089374184364035,76.53806047966631,-0.8063376236789829,3.4932828125422297
PatientID_0103,2,3,geometric_train_rate,2,44.0,True,True,1,True,False,888,1989,989,0.4586971121558093,0.29760348583877994,4.0,1.5760811707079685,67.15916722632639,-0.6986294086009905,3.707194990008293
PatientID_0103,2,3,last_rate,2,44.0,True,True,1,True,False,888,1989,2763,0.6077441077441077,0.4365175332527207,4.898979485566356,2.6241551565440586,32.57575757575758,0.32866744205015974,3.363554122287518
PatientID_0103,2,3,linear,2,44.0,True,True,1,True,False,888,1989,1364,0.5648672830301222,0.3935993349958437,4.0,1.738027418582455,37.28004771846108,-0.37718164609709404,3.945750315905565
PatientID_0103,2,3,gompertz,2,44.0,True,True,1,True,True,888,1989,888,0.4045881126173097,0.25359477124183005,3.4641016151377544,1.5089374184364035,76.53806047966631,-0.8063376236789829,3.4932828125422297
PatientID_0103,2,3,oracle_volume_matched,2,44.0,True,True,1,True,False,888,1989,1989,0.5867269984917044,0.4151547491995731,4.47213595499958,1.9815821641064992,0.0,0.0,3.15456687795227
PatientID_0103,3,4,persistence,2,8.0,False,True,2,True,False,1989,91,1989,0.0,0.0,34.0,20.57629711045697,182.5,3.0832179322015256,24.984241406414228
PatientID_0103,3,4,geometric_train_rate,2,8.0,False,True,2,True,False,1989,91,2028,0.0,0.0,34.0,20.623047019334297,182.82208588957056,3.1026348095636327,24.919393539153337
PatientID_0103,3,4,last_rate,2,8.0,False,True,2,True,False,1989,91,2303,0.0,0.0,33.802354994167985,20.298826494748834,184.7953216374269,3.229789985048879,24.715215991431183
PatientID_0103,3,4,linear,2,8.0,False,True,2,True,False,1989,91,2189,0.0,0.0,33.823069050575526,20.398730382837073,184.03508771929825,3.179025009264006,24.846643184500337
PatientID_0103,3,4,gompertz,2,8.0,False,True,2,True,False,1989,91,2104,0.0,0.0,34.0,20.576685144597214,183.41685649202734,3.1394227924104237,24.856131837677747
PatientID_0103,3,4,oracle_volume_matched,2,8.0,False,True,2,True,False,1989,91,91,0.0,0.0,25.725444690584254,22.061500373823918,0.0,0.0,25.61311929866616
PatientID_0103,4,5,persistence,2,115.0,True,True,3,True,False,91,467,91,0.017921146953405017,0.009041591320072333,16.92184157295543,8.013160045767743,134.76702508960574,-1.6343646974768258,11.706658347516083
PatientID_0103,4,5,geometric_train_rate,2,115.0,True,True,3,True,False,91,467,120,0.02385008517887564,0.01206896551724138,16.61324772583615,7.711030558462353,118.22827938671209,-1.3580640205151915,11.229860000058828
PatientID_0103,4,5,last_rate,2,115.0,True,True,3,True,False,91,467,0,0.0,0.0,,,200.0,-8.226038429485484,
PatientID_0103,4,5,linear,2,115.0,True,True,3,True,False,91,467,0,0.0,0.0,,,200.0,-8.226038429485484,
PatientID_0103,4,5,gompertz,2,115.0,True,True,3,True,False,91,467,1402,0.17335473515248795,0.09490333919156414,11.489125293076057,4.992856002505678,100.05350454788658,1.0991473341597395,14.534586685427225
PatientID_0103,4,5,oracle_volume_matched,2,115.0,True,True,3,True,False,91,467,467,0.1284796573875803,0.06864988558352403,13.160363682449274,5.500805509780321,0.0,0.0,13.368944080215062
PatientID_0103,5,6,persistence,2,73.0,True,True,4,True,False,467,1075,467,0.29442282749675747,0.1726235741444867,9.16515138991168,3.7534670007057938,78.85862516212711,-0.8335953250659955,6.5534982654599405
PatientID_0103,5,6,geometric_train_rate,2,73.0,True,True,4,True,False,467,1075,558,0.32700551132884265,0.19546120058565153,8.94427190999916,3.6956698869773805,63.319044703000614,-0.65560926124088,6.592599714046975
PatientID_0103,5,6,last_rate,2,73.0,True,True,4,True,False,467,1075,1313,0.3793969849246231,0.23410852713178296,8.48528137423857,3.69734641468254,19.932998324958124,0.1999728587276212,7.326469495558592
PatientID_0103,5,6,linear,2,73.0,True,True,4,True,False,467,1075,706,0.3773161145423919,0.23252595155709344,8.246211251235321,3.4996185021135346,41.43739472206625,-0.4203999372262175,6.406705296169718
PatientID_0103,5,6,gompertz,2,73.0,True,True,4,True,False,467,1075,1172,0.3684913217623498,0.22585924713584288,8.717797887081348,3.691561806104848,8.633733867378727,0.08638140686814562,7.238625555812944
PatientID_0103,5,6,oracle_volume_matched,2,73.0,True,True,4,True,False,467,1075,1075,0.3758139534883721,0.2313860252004582,8.717797887081348,3.713983494542986,0.0,0.0,6.850371510534431
PatientID_0105,1,2,persistence,4,91.0,True,False,0,True,False,62,35,62,0.0,0.0,13.695261976375374,9.679836755368115,55.670103092783506,0.570235356762883,12.465303405665935
PatientID_0105,1,2,geometric_train_rate,4,91.0,True,False,0,True,False,62,35,73,0.0,0.0,13.564659966250536,9.590057727821277,70.37037037037037,0.7332571778981107,12.479622302205735
PatientID_0105,1,2,last_rate,4,91.0,True,False,0,True,True,62,35,62,0.0,0.0,13.695261976375374,9.679836755368115,55.670103092783506,0.570235356762883,12.465303405665935
PatientID_0105,1,2,linear,4,91.0,True,False,0,True,True,62,35,62,0.0,0.0,13.695261976375374,9.679836755368115,55.670103092783506,0.570235356762883,12.465303405665935
PatientID_0105,1,2,gompertz,4,91.0,True,False,0,True,True,62,35,62,0.0,0.0,13.695261976375374,9.679836755368115,55.670103092783506,0.570235356762883,12.465303405665935
PatientID_0105,1,2,oracle_volume_matched,4,91.0,True,False,0,True,False,62,35,35,0.0,0.0,14.883889233749311,10.899013097430547,0.0,0.0,14.115211074350581
PatientID_0105,2,3,persistence,4,101.0,True,True,1,True,False,35,27,35,0.25806451612903225,0.14814814814814814,7.211102550927978,2.8714053793949534,25.806451612903224,0.25845731579328624,6.312829123256109
PatientID_0105,2,3,geometric_train_rate,4,101.0,True,True,1,True,False,35,27,42,0.2318840579710145,0.13114754098360656,7.211102550927978,2.946442954596026,43.47826086956522,0.4401855768119022,6.431431854311217
PatientID_0105,2,3,last_rate,4,101.0,True,True,1,True,False,35,27,18,0.13333333333333333,0.07142857142857142,6.0,3.4820352092423414,40.0,-0.40316361111988513,6.180415104521496
PatientID_0105,2,3,linear,4,101.0,True,True,1,True,False,35,27,5,0.0,0.0,8.926983412282242,5.582019792407137,137.5,-1.6663252868361518,6.873962323485004
PatientID_0105,2,3,gompertz,4,101.0,True,True,1,True,True,35,27,35,0.25806451612903225,0.14814814814814814,7.211102550927978,2.8714053793949534,25.806451612903224,0.25845731579328624,6.312829123256109
PatientID_0105,2,3,oracle_volume_matched,4,101.0,True,True,1,True,False,35,27,27,0.18518518518518517,0.10204081632653061,6.0,3.143409618933702,0.0,0.0,6.295860551370594
PatientID_0105,3,4,persistence,4,98.0,True,True,2,True,False,27,823,27,0.06352941176470588,0.032806804374240585,23.323807579381203,11.271490045766848,187.2941176470588,-3.412652260636922,9.104603444064566
PatientID_0105,3,4,geometric_train_rate,4,98.0,True,True,2,True,False,27,823,32,0.07485380116959064,0.038882138517618466,23.237418331073933,10.990720431766146,185.02923976608187,-3.2434735292821615,8.80088416550254
PatientID_0105,3,4,last_rate,4,98.0,True,True,2,True,False,27,823,21,0.04976303317535545,0.02551640340218712,23.345205639895717,11.672252815152989,190.04739336492892,-3.662650899254308,9.137628676246715
PatientID_0105,3,4,linear,4,98.0,True,True,2,True,False,27,823,19,0.04513064133016627,0.023086269744835967,23.40939982143925,11.764696346787051,190.97387173396675,-3.762111692784946,9.341627223993708
PatientID_0105,3,4,gompertz,4,98.0,True,True,2,True,False,27,823,72,0.16089385474860335,0.08748481166464156,21.633307652783937,9.429876157964229,167.82122905027933,-2.4347073476692818,9.04974678719739
PatientID_0105,3,4,oracle_volume_matched,4,98.0,True,True,2,True,False,27,823,823,0.5297691373025516,0.3603305785123967,11.661903789690601,3.6443706405250356,0.0,0.0,6.68319318769242
PatientID_0105,4,5,persistence,4,95.0,True,True,3,True,False,823,1580,823,0.5110278818143986,0.3432084963666853,8.48528137423857,3.3159889249256334,63.004577611319185,-0.6521511643181761,3.9312212128239707
PatientID_0105,4,5,geometric_train_rate,4,95.0,True,True,3,True,False,823,1580,976,0.5860719874804382,0.41449916989485336,8.48528137423857,3.082105247533173,47.26134585289515,-0.48166858483288255,3.923830920412692
PatientID_0105,4,5,last_rate,4,95.0,True,True,3,True,False,823,1580,21863,0.1315531288657595,0.07040774393863294,33.823069050575526,18.81497149957036,173.04099304696499,2.6272974698669502,23.82767715265219
PatientID_0105,4,5,linear,4,95.0,True,True,3,True,False,823,1580,1595,0.6677165354330709,0.5011820330969267,7.211102550927978,2.4037210480429922,0.9448818897637795,0.009448145238418776,4.844765330025938
PatientID_0105,4,5,gompertz,4,95.0,True,True,3,True,False,823,1580,252,0.23580786026200873,0.13366336633663367,11.313708498984761,5.501797226274399,144.97816593886463,-1.8353342405413458,3.3480370879145394
PatientID_0105,4,5,oracle_volume_matched,4,95.0,True,True,3,True,False,823,1580,1580,0.6683544303797468,0.5019011406844106,7.211102550927978,2.4073086116115907,0.0,0.0,4.825917783669217
PatientID_0105,5,6,persistence,4,32.0,True,True,4,True,False,1580,6777,1580,0.3747756371903793,0.23059932263289648,18.2208671582886,7.729585453726689,124.37477563719038,-1.4560490128898496,10.2279400519482
PatientID_0105,5,6,geometric_train_rate,4,32.0,True,True,4,True,False,1580,6777,1674,0.3923796000473317,0.24407478286471368,18.2208671582886,7.637861608355536,120.7667731629393,-1.398262329998285,9.969027888786396
PatientID_0105,5,6,last_rate,4,32.0,True,True,4,True,False,1580,6777,1968,0.4411663807890223,0.2830105633802817,17.657842084762102,7.1917522438918775,109.9828473413379,-1.2364716578502821,9.75968692635795
PatientID_0105,5,6,linear,4,32.0,True,True,4,True,False,1580,6777,1835,0.41941477008824896,0.2653540993241258,18.0,7.437012884099954,114.77008824895495,-1.3064403716459467,9.804603265766913
PatientID_0105,5,6,gompertz,4,32.0,True,True,4,True,False,1580,6777,610,0.1651550020305943,0.09001032905415375,25.051921723468013,12.970700321715201,166.96899959388114,-2.40764439549826,11.583437546868234
PatientID_0105,5,6,oracle_volume_matched,4,32.0,True,True,4,True,False,1580,6777,6777,0.7804338202744577,0.6399274047186932,8.48528137423857,2.877327047758985,0.0,0.0,3.2404600166525155
PatientID_0109,1,2,persistence,4,31.0,True,False,0,True,False,1908,7908,1908,0.20048899755501223,0.11141304347826086,18.547236990991408,6.727362087896302,122.24938875305624,-1.4217696274543858,14.01909560447914
PatientID_0109,1,2,geometric_train_rate,4,31.0,True,False,0,True,False,1908,7908,2017,0.20554156171284635,0.11454239191465469,18.547236990991408,6.738364640532547,118.7103274559194,-1.3662174816820118,14.007336779225579
PatientID_0109,1,2,last_rate,4,31.0,True,False,0,True,True,1908,7908,1908,0.20048899755501223,0.11141304347826086,18.547236990991408,6.727362087896302,122.24938875305624,-1.4217696274543858,14.01909560447914
PatientID_0109,1,2,linear,4,31.0,True,False,0,True,True,1908,7908,1908,0.20048899755501223,0.11141304347826086,18.547236990991408,6.727362087896302,122.24938875305624,-1.4217696274543858,14.01909560447914
PatientID_0109,1,2,gompertz,4,31.0,True,False,0,True,True,1908,7908,1908,0.20048899755501223,0.11141304347826086,18.547236990991408,6.727362087896302,122.24938875305624,-1.4217696274543858,14.01909560447914
PatientID_0109,1,2,oracle_volume_matched,4,31.0,True,False,0,True,False,1908,7908,7908,0.4207132018209408,0.2663944270958443,12.806248474865697,4.66573532488112,0.0,0.0,11.455392614072238
PatientID_0109,2,3,persistence,4,46.0,True,True,1,True,False,7908,8812,7908,0.7720095693779905,0.6286771868303137,4.0,1.5633983523951185,10.813397129186603,-0.10823790208009387,2.9117966603162286
PatientID_0109,2,3,geometric_train_rate,4,46.0,True,True,1,True,False,7908,8812,8590,0.7486495805079876,0.5982733284349743,4.47213595499958,1.741672067131694,2.551430870014941,-0.025515326346773688,2.950896505319207
PatientID_0109,2,3,last_rate,4,46.0,True,True,1,True,False,7908,8812,65183,0.23817825528751943,0.13518862280042343,27.49545416973504,18.66503574252686,152.36434894249612,2.001072002373295,10.220681042532213
PatientID_0109,2,3,linear,4,46.0,True,True,1,True,False,7908,8812,16811,0.6788432267884322,0.5138248847926268,6.928203230275509,3.3539570717951306,62.436092573078874,0.6459122555894304,3.3654539171800324
PatientID_0109,2,3,gompertz,4,46.0,True,True,1,True,True,7908,8812,7908,0.7720095693779905,0.6286771868303137,4.0,1.5633983523951185,10.813397129186603,-0.10823790208009387,2.9117966603162286
PatientID_0109,2,3,oracle_volume_matched,4,46.0,True,True,1,True,False,7908,8812,8812,0.7453472537448933,0.5940665701881331,4.47213595499958,1.7935319149786408,0.0,0.0,3.0025071639319534
PatientID_0109,3,4,persistence,4,23.0,True,True,2,True,False,8812,12275,8812,0.586143121354389,0.41457033608371907,7.483314773547883,2.9757257051250683,32.84488073220468,-0.3314462428866388,4.742577415810078
PatientID_0109,3,4,geometric_train_rate,4,23.0,True,True,2,True,False,8812,12275,9184,0.6101868679808006,0.43904238197424894,7.211102550927978,2.9542651011999057,28.808425369308914,-0.2900984068163593,4.879122498041149
PatientID_0109,3,4,last_rate,4,23.0,True,True,2,True,False,8812,12275,9302,0.6166751633684016,0.4457920128651836,7.211102550927978,2.9463700758735074,27.557121008481253,-0.27733198824617833,4.885402934514751
PatientID_0109,3,4,linear,4,23.0,True,True,2,True,False,8812,12275,9264,0.614606063419843,0.4436327077747989,7.211102550927978,2.950125019799992,27.958586749616973,-0.2814254430969783,4.886787075647308
PatientID_0109,3,4,gompertz,4,23.0,True,True,2,True,False,8812,12275,7459,0.5417046721394547,0.3714643130168879,8.246211251235321,3.2540445604446333,48.809161852640116,-0.4981367418169264,5.424467871714064
PatientID_0109,3,4,oracle_volume_matched,4,23.0,True,True,2,True,False,8812,12275,12275,0.665091649694501,0.4982301965092152,7.211102550927978,2.973753371179248,0.0,0.0,4.696431752329003
PatientID_0110,1,2,persistence,4,80.0,True,False,0,True,False,990,1780,990,0.02888086642599278,0.014652014652014652,39.83462950505411,14.789167820059832,57.03971119133574,-0.586607667755148,19.9497337357968
PatientID_0110,1,2,geometric_train_rate,4,80.0,True,False,0,True,False,990,1780,1143,0.03421142661648991,0.01740341106856944,39.67870197081425,14.52030988241275,43.58535750940814,-0.44291784639446174,19.53650249676946
PatientID_0110,1,2,last_rate,4,80.0,True,False,0,True,True,990,1780,990,0.02888086642599278,0.014652014652014652,39.83462950505411,14.789167820059832,57.03971119133574,-0.586607667755148,19.9497337357968
PatientID_0110,1,2,linear,4,80.0,True,False,0,True,True,990,1780,990,0.02888086642599278,0.014652014652014652,39.83462950505411,14.789167820059832,57.03971119133574,-0.586607667755148,19.9497337357968
PatientID_0110,1,2,gompertz,4,80.0,True,False,0,True,True,990,1780,990,0.02888086642599278,0.014652014652014652,39.83462950505411,14.789167820059832,57.03971119133574,-0.586607667755148,19.9497337357968
PatientID_0110,1,2,oracle_volume_matched,4,80.0,True,False,0,True,False,990,1780,1780,0.05112359550561798,0.026232343614874604,38.590122489557125,13.348903010034482,0.0,0.0,18.10099059088108
PatientID_0110,2,3,persistence,4,7.0,False,True,1,True,False,1780,9477,1780,0.24944478990850139,0.14249467167360194,18.547236990991408,6.75754762988758,136.75046637647685,-1.6721974136716227,10.106469651289869
PatientID_0110,2,3,geometric_train_rate,4,7.0,False,True,1,True,False,1780,9477,1803,0.2530141843971631,0.1448289860956054,18.547236990991408,6.7646883990596045,136.06382978723406,-1.6593597295147502,10.120916403989721
PatientID_0110,2,3,last_rate,4,7.0,False,True,1,True,False,1780,9477,1874,0.2639415029512818,0.15203491322439866,18.547236990991408,6.758395814033778,133.96176548321733,-1.6207391163961473,10.172675149682059
PatientID_0110,2,3,linear,4,7.0,False,True,1,True,False,1780,9477,1849,0.2601094826063924,0.1494976149396123,18.547236990991408,6.7582783562526405,134.69892283242098,-1.6341684459988146,10.148286504606656
PatientID_0110,2,3,gompertz,4,7.0,False,True,1,True,True,1780,9477,1780,0.24944478990850139,0.14249467167360194,18.547236990991408,6.75754762988758,136.75046637647685,-1.6721974136716227,10.106469651289869
PatientID_0110,2,3,oracle_volume_matched,4,7.0,False,True,1,True,False,1780,9477,9477,0.5807745067004326,0.4092193308550186,12.0,4.2274626883010535,0.0,0.0,12.41704808259195
PatientID_0113,1,2,persistence,2,42.0,True,False,0,True,False,96,990,96,0.12338858195211787,0.06575073601570167,12.328828005937952,5.657108876089368,164.64088397790056,-2.332181769958636,6.786935926223
PatientID_0113,1,2,geometric_train_rate,2,42.0,True,False,0,True,False,96,990,106,0.13138686131386862,0.0703125,12.328828005937952,5.629015926470227,161.31386861313868,-2.2332135531529325,6.759416557808494
PatientID_0113,1,2,last_rate,2,42.0,True,False,0,True,True,96,990,96,0.12338858195211787,0.06575073601570167,12.328828005937952,5.657108876089368,164.64088397790056,-2.332181769958636,6.786935926223
PatientID_0113,1,2,linear,2,42.0,True,False,0,True,True,96,990,96,0.12338858195211787,0.06575073601570167,12.328828005937952,5.657108876089368,164.64088397790056,-2.332181769958636,6.786935926223
PatientID_0113,1,2,gompertz,2,42.0,True,False,0,True,True,96,990,96,0.12338858195211787,0.06575073601570167,12.328828005937952,5.657108876089368,164.64088397790056,-2.332181769958636,6.786935926223
PatientID_0113,1,2,oracle_volume_matched,2,42.0,True,False,0,True,False,96,990,991,0.48965169106511863,0.32419786096256686,6.6332495807108,2.8757772013553913,0.10095911155981828,0.0010094638081191497,6.02071461553658
PatientID_0113,2,3,persistence,2,65.0,True,True,1,True,False,990,806,990,0.5590200445434298,0.38794435857805254,4.47213595499958,1.843365316915502,20.489977728285076,0.20559238045390227,3.964202536376521
PatientID_0113,2,3,geometric_train_rate,2,65.0,True,True,1,True,False,990,806,1160,0.595116988809766,0.4236060825488776,4.47213595499958,1.907348006674003,36.01220752797558,0.3640442195850154,4.086684167312994
PatientID_0113,2,3,last_rate,2,65.0,True,True,1,True,False,990,806,36147,0.04362298054285173,0.022297839378095,37.73592452822641,27.355388954740018,191.27540389142965,3.803113877356506,13.883019610524046
PatientID_0113,2,3,linear,2,65.0,True,True,1,True,False,990,806,2374,0.5,0.3333333333333333,7.483314773547883,3.6110757800113094,98.61635220125787,1.0801454102018588,4.380169316294803
PatientID_0113,2,3,gompertz,2,65.0,True,True,1,True,True,990,806,990,0.5590200445434298,0.38794435857805254,4.47213595499958,1.843365316915502,20.489977728285076,0.20559238045390227,3.964202536376521
PatientID_0113,2,3,oracle_volume_matched,2,65.0,True,True,1,True,False,990,806,806,0.5583126550868487,0.387263339070568,4.47213595499958,1.8462701583297794,0.0,0.0,3.899476681712838
PatientID_0114,1,2,persistence,0,8.0,False,False,0,True,False,1226,1838,1226,0.29112271540469975,0.1703590527119939,32.23040785889457,7.557202174864434,39.947780678851174,-0.40488724042377966,6.529746814077989
PatientID_0114,1,2,geometric_train_rate,0,8.0,False,False,0,True,False,1226,1838,1250,0.28886010362694303,0.1688115064345193,32.21799243602818,7.550911096675055,38.082901554404145,-0.3855024840115794,6.530677779180372
PatientID_0114,1,2,last_rate,0,8.0,False,False,0,True,True,1226,1838,1226,0.29112271540469975,0.1703590527119939,32.23040785889457,7.557202174864434,39.947780678851174,-0.40488724042377966,6.529746814077989
PatientID_0114,1,2,linear,0,8.0,False,False,0,True,True,1226,1838,1226,0.29112271540469975,0.1703590527119939,32.23040785889457,7.557202174864434,39.947780678851174,-0.40488724042377966,6.529746814077989
PatientID_0114,1,2,gompertz,0,8.0,False,False,0,True,True,1226,1838,1226,0.29112271540469975,0.1703590527119939,32.23040785889457,7.557202174864434,39.947780678851174,-0.40488724042377966,6.529746814077989
PatientID_0114,1,2,oracle_volume_matched,0,8.0,False,False,0,True,False,1226,1838,1838,0.3520130576713819,0.21360184879498184,29.829429523777296,7.095687842138889,0.0,0.0,6.578096172692225
PatientID_0116,1,2,persistence,0,49.0,True,False,0,True,False,664,3647,664,0.0398979355138019,0.020355029585798816,19.8997487421324,9.010002025948376,138.39016469496636,-1.7032240801965741,4.689186856152459
PatientID_0116,1,2,geometric_train_rate,0,49.0,True,False,0,True,False,664,3647,746,0.05781925791031186,0.029770276605719643,19.79898987322333,8.766652389324078,132.07375369906669,-1.5868013184788674,4.957363863725102
PatientID_0116,1,2,last_rate,0,49.0,True,False,0,True,True,664,3647,664,0.0398979355138019,0.020355029585798816,19.8997487421324,9.010002025948376,138.39016469496636,-1.7032240801965741,4.689186856152459
PatientID_0116,1,2,linear,0,49.0,True,False,0,True,True,664,3647,664,0.0398979355138019,0.020355029585798816,19.8997487421324,9.010002025948376,138.39016469496636,-1.7032240801965741,4.689186856152459
PatientID_0116,1,2,gompertz,0,49.0,True,False,0,True,True,664,3647,664,0.0398979355138019,0.020355029585798816,19.8997487421324,9.010002025948376,138.39016469496636,-1.7032240801965741,4.689186856152459
PatientID_0116,1,2,oracle_volume_matched,0,49.0,True,False,0,True,False,664,3647,3647,0.22895530573073758,0.1292769778603499,17.549928774784245,6.738158232636916,0.0,0.0,8.55413700856225
PatientID_0117,1,2,persistence,1,69.0,True,False,0,True,False,807,1145,807,0.006147540983606557,0.003083247687564234,33.241530077300844,19.145000691547708,34.631147540983605,-0.3497905293887417,37.23636426457337
PatientID_0117,1,2,geometric_train_rate,1,69.0,True,False,0,True,False,807,1145,1020,0.005542725173210162,0.002779064381658175,33.2084211872368,19.070942720093637,11.547344110854503,-0.11558863254596578,37.307388934011264
PatientID_0117,1,2,last_rate,1,69.0,True,False,0,True,True,807,1145,807,0.006147540983606557,0.003083247687564234,33.241530077300844,19.145000691547708,34.631147540983605,-0.3497905293887417,37.23636426457337
PatientID_0117,1,2,linear,1,69.0,True,False,0,True,True,807,1145,807,0.006147540983606557,0.003083247687564234,33.241530077300844,19.145000691547708,34.631147540983605,-0.3497905293887417,37.23636426457337
PatientID_0117,1,2,gompertz,1,69.0,True,False,0,True,True,807,1145,807,0.006147540983606557,0.003083247687564234,33.241530077300844,19.145000691547708,34.631147540983605,-0.3497905293887417,37.23636426457337
PatientID_0117,1,2,oracle_volume_matched,1,69.0,True,False,0,True,False,807,1145,1145,0.005240174672489083,0.002626970227670753,33.17829741317765,19.149914901795892,0.0,0.0,37.366484630518315
PatientID_0117,2,3,persistence,1,42.0,True,True,1,True,False,1145,1329,1145,0.5206143896523848,0.3519125683060109,4.47213595499958,1.731187987512496,14.874696847210995,-0.14900702963587745,3.492656725568278
PatientID_0117,2,3,geometric_train_rate,1,42.0,True,True,1,True,False,1145,1329,1320,0.5481313703284258,0.37753510140405616,4.47213595499958,1.749956948925246,0.6795016987542469,-0.006794401904611685,3.789326504107675
PatientID_0117,2,3,last_rate,1,42.0,True,True,1,True,False,1145,1329,1417,0.5579024034959942,0.38686868686868686,4.47213595499958,1.770885155248216,6.409322651128915,0.06410934036651243,3.9612312357554567
PatientID_0117,2,3,linear,1,42.0,True,True,1,True,False,1145,1329,1351,0.5529850746268656,0.38215575038679733,4.47213595499958,1.7453387648160261,1.6417910447761195,0.01641674776511669,3.894920633274024
PatientID_0117,2,3,gompertz,1,42.0,True,True,1,True,True,1145,1329,1145,0.5206143896523848,0.3519125683060109,4.47213595499958,1.731187987512496,14.874696847210995,-0.14900702963587745,3.492656725568278
PatientID_0117,2,3,oracle_volume_matched,1,42.0,True,True,1,True,False,1145,1329,1329,0.5492851768246803,0.37863070539419086,4.47213595499958,1.7498050585666125,0.0,0.0,3.8131111287648682
PatientID_0118,1,2,persistence,2,90.0,True,False,0,True,False,772,1797,772,0.06072401712728688,0.03131272581292654,12.806248474865697,6.116719458367827,79.79758660957572,-0.8447969907266933,15.642919254910657
PatientID_0118,1,2,geometric_train_rate,2,90.0,True,False,0,True,False,772,1797,961,0.0826686004350979,0.04311649016641452,12.806248474865697,5.916511100120156,60.62364031907179,-0.6258389713904118,15.681158550117276
PatientID_0118,1,2,last_rate,2,90.0,True,False,0,True,True,772,1797,772,0.06072401712728688,0.03131272581292654,12.806248474865697,6.116719458367827,79.79758660957572,-0.8447969907266933,15.642919254910657
PatientID_0118,1,2,linear,2,90.0,True,False,0,True,True,772,1797,772,0.06072401712728688,0.03131272581292654,12.806248474865697,6.116719458367827,79.79758660957572,-0.8447969907266933,15.642919254910657
PatientID_0118,1,2,gompertz,2,90.0,True,False,0,True,True,772,1797,772,0.06072401712728688,0.03131272581292654,12.806248474865697,6.116719458367827,79.79758660957572,-0.8447969907266933,15.642919254910657
PatientID_0118,1,2,oracle_volume_matched,2,90.0,True,False,0,True,False,772,1797,1797,0.16917084028937118,0.09240121580547113,11.661903789690601,5.234995478724325,0.0,0.0,14.592343180270872
PatientID_0118,2,3,persistence,2,99.0,True,True,1,True,False,1797,340,1797,0.2040243331773514,0.11360083376758728,11.832159566199232,4.858408435656038,136.35938231165184,1.6646302476393462,6.546635353677809
PatientID_0118,2,3,geometric_train_rate,2,99.0,True,True,1,True,False,1797,340,2287,0.200228397411496,0.11125211505922165,12.0,5.348721269877808,148.22992006090598,1.9057376521813199,6.802452224872919
PatientID_0118,2,3,last_rate,2,99.0,True,True,1,True,False,1797,340,4550,0.12188139059304703,0.06489547038327526,17.204650534085253,8.909284783129896,172.18813905930472,2.593596786991695,9.595257397408911
PatientID_0118,2,3,linear,2,99.0,True,True,1,True,False,1797,340,2924,0.16666666666666666,0.09090909090909091,13.416407864998739,6.26301203657045,158.33333333333334,2.1514373725105207,7.568349738942115
PatientID_0118,2,3,gompertz,2,99.0,True,True,1,True,True,1797,340,1797,0.2040243331773514,0.11360083376758728,11.832159566199232,4.858408435656038,136.35938231165184,1.6646302476393462,6.546635353677809
PatientID_0118,2,3,oracle_volume_matched,2,99.0,True,True,1,True,False,1797,340,340,0.20294117647058824,0.11292962356792144,8.0,3.4362807158322326,0.0,0.0,5.188118579452838
PatientID_0121,2,3,persistence,1,43.0,True,True,1,True,False,219,228,219,0.2595078299776286,0.14910025706940874,10.198039027185569,2.792770798719084,4.026845637583893,-0.04025138109535735,6.841619447184169
PatientID_0121,2,3,geometric_train_rate,1,43.0,True,True,1,True,False,219,228,253,0.34511434511434513,0.20854271356783918,10.198039027185569,2.623014207162815,10.395010395010395,0.10398971352404764,6.85717830938278
PatientID_0121,2,3,last_rate,1,43.0,True,True,1,True,False,219,228,2813,0.11969746793817823,0.06365862189576775,11.489125293076057,8.16078247049303,170.00986517592898,2.512157519710441,6.268320716776783
PatientID_0121,2,3,linear,1,43.0,True,True,1,True,False,219,228,322,0.3890909090909091,0.24153498871331827,10.198039027185569,2.593962323566978,34.18181818181818,0.3450459446357732,6.964872125705577
PatientID_0121,2,3,gompertz,1,43.0,True,True,1,True,True,219,228,219,0.2595078299776286,0.14910025706940874,10.198039027185569,2.792770798719084,4.026845637583893,-0.04025138109535735,6.841619447184169
PatientID_0121,2,3,oracle_volume_matched,1,43.0,True,True,1,True,False,219,228,228,0.2850877192982456,0.16624040920716113,10.198039027185569,2.759857286951916,0.0,0.0,6.897543065365077
PatientID_0123,1,2,persistence,4,12.0,False,False,0,True,False,1988,6104,1988,0.2296094908551656,0.12969426218065055,18.2208671582886,8.364076764458316,101.73010380622837,-1.1217727886260416,18.071324537613567
PatientID_0123,1,2,geometric_train_rate,4,12.0,False,False,0,True,False,1988,6104,2031,0.23847572218807622,0.13538032100488487,18.2208671582886,8.44009124958021,100.13521819299324,-1.1003749454065097,18.02534255542718
PatientID_0123,1,2,last_rate,4,12.0,False,False,0,True,True,1988,6104,1988,0.2296094908551656,0.12969426218065055,18.2208671582886,8.364076764458316,101.73010380622837,-1.1217727886260416,18.071324537613567
PatientID_0123,1,2,linear,4,12.0,False,False,0,True,True,1988,6104,1988,0.2296094908551656,0.12969426218065055,18.2208671582886,8.364076764458316,101.73010380622837,-1.1217727886260416,18.071324537613567
PatientID_0123,1,2,gompertz,4,12.0,False,False,0,True,True,1988,6104,1988,0.2296094908551656,0.12969426218065055,18.2208671582886,8.364076764458316,101.73010380622837,-1.1217727886260416,18.071324537613567
PatientID_0123,1,2,oracle_volume_matched,4,12.0,False,False,0,True,False,1988,6104,6104,0.43446920052424637,0.27752197572205944,18.0,7.409891711227555,0.0,0.0,17.088721311194167
PatientID_0125,1,2,persistence,1,18.0,True,False,0,True,False,857,6870,857,0.10793322117251197,0.05704514363885089,28.074895538421618,7.969687746512481,155.6360812734567,-2.0813538144972847,11.215481401329837
PatientID_0125,1,2,geometric_train_rate,1,18.0,True,False,0,True,False,857,6870,911,0.10718416655956818,0.05662683324280283,27.932056083161,7.950609902944396,153.16797326821745,-2.020257480399436,11.214094922870679
PatientID_0125,1,2,last_rate,1,18.0,True,False,0,True,True,857,6870,857,0.10793322117251197,0.05704514363885089,28.074895538421618,7.969687746512481,155.6360812734567,-2.0813538144972847,11.215481401329837
PatientID_0125,1,2,linear,1,18.0,True,False,0,True,True,857,6870,857,0.10793322117251197,0.05704514363885089,28.074895538421618,7.969687746512481,155.6360812734567,-2.0813538144972847,11.215481401329837
PatientID_0125,1,2,gompertz,1,18.0,True,False,0,True,True,857,6870,857,0.10793322117251197,0.05704514363885089,28.074895538421618,7.969687746512481,155.6360812734567,-2.0813538144972847,11.215481401329837
PatientID_0125,1,2,oracle_volume_matched,1,18.0,True,False,0,True,False,857,6870,6870,0.42314410480349346,0.26834671836056495,20.97617696340303,4.9224485006494225,0.0,0.0,10.858960802957716
PatientID_0132,1,2,persistence,2,42.0,True,False,0,True,False,96,1217,96,0.13404417364813404,0.07183673469387755,12.672681315802341,6.388993795461867,170.75399847677076,-2.5385973714731125,6.334990489332493
PatientID_0132,1,2,geometric_train_rate,2,42.0,True,False,0,True,False,96,1217,106,0.14814814814814814,0.08,12.65696753238312,6.394514428753153,167.95162509448224,-2.4396291546674087,6.302330016520115
PatientID_0132,1,2,last_rate,2,42.0,True,False,0,True,True,96,1217,96,0.13404417364813404,0.07183673469387755,12.672681315802341,6.388993795461867,170.75399847677076,-2.5385973714731125,6.334990489332493
PatientID_0132,1,2,linear,2,42.0,True,False,0,True,True,96,1217,96,0.13404417364813404,0.07183673469387755,12.672681315802341,6.388993795461867,170.75399847677076,-2.5385973714731125,6.334990489332493
PatientID_0132,1,2,gompertz,2,42.0,True,False,0,True,True,96,1217,96,0.13404417364813404,0.07183673469387755,12.672681315802341,6.388993795461867,170.75399847677076,-2.5385973714731125,6.334990489332493
PatientID_0132,1,2,oracle_volume_matched,2,42.0,True,False,0,True,False,96,1217,1217,0.6351684470008216,0.4653822998193859,6.6332495807108,2.916155697641145,0.0,0.0,5.417958202151969
PatientID_0132,2,3,persistence,2,65.0,True,True,1,True,False,1217,1368,1217,0.7504835589941973,0.6006191950464397,5.656854249492381,2.046982711996864,11.682785299806577,-0.11694966897820708,3.887536086207043
PatientID_0132,2,3,geometric_train_rate,2,65.0,True,True,1,True,False,1217,1368,1426,0.7351467430207588,0.5812110922467459,5.656854249492381,2.2751873930621915,4.151753758052971,0.04151978663940599,3.95630073878552
PatientID_0132,2,3,last_rate,2,65.0,True,True,1,True,False,1217,1368,61134,0.04367860228472689,0.022326905147455715,49.39635614091387,34.75996153455766,191.24508015743496,3.7996290316118393,21.4063209988567
PatientID_0132,2,3,linear,2,65.0,True,True,1,True,False,1217,1368,2952,0.6013888888888889,0.4299900695134062,8.0,3.8999919274189327,73.33333333333333,0.7690840607201882,4.111998697820945
PatientID_0132,2,3,gompertz,2,65.0,True,True,1,True,True,1217,1368,1217,0.7504835589941973,0.6006191950464397,5.656854249492381,2.046982711996864,11.682785299806577,-0.11694966897820708,3.887536086207043
PatientID_0132,2,3,oracle_volume_matched,2,65.0,True,True,1,True,False,1217,1368,1368,0.7478070175438597,0.5971978984238179,5.656854249492381,2.153285858898868,0.0,0.0,3.908088351147868
PatientID_0135,1,2,persistence,3,53.0,True,False,0,True,False,92,336,92,0.018691588785046728,0.009433962264150943,16.73320053068151,8.228676783758894,114.01869158878505,-1.294336764079528,22.375454114495597
PatientID_0135,1,2,geometric_train_rate,3,53.0,True,False,0,True,False,92,336,106,0.01809954751131222,0.0091324200913242,16.70920996971244,8.242155829242277,104.07239819004525,-1.1528654699575174,22.358327535632004
PatientID_0135,1,2,last_rate,3,53.0,True,False,0,True,True,92,336,92,0.018691588785046728,0.009433962264150943,16.73320053068151,8.228676783758894,114.01869158878505,-1.294336764079528,22.375454114495597
PatientID_0135,1,2,linear,3,53.0,True,False,0,True,True,92,336,92,0.018691588785046728,0.009433962264150943,16.73320053068151,8.228676783758894,114.01869158878505,-1.294336764079528,22.375454114495597
PatientID_0135,1,2,gompertz,3,53.0,True,False,0,True,True,92,336,92,0.018691588785046728,0.009433962264150943,16.73320053068151,8.228676783758894,114.01869158878505,-1.294336764079528,22.375454114495597
PatientID_0135,1,2,oracle_volume_matched,3,53.0,True,False,0,True,False,92,336,336,0.0625,0.03225806451612903,19.25593796588834,7.7628753963328725,0.0,0.0,20.83585103834407
PatientID_0135,2,3,persistence,3,65.0,True,True,1,True,False,336,1583,336,0.3491401771756123,0.21148989898989898,10.0,4.712212258833196,129.96352266805627,-1.549672906166911,1.703576627403433
PatientID_0135,2,3,geometric_train_rate,3,65.0,True,True,1,True,False,336,1583,397,0.39494949494949494,0.2460667086217747,10.0,4.5522659562942085,119.79797979797979,-1.3829049281662593,1.8067137356487362
PatientID_0135,2,3,last_rate,3,65.0,True,True,1,True,False,336,1583,1633,0.7388059701492538,0.5857988165680473,4.898979485566356,2.162617263158112,3.109452736318408,0.03109461551893726,1.8237223275973726
PatientID_0135,2,3,linear,3,65.0,True,True,1,True,False,336,1583,635,0.5536519386834986,0.3827930174563591,8.246211251235321,3.3486766333677993,85.4824165915239,-0.9133341908420438,1.687771236139536
PatientID_0135,2,3,gompertz,3,65.0,True,True,1,True,True,336,1583,336,0.3491401771756123,0.21148989898989898,10.0,4.712212258833196,129.96352266805627,-1.549672906166911,1.703576627403433
PatientID_0135,2,3,oracle_volume_matched,3,65.0,True,True,1,True,False,336,1583,1583,0.7384712571067593,0.585378067100651,4.898979485566356,2.163554365867535,0.0,0.0,1.8116427914886948
PatientID_0136,1,2,persistence,2,54.0,True,False,0,True,False,141,3069,141,0.029906542056074768,0.015180265654648957,20.909282201495675,9.202026336224012,182.42990654205607,-3.0795017611999107,9.93933921593745
PatientID_0136,1,2,geometric_train_rate,2,54.0,True,False,0,True,False,141,3069,161,0.03715170278637771,0.01892744479495268,20.8806130178211,9.102882651121275,180.06191950464395,-2.9469673224103854,10.170823409698562
PatientID_0136,1,2,last_rate,2,54.0,True,False,0,True,True,141,3069,141,0.029906542056074768,0.015180265654648957,20.909282201495675,9.202026336224012,182.42990654205607,-3.0795017611999107,9.93933921593745
PatientID_0136,1,2,linear,2,54.0,True,False,0,True,True,141,3069,141,0.029906542056074768,0.015180265654648957,20.909282201495675,9.202026336224012,182.42990654205607,-3.0795017611999107,9.93933921593745
PatientID_0136,1,2,gompertz,2,54.0,True,False,0,True,True,141,3069,141,0.029906542056074768,0.015180265654648957,20.909282201495675,9.202026336224012,182.42990654205607,-3.0795017611999107,9.93933921593745
PatientID_0136,1,2,oracle_volume_matched,2,54.0,True,False,0,True,False,141,3069,3069,0.4108830237862496,0.2585605905269633,12.806248474865697,4.802324982613082,0.0,0.0,7.686105501116371
PatientID_0136,2,3,persistence,2,21.0,True,True,1,True,False,3069,5296,3069,0.675433353257621,0.509927797833935,7.483314773547883,2.6752469089615785,53.24566646742379,-0.5455829163876008,2.4099295866987975
PatientID_0136,2,3,geometric_train_rate,2,21.0,True,True,1,True,False,3069,5296,3230,0.6894205958245367,0.526042598890281,7.483314773547883,2.6793135862363138,48.46352334037063,-0.49445458489904665,2.2883225889563987
PatientID_0136,2,3,last_rate,2,21.0,True,True,1,True,False,3069,5296,10144,0.6551813471502591,0.4871893662107494,8.717797887081348,4.389370505952907,62.7979274611399,0.6499192990989525,2.574893240251165
PatientID_0136,2,3,linear,2,21.0,True,True,1,True,False,3069,5296,4208,0.7295875420875421,0.5742918668212689,6.324555320336759,2.5661477883318247,22.895622895622896,-0.2299582407577922,2.306799299304413
PatientID_0136,2,3,gompertz,2,21.0,True,True,1,True,True,3069,5296,3069,0.675433353257621,0.509927797833935,7.483314773547883,2.6752469089615785,53.24566646742379,-0.5455829163876008,2.4099295866987975
PatientID_0136,2,3,oracle_volume_matched,2,21.0,True,True,1,True,False,3069,5296,5296,0.7545317220543807,0.6058217101273499,6.0,2.4976272968084494,0.0,0.0,1.795169699971387
PatientID_0138,1,2,persistence,3,68.0,True,False,0,True,False,876,347,876,0.05723630417007359,0.029461279461279462,16.0,6.9775639276661305,86.50858544562551,0.9258238291935252,15.34673405604306
PatientID_0138,1,2,geometric_train_rate,3,68.0,True,False,0,True,False,876,347,1044,0.056074766355140186,0.028846153846153848,16.1245154965971,6.707592284566183,100.215672178289,1.1012495474491066,15.156769551347487
PatientID_0138,1,2,last_rate,3,68.0,True,False,0,True,True,876,347,876,0.05723630417007359,0.029461279461279462,16.0,6.9775639276661305,86.50858544562551,0.9258238291935252,15.34673405604306
PatientID_0138,1,2,linear,3,68.0,True,False,0,True,True,876,347,876,0.05723630417007359,0.029461279461279462,16.0,6.9775639276661305,86.50858544562551,0.9258238291935252,15.34673405604306
PatientID_0138,1,2,gompertz,3,68.0,True,False,0,True,True,876,347,876,0.05723630417007359,0.029461279461279462,16.0,6.9775639276661305,86.50858544562551,0.9258238291935252,15.34673405604306
PatientID_0138,1,2,oracle_volume_matched,3,68.0,True,False,0,True,False,876,347,347,0.005763688760806916,0.002890173410404624,14.142135623730951,8.168532361129907,0.0,0.0,17.53973827501634
PatientID_0138,2,3,persistence,3,58.0,True,True,1,True,False,347,589,347,0.4444444444444444,0.2857142857142857,2.8284271247461903,1.5019884759979283,51.70940170940171,-0.5289534396169312,1.94604421862578
PatientID_0138,2,3,geometric_train_rate,3,58.0,True,True,1,True,False,347,589,403,0.48588709677419356,0.3209054593874834,2.8284271247461903,1.4859267959524596,37.5,-0.37939169769385805,2.0286887828989664
PatientID_0138,2,3,last_rate,3,58.0,True,True,1,True,False,347,589,157,0.2761394101876676,0.16018662519440124,8.94427190999916,2.9172499837569297,115.8176943699732,-1.3215967183334834,3.9767866510441503
PatientID_0138,2,3,linear,3,58.0,True,True,1,True,False,347,589,0,0.0,0.0,,,200.0,-8.45807992692373,
PatientID_0138,2,3,gompertz,3,58.0,True,True,1,True,True,347,589,347,0.4444444444444444,0.2857142857142857,2.8284271247461903,1.5019884759979283,51.70940170940171,-0.5289534396169312,1.94604421862578
PatientID_0138,2,3,oracle_volume_matched,3,58.0,True,True,1,True,False,347,589,589,0.5959252971137521,0.4244256348246675,2.8284271247461903,1.3954827343875786,0.0,0.0,1.902403994203942
PatientID_0140,1,2,persistence,1,109.0,True,False,0,True,False,145,82,145,0.0,0.0,65.4018332104213,30.870708621330547,55.50660792951542,0.569352963213281,77.81574241746392
PatientID_0140,1,2,geometric_train_rate,1,109.0,True,False,0,True,False,145,82,210,0.0,0.0,65.39113089708727,28.1710720273248,87.67123287671232,0.939460114924005,78.03813857057389
PatientID_0140,1,2,last_rate,1,109.0,True,False,0,True,True,145,82,145,0.0,0.0,65.4018332104213,30.870708621330547,55.50660792951542,0.569352963213281,77.81574241746392
PatientID_0140,1,2,linear,1,109.0,True,False,0,True,True,145,82,145,0.0,0.0,65.4018332104213,30.870708621330547,55.50660792951542,0.569352963213281,77.81574241746392
PatientID_0140,1,2,gompertz,1,109.0,True,False,0,True,True,145,82,145,0.0,0.0,65.4018332104213,30.870708621330547,55.50660792951542,0.569352963213281,77.81574241746392
PatientID_0140,1,2,oracle_volume_matched,1,109.0,True,False,0,True,False,145,82,82,0.0,0.0,72.24956747275377,38.72391837328942,0.0,0.0,76.92138109602818
PatientID_0140,2,3,persistence,1,101.0,True,True,1,True,False,82,2,82,0.047619047619047616,0.024390243902439025,83.92373516392792,75.27950243002368,190.47619047619048,3.6544706744283944,78.01003992798448
PatientID_0140,2,3,geometric_train_rate,1,101.0,True,True,1,True,False,82,2,115,0.03418803418803419,0.017391304347826087,83.79971561708483,75.48309511003768,193.16239316239316,3.9922466921990907,77.9969584012657
PatientID_0140,2,3,last_rate,1,101.0,True,True,1,True,False,82,2,48,0.0,0.0,81.91686244349691,78.27985895103134,184.0,3.120029990231568,78.97139293932821
PatientID_0140,2,3,linear,1,101.0,True,True,1,True,False,82,2,24,0.0,0.0,80.8452885924088,77.90589237511011,169.23076923076923,2.4294768448486694,78.5797984358717
PatientID_0140,2,3,gompertz,1,101.0,True,True,1,True,True,82,2,82,0.047619047619047616,0.024390243902439025,83.92373516392792,75.27950243002368,190.47619047619048,3.6544706744283944,78.01003992798448
PatientID_0140,2,3,oracle_volume_matched,1,101.0,True,True,1,True,False,82,2,2,0.0,0.0,78.06402251882369,77.27550408394849,0.0,0.0,77.9615289742319
PatientID_0142,1,2,persistence,0,109.0,True,False,0,True,False,3408,4302,3408,0.21530479896238652,0.12063953488372094,16.492422502470642,6.330172725936042,23.19066147859922,-0.23294679997813028,10.499762708067317
PatientID_0142,1,2,geometric_train_rate,0,109.0,True,False,0,True,False,3408,4302,4416,0.23606331727460428,0.13382754584471324,16.61324772583615,5.912908023775818,2.615278733654508,0.02615352805728359,9.968431356794973
PatientID_0142,1,2,last_rate,0,109.0,True,False,0,True,True,3408,4302,3408,0.21530479896238652,0.12063953488372094,16.492422502470642,6.330172725936042,23.19066147859922,-0.23294679997813028,10.499762708067317
PatientID_0142,1,2,linear,0,109.0,True,False,0,True,True,3408,4302,3408,0.21530479896238652,0.12063953488372094,16.492422502470642,6.330172725936042,23.19066147859922,-0.23294679997813028,10.499762708067317
PatientID_0142,1,2,gompertz,0,109.0,True,False,0,True,True,3408,4302,3408,0.21530479896238652,0.12063953488372094,16.492422502470642,6.330172725936042,23.19066147859922,-0.23294679997813028,10.499762708067317
PatientID_0142,1,2,oracle_volume_matched,0,109.0,True,False,0,True,False,3408,4302,4302,0.23268247326824731,0.13165855583322372,16.61324772583615,5.942236321143189,0.0,0.0,9.959052086923833
PatientID_0145,1,2,persistence,4,140.0,True,False,0,True,False,262,2847,262,0.05339337407526536,0.02742894910773298,22.0,10.80648366296172,166.2914120295915,-2.385243502957943,25.67978907853773
PatientID_0145,1,2,geometric_train_rate,4,140.0,True,False,0,True,False,262,2847,337,0.06846733668341709,0.035447154471544715,21.977225575051662,10.653698861384745,157.66331658291458,-2.133611210720133,26.345710784954125
PatientID_0145,1,2,last_rate,4,140.0,True,False,0,True,True,262,2847,262,0.05339337407526536,0.02742894910773298,22.0,10.80648366296172,166.2914120295915,-2.385243502957943,25.67978907853773
PatientID_0145,1,2,linear,4,140.0,True,False,0,True,True,262,2847,262,0.05339337407526536,0.02742894910773298,22.0,10.80648366296172,166.2914120295915,-2.385243502957943,25.67978907853773
PatientID_0145,1,2,gompertz,4,140.0,True,False,0,True,True,262,2847,262,0.05339337407526536,0.02742894910773298,22.0,10.80648366296172,166.2914120295915,-2.385243502957943,25.67978907853773
PatientID_0145,1,2,oracle_volume_matched,4,140.0,True,False,0,True,False,262,2847,2847,0.2648401826484018,0.15263157894736842,14.696938456699069,6.047573676439567,0.0,0.0,17.325260276108025
PatientID_0147,1,2,persistence,0,50.0,True,False,0,True,False,346,3572,346,0.008677896886166412,0.004357856959753909,30.331501776206203,16.099936925202428,164.67585502807555,-2.33411595429387,25.409216608044527
PatientID_0147,1,2,geometric_train_rate,0,50.0,True,False,0,True,False,346,3572,390,0.008581524482584554,0.004309252217997465,30.331501776206203,16.026740484194008,160.62594649167087,-2.2144487351940523,25.363003653457305
PatientID_0147,1,2,last_rate,0,50.0,True,False,0,True,True,346,3572,346,0.008677896886166412,0.004357856959753909,30.331501776206203,16.099936925202428,164.67585502807555,-2.33411595429387,25.409216608044527
PatientID_0147,1,2,linear,0,50.0,True,False,0,True,True,346,3572,346,0.008677896886166412,0.004357856959753909,30.331501776206203,16.099936925202428,164.67585502807555,-2.33411595429387,25.409216608044527
PatientID_0147,1,2,gompertz,0,50.0,True,False,0,True,True,346,3572,346,0.008677896886166412,0.004357856959753909,30.331501776206203,16.099936925202428,164.67585502807555,-2.33411595429387,25.409216608044527
PatientID_0147,1,2,oracle_volume_matched,0,50.0,True,False,0,True,False,346,3572,3572,0.07726763717805152,0.0401863715783343,23.748684174075834,10.437190730779367,0.0,0.0,23.568178493592733
PatientID_0147,2,3,persistence,0,124.0,True,True,1,True,False,3572,2526,3572,0.14594949163660217,0.0787192641075535,11.489125293076057,5.896296836903445,34.30632994424401,0.3464741487465833,8.91587519985273
PatientID_0147,2,3,geometric_train_rate,0,124.0,True,True,1,True,False,3572,2526,4797,0.15485456780008194,0.08392539964476022,11.661903789690601,5.688605359409683,62.02376075378943,0.6413302720770361,8.944947211122617
PatientID_0147,2,3,last_rate,0,124.0,True,True,1,True,False,3572,2526,165879,0.02997535702621656,0.01521572693677998,96.1041102138717,50.20857338473395,194.00017814197915,4.184572852410477,49.3618277494697
PatientID_0147,2,3,linear,0,124.0,True,True,1,True,False,3572,2526,11572,0.203291246985388,0.11314646664034742,15.231546211727817,6.346204030872418,128.33025961129238,1.5219126809349797,8.621932545383363
PatientID_0147,2,3,gompertz,0,124.0,True,True,1,True,True,3572,2526,3572,0.14594949163660217,0.0787192641075535,11.489125293076057,5.896296836903445,34.30632994424401,0.3464741487465833,8.91587519985273
PatientID_0147,2,3,oracle_volume_matched,0,124.0,True,True,1,True,False,3572,2526,2526,0.12114014251781473,0.06447534766118837,11.489125293076057,6.209700284874166,0.0,0.0,9.056930779953253
PatientID_0148,1,2,persistence,0,10.0,False,False,0,True,False,1449,540,1449,0.059326294620412265,0.030569948186528497,13.564659966250536,6.492378853026623,91.4027149321267,0.9869146107384682,21.751083655796997
PatientID_0148,1,2,geometric_train_rate,0,10.0,False,False,0,True,False,1449,540,1484,0.05928853754940711,0.03054989816700611,13.564659966250536,6.497921683634708,93.28063241106719,1.010780057733859,21.751050732758845
PatientID_0148,1,2,last_rate,0,10.0,False,False,0,True,True,1449,540,1449,0.059326294620412265,0.030569948186528497,13.564659966250536,6.492378853026623,91.4027149321267,0.9869146107384682,21.751083655796997
PatientID_0148,1,2,linear,0,10.0,False,False,0,True,True,1449,540,1449,0.059326294620412265,0.030569948186528497,13.564659966250536,6.492378853026623,91.4027149321267,0.9869146107384682,21.751083655796997
PatientID_0148,1,2,gompertz,0,10.0,False,False,0,True,True,1449,540,1449,0.059326294620412265,0.030569948186528497,13.564659966250536,6.492378853026623,91.4027149321267,0.9869146107384682,21.751083655796997
PatientID_0148,1,2,oracle_volume_matched,0,10.0,False,False,0,True,False,1449,540,540,0.037037037037037035,0.018867924528301886,23.15167380558045,9.643669888422354,0.0,0.0,23.75740358216161
PatientID_0149,1,2,persistence,2,45.0,True,False,0,True,False,6595,3588,6595,0.6648335461062556,0.49794057075610476,8.717797887081348,3.169553683918406,59.059216340960425,0.6087009578027367,5.478702830487124
PatientID_0149,1,2,geometric_train_rate,2,45.0,True,False,0,True,False,6595,3588,7360,0.628425283156741,0.4581779435269046,10.198039027185569,3.6343049426437015,68.90756302521008,0.7184471343524516,5.39765105553768
PatientID_0149,1,2,last_rate,2,45.0,True,False,0,True,True,6595,3588,6595,0.6648335461062556,0.49794057075610476,8.717797887081348,3.169553683918406,59.059216340960425,0.6087009578027367,5.478702830487124
PatientID_0149,1,2,linear,2,45.0,True,False,0,True,True,6595,3588,6595,0.6648335461062556,0.49794057075610476,8.717797887081348,3.169553683918406,59.059216340960425,0.6087009578027367,5.478702830487124
PatientID_0149,1,2,gompertz,2,45.0,True,False,0,True,True,6595,3588,6595,0.6648335461062556,0.49794057075610476,8.717797887081348,3.169553683918406,59.059216340960425,0.6087009578027367,5.478702830487124
PatientID_0149,1,2,oracle_volume_matched,2,45.0,True,False,0,True,False,6595,3588,3588,0.6847826086956522,0.5206611570247934,6.324555320336759,2.6366586333832545,0.0,0.0,8.615214695607209
PatientID_0149,2,3,persistence,2,72.0,True,True,1,True,False,3588,2737,3588,0.6997628458498024,0.53818093385214,6.0,2.505745914528136,26.90909090909091,0.27072168248199513,8.66015176344975
PatientID_0149,2,3,geometric_train_rate,2,72.0,True,True,1,True,False,3588,2737,4276,0.6553543419364039,0.48738069989395544,6.6332495807108,2.9355912644567574,43.889918722372734,0.4461391262057261,8.463515696263487
PatientID_0149,2,3,last_rate,2,72.0,True,True,1,True,False,3588,2737,1354,0.6008310926423858,0.4294199860237596,10.954451150103322,3.303753032766619,67.61183084820337,-0.7037526101741745,12.804143341384833
PatientID_0149,2,3,linear,2,72.0,True,True,1,True,False,3588,2737,0,0.0,0.0,,,200.0,-9.994104920119742,
PatientID_0149,2,3,gompertz,2,72.0,True,True,1,True,True,3588,2737,3588,0.6997628458498024,0.53818093385214,6.0,2.505745914528136,26.90909090909091,0.27072168248199513,8.66015176344975
PatientID_0149,2,3,oracle_volume_matched,2,72.0,True,True,1,True,False,3588,2737,2737,0.7084398976982097,0.5485148514851486,7.483314773547883,2.4698450285667386,0.0,0.0,10.054381751399143
PatientID_0149,3,4,persistence,2,63.0,True,True,2,True,False,2737,7466,2737,0.259923551896501,0.14937478877999325,18.0,7.444718085751228,92.69822601195727,-1.0034680234607685,16.31844243936851
PatientID_0149,3,4,geometric_train_rate,2,63.0,True,True,2,True,False,2737,7466,3191,0.2901379375058647,0.16968499615848973,18.0,7.211028807478929,80.22895749272779,-0.8500026037165169,15.78681558535775
PatientID_0149,3,4,last_rate,2,63.0,True,True,2,True,False,2737,7466,2160,0.2140037398711822,0.11982317356910191,19.28730152198591,8.063198517727594,110.24309162684396,-1.2402100325265188,16.74126557288909
PatientID_0149,3,4,linear,2,63.0,True,True,2,True,False,2737,7466,1992,0.2006766758299852,0.11152896932659537,20.199009876724155,8.394522690574092,115.75385916684289,-1.3211742147208767,17.248656273405782
PatientID_0149,3,4,gompertz,2,63.0,True,True,2,True,False,2737,7466,6627,0.43581920102178384,0.27862456904373073,16.1245154965971,5.882478943429827,11.906620307954304,-0.11920504776006723,14.224473121319958
PatientID_0149,3,4,oracle_volume_matched,2,63.0,True,True,2,True,False,2737,7466,7466,0.45713903027055985,0.2962930809966143,15.748015748023622,5.755496292923775,0.0,0.0,13.813885335449488
PatientID_0150,1,2,persistence,1,91.0,True,False,0,True,False,428,98,428,0.24334600760456274,0.13852813852813853,8.246211251235321,3.6280194426305377,125.47528517110266,1.4731730329139172,8.438073402592176
PatientID_0150,1,2,geometric_train_rate,1,91.0,True,False,0,True,False,428,98,583,0.23201174743024963,0.13122923588039867,8.48528137423857,4.151986563281987,142.43759177679883,1.7821593954990358,8.512105317118646
PatientID_0150,1,2,last_rate,1,91.0,True,False,0,True,True,428,98,428,0.24334600760456274,0.13852813852813853,8.246211251235321,3.6280194426305377,125.47528517110266,1.4731730329139172,8.438073402592176
PatientID_0150,1,2,linear,1,91.0,True,False,0,True,True,428,98,428,0.24334600760456274,0.13852813852813853,8.246211251235321,3.6280194426305377,125.47528517110266,1.4731730329139172,8.438073402592176
PatientID_0150,1,2,gompertz,1,91.0,True,False,0,True,True,428,98,428,0.24334600760456274,0.13852813852813853,8.246211251235321,3.6280194426305377,125.47528517110266,1.4731730329139172,8.438073402592176
PatientID_0150,1,2,oracle_volume_matched,1,91.0,True,False,0,True,False,428,98,98,0.20408163265306123,0.11363636363636363,6.324555320336759,3.040297120629699,0.0,0.0,8.35242572012741
PatientID_0150,2,3,persistence,1,42.0,True,True,1,True,False,98,93,98,0.5026178010471204,0.3356643356643357,32.78409632640213,5.769562268710542,5.2356020942408374,0.052299499402848844,10.119107448957077
PatientID_0150,2,3,geometric_train_rate,1,42.0,True,True,1,True,False,98,93,113,0.46601941747572817,0.3037974683544304,32.74741111177947,5.867378050325344,19.41747572815534,0.19455072532036655,10.073663844400635
PatientID_0150,2,3,last_rate,1,42.0,True,True,1,True,False,98,93,50,0.4195804195804196,0.26548672566371684,38.20470491995708,8.218688562845927,60.13986013986014,-0.6194227910729904,9.9272170234645
PatientID_0150,2,3,linear,1,42.0,True,True,1,True,False,98,93,0,0.0,0.0,,,200.0,-6.61338421837956,
PatientID_0150,2,3,gompertz,1,42.0,True,True,1,True,True,98,93,98,0.5026178010471204,0.3356643356643357,32.78409632640213,5.769562268710542,5.2356020942408374,0.052299499402848844,10.119107448957077
PatientID_0150,2,3,oracle_volume_matched,1,42.0,True,True,1,True,False,98,93,93,0.5161290322580645,0.34782608695652173,38.05784743944433,6.446020461953697,0.0,0.0,10.090514165512447
PatientID_0150,3,4,persistence,1,93.0,True,True,2,True,False,93,91,93,0.5760869565217391,0.40458015267175573,2.8284271247461903,1.4060418421307912,2.1739130434782608,0.021710486370901342,14.4271354616812
PatientID_0150,3,4,geometric_train_rate,1,93.0,True,True,2,True,False,93,91,127,0.4954128440366973,0.32926829268292684,4.47213595499958,1.7609094563251761,33.027522935779814,0.3329386640399018,16.370331635668272
PatientID_0150,3,4,last_rate,1,93.0,True,True,2,True,False,93,91,83,0.4942528735632184,0.3282442748091603,2.8284271247461903,1.6167282369726095,9.195402298850574,-0.09188669135280401,18.560608964662137
PatientID_0150,3,4,linear,1,93.0,True,True,2,True,False,93,91,82,0.48554913294797686,0.32061068702290074,2.8284271247461903,1.6482541615238069,10.404624277456648,-0.10398971352404764,19.0098820214282
PatientID_0150,3,4,gompertz,1,93.0,True,True,2,True,False,93,91,460,0.33030852994555354,0.19782608695652174,7.211102550927978,3.099207482447128,133.93829401088928,1.619266001370363,9.030075428264068
PatientID_0150,3,4,oracle_volume_matched,1,93.0,True,True,2,True,False,93,91,91,0.5604395604395604,0.3893129770992366,2.8284271247461903,1.4554154544116629,0.0,0.0,15.211427072609458
PatientID_0150,4,6,persistence,1,215.0,True,True,3,True,False,91,44,91,0.3851851851851852,0.23853211009174313,33.43638661477328,11.27703369163361,69.62962962962963,0.7252056750753615,13.07283324925035
PatientID_0150,4,6,geometric_train_rate,1,215.0,True,True,3,True,False,91,44,189,0.2918454935622318,0.1708542713567839,33.382553046548985,11.15312290790506,124.46351931330472,1.4553816568550593,10.200879820170824
PatientID_0150,4,6,last_rate,1,215.0,True,True,3,True,False,91,44,87,0.3816793893129771,0.2358490566037736,33.20239643242498,11.193763897029125,65.64885496183206,0.6803173538272271,12.364085432528201
PatientID_0150,4,6,linear,1,215.0,True,True,3,True,False,91,44,86,0.38461538461538464,0.23809523809523808,33.20540880983089,11.004021349450602,64.61538461538461,0.6687732140803617,12.097953946828857
PatientID_0150,4,6,gompertz,1,215.0,True,True,3,True,False,91,44,491,0.13457943925233645,0.07214428857715431,34.92849839314596,13.577530208569726,167.10280373831776,2.409672162625163,12.38518153466284
PatientID_0150,4,6,oracle_volume_matched,1,215.0,True,True,3,True,False,91,44,44,0.5227272727272727,0.35384615384615387,33.37358078517827,8.230789991002386,0.0,0.0,7.921750578717133
PatientID_0151,1,2,persistence,3,59.0,True,False,0,True,False,161,66,161,0.14977973568281938,0.08095238095238096,14.621743183723149,5.2707068790369265,83.70044052863436,0.890633571080888,10.880806820693289
PatientID_0151,1,2,geometric_train_rate,3,59.0,True,False,0,True,False,161,66,188,0.14173228346456693,0.07627118644067797,14.539517577055273,5.2241192972352835,96.06299212598425,1.0455597453246768,10.847384891912093
PatientID_0151,1,2,last_rate,3,59.0,True,False,0,True,True,161,66,161,0.14977973568281938,0.08095238095238096,14.621743183723149,5.2707068790369265,83.70044052863436,0.890633571080888,10.880806820693289
PatientID_0151,1,2,linear,3,59.0,True,False,0,True,True,161,66,161,0.14977973568281938,0.08095238095238096,14.621743183723149,5.2707068790369265,83.70044052863436,0.890633571080888,10.880806820693289
PatientID_0151,1,2,gompertz,3,59.0,True,False,0,True,True,161,66,161,0.14977973568281938,0.08095238095238096,14.621743183723149,5.2707068790369265,83.70044052863436,0.890633571080888,10.880806820693289
PatientID_0151,1,2,oracle_volume_matched,3,59.0,True,False,0,True,False,161,66,66,0.24242424242424243,0.13793103448275862,18.52019997189,5.347939748450172,0.0,0.0,10.522528195861033
PatientID_0152,1,2,persistence,2,46.0,True,False,0,True,False,124,31,124,0.03870967741935484,0.019736842105263157,10.188137075826289,4.824439611988426,120.0,1.3832777675804648,6.3244524878911195
PatientID_0152,1,2,geometric_train_rate,2,46.0,True,False,0,True,False,124,31,139,0.03529411764705882,0.017964071856287425,10.099019513592784,4.973120952478697,127.05882352941177,1.4973614548108372,6.335895030668721
PatientID_0152,1,2,last_rate,2,46.0,True,False,0,True,True,124,31,124,0.03870967741935484,0.019736842105263157,10.188137075826289,4.824439611988426,120.0,1.3832777675804648,6.3244524878911195
PatientID_0152,1,2,linear,2,46.0,True,False,0,True,True,124,31,124,0.03870967741935484,0.019736842105263157,10.188137075826289,4.824439611988426,120.0,1.3832777675804648,6.3244524878911195
PatientID_0152,1,2,gompertz,2,46.0,True,False,0,True,True,124,31,124,0.03870967741935484,0.019736842105263157,10.188137075826289,4.824439611988426,120.0,1.3832777675804648,6.3244524878911195
PatientID_0152,1,2,oracle_volume_matched,2,46.0,True,False,0,True,False,124,31,31,0.0,0.0,7.559604421316622,4.3561941686375665,0.0,0.0,4.884514382128447
PatientID_0152,2,3,persistence,2,98.0,True,True,1,True,False,31,1020,31,0.017126546146527116,0.008637236084452975,20.09975124224178,12.3560567368036,188.20171265461465,-3.4896690930045353,9.433540840493237
PatientID_0152,2,3,geometric_train_rate,2,98.0,True,True,1,True,False,31,1020,40,0.016981132075471698,0.008563273073263558,19.969924622639713,12.1303920211617,184.9056603773585,-3.235680866339227,9.349455356093948
PatientID_0152,2,3,last_rate,2,98.0,True,True,1,True,False,31,1020,1,0.0,0.0,26.832815729997478,18.6618940503602,199.60822722820765,-6.809897412133023,10.73138204303776
PatientID_0152,2,3,linear,2,98.0,True,True,1,True,False,31,1020,0,0.0,0.0,,,200.0,-9.007121989469242,
PatientID_0152,2,3,gompertz,2,98.0,True,True,1,True,True,31,1020,31,0.017126546146527116,0.008637236084452975,20.09975124224178,12.3560567368036,188.20171265461465,-3.4896690930045353,9.433540840493237
PatientID_0152,2,3,oracle_volume_matched,2,98.0,True,True,1,True,False,31,1020,1020,0.17058823529411765,0.0932475884244373,11.489125293076057,4.900308044487938,0.0,0.0,4.9267923999856915
PatientID_0157,1,2,persistence,2,53.0,True,False,0,True,False,2069,3357,2069,0.561002580169554,0.38985655737704916,9.16515138991168,4.117535814012741,47.47511979358644,-0.48395914033352455,7.664642844298503
PatientID_0157,1,2,geometric_train_rate,2,53.0,True,False,0,True,False,2069,3357,2354,0.602696550516547,0.431328320802005,8.246211251235321,3.9528194109614274,35.12519698826826,-0.35491584439894286,7.487372794692763
PatientID_0157,1,2,last_rate,2,53.0,True,False,0,True,True,2069,3357,2069,0.561002580169554,0.38985655737704916,9.16515138991168,4.117535814012741,47.47511979358644,-0.48395914033352455,7.664642844298503
PatientID_0157,1,2,linear,2,53.0,True,False,0,True,True,2069,3357,2069,0.561002580169554,0.38985655737704916,9.16515138991168,4.117535814012741,47.47511979358644,-0.48395914033352455,7.664642844298503
PatientID_0157,1,2,gompertz,2,53.0,True,False,0,True,True,2069,3357,2069,0.561002580169554,0.38985655737704916,9.16515138991168,4.117535814012741,47.47511979358644,-0.48395914033352455,7.664642844298503
PatientID_0157,1,2,oracle_volume_matched,2,53.0,True,False,0,True,False,2069,3357,3357,0.6547512660113196,0.4867139061116032,8.246211251235321,3.6357199511931877,0.0,0.0,7.4156498255420304
PatientID_0157,2,3,persistence,2,26.0,True,True,1,True,False,3357,2101,3357,0.7420300476364969,0.5898630935042237,5.656854249492381,2.604588734336746,46.02418468303408,0.46861203736029583,2.985393796961502
PatientID_0157,2,3,geometric_train_rate,2,26.0,True,True,1,True,False,3357,2101,3577,0.7150405072208524,0.5564692982456141,6.0,2.967593183481754,51.990137372314194,0.5320864895799235,2.96391224977791
PatientID_0157,2,3,last_rate,2,26.0,True,True,1,True,False,3357,2101,4256,0.6474752241623407,0.47871598046057223,6.928203230275509,3.8007269470387675,67.79927638823344,0.705886206337375,2.950306712674354
PatientID_0157,2,3,linear,2,26.0,True,True,1,True,False,3357,2101,3989,0.6696223316912973,0.5033325104912367,6.324555320336759,3.507998259438411,62.00328407224959,0.6410989930353604,2.880877048090554
PatientID_0157,2,3,gompertz,2,26.0,True,True,1,True,True,3357,2101,3357,0.7420300476364969,0.5898630935042237,5.656854249492381,2.604588734336746,46.02418468303408,0.46861203736029583,2.985393796961502
PatientID_0157,2,3,oracle_volume_matched,2,26.0,True,True,1,True,False,3357,2101,2101,0.8110423607805807,0.6821457165732586,4.0,1.8126616641832687,0.0,0.0,3.034287127459824
PatientID_0157,3,4,persistence,2,62.0,True,True,2,True,False,2101,1520,2101,0.7009113504556752,0.5395408163265306,6.324555320336759,2.6095214968641427,32.09058271195802,0.32368034725239475,5.939681499240021
PatientID_0157,3,4,geometric_train_rate,2,62.0,True,True,2,True,False,2101,1520,2444,0.6735620585267407,0.5077976416888551,6.928203230275509,2.9765903420087825,46.619576185671036,0.47489461734527527,5.969863367587214
PatientID_0157,3,4,last_rate,2,62.0,True,True,2,True,False,2101,1520,687,0.5618486633439057,0.3906742281033396,7.483314773547883,3.366800932234602,75.4870865428183,-0.7940316211203392,5.945927610810289
PatientID_0157,3,4,linear,2,62.0,True,True,2,True,False,2101,1520,0,0.0,0.0,,,200.0,-9.405989388981,
PatientID_0157,3,4,gompertz,2,62.0,True,True,2,True,False,2101,1520,3092,0.6240242844752819,0.45351402458241413,8.48528137423857,3.673618499185177,68.16999132697312,0.7100659884971536,5.959809552035836
PatientID_0157,3,4,oracle_volume_matched,2,62.0,True,True,2,True,False,2101,1520,1520,0.7052631578947368,0.5447154471544715,4.898979485566356,2.420462746745741,0.0,0.0,6.073713570575752
PatientID_0157,4,5,persistence,2,98.0,True,True,3,True,False,1520,450,1520,0.3015228426395939,0.17752540346682605,10.954451150103322,5.057849928270205,108.62944162436548,1.2170225253321243,8.970683364121273
PatientID_0157,4,5,geometric_train_rate,2,98.0,True,True,3,True,False,1520,450,1930,0.27983193277310925,0.1626770884220811,11.489125293076057,5.799115308651681,124.36974789915966,1.455814724671989,8.939436308943915
PatientID_0157,4,5,last_rate,2,98.0,True,True,3,True,False,1520,450,911,0.3585598824393828,0.21844225604297224,8.48528137423857,4.064511814635547,67.7443056576047,0.7051547777333377,9.126350580042876
PatientID_0157,4,5,linear,2,98.0,True,True,3,True,False,1520,450,602,0.3897338403041825,0.24203069657615112,8.246211251235321,3.653626932323333,28.897338403041825,0.2909397429813455,9.22879026305967
PatientID_0157,4,5,gompertz,2,98.0,True,True,3,True,False,1520,450,2143,0.2684149633629001,0.155011135857461,12.806248474865697,6.162356979539229,130.58233706131892,1.5604950012481456,9.181229423028153
PatientID_0157,4,5,oracle_volume_matched,2,98.0,True,True,3,True,False,1520,450,450,0.40444444444444444,0.25348189415041783,8.94427190999916,3.602877596264956,0.0,0.0,9.344845809850288
PatientID_0157,5,6,persistence,2,84.0,True,True,4,True,False,450,233,450,0.3513909224011713,0.21314387211367672,8.209279563550014,3.314113499555834,63.543191800878475,0.6579505315709594,7.396956579913884
PatientID_0157,5,6,geometric_train_rate,2,84.0,True,True,4,True,False,450,233,552,0.33885350318471336,0.20398773006134968,8.246211251235321,3.605710388572607,81.27388535031847,0.8621996795186107,7.372249829405611
PatientID_0157,5,6,last_rate,2,84.0,True,True,4,True,False,450,233,158,0.31202046035805625,0.18484848484848485,7.211102550927978,3.066823459634044,38.36317135549872,-0.3881889309162953,7.3267548317051885
PatientID_0157,5,6,linear,2,84.0,True,True,4,True,False,450,233,0,0.0,0.0,,,200.0,-7.5310163320779155,
PatientID_0157,5,6,gompertz,2,84.0,True,True,4,True,False,450,233,2169,0.18984179850124897,0.10487580496780129,14.0,7.469084096619348,161.19900083263946,2.230504349012588,7.649136266105216
PatientID_0157,5,6,oracle_volume_matched,2,84.0,True,True,4,True,False,450,233,233,0.33905579399141633,0.2041343669250646,6.928203230275509,3.1832385855320666,0.0,0.0,7.388464060129419
PatientID_0159,1,2,persistence,1,105.0,True,False,0,True,False,1168,736,1168,0.0546218487394958,0.028077753779697623,14.966629547095765,6.726668943946636,45.378151260504204,0.4617552369450925,16.283558249629102
PatientID_0159,1,2,geometric_train_rate,1,105.0,True,False,0,True,False,1168,736,1667,0.062421972534332085,0.03221649484536082,14.966629547095765,6.7348132005421055,77.48647523928423,0.8174559236778237,16.154074844436654
PatientID_0159,1,2,last_rate,1,105.0,True,False,0,True,True,1168,736,1168,0.0546218487394958,0.028077753779697623,14.966629547095765,6.726668943946636,45.378151260504204,0.4617552369450925,16.283558249629102
PatientID_0159,1,2,linear,1,105.0,True,False,0,True,True,1168,736,1168,0.0546218487394958,0.028077753779697623,14.966629547095765,6.726668943946636,45.378151260504204,0.4617552369450925,16.283558249629102
PatientID_0159,1,2,gompertz,1,105.0,True,False,0,True,True,1168,736,1168,0.0546218487394958,0.028077753779697623,14.966629547095765,6.726668943946636,45.378151260504204,0.4617552369450925,16.283558249629102
PatientID_0159,1,2,oracle_volume_matched,1,105.0,True,False,0,True,False,1168,736,736,0.036684782608695655,0.018685121107266434,14.142135623730951,7.235087476139342,0.0,0.0,17.126565382141056
PatientID_0159,2,3,persistence,1,98.0,True,True,1,True,False,736,55,736,0.11125158027812895,0.058902275769745646,37.349652914410996,16.56764419045148,172.18710493046777,2.5917966074977246,18.18691033324132
PatientID_0159,2,3,geometric_train_rate,1,98.0,True,True,1,True,False,736,55,1026,0.0851063829787234,0.044444444444444446,36.87817782917155,16.52589493550656,179.64847363552266,2.92394151690142,17.766304400559182
PatientID_0159,2,3,last_rate,1,98.0,True,True,1,True,False,736,55,478,0.11632270168855535,0.061752988047808766,27.85677655436824,11.416643381040581,158.72420262664164,2.1602688708137903,14.150003075251306
PatientID_0159,2,3,linear,1,98.0,True,True,1,True,False,736,55,333,0.0979381443298969,0.051490514905149054,24.843405380011866,10.793824814945909,143.29896907216494,1.798914461153099,14.67841350775917
PatientID_0159,2,3,gompertz,1,98.0,True,True,1,True,True,736,55,736,0.11125158027812895,0.058902275769745646,37.349652914410996,16.56764419045148,172.18710493046777,2.5917966074977246,18.18691033324132
PatientID_0159,2,3,oracle_volume_matched,1,98.0,True,True,1,True,False,736,55,55,0.14545454545454545,0.0784313725490196,19.709040379562143,5.2593229916378075,0.0,0.0,9.49870804612157
PatientID_0159,3,4,persistence,1,91.0,True,True,2,True,False,55,51,55,0.07547169811320754,0.0392156862745098,20.430316271512957,5.541159608393792,7.547169811320755,0.07532971940404418,8.92744495652165
PatientID_0159,3,4,geometric_train_rate,1,91.0,True,True,2,True,False,55,51,75,0.14285714285714285,0.07692307692307693,19.918520184115316,5.403171829998101,38.095238095238095,0.3848797784924058,8.874329545100741
PatientID_0159,3,4,last_rate,1,91.0,True,True,2,True,False,55,51,4,0.0,0.0,26.343852396238823,10.00199359016703,170.9090909090909,-2.5172075945763215,9.694943330532547
PatientID_0159,3,4,linear,1,91.0,True,True,2,True,False,55,51,0,0.0,0.0,,,200.0,-6.013715156042802,
PatientID_0159,3,4,gompertz,1,91.0,True,True,2,True,False,55,51,1242,0.05259087393658159,0.027005559968228753,14.056854249492376,7.998099147915816,184.22273781902553,3.1903052871885618,8.071455999229089
PatientID_0159,3,4,oracle_volume_matched,1,91.0,True,True,2,True,False,55,51,51,0.0784313725490196,0.04081632653061224,20.44988096702257,5.633950909680164,0.0,0.0,9.083913984171058
PatientID_0160,1,2,persistence,3,50.0,True,False,0,True,False,115,20,115,0.044444444444444446,0.022727272727272728,20.745896511250372,9.441462214399019,140.74074074074073,1.744055671270844,12.61566074489346
PatientID_0160,1,2,geometric_train_rate,3,50.0,True,False,0,True,False,115,20,131,0.039735099337748346,0.02027027027027027,20.610457132114,9.504099206332173,147.01986754966887,1.8741882434118342,12.629958058866682
PatientID_0160,1,2,last_rate,3,50.0,True,False,0,True,True,115,20,115,0.044444444444444446,0.022727272727272728,20.745896511250372,9.441462214399019,140.74074074074073,1.744055671270844,12.61566074489346
PatientID_0160,1,2,linear,3,50.0,True,False,0,True,True,115,20,115,0.044444444444444446,0.022727272727272728,20.745896511250372,9.441462214399019,140.74074074074073,1.744055671270844,12.61566074489346
PatientID_0160,1,2,gompertz,3,50.0,True,False,0,True,True,115,20,115,0.044444444444444446,0.022727272727272728,20.745896511250372,9.441462214399019,140.74074074074073,1.744055671270844,12.61566074489346
PatientID_0160,1,2,oracle_volume_matched,3,50.0,True,False,0,True,False,115,20,20,0.0,0.0,19.03622398130853,7.343611504003716,0.0,0.0,12.368508398347794
PatientID_0162,1,2,persistence,2,62.0,True,False,0,True,False,423,1885,423,0.1975736568457539,0.10961538461538461,10.198039027185569,4.023483451868992,126.6897746967071,-1.4940817670143096,8.883557480917505
PatientID_0162,1,2,geometric_train_rate,2,62.0,True,False,0,True,False,423,1885,492,0.216238956668069,0.12122641509433962,10.198039027185569,3.869289092542488,117.20656289440471,-1.3430166614169474,8.418058308050783
PatientID_0162,1,2,last_rate,2,62.0,True,False,0,True,True,423,1885,423,0.1975736568457539,0.10961538461538461,10.198039027185569,4.023483451868992,126.6897746967071,-1.4940817670143096,8.883557480917505
PatientID_0162,1,2,linear,2,62.0,True,False,0,True,True,423,1885,423,0.1975736568457539,0.10961538461538461,10.198039027185569,4.023483451868992,126.6897746967071,-1.4940817670143096,8.883557480917505
PatientID_0162,1,2,gompertz,2,62.0,True,False,0,True,True,423,1885,423,0.1975736568457539,0.10961538461538461,10.198039027185569,4.023483451868992,126.6897746967071,-1.4940817670143096,8.883557480917505
PatientID_0162,1,2,oracle_volume_matched,2,62.0,True,False,0,True,False,423,1885,1885,0.41750663129973475,0.26382836071069393,7.483314773547883,2.759763007755147,0.0,0.0,10.17512638866162
PatientID_0162,2,3,persistence,2,56.0,True,True,1,True,False,1885,777,1885,0.24417731029301276,0.13906718014548566,10.954451150103322,4.534199039947436,83.24567993989481,0.8861481980913474,6.372560459105152
PatientID_0162,2,3,geometric_train_rate,2,56.0,True,True,1,True,False,1885,777,2161,0.2838665759019741,0.16541055136850455,10.954451150103322,4.544461960914472,94.213750850919,1.0227829858354385,6.150734954310646
PatientID_0162,2,3,last_rate,2,56.0,True,True,1,True,False,1885,777,7260,0.18265521960930695,0.10050664110639464,16.1245154965971,8.373381344968752,161.32885405001866,2.2345511127119724,4.790341512005293
PatientID_0162,2,3,linear,2,56.0,True,True,1,True,False,1885,777,3206,0.25558624152648757,0.14651698330454807,11.832159566199232,4.956168840146346,121.96836555360281,1.4172171092148145,4.648122955003687
PatientID_0162,2,3,gompertz,2,56.0,True,True,1,True,True,1885,777,1885,0.24417731029301276,0.13906718014548566,10.954451150103322,4.534199039947436,83.24567993989481,0.8861481980913474,6.372560459105152
PatientID_0162,2,3,oracle_volume_matched,2,56.0,True,True,1,True,False,1885,777,777,0.2767052767052767,0.16056758775205376,9.16515138991168,3.8616012318546575,0.0,0.0,17.36278778478415
PatientID_0162,3,4,persistence,2,56.0,True,True,2,True,False,777,889,777,0.6110444177671068,0.4399308556611927,2.8284271247461903,1.5290139517116332,13.445378151260504,-0.1346366204641776,2.8381106002872394
PatientID_0162,3,4,geometric_train_rate,2,56.0,True,True,2,True,False,777,889,891,0.5910112359550562,0.4194577352472089,4.0,1.7013463998776093,0.2247191011235955,0.0022468763841132036,2.772064883613897
PatientID_0162,3,4,last_rate,2,56.0,True,True,2,True,False,777,889,320,0.3854425144747725,0.2387295081967213,6.324555320336759,2.903001635042942,94.12737799834574,-1.02152628853399,2.613829521165793
PatientID_0162,3,4,linear,2,56.0,True,True,2,True,False,777,889,0,0.0,0.0,,,200.0,-8.869679374733515,
PatientID_0162,3,4,gompertz,2,56.0,True,True,2,True,False,777,889,1953,0.597466572836031,0.4259909683893628,4.898979485566356,2.3837999503527714,74.8768472906404,0.786948099871087,3.4524584636097404
PatientID_0162,3,4,oracle_volume_matched,2,56.0,True,True,2,True,False,777,889,889,0.5905511811023622,0.41899441340782123,4.0,1.7018091791391483,0.0,0.0,2.7838131515057882
PatientID_0162,4,5,persistence,2,84.0,True,True,3,True,False,889,1428,889,0.6232196806214934,0.4526645768025078,4.47213595499958,1.7532045319579108,46.52567975830816,-0.47387984102889025,2.6355772502242663
PatientID_0162,4,5,geometric_train_rate,2,84.0,True,True,3,True,False,889,1428,1091,0.647876141325923,0.47915443335290664,4.47213595499958,1.7812697755969111,26.756649464073046,-0.26915312102705574,2.469666612944773
PatientID_0162,4,5,last_rate,2,84.0,True,True,3,True,False,889,1428,1088,0.6470588235294118,0.4782608695652174,4.47213595499958,1.7717091036531936,27.027027027027028,-0.27190636356011605,2.4768771755927035
PatientID_0162,4,5,linear,2,84.0,True,True,3,True,False,889,1428,1057,0.6366197183098592,0.4669421487603306,4.47213595499958,1.7849729835066608,29.859154929577464,-0.30080943598018317,2.4931998030069003
PatientID_0162,4,5,gompertz,2,84.0,True,True,3,True,False,889,1428,1839,0.7003367003367004,0.538860103626943,4.47213595499958,1.902580410262046,25.160697887970617,0.2529275199355416,2.7545776116058724
PatientID_0162,4,5,oracle_volume_matched,2,84.0,True,True,3,True,False,889,1428,1428,0.6925770308123249,0.5297268344938404,4.47213595499958,1.8007839967554937,0.0,0.0,4.917237898878465
PatientID_0162,5,6,persistence,2,56.0,True,True,4,True,False,1428,1847,1428,0.7212213740458016,0.563992359121299,4.47213595499958,1.6215545182990387,25.587786259541986,-0.25726798114122845,4.9065156921518165
PatientID_0162,5,6,geometric_train_rate,2,56.0,True,True,4,True,False,1428,1847,1637,0.7319173363949484,0.5771842462652784,4.47213595499958,1.649021796773735,12.055109070034444,-0.12068872157423097,4.9135012315805415
PatientID_0162,5,6,last_rate,2,56.0,True,True,4,True,False,1428,1847,1958,0.7442838370565046,0.5927166178317288,4.0,1.7134173803831692,5.83442838370565,0.058357006482658166,6.155114555852163
PatientID_0162,5,6,linear,2,56.0,True,True,4,True,False,1428,1847,1787,0.7413318657127133,0.5889811980760822,4.0,1.656076892837499,3.302146395156852,-0.03302219287446976,5.369817618682247
PatientID_0162,5,6,gompertz,2,56.0,True,True,4,True,False,1428,1847,1998,0.7438231469440832,0.5921325051759835,4.0,1.7361709028182062,7.854356306892067,0.07857886459030787,6.295641594158274
PatientID_0162,5,6,oracle_volume_matched,2,56.0,True,True,4,True,False,1428,1847,1847,0.744450460205739,0.5929279862009487,4.0,1.6739969514726278,0.0,0.0,5.630911455007153
PatientID_0164,1,2,persistence,1,21.0,True,False,0,True,False,788,1874,788,0.4522915101427498,0.2922330097087379,10.770329614269007,3.892257770404472,81.59278737791135,-0.8662404560958833,3.823720507846065
PatientID_0164,1,2,geometric_train_rate,1,21.0,True,False,0,True,False,788,1874,846,0.47794117647058826,0.3140096618357488,10.788741767852422,3.831154012133774,75.58823529411765,-0.7952300599862955,3.8246734629295696
PatientID_0164,1,2,last_rate,1,21.0,True,False,0,True,True,788,1874,788,0.4522915101427498,0.2922330097087379,10.770329614269007,3.892257770404472,81.59278737791135,-0.8662404560958833,3.823720507846065
PatientID_0164,1,2,linear,1,21.0,True,False,0,True,True,788,1874,788,0.4522915101427498,0.2922330097087379,10.770329614269007,3.892257770404472,81.59278737791135,-0.8662404560958833,3.823720507846065
PatientID_0164,1,2,gompertz,1,21.0,True,False,0,True,True,788,1874,788,0.4522915101427498,0.2922330097087379,10.770329614269007,3.892257770404472,81.59278737791135,-0.8662404560958833,3.823720507846065
PatientID_0164,1,2,oracle_volume_matched,1,21.0,True,False,0,True,False,788,1874,1874,0.6435432230522946,0.47442958300550747,8.0,2.570662881384589,0.0,0.0,3.168095534950765
PatientID_0164,2,3,persistence,1,55.0,True,True,1,True,False,1874,4052,1874,0.5821802227472157,0.41061651987621994,7.211102550927978,2.9802035596605356,73.5065811677354,-0.7710995510411621,6.030875180537023
PatientID_0164,2,3,geometric_train_rate,1,55.0,True,True,1,True,False,1874,4052,2258,0.6266244057052298,0.45626586660512347,7.211102550927978,2.986908059722331,56.8621236133122,-0.5847066119543247,6.197230661899155
PatientID_0164,2,3,last_rate,1,55.0,True,True,1,True,False,1874,4052,18094,0.3659351575905355,0.22394163811208134,16.3707055437449,10.503880231661705,126.8129684818929,1.4963458650730095,3.2796886527438756
PatientID_0164,2,3,linear,1,55.0,True,True,1,True,False,1874,4052,4718,0.7438996579247434,0.5922294843863471,5.656854249492381,2.537236402079169,15.188141391106043,0.15217004003765985,5.5898563730633954
PatientID_0164,2,3,gompertz,1,55.0,True,True,1,True,True,1874,4052,1874,0.5821802227472157,0.41061651987621994,7.211102550927978,2.9802035596605356,73.5065811677354,-0.7710995510411621,6.030875180537023
PatientID_0164,2,3,oracle_volume_matched,1,55.0,True,True,1,True,False,1874,4052,4052,0.7430898321816387,0.5912036128018849,5.656854249492381,2.3760966887204233,0.0,0.0,5.767852672462735
PatientID_0164,3,4,persistence,1,63.0,True,True,2,True,False,4052,4167,4052,0.8103175568803991,0.6811208836162814,4.0,1.8681800876867558,2.7983939652025795,-0.027984914716497045,3.318191840949713
PatientID_0164,3,4,geometric_train_rate,1,63.0,True,True,2,True,False,4052,4167,5016,0.813677447457258,0.6858821369561227,4.898979485566356,2.062043227367589,18.490689317216596,0.18543137368470924,3.0849137882441733
PatientID_0164,3,4,last_rate,1,63.0,True,True,2,True,False,4052,4167,9799,0.5965917227552627,0.4251020408163265,9.38083151964686,5.312881673160338,80.65301446369755,0.8550667463854444,3.151045522960924
PatientID_0164,3,4,linear,1,63.0,True,True,2,True,False,4052,4167,6547,0.7644203845435878,0.6186735156368032,6.324555320336759,2.823356354255574,44.427851409370916,0.4517996724003217,3.2032717726885136
PatientID_0164,3,4,gompertz,1,63.0,True,True,2,True,False,4052,4167,6993,0.7396057347670251,0.5868050618512726,6.928203230275509,3.1484696961261536,50.645161290322584,0.5177011739892592,3.2418019934533433
PatientID_0164,3,4,oracle_volume_matched,1,63.0,True,True,2,True,False,4052,4167,4167,0.8070554355651548,0.6765238382619191,4.0,1.9589674621826736,0.0,0.0,3.344827067203965
PatientID_0164,4,5,persistence,1,17.0,True,True,3,True,False,4167,5423,4167,0.8127215849843588,0.6845248550851923,5.656854249492381,2.1122659343137773,26.19395203336809,-0.26344586797502767,3.0361677733439354
PatientID_0164,4,5,geometric_train_rate,1,17.0,True,True,3,True,False,4167,5423,4414,0.8360272440784792,0.7182532751091703,4.898979485566356,1.9335176546497788,20.514384466808988,-0.2058625911469997,2.9337522483061718
PatientID_0164,4,5,last_rate,1,17.0,True,True,3,True,False,4167,5423,4199,0.8166701309499065,0.6901457930792201,5.656854249492381,2.0835542744258158,25.441696113074205,-0.2557960473140312,3.0030540131450096
PatientID_0164,4,5,linear,1,17.0,True,True,3,True,False,4167,5423,4198,0.8165471364723002,0.6899701387669067,5.656854249492381,2.0835241321911746,25.46512836503482,-0.25603422052662517,3.004945686180075
PatientID_0164,4,5,gompertz,1,17.0,True,True,3,True,False,4167,5423,6423,0.8340368056728009,0.7153200115841297,4.47213595499958,2.1154212139725725,16.883336147222693,0.16923254183158348,3.0538907985185593
PatientID_0164,4,5,oracle_volume_matched,1,17.0,True,True,3,True,False,4167,5423,5423,0.8482389821132215,0.7364713416586616,4.47213595499958,1.8864465427178727,0.0,0.0,3.131715638763669
PatientID_0169,1,2,persistence,2,28.0,True,False,0,True,False,508,3256,508,0.20297555791710944,0.11295091661738617,18.0,6.270598608601121,146.01487778958554,-1.8575656367468438,12.331322961078333
PatientID_0169,1,2,geometric_train_rate,2,28.0,True,False,0,True,False,508,3256,544,0.21947368421052632,0.12326337570203962,18.0,6.294641233162814,142.73684210526315,-1.7891141171764573,12.403437465804869
PatientID_0169,1,2,last_rate,2,28.0,True,False,0,True,True,508,3256,508,0.20297555791710944,0.11295091661738617,18.0,6.270598608601121,146.01487778958554,-1.8575656367468438,12.331322961078333
PatientID_0169,1,2,linear,2,28.0,True,False,0,True,True,508,3256,508,0.20297555791710944,0.11295091661738617,18.0,6.270598608601121,146.01487778958554,-1.8575656367468438,12.331322961078333
PatientID_0169,1,2,gompertz,2,28.0,True,False,0,True,True,508,3256,508,0.20297555791710944,0.11295091661738617,18.0,6.270598608601121,146.01487778958554,-1.8575656367468438,12.331322961078333
PatientID_0169,1,2,oracle_volume_matched,2,28.0,True,False,0,True,False,508,3256,3256,0.5767813267813268,0.40526542943461374,12.328828005937952,4.181572988780853,0.0,0.0,10.428036290596664
PatientID_0169,2,3,persistence,2,41.0,True,True,1,True,False,3256,2719,3256,0.8197489539748954,0.6945547362450368,3.4641016151377544,1.55511343741072,17.97489539748954,0.18022770068905244,2.192082205777686
PatientID_0169,2,3,geometric_train_rate,2,41.0,True,True,1,True,False,3256,2719,3598,0.7984802912775052,0.6645586297760211,4.47213595499958,1.8430764755560025,27.829665980687036,0.28010273907020766,2.0799994433026576
PatientID_0169,2,3,last_rate,2,41.0,True,True,1,True,False,3256,2719,49337,0.10446442292915321,0.05511076879421124,37.094473981982816,25.148972708161377,179.10711541416936,2.898366702872951,16.60004477864018
PatientID_0169,2,3,linear,2,41.0,True,True,1,True,False,3256,2719,7280,0.5438543854385438,0.373489010989011,8.246211251235321,5.097847734136465,91.22912291229123,0.9848378950131271,2.3969999819544765
PatientID_0169,2,3,gompertz,2,41.0,True,True,1,True,True,3256,2719,3256,0.8197489539748954,0.6945547362450368,3.4641016151377544,1.55511343741072,17.97489539748954,0.18022770068905244,2.192082205777686
PatientID_0169,2,3,oracle_volume_matched,2,41.0,True,True,1,True,False,3256,2719,2719,0.7944097094520044,0.6589383770591825,4.0,1.7175038109325151,0.0,0.0,2.281744103571892
PatientID_0169,3,4,persistence,2,25.0,True,True,2,True,False,2719,3316,2719,0.883844241922121,0.7918646080760094,2.8284271247461903,1.0842898466075461,19.784589892294946,-0.19848679520414245,0.7585162923582369
PatientID_0169,3,4,geometric_train_rate,2,25.0,True,True,2,True,False,2719,3316,2890,0.8794714792136642,0.7848720161058383,2.8284271247461903,1.167094876405835,13.728649693844666,-0.13749717879774187,0.8380945953059639
PatientID_0169,3,4,last_rate,2,25.0,True,True,2,True,False,2719,3316,2436,0.8341446453407511,0.7154786758127051,3.4641016151377544,1.4549664332297867,30.598052851182196,-0.30838827042182054,0.884491777321172
PatientID_0169,3,4,linear,2,25.0,True,True,2,True,False,2719,3316,2392,0.8255080588647512,0.7028639618138425,3.4641016151377544,1.520628803785832,32.37561317449194,-0.32661484033377985,0.8484983619334423
PatientID_0169,3,4,gompertz,2,25.0,True,True,2,True,False,2719,3316,6088,0.7052318162484049,0.5446780551905388,5.656854249492381,3.206884630912178,58.95363675031901,0.6075432199612113,0.6701819591073492
PatientID_0169,3,4,oracle_volume_matched,2,25.0,True,True,2,True,False,2719,3316,3316,0.8799758745476478,0.7856758212170167,2.8284271247461903,1.2347455845982493,0.0,0.0,0.7733188336493461
PatientID_0170,1,2,persistence,0,91.0,True,False,0,True,False,349,597,349,0.24947145877378435,0.14251207729468598,8.94427190999916,3.2477863007664896,52.43128964059196,-0.5366964474447851,8.847535689701392
PatientID_0170,1,2,geometric_train_rate,0,91.0,True,False,0,True,False,349,597,433,0.29514563106796116,0.17312072892938496,8.94427190999916,3.1860660632661157,31.844660194174757,-0.3211001017659582,8.763227886986298
PatientID_0170,1,2,last_rate,0,91.0,True,False,0,True,True,349,597,349,0.24947145877378435,0.14251207729468598,8.94427190999916,3.2477863007664896,52.43128964059196,-0.5366964474447851,8.847535689701392
PatientID_0170,1,2,linear,0,91.0,True,False,0,True,True,349,597,349,0.24947145877378435,0.14251207729468598,8.94427190999916,3.2477863007664896,52.43128964059196,-0.5366964474447851,8.847535689701392
PatientID_0170,1,2,gompertz,0,91.0,True,False,0,True,True,349,597,349,0.24947145877378435,0.14251207729468598,8.94427190999916,3.2477863007664896,52.43128964059196,-0.5366964474447851,8.847535689701392
PatientID_0170,1,2,oracle_volume_matched,0,91.0,True,False,0,True,False,349,597,597,0.32160804020100503,0.19161676646706588,8.94427190999916,3.229190127786771,0.0,0.0,8.938130808322619
PatientID_0171,1,2,persistence,0,34.0,True,False,0,True,False,6480,8864,6480,0.6869134515119917,0.5231288465356363,5.656854249492381,2.4583604943760227,31.074035453597496,-0.3132724315894674,4.952584903887528
PatientID_0171,1,2,geometric_train_rate,0,34.0,True,False,0,True,False,6480,8864,7025,0.69431682295928,0.5317651595488286,5.656854249492381,2.4529128433236496,23.148089873497387,-0.23251922323524407,4.7186405614050155
PatientID_0171,1,2,last_rate,0,34.0,True,False,0,True,True,6480,8864,6480,0.6869134515119917,0.5231288465356363,5.656854249492381,2.4583604943760227,31.074035453597496,-0.3132724315894674,4.952584903887528
PatientID_0171,1,2,linear,0,34.0,True,False,0,True,True,6480,8864,6480,0.6869134515119917,0.5231288465356363,5.656854249492381,2.4583604943760227,31.074035453597496,-0.3132724315894674,4.952584903887528
PatientID_0171,1,2,gompertz,0,34.0,True,False,0,True,True,6480,8864,6480,0.6869134515119917,0.5231288465356363,5.656854249492381,2.4583604943760227,31.074035453597496,-0.3132724315894674,4.952584903887528
PatientID_0171,1,2,oracle_volume_matched,0,34.0,True,False,0,True,False,6480,8864,8864,0.7318366425992779,0.5770838893336891,4.898979485566356,2.2637721952603593,0.0,0.0,4.2905531927609655
PatientID_0171,2,3,persistence,0,74.0,True,True,1,True,False,8864,11334,8864,0.7196752153678582,0.5621036349574633,5.656854249492381,2.5081538212949117,24.457867115555995,-0.2458058545585696,5.2256598510870464
PatientID_0171,2,3,geometric_train_rate,0,74.0,True,True,1,True,False,8864,11334,10569,0.7441902935670913,0.5925979786228459,4.898979485566356,2.406497846861788,6.985344473359814,-0.06988107145100643,6.681644209016429
PatientID_0171,2,3,last_rate,0,74.0,True,True,1,True,False,8864,11334,17528,0.7122860508627261,0.5531399666361728,6.324555320336759,3.0309201527300886,42.921488462338026,0.4359886472649396,5.8531312016652475
PatientID_0171,2,3,linear,0,74.0,True,True,1,True,False,8864,11334,14053,0.7452633237483751,0.5939599422364539,5.656854249492381,2.5680136330226087,21.420412021900972,0.21502670452731001,5.743512104453621
PatientID_0171,2,3,gompertz,0,74.0,True,True,1,True,True,8864,11334,8864,0.7196752153678582,0.5621036349574633,5.656854249492381,2.5081538212949117,24.457867115555995,-0.2458058545585696,5.2256598510870464
PatientID_0171,2,3,oracle_volume_matched,0,74.0,True,True,1,True,False,8864,11334,11334,0.7371625198517734,0.5837350660238944,5.656854249492381,2.521430331174507,0.0,0.0,7.054623411714749
PatientID_0173,1,2,persistence,2,25.0,True,False,0,True,False,397,552,397,0.1749209694415174,0.09584295612009237,9.797958971132712,4.095355074054443,32.66596417281349,-0.3295233773270103,9.73928594679607
PatientID_0173,1,2,geometric_train_rate,2,25.0,True,False,0,True,False,397,552,422,0.21765913757700206,0.12211981566820276,9.797958971132712,3.9568004952283737,26.694045174537987,-0.26847299121095874,9.768080672628288
PatientID_0173,1,2,last_rate,2,25.0,True,False,0,True,True,397,552,397,0.1749209694415174,0.09584295612009237,9.797958971132712,4.095355074054443,32.66596417281349,-0.3295233773270103,9.73928594679607
PatientID_0173,1,2,linear,2,25.0,True,False,0,True,True,397,552,397,0.1749209694415174,0.09584295612009237,9.797958971132712,4.095355074054443,32.66596417281349,-0.3295233773270103,9.73928594679607
PatientID_0173,1,2,gompertz,2,25.0,True,False,0,True,True,397,552,397,0.1749209694415174,0.09584295612009237,9.797958971132712,4.095355074054443,32.66596417281349,-0.3295233773270103,9.73928594679607
PatientID_0173,1,2,oracle_volume_matched,2,25.0,True,False,0,True,False,397,552,552,0.2554347826086957,0.14641744548286603,9.38083151964686,3.845798148838769,0.0,0.0,9.993508972933498
PatientID_0186,1,2,persistence,0,36.0,True,False,0,False,False,3,1117,3,0.0,0.0,42.23742416388575,26.11709018132283,198.92857142857142,-5.879079416513191,27.370378007020896
PatientID_0186,1,2,geometric_train_rate,0,36.0,True,False,0,False,False,3,1117,3,0.0,0.0,42.23742416388575,26.11709018132283,198.92857142857142,-5.879079416513191,27.370378007020896
PatientID_0186,1,2,last_rate,0,36.0,True,False,0,False,True,3,1117,3,0.0,0.0,42.23742416388575,26.11709018132283,198.92857142857142,-5.879079416513191,27.370378007020896
PatientID_0186,1,2,linear,0,36.0,True,False,0,False,True,3,1117,3,0.0,0.0,42.23742416388575,26.11709018132283,198.92857142857142,-5.879079416513191,27.370378007020896
PatientID_0186,1,2,gompertz,0,36.0,True,False,0,False,True,3,1117,3,0.0,0.0,42.23742416388575,26.11709018132283,198.92857142857142,-5.879079416513191,27.370378007020896
PatientID_0186,1,2,oracle_volume_matched,0,36.0,True,False,0,False,False,3,1117,1118,0.035794183445190156,0.018223234624145785,27.27636339397171,12.694786473805586,0.0894854586129754,0.000894754561427585,27.42012045936061
PatientID_0186,2,3,persistence,0,101.0,True,True,1,False,False,1117,86,1117,0.043225270157938485,0.022090059473237042,25.37715508089904,10.58027378983357,171.404821280133,2.5627139703677333,12.62656128995813
PatientID_0186,2,3,geometric_train_rate,0,101.0,True,True,1,False,False,1117,86,1420,0.04249667994687915,0.021709633649932156,25.365277835851725,10.429406225185048,177.15803452855246,2.802700445556246,12.699852797315234
PatientID_0186,2,3,last_rate,0,101.0,True,True,1,False,False,1117,86,174860,0.0009831605181027288,0.0004918220290518129,146.68469574118495,89.83947451972918,199.80336789637946,7.615941918258404,80.40920486482962
PatientID_0186,2,3,linear,0,101.0,True,True,1,False,False,1117,86,4242,0.03974121996303143,0.020273455917020275,29.93325909419153,14.19182008049462,192.05175600739372,3.8970198725890923,12.068275056073368
PatientID_0186,2,3,gompertz,0,101.0,True,True,1,False,True,1117,86,1117,0.043225270157938485,0.022090059473237042,25.37715508089904,10.58027378983357,171.404821280133,2.5627139703677333,12.62656128995813
PatientID_0186,2,3,oracle_volume_matched,0,101.0,True,True,1,False,False,1117,86,86,0.0,0.0,19.057760414873183,12.655810879063916,0.0,0.0,17.18713216824552
PatientID_0186,3,4,persistence,0,84.0,True,True,2,False,False,86,29,86,0.19130434782608696,0.10576923076923077,25.905450378433976,6.767743214022924,99.1304347826087,1.084202817447958,13.54365562900672
PatientID_0186,3,4,geometric_train_rate,0,84.0,True,True,2,False,False,86,29,106,0.1925925925925926,0.10655737704918032,24.933103191160622,6.419186317031456,114.07407407407408,1.2930207327456469,13.468030400969788
PatientID_0186,3,4,last_rate,0,84.0,True,True,2,False,False,86,29,10,0.05128205128205128,0.02631578947368421,31.058001739473255,10.320335607523925,97.43589743589743,-1.056589298893262,14.25792309513978
PatientID_0186,3,4,linear,0,84.0,True,True,2,False,False,86,29,0,0.0,0.0,,,200.0,-5.4510384535657,
PatientID_0186,3,4,gompertz,0,84.0,True,True,2,False,False,86,29,2858,0.013162452372705231,0.006624825662482566,25.37715508089904,15.350942968751516,195.98198822306892,4.586324182526455,11.869385293760365
PatientID_0186,3,4,oracle_volume_matched,0,84.0,True,True,2,False,False,86,29,29,0.06896551724137931,0.03571428571428571,30.06119046910777,8.226302200138964,0.0,0.0,14.421215709661578
PatientID_0186,4,5,persistence,0,132.0,True,True,3,False,False,29,67,29,0.16666666666666666,0.09090909090909091,26.68332812825267,6.907566928478658,79.16666666666667,-0.8349596409431641,12.404672062618095
PatientID_0186,4,5,geometric_train_rate,0,132.0,True,True,3,False,False,29,67,40,0.16822429906542055,0.09183673469387756,26.68332812825267,6.556536684200954,50.467289719626166,-0.5145569713788488,10.754645729507265
PatientID_0186,4,5,last_rate,0,132.0,True,True,3,False,False,29,67,5,0.05555555555555555,0.02857142857142857,16.564917636489945,7.185964466489836,172.22222222222223,-2.572426027804557,6.531092248716037
PatientID_0186,4,5,linear,0,132.0,True,True,3,False,False,29,67,0,0.0,0.0,,,200.0,-6.285998094508865,
PatientID_0186,4,5,gompertz,0,132.0,True,True,3,False,False,29,67,625,0.05202312138728324,0.026706231454005934,32.97572470137989,14.221584810016369,161.27167630057804,2.231395076910039,19.429031823737528
PatientID_0186,4,5,oracle_volume_matched,0,132.0,True,True,3,False,False,29,67,67,0.22388059701492538,0.12605042016806722,24.646254380246603,6.952783931995024,0.0,0.0,11.449658330027136
PatientID_0186,5,6,persistence,0,154.0,True,True,4,False,False,67,1,67,0.0,0.0,14.614122136776395,9.318034309797559,194.11764705882354,4.088773517172645,5.032396716029779
PatientID_0186,5,6,geometric_train_rate,0,154.0,True,True,4,False,False,67,1,97,0.02040816326530612,0.010309278350515464,14.268714014231417,8.685834607033115,195.91836734693877,4.458215773031428,5.000754539729747
PatientID_0186,5,6,last_rate,0,154.0,True,True,4,False,False,67,1,176,0.011299435028248588,0.005681818181818182,14.696938456699069,9.523760884293399,197.74011299435028,5.053410934562461,5.1786648100524975
PatientID_0186,5,6,linear,0,154.0,True,True,4,False,False,67,1,111,0.017857142857142856,0.009009009009009009,14.183856957105704,8.706837793930605,196.42857142857142,4.5928726581776855,4.878659121965974
PatientID_0186,5,6,gompertz,0,154.0,True,True,4,False,False,67,1,549,0.0036363636363636364,0.0018214936247723133,16.61324772583615,11.149405889457274,199.27272727272728,6.19054306663956,4.907232288113118
PatientID_0186,5,6,oracle_volume_matched,0,154.0,True,True,4,False,False,67,1,1,0.0,0.0,9.797958971132712,9.797958971132712,0.0,0.0,9.797958971132712
PatientID_0187,1,2,persistence,3,77.0,True,False,0,False,False,56,933,56,0.0,0.0,19.697715603592208,13.3893071797493,177.35085945399393,-2.8109578222310363,15.530347601934736
PatientID_0187,1,2,geometric_train_rate,3,77.0,True,False,0,False,False,56,933,68,0.0,0.0,19.697715603592208,13.242068351959986,172.82717282717283,-2.617194915310047,16.46743467202779
PatientID_0187,1,2,last_rate,3,77.0,True,False,0,False,True,56,933,56,0.0,0.0,19.697715603592208,13.3893071797493,177.35085945399393,-2.8109578222310363,15.530347601934736
PatientID_0187,1,2,linear,3,77.0,True,False,0,False,True,56,933,56,0.0,0.0,19.697715603592208,13.3893071797493,177.35085945399393,-2.8109578222310363,15.530347601934736
PatientID_0187,1,2,gompertz,3,77.0,True,False,0,False,True,56,933,56,0.0,0.0,19.697715603592208,13.3893071797493,177.35085945399393,-2.8109578222310363,15.530347601934736
PatientID_0187,1,2,oracle_volume_matched,3,77.0,True,False,0,False,False,56,933,933,0.006430868167202572,0.0032258064516129032,16.24807680927192,9.621133658294116,0.0,0.0,13.796137014259136
PatientID_0188,1,2,persistence,1,26.0,True,False,0,False,False,950,2804,950,0.32338838572189665,0.1928821099459803,11.653264864859842,3.7347633060205863,98.77464038359084,-1.082253271447265,5.3909344466963685
PatientID_0188,1,2,geometric_train_rate,1,26.0,True,False,0,False,False,950,2804,1037,0.35095027336631085,0.21281970318913798,11.489125293076057,3.6240347134965645,92.00728976828951,-0.9946390853490201,5.465562464893931
PatientID_0188,1,2,last_rate,1,26.0,True,False,0,False,True,950,2804,950,0.32338838572189665,0.1928821099459803,11.653264864859842,3.7347633060205863,98.77464038359084,-1.082253271447265,5.3909344466963685
PatientID_0188,1,2,linear,1,26.0,True,False,0,False,True,950,2804,950,0.32338838572189665,0.1928821099459803,11.653264864859842,3.7347633060205863,98.77464038359084,-1.082253271447265,5.3909344466963685
PatientID_0188,1,2,gompertz,1,26.0,True,False,0,False,True,950,2804,950,0.32338838572189665,0.1928821099459803,11.653264864859842,3.7347633060205863,98.77464038359084,-1.082253271447265,5.3909344466963685
PatientID_0188,1,2,oracle_volume_matched,1,26.0,True,False,0,False,False,950,2804,2804,0.5210413694721826,0.35230286954424883,9.16515138991168,2.9040309241188367,0.0,0.0,4.878146157949689
PatientID_0189,1,2,persistence,1,182.0,True,False,0,False,False,6,17,6,0.43478260869565216,0.2777777777777778,2.8284271247461903,1.2745090651732505,95.65217391304348,-1.0281606277174984,1.6945760091617654
PatientID_0189,1,2,geometric_train_rate,1,182.0,True,False,0,False,False,6,17,12,0.5517241379310345,0.38095238095238093,2.8284271247461903,0.9822510818702955,34.48275862068966,-0.34526994732474203,1.8388561043200815
PatientID_0189,1,2,last_rate,1,182.0,True,False,0,False,True,6,17,6,0.43478260869565216,0.2777777777777778,2.8284271247461903,1.2745090651732505,95.65217391304348,-1.0281606277174984,1.6945760091617654
PatientID_0189,1,2,linear,1,182.0,True,False,0,False,True,6,17,6,0.43478260869565216,0.2777777777777778,2.8284271247461903,1.2745090651732505,95.65217391304348,-1.0281606277174984,1.6945760091617654
PatientID_0189,1,2,gompertz,1,182.0,True,False,0,False,True,6,17,6,0.43478260869565216,0.2777777777777778,2.8284271247461903,1.2745090651732505,95.65217391304348,-1.0281606277174984,1.6945760091617654
PatientID_0189,1,2,oracle_volume_matched,1,182.0,True,False,0,False,False,6,17,18,0.6285714285714286,0.4583333333333333,2.0,0.9341947613559451,5.714285714285714,0.05675281659244942,1.9105213542425752
PatientID_0189,2,3,persistence,1,24.0,True,True,1,False,False,17,215,17,0.0603448275862069,0.03111111111111111,17.06426950239511,8.423762302365551,170.68965517241378,-2.5306798703834144,9.176766679264958
PatientID_0189,2,3,geometric_train_rate,1,24.0,True,True,1,False,False,17,215,18,0.060085836909871244,0.030973451327433628,17.06426950239511,8.427863426745482,169.09871244635193,-2.473927053790965,9.212661596550321
PatientID_0189,2,3,last_rate,1,24.0,True,True,1,False,False,17,215,19,0.06837606837606838,0.035398230088495575,17.04053151415516,8.323668257545147,167.52136752136752,-2.4202228748191037,9.110900484903727
PatientID_0189,2,3,linear,1,24.0,True,True,1,False,False,17,215,18,0.060085836909871244,0.030973451327433628,17.06426950239511,8.427863426745482,169.09871244635193,-2.473927053790965,9.212661596550321
PatientID_0189,2,3,gompertz,1,24.0,True,True,1,False,True,17,215,17,0.0603448275862069,0.03111111111111111,17.06426950239511,8.423762302365551,170.68965517241378,-2.5306798703834144,9.176766679264958
PatientID_0189,2,3,oracle_volume_matched,1,24.0,True,True,1,False,False,17,215,216,0.23201856148491878,0.13123359580052493,12.0,4.5084123936034715,0.46403712296983757,0.004637689471751125,9.207350810118147
PatientID_0189,3,4,persistence,1,144.0,True,True,2,False,False,215,185,215,0.24,0.13636363636363635,8.48528137423857,3.0131064440041033,15.0,0.15018798194374067,6.229435465237932
PatientID_0189,3,4,geometric_train_rate,1,144.0,True,True,2,False,False,215,185,350,0.3252336448598131,0.19419642857142858,10.0,3.189600233477104,61.6822429906542,0.6372589609923097,6.03321978267164
PatientID_0189,3,4,last_rate,1,144.0,True,True,2,False,False,215,185,164690,0.0022077331311599695,0.0011050864335460523,112.05355862265152,71.47443910301962,199.55117513267626,6.790789684281764,58.763806166118805
PatientID_0189,3,4,linear,1,144.0,True,True,2,False,False,215,185,1403,0.22921914357682618,0.12944523470839261,13.326462642852452,5.734206257127761,153.40050377833754,2.025425898342656,5.45599662070169
PatientID_0189,3,4,gompertz,1,144.0,True,True,2,False,False,215,185,233,0.22966507177033493,0.12972972972972974,8.48528137423857,3.0581759048892825,22.966507177033492,0.2305435178101171,6.34430870376107
PatientID_0189,3,4,oracle_volume_matched,1,144.0,True,True,2,False,False,215,185,185,0.24864864864864866,0.1419753086419753,8.246211251235321,2.873408556281183,0.0,0.0,5.97121901604845
PatientID_0189,4,5,persistence,1,80.0,True,True,3,False,False,185,75,185,0.33076923076923076,0.19815668202764977,6.47890245052378,2.382408896994076,84.61538461538461,0.9018778797325913,4.496771798820207
PatientID_0189,4,5,geometric_train_rate,1,80.0,True,True,3,False,False,185,75,243,0.3018867924528302,0.17777777777777778,6.6332495807108,2.7020888067539217,105.66037735849056,1.174422321517339,4.34145821961256
PatientID_0189,4,5,last_rate,1,80.0,True,True,3,False,False,185,75,170,0.3346938775510204,0.20098039215686275,6.748820174754229,2.382567425757664,77.55102040816327,0.8173800681162586,4.936835254479651
PatientID_0189,4,5,linear,1,80.0,True,True,3,False,False,185,75,168,0.3374485596707819,0.20297029702970298,6.806605471775943,2.369117568092654,76.54320987654322,0.8055543575007318,5.003633011188721
PatientID_0189,4,5,gompertz,1,80.0,True,True,3,False,False,185,75,350,0.28705882352941176,0.16758241758241757,7.483314773547883,3.0385459926308083,129.41176470588235,1.539136840724901,4.440730466356862
PatientID_0189,4,5,oracle_volume_matched,1,80.0,True,True,3,False,False,185,75,75,0.29333333333333333,0.171875,7.483314773547883,3.0011603555227198,0.0,0.0,4.986452758335436
PatientID_0189,5,6,persistence,1,102.0,True,True,4,False,False,75,167,75,0.3305785123966942,0.19801980198019803,8.086173937932362,2.898955741666921,76.03305785123968,-0.7995886425667356,5.412051829423155
PatientID_0189,5,6,geometric_train_rate,1,102.0,True,True,4,False,False,75,167,106,0.3663003663003663,0.2242152466367713,8.0,2.712059344876423,44.688644688644686,-0.45412439079059586,5.6124989058554835
PatientID_0189,5,6,last_rate,1,102.0,True,True,4,False,False,75,167,23,0.21052631578947367,0.11764705882352941,10.198039027185569,4.599846517828157,151.57894736842104,-1.9778277520236185,4.031879974335441
PatientID_0189,5,6,linear,1,102.0,True,True,4,False,False,75,167,0,0.0,0.0,,,200.0,-7.198183577101943,
PatientID_0189,5,6,gompertz,1,102.0,True,True,4,False,False,75,167,337,0.376984126984127,0.23227383863080683,6.0,2.715112556003559,67.46031746031746,0.7017117460377867,5.560827264091012
PatientID_0189,5,6,oracle_volume_matched,1,102.0,True,True,4,False,False,75,167,167,0.39520958083832336,0.2462686567164179,6.6332495807108,2.5957978791263336,0.0,0.0,5.149129616026981
PatientID_0191,3,4,persistence,0,133.0,True,True,1,False,False,270,741,270,0.17408506429277942,0.09534127843986999,18.110770276274835,5.734837072085734,93.17507418397626,-1.0092844872004816,8.315260328022724
PatientID_0191,3,4,geometric_train_rate,0,133.0,True,True,1,False,False,270,741,370,0.1998199819981998,0.111,18.0,5.61121573858546,66.78667866786678,-0.6943285156057764,8.082769370162623
PatientID_0191,3,4,last_rate,0,133.0,True,True,1,False,False,270,741,162803,0.00892726116519102,0.004483643912685641,110.79711187571633,59.56058917975599,198.1876436922174,5.392127625670512,49.59788574652401
PatientID_0191,3,4,linear,0,133.0,True,True,1,False,False,270,741,703,0.3074792243767313,0.18166939443535188,16.3707055437449,4.968885864925373,5.2631578947368425,-0.05263461663474678,8.454356021537523
PatientID_0191,3,4,gompertz,0,133.0,True,True,1,False,True,270,741,270,0.17408506429277942,0.09534127843986999,18.110770276274835,5.734837072085734,93.17507418397626,-1.0092844872004816,8.315260328022724
PatientID_0191,3,4,oracle_volume_matched,0,133.0,True,True,1,False,False,270,741,741,0.29959514170040485,0.1761904761904762,16.61324772583615,5.1033891243197615,0.0,0.0,8.42858628719602
PatientID_0196,1,2,persistence,1,103.0,True,False,0,False,False,73,0,73,0.0,0.0,,,200.0,6.371611847231857,
PatientID_0196,1,2,geometric_train_rate,1,103.0,True,False,0,False,False,73,0,103,0.0,0.0,,,200.0,6.715383386334681,
PatientID_0196,1,2,last_rate,1,103.0,True,False,0,False,True,73,0,73,0.0,0.0,,,200.0,6.371611847231857,
PatientID_0196,1,2,linear,1,103.0,True,False,0,False,True,73,0,73,0.0,0.0,,,200.0,6.371611847231857,
PatientID_0196,1,2,gompertz,1,103.0,True,False,0,False,True,73,0,73,0.0,0.0,,,200.0,6.371611847231857,
PatientID_0196,1,2,oracle_volume_matched,1,103.0,True,False,0,False,False,73,0,0,1.0,1.0,,,0.0,0.0,
PatientID_0197,1,2,persistence,3,56.0,True,False,0,False,False,39,0,39,0.0,0.0,,,200.0,5.746203190540153,
PatientID_0197,1,2,geometric_train_rate,3,56.0,True,False,0,False,False,39,0,45,0.0,0.0,,,200.0,5.8888779583328805,
PatientID_0197,1,2,last_rate,3,56.0,True,False,0,False,True,39,0,39,0.0,0.0,,,200.0,5.746203190540153,
PatientID_0197,1,2,linear,3,56.0,True,False,0,False,True,39,0,39,0.0,0.0,,,200.0,5.746203190540153,
PatientID_0197,1,2,gompertz,3,56.0,True,False,0,False,True,39,0,39,0.0,0.0,,,200.0,5.746203190540153,
PatientID_0197,1,2,oracle_volume_matched,3,56.0,True,False,0,False,False,39,0,0,1.0,1.0,,,0.0,0.0,
PatientID_0198,1,2,persistence,3,22.0,True,False,0,False,False,744,899,744,0.4613511868533171,0.2998417721518987,7.211102550927978,2.2828713887665453,18.867924528301888,-0.1892130367139662,8.38349268936198
PatientID_0198,1,2,geometric_train_rate,3,22.0,True,False,0,False,False,744,899,788,0.4860699466508595,0.32106499608457323,7.211102550927978,2.320053552022571,13.159454653230586,-0.13176536146833626,8.413642996586232
PatientID_0198,1,2,last_rate,3,22.0,True,False,0,False,True,744,899,744,0.4613511868533171,0.2998417721518987,7.211102550927978,2.2828713887665453,18.867924528301888,-0.1892130367139662,8.38349268936198
PatientID_0198,1,2,linear,3,22.0,True,False,0,False,True,744,899,744,0.4613511868533171,0.2998417721518987,7.211102550927978,2.2828713887665453,18.867924528301888,-0.1892130367139662,8.38349268936198
PatientID_0198,1,2,gompertz,3,22.0,True,False,0,False,True,744,899,744,0.4613511868533171,0.2998417721518987,7.211102550927978,2.2828713887665453,18.867924528301888,-0.1892130367139662,8.38349268936198
PatientID_0198,1,2,oracle_volume_matched,3,22.0,True,False,0,False,False,744,899,899,0.4994438264738598,0.3328391401037806,7.211102550927978,2.6273844673636595,0.0,0.0,8.138553170917593
PatientID_0198,2,3,persistence,3,76.0,True,True,1,False,False,899,1389,899,0.24475524475524477,0.1394422310756972,8.48528137423857,3.306702397788706,42.83216783216783,-0.43500726331829026,2.43180044456036
PatientID_0198,2,3,geometric_train_rate,3,76.0,True,True,1,False,False,899,1389,1094,0.29399919452275475,0.17233238904627007,8.48528137423857,3.086344239140694,23.761578735400725,-0.23871909545320857,2.555383222628136
PatientID_0198,2,3,last_rate,3,76.0,True,True,1,False,False,899,1389,1728,0.41450112287455887,0.2614326183731283,7.211102550927978,2.5798462848084673,21.751684311838307,0.21836295320488902,2.752525767000712
PatientID_0198,2,3,linear,3,76.0,True,True,1,False,False,899,1389,1434,0.36273467941905774,0.22154911293812202,8.246211251235321,2.8342138981315754,3.1880977683315623,0.031880854613496434,2.6449690393994403
PatientID_0198,2,3,gompertz,3,76.0,True,True,1,False,True,899,1389,899,0.24475524475524477,0.1394422310756972,8.48528137423857,3.306702397788706,42.83216783216783,-0.43500726331829026,2.43180044456036
PatientID_0198,2,3,oracle_volume_matched,3,76.0,True,True,1,False,False,899,1389,1389,0.35277177825773937,0.21416083916083917,8.48528137423857,2.9147761022880956,0.0,0.0,2.619234769922066
PatientID_0198,3,4,persistence,3,51.0,True,True,2,False,False,1389,869,1389,0.4720992028343667,0.3089855072463768,9.054711649955419,2.6987020787992884,46.05845881310895,0.4689423730866287,5.404340149007097
PatientID_0198,3,4,geometric_train_rate,3,51.0,True,True,2,False,False,1389,869,1585,0.46373268133659334,0.30185676392572947,8.94427190999916,2.8783053953031295,58.353708231458846,0.6009315891358817,5.40071902208479
PatientID_0198,3,4,last_rate,3,51.0,True,True,2,False,False,1389,869,1860,0.46903627702455114,0.3063666826232647,8.94427190999916,3.035206799509256,72.62733602052033,0.7609120103310324,5.331835634143378
PatientID_0198,3,4,linear,3,51.0,True,True,2,False,False,1389,869,1718,0.4700425202937766,0.30722587165234966,8.94427190999916,2.945467983413659,65.63587166602242,0.6815019005003282,5.3819368211526415
PatientID_0198,3,4,gompertz,3,51.0,True,True,2,False,False,1389,869,1811,0.46865671641791046,0.3060428849902534,8.94427190999916,3.0116812055109485,70.29850746268657,0.7342165197217044,5.300369692543057
PatientID_0198,3,4,oracle_volume_matched,3,51.0,True,True,2,False,False,1389,869,869,0.48331415420023016,0.3186646433990895,5.656854249492381,2.1529426104718037,0.0,0.0,4.870644676055243
PatientID_0199,1,2,persistence,1,29.0,True,False,0,False,False,98,80,98,0.39325842696629215,0.24475524475524477,4.47213595499958,2.052667174821699,20.224719101123597,0.2026542608617383,3.6160825054720056
PatientID_0199,1,2,geometric_train_rate,1,29.0,True,False,0,False,False,98,80,108,0.40425531914893614,0.25333333333333335,4.47213595499958,2.100989025806025,29.78723404255319,0.2997000500112093,3.6805894477824643
PatientID_0199,1,2,last_rate,1,29.0,True,False,0,False,True,98,80,98,0.39325842696629215,0.24475524475524477,4.47213595499958,2.052667174821699,20.224719101123597,0.2026542608617383,3.6160825054720056
PatientID_0199,1,2,linear,1,29.0,True,False,0,False,True,98,80,98,0.39325842696629215,0.24475524475524477,4.47213595499958,2.052667174821699,20.224719101123597,0.2026542608617383,3.6160825054720056
PatientID_0199,1,2,gompertz,1,29.0,True,False,0,False,True,98,80,98,0.39325842696629215,0.24475524475524477,4.47213595499958,2.052667174821699,20.224719101123597,0.2026542608617383,3.6160825054720056
PatientID_0199,1,2,oracle_volume_matched,1,29.0,True,False,0,False,False,98,80,80,0.3875,0.24031007751937986,4.40131556174964,2.0170479676892183,0.0,0.0,3.679079368537741
PatientID_0199,2,3,persistence,1,35.0,True,True,1,False,False,80,118,80,0.23232323232323232,0.13142857142857142,5.845584412271565,3.093706451340111,38.38383838383838,-0.3881554705730727,5.9409427755965565
PatientID_0199,2,3,geometric_train_rate,1,35.0,True,True,1,False,False,80,118,90,0.2403846153846154,0.1366120218579235,5.794112549695431,3.129215786831873,26.923076923076923,-0.2705457902087937,5.920472579082655
PatientID_0199,2,3,last_rate,1,35.0,True,True,1,False,False,80,118,64,0.23076923076923078,0.13043478260869565,6.08113883008419,3.2123035236096253,59.34065934065934,-0.6109090823229733,5.745937822510674
PatientID_0199,2,3,linear,1,35.0,True,True,1,False,False,80,118,58,0.2159090909090909,0.12101910828025478,7.211102550927978,3.4322897425455565,68.18181818181819,-0.7091475219063865,5.91134647431665
PatientID_0199,2,3,gompertz,1,35.0,True,True,1,False,True,80,118,80,0.23232323232323232,0.13142857142857142,5.845584412271565,3.093706451340111,38.38383838383838,-0.3881554705730727,5.9409427755965565
PatientID_0199,2,3,oracle_volume_matched,1,35.0,True,True,1,False,False,80,118,119,0.270042194092827,0.15609756097560976,6.0,3.0576687640848013,0.8438818565400844,0.008429976160459401,5.8725706344149025
PatientID_0201,1,2,persistence,4,42.0,True,False,0,False,False,168,80,168,0.31451612903225806,0.18660287081339713,4.856295132509668,2.1054896058337667,70.96774193548387,0.7411198351152695,4.246325275420051
PatientID_0201,1,2,geometric_train_rate,4,42.0,True,False,0,False,False,168,80,181,0.36015325670498083,0.21962616822429906,4.898979485566356,2.22974986108895,77.39463601532567,0.8155994854000124,4.285647213478884
PatientID_0201,1,2,last_rate,4,42.0,True,False,0,False,True,168,80,168,0.31451612903225806,0.18660287081339713,4.856295132509668,2.1054896058337667,70.96774193548387,0.7411198351152695,4.246325275420051
PatientID_0201,1,2,linear,4,42.0,True,False,0,False,True,168,80,168,0.31451612903225806,0.18660287081339713,4.856295132509668,2.1054896058337667,70.96774193548387,0.7411198351152695,4.246325275420051
PatientID_0201,1,2,gompertz,4,42.0,True,False,0,False,True,168,80,168,0.31451612903225806,0.18660287081339713,4.856295132509668,2.1054896058337667,70.96774193548387,0.7411198351152695,4.246325275420051
PatientID_0201,1,2,oracle_volume_matched,4,42.0,True,False,0,False,False,168,80,80,0.2875,0.1678832116788321,4.642873367226293,2.2367126604527416,0.0,0.0,4.395807661852375
PatientID_0201,2,3,persistence,4,31.0,True,True,1,False,False,80,90,80,0.36470588235294116,0.22302158273381295,37.36308338453881,8.518313718283878,11.764705882352942,-0.11760968036427898,16.94569348766162
PatientID_0201,2,3,geometric_train_rate,4,31.0,True,True,1,False,False,80,90,85,0.37714285714285717,0.2323943661971831,37.36575790869884,8.614230848552817,5.714285714285714,-0.057076831135436684,16.93466695926275
PatientID_0201,2,3,last_rate,4,31.0,True,True,1,False,False,80,90,46,0.35294117647058826,0.21428571428571427,39.392825693382775,10.712469317013493,64.70588235294117,-0.6698424932444219,17.189969623608285
PatientID_0201,2,3,linear,4,31.0,True,True,1,False,False,80,90,16,0.22641509433962265,0.1276595744680851,41.325060448018455,14.421221021743623,139.62264150943398,-1.720826732923277,17.14500858688745
PatientID_0201,2,3,gompertz,4,31.0,True,True,1,False,True,80,90,80,0.36470588235294116,0.22302158273381295,37.36308338453881,8.518313718283878,11.764705882352942,-0.11760968036427898,16.94569348766162
PatientID_0201,2,3,oracle_volume_matched,4,31.0,True,True,1,False,False,80,90,90,0.37777777777777777,0.2328767123287671,37.368432432858874,8.706144250116042,0.0,0.0,16.946305908681605
PatientID_0201,3,4,persistence,4,130.0,True,True,2,False,False,90,37,90,0.07874015748031496,0.040983606557377046,29.46183972531247,14.433233364501682,83.46456692913385,0.8869069984822495,20.52967066584164
PatientID_0201,3,4,geometric_train_rate,4,130.0,True,True,2,False,False,90,37,114,0.06622516556291391,0.03424657534246575,29.40407133518529,15.447834155600145,101.98675496688742,1.123003741792269,22.146130043798273
PatientID_0201,3,4,last_rate,4,130.0,True,True,2,False,False,90,37,147,0.05434782608695652,0.027932960893854747,29.29145797602549,16.330627104223893,119.56521739130434,1.376991968457577,24.026401236676207
PatientID_0201,3,4,linear,4,130.0,True,True,2,False,False,90,37,132,0.05917159763313609,0.03048780487804878,29.325437149252085,15.925616317514496,112.42603550295858,1.269457847067538,23.211088252456843
PatientID_0201,3,4,gompertz,4,130.0,True,True,2,False,False,90,37,182,0.045662100456621,0.02336448598130841,30.567350505367138,17.759241621270046,132.4200913242009,1.5904026673925051,25.97079165224922
PatientID_0201,3,4,oracle_volume_matched,4,130.0,True,True,2,False,False,90,37,37,0.0,0.0,33.55591023798688,27.06915233511851,0.0,0.0,31.25993194982468
PatientID_0201,4,5,persistence,4,49.0,True,True,3,False,False,37,53,37,0.4888888888888889,0.3235294117647059,5.897056274847715,1.6590540060100898,35.55555555555556,-0.35835703012171716,3.92168958581381
PatientID_0201,4,5,geometric_train_rate,4,49.0,True,True,3,False,False,37,53,40,0.4731182795698925,0.30985915492957744,6.178505426185216,1.806927104997637,27.956989247311828,-0.280648045794401,4.0449647641283715
PatientID_0201,4,5,last_rate,4,49.0,True,True,3,False,False,37,53,26,0.379746835443038,0.234375,6.803262619278219,2.28929610425917,68.35443037974683,-0.7097549169596058,6.2937077016569924
PatientID_0201,4,5,linear,4,49.0,True,True,3,False,False,37,53,17,0.22857142857142856,0.12903225806451613,7.483314773547883,2.935659166142841,102.85714285714286,-1.1321082430962919,7.06116365764238
PatientID_0201,4,5,gompertz,4,49.0,True,True,3,False,False,37,53,186,0.301255230125523,0.17733990147783252,8.317932288136292,3.000749907746936,111.2970711297071,1.2537708637595921,4.2761370111641925
PatientID_0201,4,5,oracle_volume_matched,4,49.0,True,True,3,False,False,37,53,53,0.41509433962264153,0.2619047619047619,7.211102550927978,2.084427935104791,0.0,0.0,4.440019948704216
PatientID_0201,5,6,persistence,4,95.0,True,True,4,False,False,53,8,53,0.0,0.0,18.961065025024215,9.992659706372239,147.54098360655738,1.8777018990287797,7.6511556865134125
PatientID_0201,5,6,geometric_train_rate,4,95.0,True,True,4,False,False,53,8,63,0.0,0.0,18.867962264113206,10.079126413565337,154.92957746478874,2.0501711593797225,8.357461291209425
PatientID_0201,5,6,last_rate,4,95.0,True,True,4,False,False,53,8,106,0.017543859649122806,0.008849557522123894,18.867962264113206,9.450409316536662,171.9298245614035,2.56967191641571,7.735570059395984
PatientID_0201,5,6,linear,4,95.0,True,True,4,False,False,53,8,84,0.0,0.0,18.867962264113206,9.833067939137447,165.2173913043478,2.3373580597490906,8.58278018163453
PatientID_0201,5,6,gompertz,4,95.0,True,True,4,False,False,53,8,192,0.03,0.015228426395939087,19.772259597257143,9.577294376321188,184.0,3.163200473642959,5.914447206957627
PatientID_0201,5,6,oracle_volume_matched,4,95.0,True,True,4,False,False,53,8,8,0.0,0.0,15.614395007739137,13.15843737855066,0.0,0.0,14.137715515598693
PatientID_0204,1,2,persistence,2,77.0,True,False,0,False,False,819,3794,819,0.10275308909603295,0.054159049360146254,20.97617696340303,8.345835534978526,128.98330804248863,-1.532972399350605,19.762025837004963
PatientID_0204,1,2,geometric_train_rate,2,77.0,True,False,0,False,False,819,3794,988,0.13383521539104978,0.07171671896010758,20.97617696340303,8.191494134166655,117.35675449602677,-1.3453998887465295,19.779143989461865
PatientID_0204,1,2,last_rate,2,77.0,True,False,0,False,True,819,3794,819,0.10275308909603295,0.054159049360146254,20.97617696340303,8.345835534978526,128.98330804248863,-1.532972399350605,19.762025837004963
PatientID_0204,1,2,linear,2,77.0,True,False,0,False,True,819,3794,819,0.10275308909603295,0.054159049360146254,20.97617696340303,8.345835534978526,128.98330804248863,-1.532972399350605,19.762025837004963
PatientID_0204,1,2,gompertz,2,77.0,True,False,0,False,True,819,3794,819,0.10275308909603295,0.054159049360146254,20.97617696340303,8.345835534978526,128.98330804248863,-1.532972399350605,19.762025837004963
PatientID_0204,1,2,oracle_volume_matched,2,77.0,True,False,0,False,False,819,3794,3794,0.3379019504480759,0.20329844592451635,16.73320053068151,6.281056764247263,0.0,0.0,17.67266485760085
PatientID_0204,2,3,persistence,2,56.0,True,True,1,False,False,3794,176,3794,0.07858942065491184,0.04090194022024122,64.68384651518491,21.982035773153065,182.2670025188917,3.070015126491422,15.107497941468017
PatientID_0204,2,3,geometric_train_rate,2,56.0,True,True,1,False,False,3794,176,4349,0.0738121546961326,0.03832033042680129,64.77653896280658,22.766610659297466,184.44198895027625,3.206535984205339,14.960897096991083
PatientID_0204,2,3,last_rate,2,56.0,True,True,1,False,False,3794,176,11564,0.029982964224872233,0.015219647180906262,68.67313885355759,28.015979306022732,194.00340715502554,4.18446894226748,21.045635388478534
PatientID_0204,2,3,linear,2,56.0,True,True,1,False,False,3794,176,5958,0.05738506684056081,0.029540114132259147,64.62661895791871,23.801772795770827,188.52298663188785,3.5213171430289982,16.32414228112027
PatientID_0204,2,3,gompertz,2,56.0,True,True,1,False,True,3794,176,3794,0.07858942065491184,0.04090194022024122,64.68384651518491,21.982035773153065,182.2670025188917,3.070015126491422,15.107497941468017
PatientID_0204,2,3,oracle_volume_matched,2,56.0,True,True,1,False,False,3794,176,176,0.03977272727272727,0.020289855072463767,10.770329614269007,5.21820876116221,0.0,0.0,7.660768294875429
PatientID_0204,3,4,persistence,2,91.0,True,True,2,False,False,176,1548,176,0.02320185614849188,0.011737089201877934,40.29888335921977,17.402121616350968,159.1647331786543,-2.17360583002478,28.736628055493394
PatientID_0204,3,4,geometric_train_rate,2,91.0,True,True,2,False,False,176,1548,220,0.026018099547511313,0.013180515759312322,40.13708888857792,17.231723141482274,150.2262443438914,-1.9506042334272538,28.707548329916474
PatientID_0204,3,4,last_rate,2,91.0,True,True,2,False,False,176,1548,0,0.0,0.0,,,200.0,-9.42424134192346,
PatientID_0204,3,4,linear,2,91.0,True,True,2,False,False,176,1548,0,0.0,0.0,,,200.0,-9.42424134192346,
PatientID_0204,3,4,gompertz,2,91.0,True,True,2,False,False,176,1548,865,0.036469125569830084,0.018573237653018153,36.22154055254967,12.957089206346623,56.6100290095317,-0.5819257950815966,30.04296459477746
PatientID_0204,3,4,oracle_volume_matched,2,91.0,True,True,2,False,False,176,1548,1548,0.047157622739018086,0.024148197155143897,34.12903708440694,11.877389797060175,0.0,0.0,30.37552807717406
PatientID_0204,4,5,persistence,2,61.0,True,True,3,False,False,1548,1751,1548,0.36799030009093664,0.22548291233283804,8.246211251235321,3.3333336355284278,12.306759624128524,-0.12321391727265399,8.938662971646089
PatientID_0204,4,5,geometric_train_rate,2,61.0,True,True,3,False,False,1548,1751,1796,0.3687623343670708,0.22606291047355687,8.246211251235321,3.3870218741664417,2.5373555117000284,0.02537312803309272,8.922817260851724
PatientID_0204,4,5,last_rate,2,61.0,True,True,3,False,False,1548,1751,6630,0.36081613172652427,0.22011937691075847,11.661903789690601,5.331771463480835,116.43002028397567,1.3313652191812257,12.863350349331744
PatientID_0204,4,5,linear,2,61.0,True,True,3,False,False,1548,1751,2468,0.4086276368807774,0.25677688412272864,7.211102550927978,3.232857932108859,33.989096942403414,0.34320031452463584,9.399326042448346
PatientID_0204,4,5,gompertz,2,61.0,True,True,3,False,False,1548,1751,1012,0.3069127759681506,0.18127404873877725,10.198039027185569,3.9695412258988734,53.492580528411146,-0.5482063575099995,7.045819639747139
PatientID_0204,4,5,oracle_volume_matched,2,61.0,True,True,3,False,False,1548,1751,1751,0.3712164477441462,0.22791023842917252,8.246211251235321,3.374764543789452,0.0,0.0,8.901263950932377
PatientID_0204,5,6,persistence,2,52.0,True,True,4,False,False,1751,753,1751,0.2476038338658147,0.14129443938012762,7.211102550927978,3.0354283731282745,79.71246006389777,0.8437825008372581,10.904051125896748
PatientID_0204,5,6,geometric_train_rate,2,52.0,True,True,4,False,False,1751,753,1988,0.2553812477198103,0.1463822668339607,7.211102550927978,3.119273713418748,90.1130974097045,0.9707160458243888,10.86346391874647
PatientID_0204,5,6,last_rate,2,52.0,True,True,4,False,False,1751,753,1945,0.257227575982209,0.14759676733304977,7.211102550927978,3.1187942264304795,88.36174944403261,0.9488503046606541,10.934665152216608
PatientID_0204,5,6,linear,2,52.0,True,True,4,False,False,1751,753,1924,0.2562570041090773,0.1469580119965724,7.211102550927978,3.119765173249871,87.48599178184534,0.9379953812512187,10.934882971361779
PatientID_0204,5,6,gompertz,2,52.0,True,True,4,False,False,1751,753,1427,0.21192660550458717,0.1185223191380195,9.27299145477927,3.6977904075924504,61.8348623853211,0.6391859933174715,13.340322712566081
PatientID_0204,5,6,oracle_volume_matched,2,52.0,True,True,4,False,False,1751,753,753,0.20717131474103587,0.11555555555555555,11.661903789690601,3.884555829639866,0.0,0.0,15.817463406801554
PatientID_0205,1,2,persistence,4,23.0,True,False,0,False,False,1909,1482,1909,0.29961663226186963,0.17620534165799515,6.0,2.629346762254949,25.184311412562664,0.2531681531123751,5.345428289213534
PatientID_0205,1,2,geometric_train_rate,4,23.0,True,False,0,False,False,1909,1482,1990,0.32661290322580644,0.19518072289156627,6.0,2.564632000024047,29.262672811059907,0.29472058203793405,5.4251866978168435
PatientID_0205,1,2,last_rate,4,23.0,True,False,0,False,True,1909,1482,1909,0.29961663226186963,0.17620534165799515,6.0,2.629346762254949,25.184311412562664,0.2531681531123751,5.345428289213534
PatientID_0205,1,2,linear,4,23.0,True,False,0,False,True,1909,1482,1909,0.29961663226186963,0.17620534165799515,6.0,2.629346762254949,25.184311412562664,0.2531681531123751,5.345428289213534
PatientID_0205,1,2,gompertz,4,23.0,True,False,0,False,True,1909,1482,1909,0.29961663226186963,0.17620534165799515,6.0,2.629346762254949,25.184311412562664,0.2531681531123751,5.345428289213534
PatientID_0205,1,2,oracle_volume_matched,4,23.0,True,False,0,False,False,1909,1482,1482,0.27530364372469635,0.1596244131455399,6.324555320336759,2.74174200461953,0.0,0.0,5.462595105845144
PatientID_0205,2,3,persistence,4,83.0,True,True,1,False,False,1482,1999,1482,0.3964378052283826,0.2472232174847725,10.198039027185569,3.003816232213179,29.704108014938235,-0.29923271603280016,6.957219772740035
PatientID_0205,2,3,geometric_train_rate,4,83.0,True,True,1,False,False,1482,1999,1721,0.432258064516129,0.2757201646090535,10.198039027185569,3.015395213461685,14.946236559139784,-0.14973143804649836,7.351056060237086
PatientID_0205,2,3,last_rate,4,83.0,True,True,1,False,False,1482,1999,594,0.26532973389895875,0.1529568697198755,21.908902300206645,5.8794702578107385,108.36868492094099,-1.2133751288768613,9.666663032383402
PatientID_0205,2,3,linear,4,83.0,True,True,1,False,False,1482,1999,0,0.0,0.0,,,200.0,-9.67990640549087,
PatientID_0205,2,3,gompertz,4,83.0,True,True,1,False,True,1482,1999,1482,0.3964378052283826,0.2472232174847725,10.198039027185569,3.003816232213179,29.704108014938235,-0.29923271603280016,6.957219772740035
PatientID_0205,2,3,oracle_volume_matched,4,83.0,True,True,1,False,False,1482,1999,1999,0.44072036018009003,0.28264356753288417,10.198039027185569,3.126629532414372,0.0,0.0,7.511699043233191
PatientID_0205,3,4,persistence,4,105.0,True,True,2,False,False,1999,155,1999,0.06592386258124419,0.03408545367258761,18.867962264113206,8.226934219218753,171.2163416898793,2.5562336202862634,5.583352275989584
PatientID_0205,3,4,geometric_train_rate,4,105.0,True,True,2,False,False,1999,155,2414,0.09186453873102375,0.04814361485108119,18.76166303929372,8.390639650043992,175.86609575710392,2.7448609380679923,5.200040004039302
PatientID_0205,3,4,last_rate,4,105.0,True,True,2,False,False,1999,155,2919,0.07937540663630449,0.041327913279132794,18.867962264113206,8.751403283387878,179.83083929733246,2.9348079492970194,5.25259278660828
PatientID_0205,3,4,linear,4,105.0,True,True,2,False,False,1999,155,2653,0.0868945868945869,0.045420699925539834,18.547236990991408,8.566441851170781,177.92022792022792,2.8392622259749407,5.143333075575097
PatientID_0205,3,4,gompertz,4,105.0,True,True,2,False,False,1999,155,1967,0.06691800188501414,0.03461725987323257,18.867962264113206,8.130065379518419,170.7822808671065,2.5400971213962573,5.7782851206343
PatientID_0205,3,4,oracle_volume_matched,4,105.0,True,True,2,False,False,1999,155,155,0.09032258064516129,0.0472972972972973,8.246211251235321,3.703112269376504,0.0,0.0,6.680955896887049
PatientID_0205,4,5,persistence,4,56.0,True,True,3,False,False,155,1568,155,0.1578641903656413,0.0856962822936358,96.60123768454731,22.96128950815644,164.0162507254788,-2.3134046735959153,23.373399385167946
PatientID_0205,4,5,geometric_train_rate,4,56.0,True,True,3,False,False,155,1568,171,0.16906267970097758,0.09233668341708542,96.57639088580218,22.791626768202114,160.66705002875216,-2.2152416335120737,23.35306067803493
PatientID_0205,4,5,last_rate,4,56.0,True,True,3,False,False,155,1568,39,0.04729309271935283,0.024219247928616953,101.3173217397597,29.43399743407317,190.29247044181704,-3.6908742682603695,23.67262381619629
PatientID_0205,4,5,linear,4,56.0,True,True,3,False,False,155,1568,0,0.0,0.0,,,200.0,-9.437077458800523,
PatientID_0205,4,5,gompertz,4,56.0,True,True,3,False,False,155,1568,1982,0.3273239436619718,0.19568878410239138,89.3845583959536,14.242344381978848,23.323943661971832,0.23428886338904492,23.45652707401296
PatientID_0205,4,5,oracle_volume_matched,4,56.0,True,True,3,False,False,155,1568,1568,0.34438775510204084,0.20801232665639446,90.27069486452639,15.101369895783135,0.0,0.0,23.339398814640493
PatientID_0207,1,2,persistence,3,142.0,True,False,0,False,False,1194,4270,1194,0.14531478770131773,0.07835010854549043,21.274371357258264,7.452851749911794,112.59150805270863,-1.2742294012087063,14.563903946925635
PatientID_0207,1,2,geometric_train_rate,3,142.0,True,False,0,False,False,1194,4270,1723,0.20290338728516602,0.11290622098421542,20.688160865577203,6.979673950016519,84.99916569330885,-0.9075035980208176,15.757668438509986
PatientID_0207,1,2,last_rate,3,142.0,True,False,0,False,True,1194,4270,1194,0.14531478770131773,0.07835010854549043,21.274371357258264,7.452851749911794,112.59150805270863,-1.2742294012087063,14.563903946925635
PatientID_0207,1,2,linear,3,142.0,True,False,0,False,True,1194,4270,1194,0.14531478770131773,0.07835010854549043,21.274371357258264,7.452851749911794,112.59150805270863,-1.2742294012087063,14.563903946925635
PatientID_0207,1,2,gompertz,3,142.0,True,False,0,False,True,1194,4270,1194,0.14531478770131773,0.07835010854549043,21.274371357258264,7.452851749911794,112.59150805270863,-1.2742294012087063,14.563903946925635
PatientID_0207,1,2,oracle_volume_matched,3,142.0,True,False,0,False,False,1194,4270,4270,0.3339578454332553,0.2004498172617374,17.204650534085253,5.89037926436262,0.0,0.0,13.632978294414766
PatientID_0207,2,3,persistence,3,64.0,True,True,1,False,False,4270,50,4270,0.011111111111111112,0.00558659217877095,22.16752036605218,12.269784508922427,195.37037037037038,4.444878494172145,6.9429337586051405
PatientID_0207,2,3,geometric_train_rate,3,64.0,True,True,1,False,False,4270,50,5038,0.015723270440251572,0.00792393026941363,22.360679774997898,12.470388953924594,196.0691823899371,4.610269382411132,6.814828809690614
PatientID_0207,2,3,last_rate,3,64.0,True,True,1,False,False,4270,50,7582,0.012316561844863731,0.0061964403427818065,24.899799195977465,15.037016193346494,197.37945492662473,5.019028896728841,6.5986459427309985
PatientID_0207,2,3,linear,3,64.0,True,True,1,False,False,4270,50,5656,0.014020329477742727,0.0070596540769502295,22.715633383201094,13.01929781642936,196.49491763056432,4.725974422129793,6.710862077414949
PatientID_0207,2,3,gompertz,3,64.0,True,True,1,False,True,4270,50,4270,0.011111111111111112,0.00558659217877095,22.16752036605218,12.269784508922427,195.37037037037038,4.444878494172145,6.9429337586051405
PatientID_0207,2,3,oracle_volume_matched,3,64.0,True,True,1,False,False,4270,50,50,0.0,0.0,18.444496318406056,12.40589978701206,0.0,0.0,10.000399992000315
PatientID_0207,3,4,persistence,3,98.0,True,True,2,False,False,50,229,50,0.21505376344086022,0.12048192771084337,8.94427190999916,3.483247570097846,128.31541218637992,-1.5197478205331358,3.6776230713298674
PatientID_0207,3,4,geometric_train_rate,3,98.0,True,True,2,False,False,50,229,64,0.20477815699658702,0.11406844106463879,8.94427190999916,3.4516803117375416,112.62798634812286,-1.2734334026689356,3.6804156207868575
PatientID_0207,3,4,last_rate,3,98.0,True,True,2,False,False,50,229,0,0.0,0.0,,,200.0,-7.513709247839705,
PatientID_0207,3,4,linear,3,98.0,True,True,2,False,False,50,229,0,0.0,0.0,,,200.0,-7.513709247839705,
PatientID_0207,3,4,gompertz,3,98.0,True,True,2,False,False,50,229,1264,0.25184192900200936,0.14406130268199233,6.928203230275509,3.8826358630611693,138.64701942397858,1.7078677560624653,1.8103095975932926
PatientID_0207,3,4,oracle_volume_matched,3,98.0,True,True,2,False,False,50,229,229,0.388646288209607,0.24119241192411925,6.324555320336759,2.444901201876362,0.0,0.0,3.249577336381549
PatientID_0207,4,5,persistence,3,91.0,True,True,3,False,False,229,35,229,0.24242424242424243,0.13793103448275862,15.819625896253141,4.976081975155293,146.96969696969697,1.8753545785059593,5.675184858908802
PatientID_0207,4,5,geometric_train_rate,3,91.0,True,True,3,False,False,229,35,290,0.19692307692307692,0.10921501706484642,15.12941793207385,5.002714712889425,156.92307692307693,2.1113987369406915,5.691107741135841
PatientID_0207,4,5,last_rate,3,91.0,True,True,3,False,False,229,35,930,0.07253886010362694,0.03763440860215054,18.110770276274835,7.3660161972525025,185.49222797927462,3.2764058580635154,5.016646191624625
PatientID_0207,4,5,linear,3,91.0,True,True,3,False,False,229,35,395,0.15813953488372093,0.08585858585858586,14.572713976815054,5.37563898278633,167.4418604651163,2.420289042881872,5.519193718456695
PatientID_0207,4,5,gompertz,3,91.0,True,True,3,False,False,229,35,1286,0.05299015897047691,0.027216174183514776,18.867962264113206,8.241381988570392,189.4019682059046,3.6004759730420646,5.266988124384334
PatientID_0207,4,5,oracle_volume_matched,3,91.0,True,True,3,False,False,229,35,35,0.2571428571428571,0.14754098360655737,13.618383085086695,5.2993798634663385,0.0,0.0,11.203206538071763
PatientID_0207,5,6,persistence,3,111.0,True,True,4,False,False,35,53,35,0.5,0.3333333333333333,12.639151310740981,2.2901956933019076,40.90909090909091,-0.4137344995906711,5.372577058034638
PatientID_0207,5,6,geometric_train_rate,3,111.0,True,True,4,False,False,35,53,47,0.44,0.28205128205128205,12.40044107627711,2.3471683916816986,12.0,-0.11984398147640604,6.059395219342395
PatientID_0207,5,6,last_rate,3,111.0,True,True,4,False,False,35,53,3,0.10714285714285714,0.05660377358490566,18.854254496499777,11.208145170662311,178.57142857142858,-2.833213344056216,8.593266599221677
PatientID_0207,5,6,linear,3,111.0,True,True,4,False,False,35,53,0,0.0,0.0,,,200.0,-6.052089168924417,
PatientID_0207,5,6,gompertz,3,111.0,True,True,4,False,False,35,53,1312,0.06593406593406594,0.03409090909090909,9.16515138991168,6.305247056510388,184.46886446886447,3.206755612111381,5.514421114690063
PatientID_0207,5,6,oracle_volume_matched,3,111.0,True,True,4,False,False,35,53,53,0.4339622641509434,0.27710843373493976,12.286842870294848,2.387123568626904,0.0,0.0,6.1306529554670925
PatientID_0208,1,2,persistence,3,371.0,False,False,0,False,False,414,135,414,0.02185792349726776,0.011049723756906077,12.96148139681572,7.48667347535737,101.63934426229508,1.1199675846606876,17.190215212655517
PatientID_0208,1,2,geometric_train_rate,3,371.0,False,False,0,False,False,414,135,1080,0.03786008230452675,0.01929530201342282,14.560219778561036,8.279245008757822,155.55555555555554,2.078631778202191,16.706770474817
PatientID_0208,1,2,last_rate,3,371.0,False,False,0,False,True,414,135,414,0.02185792349726776,0.011049723756906077,12.96148139681572,7.48667347535737,101.63934426229508,1.1199675846606876,17.190215212655517
PatientID_0208,1,2,linear,3,371.0,False,False,0,False,True,414,135,414,0.02185792349726776,0.011049723756906077,12.96148139681572,7.48667347535737,101.63934426229508,1.1199675846606876,17.190215212655517
PatientID_0208,1,2,gompertz,3,371.0,False,False,0,False,True,414,135,414,0.02185792349726776,0.011049723756906077,12.96148139681572,7.48667347535737,101.63934426229508,1.1199675846606876,17.190215212655517
PatientID_0208,1,2,oracle_volume_matched,3,371.0,False,False,0,False,False,414,135,135,0.007407407407407408,0.0037174721189591076,11.489125293076057,6.994465091046092,0.0,0.0,19.075919364174236
PatientID_0209,1,2,persistence,3,97.0,True,False,0,False,False,1602,2476,1602,0.5394801373222168,0.36937541974479515,9.949489742783179,2.818770666753592,42.86414909269249,-0.43536396513285697,3.464160865656796
PatientID_0209,1,2,geometric_train_rate,3,97.0,True,False,0,False,False,1602,2476,2058,0.6012351124834583,0.42983286029643647,9.735389853409796,3.00288796703418,18.438464931627703,-0.18489946405221647,3.20709578341639
PatientID_0209,1,2,last_rate,3,97.0,True,False,0,False,True,1602,2476,1602,0.5394801373222168,0.36937541974479515,9.949489742783179,2.818770666753592,42.86414909269249,-0.43536396513285697,3.464160865656796
PatientID_0209,1,2,linear,3,97.0,True,False,0,False,True,1602,2476,1602,0.5394801373222168,0.36937541974479515,9.949489742783179,2.818770666753592,42.86414909269249,-0.43536396513285697,3.464160865656796
PatientID_0209,1,2,gompertz,3,97.0,True,False,0,False,True,1602,2476,1602,0.5394801373222168,0.36937541974479515,9.949489742783179,2.818770666753592,42.86414909269249,-0.43536396513285697,3.464160865656796
PatientID_0209,1,2,oracle_volume_matched,3,97.0,True,False,0,False,False,1602,2476,2476,0.6102584814216478,0.43911653589072946,8.717797887081348,2.954550618615514,0.0,0.0,3.21127428994977
PatientID_0209,2,3,persistence,3,84.0,True,True,1,False,False,2476,2028,2476,0.7810834813499112,0.6408014571948998,4.792268602924661,1.7835497162186786,19.893428063943162,0.19958311729039033,1.33032290239054
PatientID_0209,2,3,geometric_train_rate,3,84.0,True,True,1,False,False,2476,2028,3076,0.7515673981191222,0.6020087884494664,6.0,2.2475874474626836,41.06583072100314,0.41655896709856893,1.4961717558780026
PatientID_0209,2,3,last_rate,3,84.0,True,True,1,False,False,2476,2028,3610,0.7034409365023058,0.5425444596443229,6.6332495807108,2.689620865652032,56.1191912025541,0.5766306768737856,1.5272409495388755
PatientID_0209,2,3,linear,3,84.0,True,True,1,False,False,2476,2028,3233,0.7356015966546284,0.5817799158147925,6.0,2.3855043958861892,45.808781600456186,0.46633744086532475,1.5489099972343652
PatientID_0209,2,3,gompertz,3,84.0,True,True,1,False,True,2476,2028,2476,0.7810834813499112,0.6408014571948998,4.792268602924661,1.7835497162186786,19.893428063943162,0.19958311729039033,1.33032290239054
PatientID_0209,2,3,oracle_volume_matched,3,84.0,True,True,1,False,False,2476,2028,2028,0.8022682445759369,0.6698229724166324,2.8284271247461903,1.390504649537249,0.0,0.0,1.337159918092736
PatientID_0209,3,4,persistence,3,49.0,True,True,2,False,False,2028,1771,2028,0.6596472755988418,0.4921445404556167,4.47213595499958,1.8726655107908616,13.52987628323243,0.135496783008064,3.5330096193846994
PatientID_0209,3,4,geometric_train_rate,3,49.0,True,True,2,False,False,2028,1771,2302,0.663393076356494,0.49632623071271126,4.898979485566356,2.0132081856504236,26.07414682052541,0.26221767153137915,3.3600755789163324
PatientID_0209,3,4,last_rate,3,49.0,True,True,2,False,False,2028,1771,1805,0.6420581655480985,0.4728171334431631,4.0,1.8938604353296744,1.9015659955257271,0.019014903562338276,3.291538846162009
PatientID_0209,3,4,linear,3,49.0,True,True,2,False,False,2028,1771,1767,0.6382136800452233,0.46865919468659195,4.0,1.9123235363450104,0.22611644997173544,-0.0022610056971942433,3.3014956971732805
PatientID_0209,3,4,gompertz,3,49.0,True,True,2,False,False,2028,1771,2527,0.6705444392740809,0.504375218760938,4.898979485566356,2.0702325818124363,35.17915309446254,0.3554673550500999,3.2159824333709075
PatientID_0209,3,4,oracle_volume_matched,3,49.0,True,True,2,False,False,2028,1771,1771,0.6386222473178995,0.4690999585234343,4.0,1.9093265524659055,0.0,0.0,3.308319236235936
PatientID_0209,4,5,persistence,3,14.0,True,True,3,False,False,1771,1281,1771,0.6179554390563565,0.447131341868184,4.0,1.416154658346864,32.11009174311926,0.3238763397326638,1.1003889775325173
PatientID_0209,4,5,geometric_train_rate,3,14.0,True,True,3,False,False,1771,1281,1836,0.6082771896053898,0.43706777316735823,4.47213595499958,1.4636999870033889,35.6111645813282,0.3599187744998519,1.0992320603026726
PatientID_0209,4,5,last_rate,3,14.0,True,True,3,False,False,1771,1281,1704,0.629145728643216,0.45894428152492667,3.4641016151377544,1.3102894250996182,28.34170854271357,0.28531318435456676,0.9070078052503034
PatientID_0209,4,5,linear,3,14.0,True,True,3,False,False,1771,1281,1698,0.6290701577710641,0.45886385896180215,3.4641016151377544,1.3120568834805932,27.995971802618328,0.28178610302888507,0.9089763168724476
PatientID_0209,4,5,gompertz,3,14.0,True,True,3,False,False,1771,1281,2123,0.6075205640423031,0.43628691983122364,4.47213595499958,1.630906840280706,49.471210340775556,0.5051504617631214,1.1792558143059522
PatientID_0209,4,5,oracle_volume_matched,3,14.0,True,True,3,False,False,1771,1281,1281,0.546448087431694,0.37593984962406013,4.0,1.5986024710094067,0.0,0.0,1.1594216828608734
PatientID_0209,5,6,persistence,3,63.0,True,True,4,False,False,1281,1586,1281,0.3899546564352982,0.24220103986135183,5.656854249492381,2.0534664836565906,21.27659574468085,-0.21355533656535158,3.6671205590430787
PatientID_0209,5,6,geometric_train_rate,3,63.0,True,True,4,False,False,1281,1586,1507,0.37892014225670867,0.23374551256481851,5.656854249492381,2.0920804802765547,5.108309085030714,-0.05109007227960371,3.608935972699915
PatientID_0209,5,6,last_rate,3,63.0,True,True,4,False,False,1281,1586,298,0.10934182590233546,0.05783267827063447,14.560219778561036,5.5823480226965545,136.73036093418258,-1.6715363520744728,6.943927806153474
PatientID_0209,5,6,linear,3,63.0,True,True,4,False,False,1281,1586,0,0.0,0.0,,,200.0,-9.448490755396914,
PatientID_0209,5,6,gompertz,3,63.0,True,True,4,False,False,1281,1586,1787,0.43284909576045066,0.2762012864169504,6.0,2.0528921512153353,11.918173732582272,0.11931424863224963,3.6826578452392673
PatientID_0209,5,6,oracle_volume_matched,3,63.0,True,True,4,False,False,1281,1586,1586,0.39470365699873894,0.24587588373919875,5.725483399593842,2.082771517988388,0.0,0.0,3.658521664023575
PatientID_0210,1,2,persistence,4,24.0,True,False,0,False,False,1028,1287,1028,0.7161987041036717,0.5578734858681023,4.47213595499958,1.9172347350097627,22.375809935205183,-0.22467429402317818,3.032439323328829
PatientID_0210,1,2,geometric_train_rate,4,24.0,True,False,0,False,False,1028,1287,1073,0.7110169491525423,0.5516107823800132,4.47213595499958,2.0053048262549686,18.135593220338983,-0.18183609632517486,3.02609826818273
PatientID_0210,1,2,last_rate,4,24.0,True,False,0,False,True,1028,1287,1028,0.7161987041036717,0.5578734858681023,4.47213595499958,1.9172347350097627,22.375809935205183,-0.22467429402317818,3.032439323328829
PatientID_0210,1,2,linear,4,24.0,True,False,0,False,True,1028,1287,1028,0.7161987041036717,0.5578734858681023,4.47213595499958,1.9172347350097627,22.375809935205183,-0.22467429402317818,3.032439323328829
PatientID_0210,1,2,gompertz,4,24.0,True,False,0,False,True,1028,1287,1028,0.7161987041036717,0.5578734858681023,4.47213595499958,1.9172347350097627,22.375809935205183,-0.22467429402317818,3.032439323328829
PatientID_0210,1,2,oracle_volume_matched,4,24.0,True,False,0,False,False,1028,1287,1287,0.721056721056721,0.5637910085054678,4.898979485566356,2.0821358738034097,0.0,0.0,2.9459861244187606
PatientID_0210,2,3,persistence,4,22.0,True,True,1,False,False,1287,930,1287,0.6901217861975643,0.5268595041322314,4.47213595499958,1.9529855068185744,32.205683355886336,0.32484734225948964,3.6695191672967966
PatientID_0210,2,3,geometric_train_rate,4,22.0,True,True,1,False,False,1287,930,1339,0.6910533274570295,0.5279461279461279,4.47213595499958,2.0233103559796866,36.05112384310269,0.36445270886529696,3.539679188126911
PatientID_0210,2,3,last_rate,4,22.0,True,True,1,False,False,1287,930,1581,0.6610911987256073,0.49375371802498513,4.47213595499958,2.35427540260915,51.851851851851855,0.5305729122502806,3.664890983152334
PatientID_0210,2,3,linear,4,22.0,True,True,1,False,False,1287,930,1524,0.6715566422167889,0.505521472392638,4.47213595499958,2.2695429249425967,48.41075794621027,0.49385676816300345,3.551751166165808
PatientID_0210,2,3,gompertz,4,22.0,True,True,1,False,True,1287,930,1287,0.6901217861975643,0.5268595041322314,4.47213595499958,1.9529855068185744,32.205683355886336,0.32484734225948964,3.6695191672967966
PatientID_0210,2,3,oracle_volume_matched,4,22.0,True,True,1,False,False,1287,930,930,0.7129032258064516,0.5538847117794486,3.9464101615137634,1.707877149763236,0.0,0.0,3.9188702740414665
PatientID_0210,3,4,persistence,4,83.0,True,True,2,False,False,930,737,930,0.3935212957408518,0.24495892457057505,8.0,3.527660175979918,23.155368926214756,0.23256150139675713,8.315483183231551
PatientID_0210,3,4,geometric_train_rate,4,83.0,True,True,2,False,False,930,737,1080,0.42267473858007704,0.26796929518492674,8.246211251235321,3.561069967610099,37.75454045129334,0.3820745698408951,8.246141557549768
PatientID_0210,3,4,last_rate,4,83.0,True,True,2,False,False,930,737,273,0.24158415841584158,0.1373873873873874,8.94427190999916,4.087462124960291,91.88118811881188,-0.9928279184708136,8.823949951786995
PatientID_0210,3,4,linear,4,83.0,True,True,2,False,False,930,737,0,0.0,0.0,,,200.0,-8.682199026000504,
PatientID_0210,3,4,gompertz,4,83.0,True,True,2,False,False,930,737,1068,0.4221606648199446,0.2675561797752809,8.0,3.555581794687128,36.67590027700831,0.37090256954918704,8.218264170348005
PatientID_0210,3,4,oracle_volume_matched,4,83.0,True,True,2,False,False,930,737,737,0.3989145183175034,0.24915254237288137,7.483314773547883,3.448680874266012,0.0,0.0,8.399774179322463
PatientID_0210,4,6,persistence,4,242.0,True,True,3,False,False,737,1399,737,0.36704119850187267,0.22477064220183487,10.0,4.4691170474057,61.98501872659176,-0.6408448358887635,9.584071092023441
PatientID_0210,4,6,geometric_train_rate,4,242.0,True,True,3,False,False,737,1399,1139,0.4405043341213554,0.28246589186457804,8.94427190999916,4.2283867736858065,20.48857368006304,-0.20558661739314074,9.312461953486558
PatientID_0210,4,6,last_rate,4,242.0,True,True,3,False,False,737,1399,374,0.2628313592780598,0.1512987012987013,12.165525060596439,5.482486962038658,115.62323745064862,-1.3190123540365686,9.272469397520384
PatientID_0210,4,6,linear,4,242.0,True,True,3,False,False,737,1399,174,0.15638906547997458,0.08482758620689655,14.142135623730951,6.6551255371261435,155.75333757151938,-2.083828888109462,8.492659323340051
PatientID_0210,4,6,gompertz,4,242.0,True,True,3,False,False,737,1399,1109,0.43381180223285487,0.2769857433808554,9.065755623951036,4.275179056565417,23.125996810207337,-0.2322756250539298,9.345877687077396
PatientID_0210,4,6,oracle_volume_matched,4,242.0,True,True,3,False,False,737,1399,1399,0.45889921372408865,0.29777365491651203,8.94427190999916,4.186521992685107,0.0,0.0,9.898702401086021
PatientID_0211,2,3,persistence,3,20.0,True,True,1,False,False,300,65,300,0.13150684931506848,0.07038123167155426,19.244750715636044,7.590136399539846,128.76712328767124,1.5278905544678862,9.9656090683191
PatientID_0211,2,3,geometric_train_rate,3,20.0,True,True,1,False,False,300,65,316,0.12598425196850394,0.06722689075630252,19.140487348472284,7.5954514853837525,131.75853018372703,1.5798292049165983,9.982071716786168
PatientID_0211,2,3,last_rate,3,20.0,True,True,1,False,False,300,65,140174,0.0009269889260476757,0.00046370938975844305,110.93241148888285,72.1872884390307,199.81460221479045,7.674332178701606,54.4373493152219
PatientID_0211,2,3,linear,3,20.0,True,True,1,False,False,300,65,762,0.13059250302297462,0.06985769728331177,20.464554488654777,8.994349114248061,168.56106408706168,2.459802084154449,10.124802162701055
PatientID_0211,2,3,gompertz,3,20.0,True,True,1,False,True,300,65,300,0.13150684931506848,0.07038123167155426,19.244750715636044,7.590136399539846,128.76712328767124,1.5278905544678862,9.9656090683191
PatientID_0211,2,3,oracle_volume_matched,3,20.0,True,True,1,False,False,300,65,65,0.09230769230769231,0.04838709677419355,15.125710394605088,5.092430084875497,0.0,0.0,9.037201221460087
PatientID_0212,1,2,persistence,0,54.0,True,False,0,False,False,12675,21572,12675,0.6750956288142027,0.5095429100365848,11.661903789690601,5.153748430116347,51.95783572283704,-0.5317605606451239,6.073941118176688
PatientID_0212,1,2,geometric_train_rate,0,54.0,True,False,0,False,False,12675,21572,14411,0.7179501431231415,0.5600017341541663,10.392304845413264,4.633004497264809,39.80212878303644,-0.4034014942584377,5.747855882921146
PatientID_0212,1,2,last_rate,0,54.0,True,False,0,False,True,12675,21572,12675,0.6750956288142027,0.5095429100365848,11.661903789690601,5.153748430116347,51.95783572283704,-0.5317605606451239,6.073941118176688
PatientID_0212,1,2,linear,0,54.0,True,False,0,False,True,12675,21572,12675,0.6750956288142027,0.5095429100365848,11.661903789690601,5.153748430116347,51.95783572283704,-0.5317605606451239,6.073941118176688
PatientID_0212,1,2,gompertz,0,54.0,True,False,0,False,True,12675,21572,12675,0.6750956288142027,0.5095429100365848,11.661903789690601,5.153748430116347,51.95783572283704,-0.5317605606451239,6.073941118176688
PatientID_0212,1,2,oracle_volume_matched,0,54.0,True,False,0,False,False,12675,21572,21572,0.7973762284442796,0.6630304899202097,8.0,3.471845163542436,0.0,0.0,5.1884887518994445
PatientID_0212,2,3,persistence,0,51.0,True,True,1,False,False,21572,21514,21572,0.8661282086988813,0.7638678511483195,4.898979485566356,2.8458353048777782,0.26922898389267974,0.0026922758436244564,3.9241733717715497
PatientID_0212,2,3,geometric_train_rate,0,51.0,True,True,1,False,False,21572,21514,24353,0.8535548433514292,0.7445230488361478,6.0,3.128440741301582,12.37927049948765,0.12395048188673213,4.352958613828263
PatientID_0212,2,3,last_rate,0,51.0,True,True,1,False,False,21572,21514,35645,0.7095295578998932,0.5498224017786937,10.392304845413264,5.729856902381185,49.444531919732675,0.5049026952035847,6.892520220716109
PatientID_0212,2,3,linear,0,51.0,True,True,1,False,False,21572,21514,29975,0.7858377517528016,0.6472263100646235,8.246211251235321,4.303344487403258,32.865272194060864,0.33165817488361127,5.41480209689851
PatientID_0212,2,3,gompertz,0,51.0,True,True,1,False,True,21572,21514,21572,0.8661282086988813,0.7638678511483195,4.898979485566356,2.8458353048777782,0.26922898389267974,0.0026922758436244564,3.9241733717715497
PatientID_0212,2,3,oracle_volume_matched,0,51.0,True,True,1,False,False,21572,21514,21514,0.8667379380868272,0.7648168655920594,4.898979485566356,2.8379656415463366,0.0,0.0,3.8494071906713128
PatientID_0213,2,3,persistence,3,45.0,True,True,1,False,False,2174,508,2174,0.030574198359433258,0.01552442256720939,12.806248474865697,7.08985035160809,124.23564504101417,1.4536540834262424,5.107124799231854
PatientID_0213,2,3,geometric_train_rate,3,45.0,True,True,1,False,False,2174,508,2442,0.06169491525423729,0.031829310947883875,12.806248474865697,6.726002805381209,131.11864406779662,1.5698963606097245,5.181808715148183
PatientID_0213,2,3,last_rate,3,45.0,True,True,1,False,False,2174,508,168959,0.005995267515209451,0.00300664658289881,108.40295173809572,68.24302395504978,198.80094649695812,5.806684620444019,49.41889528048309
PatientID_0213,2,3,linear,3,45.0,True,True,1,False,False,2174,508,34784,0.028788393970304884,0.014604415823367065,37.73592452822641,27.532896197531933,194.24232120593902,4.2261889032186595,12.676180614400197
PatientID_0213,2,3,gompertz,3,45.0,True,True,1,False,True,2174,508,2174,0.030574198359433258,0.01552442256720939,12.806248474865697,7.08985035160809,124.23564504101417,1.4536540834262424,5.107124799231854
PatientID_0213,2,3,oracle_volume_matched,3,45.0,True,True,1,False,False,2174,508,508,0.023622047244094488,0.01195219123505976,11.489125293076057,6.8294420974008805,0.0,0.0,7.794724787666906
PatientID_0213,3,4,persistence,3,51.0,True,True,2,False,False,508,268,508,0.3247422680412371,0.19384615384615383,4.47213595499958,1.9240697526660449,61.855670103092784,0.6392741906197936,1.2773296024903011
PatientID_0213,3,4,geometric_train_rate,3,51.0,True,True,2,False,False,508,268,580,0.39858490566037735,0.24889543446244478,4.47213595499958,1.890965821864395,73.58490566037736,0.7717903078790584,1.2372639913046553
PatientID_0213,3,4,last_rate,3,51.0,True,True,2,False,False,508,268,97,0.2356164383561644,0.13354037267080746,6.6332495807108,2.50448543461643,93.6986301369863,-1.0154544809944699,4.2795947190672665
PatientID_0213,3,4,linear,3,51.0,True,True,2,False,False,508,268,0,0.0,0.0,,,200.0,-7.6708948313621175,
PatientID_0213,3,4,gompertz,3,51.0,True,True,2,False,True,508,268,508,0.3247422680412371,0.19384615384615383,4.47213595499958,1.9240697526660449,61.855670103092784,0.6392741906197936,1.2773296024903011
PatientID_0213,3,4,oracle_volume_matched,3,51.0,True,True,2,False,False,508,268,268,0.332089552238806,0.19910514541387025,5.656854249492381,2.035752519330375,0.0,0.0,2.405637268183366
PatientID_0213,4,5,persistence,3,119.0,True,True,3,False,False,268,265,268,0.600375234521576,0.4289544235924933,2.8284271247461903,1.309164575407417,1.125703564727955,0.011251876797434847,2.212906068944767
PatientID_0213,4,5,geometric_train_rate,3,119.0,True,True,3,False,False,268,265,364,0.6136724960254372,0.4426605504587156,2.8284271247461903,1.4496613412041468,31.478537360890304,0.3172958023947522,2.1746161397989936
PatientID_0213,4,5,last_rate,3,119.0,True,True,3,False,False,268,265,60,0.3384615384615385,0.2037037037037037,8.246211251235321,3.118692411716876,126.15384615384616,-1.4837756844589212,3.68320686575553
PatientID_0213,4,5,linear,3,119.0,True,True,3,False,False,268,265,0,0.0,0.0,,,200.0,-7.659642954564682,
PatientID_0213,4,5,gompertz,3,119.0,True,True,3,False,True,268,265,268,0.600375234521576,0.4289544235924933,2.8284271247461903,1.309164575407417,1.125703564727955,0.011251876797434847,2.212906068944767
PatientID_0213,4,5,oracle_volume_matched,3,119.0,True,True,3,False,False,268,265,265,0.6037735849056604,0.43243243243243246,2.8284271247461903,1.3042650333890295,0.0,0.0,2.029767789716568
PatientID_0214,2,3,persistence,1,15.0,True,True,1,False,False,174,1992,174,0.10341643582640812,0.054527750730282376,24.466272259104247,10.350374496475268,167.86703601108033,-2.437183755079828,14.848880390053319
PatientID_0214,2,3,geometric_train_rate,1,15.0,True,True,1,False,False,174,1992,183,0.10390804597701149,0.0548011639185257,24.45809363946781,10.329911636992579,166.3448275862069,-2.386788207408466,14.866240432087032
PatientID_0214,2,3,last_rate,1,15.0,True,True,1,False,False,174,1992,391,0.20478388585816198,0.11407199625993455,22.886669395392378,8.927212837100118,134.36844313890055,-1.6279299851907516,15.090289610563415
PatientID_0214,2,3,linear,1,15.0,True,True,1,False,False,174,1992,201,0.11035111719106247,0.0583976833976834,24.454004329649592,10.299596530587676,163.33789329685362,-2.2930305818672503,14.895554291819696
PatientID_0214,2,3,gompertz,1,15.0,True,True,1,False,True,174,1992,174,0.10341643582640812,0.054527750730282376,24.466272259104247,10.350374496475268,167.86703601108033,-2.437183755079828,14.848880390053319
PatientID_0214,2,3,oracle_volume_matched,1,15.0,True,True,1,False,False,174,1992,1992,0.3569277108433735,0.21723189734188816,15.748015748023622,6.028419959252913,0.0,0.0,12.0550275961403
PatientID_0214,3,4,persistence,1,98.0,True,True,2,False,False,1992,91,1992,0.07489198271723475,0.03890274314214464,17.134664708015134,7.533240685318648,182.52520403264523,3.0847249968509756,5.65812612623717
PatientID_0214,3,4,geometric_train_rate,1,98.0,True,True,2,False,False,1992,91,2776,0.060690617370073245,0.031294964028776975,17.686023941389937,8.649378639360455,187.3038018835019,3.41657915910255,5.176227390224987
PatientID_0214,3,4,last_rate,1,98.0,True,True,2,False,False,1992,91,165088,0.001101834979022757,0.0005512211668928087,104.61357464497617,66.58771002646526,199.77963300419546,7.5020025108872,46.417030830030576
PatientID_0214,3,4,linear,1,98.0,True,True,2,False,False,1992,91,13870,0.013036315450182651,0.006560922855082913,30.0,19.68610052248101,197.39273690996347,5.025260335196114,6.26987974085115
PatientID_0214,3,4,gompertz,1,98.0,True,True,2,False,True,1992,91,1992,0.07489198271723475,0.03890274314214464,17.134664708015134,7.533240685318648,182.52520403264523,3.0847249968509756,5.65812612623717
PatientID_0214,3,4,oracle_volume_matched,1,98.0,True,True,2,False,False,1992,91,91,0.14285714285714285,0.07692307692307693,11.134079824544042,4.886615615184849,0.0,0.0,8.594867923302111
PatientID_0214,4,5,persistence,1,91.0,True,True,3,False,False,91,7,91,0.0,0.0,40.81402842241235,26.991809883049097,171.42857142857142,2.548622464174108,28.55175992486962
PatientID_0214,4,5,geometric_train_rate,1,91.0,True,True,3,False,False,91,7,124,0.0,0.0,40.50925256333153,26.94616775415757,178.6259541984733,2.8576793962106226,28.53386392618961
PatientID_0214,4,5,last_rate,1,91.0,True,True,3,False,False,91,7,4,0.0,0.0,27.566569974169973,26.31063783612926,54.54545454545455,-0.5465437063680699,27.785163417234916
PatientID_0214,4,5,linear,1,91.0,True,True,3,False,False,91,7,0,0.0,0.0,,,200.0,-4.04305126783455,
PatientID_0214,4,5,gompertz,1,91.0,True,True,3,False,True,91,7,91,0.0,0.0,40.81402842241235,26.991809883049097,171.42857142857142,2.548622464174108,28.55175992486962
PatientID_0214,4,5,oracle_volume_matched,1,91.0,True,True,3,False,False,91,7,7,0.0,0.0,28.78811542847683,26.603129064985087,0.0,0.0,28.300140621270312
PatientID_0214,5,6,persistence,1,99.0,True,True,4,False,False,7,18,7,0.0,0.0,28.857181545406227,25.839385893204444,88.0,-0.9336824745860243,27.445454276499728
PatientID_0214,5,6,geometric_train_rate,1,99.0,True,True,4,False,False,7,18,10,0.0,0.0,28.180552736414057,25.19476658807364,57.142857142857146,-0.5822845877481356,27.33188794733054
PatientID_0214,5,6,last_rate,1,99.0,True,True,4,False,False,7,18,0,0.0,0.0,,,200.0,-4.976733742420574,
PatientID_0214,5,6,linear,1,99.0,True,True,4,False,False,7,18,0,0.0,0.0,,,200.0,-4.976733742420574,
PatientID_0214,5,6,gompertz,1,99.0,True,True,4,False,True,7,18,7,0.0,0.0,28.857181545406227,25.839385893204444,88.0,-0.9336824745860243,27.445454276499728
PatientID_0214,5,6,oracle_volume_matched,1,99.0,True,True,4,False,False,7,18,18,0.0,0.0,27.603850885125,24.649133076515174,0.0,0.0,27.27477919703317
PatientID_0215,1,2,persistence,2,56.0,True,False,0,False,False,1436,844,1436,0.39473684210526316,0.2459016393442623,7.211102550927978,2.1449349616993656,51.92982456140351,0.5314032052785229,2.3979882940574555
PatientID_0215,1,2,geometric_train_rate,2,56.0,True,False,0,False,False,1436,844,1646,0.39437751004016064,0.24562281140570286,6.75123104053671,2.28736268358318,64.41767068273093,0.6678787321353782,1.870341494012989
PatientID_0215,1,2,last_rate,2,56.0,True,False,0,False,True,1436,844,1436,0.39473684210526316,0.2459016393442623,7.211102550927978,2.1449349616993656,51.92982456140351,0.5314032052785229,2.3979882940574555
PatientID_0215,1,2,linear,2,56.0,True,False,0,False,True,1436,844,1436,0.39473684210526316,0.2459016393442623,7.211102550927978,2.1449349616993656,51.92982456140351,0.5314032052785229,2.3979882940574555
PatientID_0215,1,2,gompertz,2,56.0,True,False,0,False,True,1436,844,1436,0.39473684210526316,0.2459016393442623,7.211102550927978,2.1449349616993656,51.92982456140351,0.5314032052785229,2.3979882940574555
PatientID_0215,1,2,oracle_volume_matched,2,56.0,True,False,0,False,False,1436,844,844,0.43364928909952605,0.27685325264750377,7.211102550927978,2.1077443709496495,0.0,0.0,3.833431885134911
PatientID_0215,2,3,persistence,2,56.0,True,True,1,False,False,844,465,844,0.5546218487394958,0.38372093023255816,8.246211251235321,1.881939320488345,57.90679908326967,0.5959944012282195,2.376506444051214
PatientID_0215,2,3,geometric_train_rate,2,56.0,True,True,1,False,False,844,465,967,0.5223463687150838,0.3534971644612476,8.246211251235321,2.0512008901505885,70.11173184357541,0.7320215662028321,2.1120927018646087
PatientID_0215,2,3,last_rate,2,56.0,True,True,1,False,False,844,465,496,0.5161290322580645,0.34782608695652173,6.0,1.6146270895644483,6.451612903225806,0.06452172443644288,1.6926755089669367
PatientID_0215,2,3,linear,2,56.0,True,True,1,False,False,844,465,252,0.41283124128312415,0.2601054481546573,7.483314773547883,2.3187391529238,59.41422594142259,-0.6123811903924108,1.0932663191274585
PatientID_0215,2,3,gompertz,2,56.0,True,True,1,False,True,844,465,844,0.5546218487394958,0.38372093023255816,8.246211251235321,1.881939320488345,57.90679908326967,0.5959944012282195,2.376506444051214
PatientID_0215,2,3,oracle_volume_matched,2,56.0,True,True,1,False,False,844,465,465,0.5053763440860215,0.3381294964028777,6.0,1.6487994870904783,0.0,0.0,1.592960581154272
PatientID_0215,3,4,persistence,2,22.0,True,True,2,False,False,465,395,465,0.13488372093023257,0.07231920199501247,7.211102550927978,3.3960752602924944,16.27906976744186,0.16310401613100475,6.310309831096606
PatientID_0215,3,4,geometric_train_rate,2,22.0,True,True,2,False,False,465,395,491,0.1489841986455982,0.08048780487804878,7.211102550927978,3.3282104206499503,21.670428893905193,0.21749650734284204,6.325663855535283
PatientID_0215,3,4,last_rate,2,22.0,True,True,2,False,False,465,395,368,0.0891218872870249,0.04663923182441701,8.246211251235321,3.785324492007028,7.077326343381389,-0.0707796161299307,7.264532850205117
PatientID_0215,3,4,linear,2,22.0,True,True,2,False,False,465,395,316,0.06188466947960619,0.03193033381712627,8.48528137423857,3.9511721334139187,22.22222222222222,-0.2230644655456525,7.2238899357311
PatientID_0215,3,4,gompertz,2,22.0,True,True,2,False,False,465,395,1472,0.2088912694161757,0.1166267942583732,8.246211251235321,3.5179536070863078,115.37225495447241,1.3152600436259307,6.168328940730331
PatientID_0215,3,4,oracle_volume_matched,2,22.0,True,True,2,False,False,465,395,395,0.10886075949367088,0.05756358768406961,8.246211251235321,3.690214398198753,0.0,0.0,7.1380015084314365
PatientID_0215,4,5,persistence,2,48.0,True,True,3,False,False,395,539,395,0.5910064239828694,0.4194528875379939,2.8284271247461903,1.1244304557329963,30.83511777301927,-0.31074528443222543,2.3661337266156086
PatientID_0215,4,5,geometric_train_rate,2,48.0,True,True,3,False,False,395,539,444,0.5879959308240081,0.4164265129682997,2.8284271247461903,1.1806920206949685,19.328585961342828,-0.1938414006268161,2.374867983158133
PatientID_0215,4,5,last_rate,2,48.0,True,True,3,False,False,395,539,277,0.5098039215686274,0.34210526315789475,9.797958971132712,2.0249422326109268,64.2156862745098,-0.6654787870315317,2.4990395074761786
PatientID_0215,4,5,linear,2,48.0,True,True,3,False,False,395,539,242,0.47631241997439183,0.3126050420168067,11.313708498984761,2.418917341437088,76.05633802816901,-0.8004933332408471,2.5158976365743246
PatientID_0215,4,5,gompertz,2,48.0,True,True,3,False,False,395,539,1485,0.4871541501976285,0.32201175702155455,4.47213595499958,2.149285792543605,93.47826086956522,1.0133067678104444,2.45403276591036
PatientID_0215,4,5,oracle_volume_matched,2,48.0,True,True,3,False,False,395,539,539,0.5936920222634509,0.42216358839050133,2.8284271247461903,1.2278652123708247,0.0,0.0,2.3319688005162025
PatientID_0215,5,6,persistence,2,56.0,True,True,4,False,False,539,388,539,0.36893203883495146,0.2261904761904762,7.483314773547883,2.1924040464388774,32.5782092772384,0.328620002280264,4.441471193795143
PatientID_0215,5,6,geometric_train_rate,2,56.0,True,True,4,False,False,539,388,618,0.40357852882703776,0.25280199252801994,7.483314773547883,2.179449124694953,45.72564612326044,0.4653632496892333,4.5074696500905
PatientID_0215,5,6,last_rate,2,56.0,True,True,4,False,False,539,388,775,0.41616509028374893,0.26275787187839306,8.246211251235321,2.3178686677516143,66.55202063628546,0.6916968539822987,4.673449340401892
PatientID_0215,5,6,linear,2,56.0,True,True,4,False,False,539,388,707,0.410958904109589,0.25862068965517243,7.483314773547883,2.235092304817175,58.2648401826484,0.5998800009755766,4.615631324127697
PatientID_0215,5,6,gompertz,2,56.0,True,True,4,False,False,539,388,1501,0.36315510852302807,0.221862871927555,11.435657878778711,3.4353473174811096,117.84012705134992,1.3526426532931042,4.402476369422965
PatientID_0215,5,6,oracle_volume_matched,2,56.0,True,True,4,False,False,539,388,388,0.3865979381443299,0.23961661341853036,6.324555320336759,2.0122807412098482,0.0,0.0,4.972730932601094
PatientID_0235,1,3,persistence,4,183.0,True,False,0,False,False,38,185,38,0.0,0.0,20.93317318789116,14.444747090909141,131.83856502242153,-1.5801610376603872,19.507665447403213
PatientID_0235,1,3,geometric_train_rate,4,183.0,True,False,0,False,False,38,185,53,0.0,0.0,20.43477898846758,13.416210100807993,110.92436974789916,-1.248383645343382,20.177923647647532
PatientID_0235,1,3,last_rate,4,183.0,True,False,0,False,True,38,185,38,0.0,0.0,20.93317318789116,14.444747090909141,131.83856502242153,-1.5801610376603872,19.507665447403213
PatientID_0235,1,3,linear,4,183.0,True,False,0,False,True,38,185,38,0.0,0.0,20.93317318789116,14.444747090909141,131.83856502242153,-1.5801610376603872,19.507665447403213
PatientID_0235,1,3,gompertz,4,183.0,True,False,0,False,True,38,185,38,0.0,0.0,20.93317318789116,14.444747090909141,131.83856502242153,-1.5801610376603872,19.507665447403213
PatientID_0235,1,3,oracle_volume_matched,4,183.0,True,False,0,False,False,38,185,185,0.005405405405405406,0.0027100271002710027,18.547236990991408,11.554289344505257,0.0,0.0,18.55828321321153
PatientID_0235,3,6,persistence,4,404.0,False,True,1,False,False,185,10,185,0.0,0.0,21.531354364636936,15.331068385219357,179.48717948717947,2.90602365959536,19.115870589651237
PatientID_0235,3,6,geometric_train_rate,4,404.0,False,True,1,False,False,185,10,383,0.0,0.0,21.633307652783937,15.880297959538636,189.82188295165395,3.633353693697873,19.204794722258494
PatientID_0235,3,6,last_rate,4,404.0,False,True,1,False,False,185,10,5851,0.0030711482682136155,0.0015379357484620643,27.82790864934942,17.61753216447412,199.31752260706364,6.3593816164368535,17.721875102020547
PatientID_0235,3,6,linear,4,404.0,False,True,1,False,False,185,10,510,0.0,0.0,22.06804152578089,15.485501836149783,192.30769230769232,3.919648180733367,20.273083349523638
PatientID_0235,3,6,gompertz,4,404.0,False,True,1,False,True,185,10,185,0.0,0.0,21.531354364636936,15.331068385219357,179.48717948717947,2.90602365959536,19.115870589651237
PatientID_0235,3,6,oracle_volume_matched,4,404.0,False,True,1,False,False,185,10,10,0.0,0.0,24.426496987756426,20.97662772502317,0.0,0.0,15.235484895466907
PatientID_0236,1,3,persistence,0,126.0,True,False,0,False,False,844,0,844,0.0,0.0,,,200.0,8.817742129574842,
PatientID_0236,1,3,geometric_train_rate,0,126.0,True,False,0,False,False,844,0,1139,0.0,0.0,,,200.0,9.117457244496126,
PatientID_0236,1,3,last_rate,0,126.0,True,False,0,False,True,844,0,844,0.0,0.0,,,200.0,8.817742129574842,
PatientID_0236,1,3,linear,0,126.0,True,False,0,False,True,844,0,844,0.0,0.0,,,200.0,8.817742129574842,
PatientID_0236,1,3,gompertz,0,126.0,True,False,0,False,True,844,0,844,0.0,0.0,,,200.0,8.817742129574842,
PatientID_0236,1,3,oracle_volume_matched,0,126.0,True,False,0,False,False,844,0,0,1.0,1.0,,,0.0,0.0,
PatientID_0237,1,3,persistence,3,11.0,False,False,0,False,False,182,1262,182,0.06925207756232687,0.035868005738880916,24.413111231467404,11.247482781061196,149.58448753462605,-1.9358588228091163,18.99241946735077
PatientID_0237,1,3,geometric_train_rate,3,11.0,False,False,0,False,False,182,1262,187,0.07453416149068323,0.03870967741935484,24.413111231467404,11.226120775413131,148.37819185645273,-1.9087752445846926,18.972028867895855
PatientID_0237,1,3,last_rate,3,11.0,False,False,0,False,True,182,1262,182,0.06925207756232687,0.035868005738880916,24.413111231467404,11.247482781061196,149.58448753462605,-1.9358588228091163,18.99241946735077
PatientID_0237,1,3,linear,3,11.0,False,False,0,False,True,182,1262,182,0.06925207756232687,0.035868005738880916,24.413111231467404,11.247482781061196,149.58448753462605,-1.9358588228091163,18.99241946735077
PatientID_0237,1,3,gompertz,3,11.0,False,False,0,False,True,182,1262,182,0.06925207756232687,0.035868005738880916,24.413111231467404,11.247482781061196,149.58448753462605,-1.9358588228091163,18.99241946735077
PatientID_0237,1,3,oracle_volume_matched,3,11.0,False,False,0,False,False,182,1262,1262,0.1949286846275753,0.10798946444249341,18.973665961010276,7.306497888911796,0.0,0.0,16.408022693243918
PatientID_0238,1,3,persistence,3,92.0,True,False,0,True,False,1546,9537,1546,0.24307497969863756,0.13835250616269515,21.2602916254693,8.96168229274184,144.20283316791483,-1.8194402766448616,10.126408724476164
PatientID_0238,1,3,geometric_train_rate,3,92.0,True,False,0,True,False,1546,9537,1961,0.30353104887806576,0.17891930687993438,21.2602916254693,8.933599791455796,131.77943990259175,-1.5816737891869157,10.067754852469498
PatientID_0238,1,3,last_rate,3,92.0,True,False,0,True,True,1546,9537,1546,0.24307497969863756,0.13835250616269515,21.2602916254693,8.96168229274184,144.20283316791483,-1.8194402766448616,10.126408724476164
PatientID_0238,1,3,linear,3,92.0,True,False,0,True,True,1546,9537,1546,0.24307497969863756,0.13835250616269515,21.2602916254693,8.96168229274184,144.20283316791483,-1.8194402766448616,10.126408724476164
PatientID_0238,1,3,gompertz,3,92.0,True,False,0,True,True,1546,9537,1546,0.24307497969863756,0.13835250616269515,21.2602916254693,8.96168229274184,144.20283316791483,-1.8194402766448616,10.126408724476164
PatientID_0238,1,3,oracle_volume_matched,3,92.0,True,False,0,True,False,1546,9537,9537,0.66341616860648,0.4963520828430219,12.165525060596439,4.771931285316115,0.0,0.0,9.210437934851974
PatientID_0238,3,6,persistence,3,202.0,True,True,1,True,False,9537,7510,9537,0.43186484425412097,0.2754002693401167,17.88854381999832,6.304100853925965,23.781310494515164,0.2389399672463379,11.571444754895397
PatientID_0238,3,6,geometric_train_rate,3,202.0,True,True,1,True,False,9537,7510,16073,0.43777297205614213,0.28022365778187935,16.492422502470642,7.199582277301975,72.62010770470253,0.7608965124625612,8.440971223246333
PatientID_0238,3,6,last_rate,3,202.0,True,True,1,True,False,9537,7510,171424,0.08109135211865828,0.04225909983166258,72.02777242147643,35.716124607418756,183.21168699073402,3.1278886387728355,35.58676435237657
PatientID_0238,3,6,linear,3,202.0,True,True,1,True,False,9537,7510,27082,0.36551803885291395,0.2236292889989388,21.354156504062622,9.594276658591362,113.15911193339501,1.2826218060502657,5.024388595379689
PatientID_0238,3,6,gompertz,3,202.0,True,True,1,True,True,9537,7510,9537,0.43186484425412097,0.2754002693401167,17.88854381999832,6.304100853925965,23.781310494515164,0.2389399672463379,11.571444754895397
PatientID_0238,3,6,oracle_volume_matched,3,202.0,True,True,1,True,False,9537,7510,7510,0.41491344873501995,0.26176075268817206,20.45966331477734,6.682803749280021,0.0,0.0,11.787431175499554
PatientID_0239,3,6,persistence,4,287.0,True,True,1,True,False,26,425,26,0.0,0.0,44.95325261440961,32.803156345416824,176.940133037694,-2.7894905330423847,37.08064957764991
PatientID_0239,3,6,geometric_train_rate,4,287.0,True,True,1,True,False,26,425,44,0.0,0.0,44.837439181614926,31.730160085507116,162.4733475479744,-2.2653567280738987,37.30229948145469
PatientID_0239,3,6,last_rate,4,287.0,True,True,1,True,False,26,425,4744,0.0027084542464693366,0.0013560635412630763,24.413111231467404,17.55137580010691,167.11162700715806,2.4122790460755836,34.660338466705845
PatientID_0239,3,6,linear,4,287.0,True,True,1,True,False,26,425,67,0.0040650406504065045,0.002036659877800407,43.963598720080114,30.20673228920794,145.52845528455285,-1.845826690498331,36.96709264465758
PatientID_0239,3,6,gompertz,4,287.0,True,True,1,True,True,26,425,26,0.0,0.0,44.95325261440961,32.803156345416824,176.940133037694,-2.7894905330423847,37.08064957764991
PatientID_0239,3,6,oracle_volume_matched,4,287.0,True,True,1,True,False,26,425,425,0.01647058823529412,0.00830367734282325,39.293765408777,21.137708965622807,0.0,0.0,37.5000063298726
PatientID_0250,1,2,persistence,3,70.0,True,False,0,True,False,271,1536,271,0.08301051466519092,0.04330254041570439,19.79898987322333,9.136273092882048,140.01106806862202,-1.7344383214577228,14.433349408724213
PatientID_0250,1,2,geometric_train_rate,3,70.0,True,False,0,True,False,271,1536,325,0.09457281031703385,0.049633389734912575,19.79898987322333,9.169787280306046,130.14508328855453,-1.5528085668359457,14.413888487316072
PatientID_0250,1,2,last_rate,3,70.0,True,False,0,True,True,271,1536,271,0.08301051466519092,0.04330254041570439,19.79898987322333,9.136273092882048,140.01106806862202,-1.7344383214577228,14.433349408724213
PatientID_0250,1,2,linear,3,70.0,True,False,0,True,True,271,1536,271,0.08301051466519092,0.04330254041570439,19.79898987322333,9.136273092882048,140.01106806862202,-1.7344383214577228,14.433349408724213
PatientID_0250,1,2,gompertz,3,70.0,True,False,0,True,True,271,1536,271,0.08301051466519092,0.04330254041570439,19.79898987322333,9.136273092882048,140.01106806862202,-1.7344383214577228,14.433349408724213
PatientID_0250,1,2,oracle_volume_matched,3,70.0,True,False,0,True,False,271,1536,1536,0.26953125,0.15575620767494355,14.2828568570857,6.86517254390063,0.0,0.0,14.638882589771152
PatientID_0250,2,3,persistence,3,14.0,True,True,1,True,False,1536,206,1536,0.07577497129735936,0.03937947494033413,18.883817818647763,7.512620445850744,152.69804822043628,2.0085355097249984,16.712894780225646
PatientID_0250,2,3,geometric_train_rate,3,14.0,True,True,1,True,False,1536,206,1593,0.07337409672040023,0.038084246970571264,18.973665961010276,7.543877216326804,154.19677598665925,2.044969994250617,16.746403052013115
PatientID_0250,2,3,last_rate,3,14.0,True,True,1,True,False,1536,206,2172,0.07485281749369217,0.03888160768894714,20.01995024844835,8.012258332167267,165.34903280067283,2.3549784491626555,16.982785211600106
PatientID_0250,2,3,linear,3,14.0,True,True,1,True,False,1536,206,1789,0.07719298245614035,0.040145985401459854,19.313155998905764,7.627141851667747,158.6967418546366,2.1609991716246175,16.594687036326278
PatientID_0250,2,3,gompertz,3,14.0,True,True,1,True,True,1536,206,1536,0.07577497129735936,0.03937947494033413,18.883817818647763,7.512620445850744,152.69804822043628,2.0085355097249984,16.712894780225646
PatientID_0250,2,3,oracle_volume_matched,3,14.0,True,True,1,True,False,1536,206,206,0.0,0.0,14.831784001897418,9.57398121041374,0.0,0.0,16.97207900454859
PatientID_0251,1,2,persistence,0,77.0,True,False,0,True,False,130,333,130,0.06047516198704104,0.031180400890868598,12.0,6.526715470412325,87.6889848812095,-0.9400222679849761,11.787681944900392
PatientID_0251,1,2,geometric_train_rate,0,77.0,True,False,0,True,False,130,333,156,0.0736196319018405,0.03821656050955414,11.96643191323984,6.456807449348021,72.39263803680981,-0.7578608264743673,11.789656465925141
PatientID_0251,1,2,last_rate,0,77.0,True,False,0,True,True,130,333,130,0.06047516198704104,0.031180400890868598,12.0,6.526715470412325,87.6889848812095,-0.9400222679849761,11.787681944900392
PatientID_0251,1,2,linear,0,77.0,True,False,0,True,True,130,333,130,0.06047516198704104,0.031180400890868598,12.0,6.526715470412325,87.6889848812095,-0.9400222679849761,11.787681944900392
PatientID_0251,1,2,gompertz,0,77.0,True,False,0,True,True,130,333,130,0.06047516198704104,0.031180400890868598,12.0,6.526715470412325,87.6889848812095,-0.9400222679849761,11.787681944900392
PatientID_0251,1,2,oracle_volume_matched,0,77.0,True,False,0,True,False,130,333,333,0.12912912912912913,0.06902086677367576,11.313708498984761,5.858580775176651,0.0,0.0,11.720901915120107
PatientID_0251,2,3,persistence,0,21.0,True,True,1,True,False,333,1245,333,0.22306717363751585,0.12553495007132667,12.328828005937952,5.287213466483534,115.5893536121673,-1.3184734105452207,9.043433746487551
PatientID_0251,2,3,geometric_train_rate,0,21.0,True,True,1,True,False,333,1245,350,0.23322884012539186,0.1320085166784954,12.328828005937952,5.238476784838384,112.2257053291536,-1.2687009718850573,9.079699152075444
PatientID_0251,2,3,last_rate,0,21.0,True,True,1,True,False,333,1245,430,0.2782089552238806,0.16158113730929266,12.107591289387681,5.4064256601444995,97.31343283582089,-1.0629153413476853,8.875981894496373
PatientID_0251,2,3,linear,0,21.0,True,True,1,True,False,333,1245,388,0.2608695652173913,0.15,12.328828005937952,5.487946711749222,104.96019595835885,-1.1656637527775864,9.01835500772147
PatientID_0251,2,3,gompertz,0,21.0,True,True,1,True,True,333,1245,333,0.22306717363751585,0.12553495007132667,12.328828005937952,5.287213466483534,115.5893536121673,-1.3184734105452207,9.043433746487551
PatientID_0251,2,3,oracle_volume_matched,0,21.0,True,True,1,True,False,333,1245,1245,0.4875502008032129,0.3223579394583112,8.94427190999916,4.191813781409553,0.0,0.0,8.091507901557396
PatientID_0252,1,2,persistence,1,43.0,True,False,0,True,False,1884,1330,1884,0.685749844430616,0.521780303030303,4.47213595499958,2.07269708027598,34.47417548226509,0.34819059936879765,3.1355950110665427
PatientID_0252,1,2,geometric_train_rate,1,43.0,True,False,0,True,False,1884,1330,2179,0.664576802507837,0.49765258215962443,4.898979485566356,2.3226833683376498,48.38985465944714,0.4936504973014837,2.9826569850949225
PatientID_0252,1,2,last_rate,1,43.0,True,False,0,True,True,1884,1330,1884,0.685749844430616,0.521780303030303,4.47213595499958,2.07269708027598,34.47417548226509,0.34819059936879765,3.1355950110665427
PatientID_0252,1,2,linear,1,43.0,True,False,0,True,True,1884,1330,1884,0.685749844430616,0.521780303030303,4.47213595499958,2.07269708027598,34.47417548226509,0.34819059936879765,3.1355950110665427
PatientID_0252,1,2,gompertz,1,43.0,True,False,0,True,True,1884,1330,1884,0.685749844430616,0.521780303030303,4.47213595499958,2.07269708027598,34.47417548226509,0.34819059936879765,3.1355950110665427
PatientID_0252,1,2,oracle_volume_matched,1,43.0,True,False,0,True,False,1884,1330,1330,0.6842105263157895,0.52,4.47213595499958,2.2725374594485586,0.0,0.0,3.1512960057591957
PatientID_0252,2,3,persistence,1,55.0,True,True,1,True,False,1330,4856,1330,0.12900096993210475,0.06894764126490409,39.242833740697165,15.77539252770507,113.99935337859684,-1.2949678719970419,43.63418258698828
PatientID_0252,2,3,geometric_train_rate,1,55.0,True,True,1,True,False,1330,4856,1602,0.1409104986063797,0.07579543561552557,39.03844259188627,15.622923774901304,100.77423350882626,-1.1089099217089493,43.57220797000849
PatientID_0252,2,3,last_rate,1,55.0,True,True,1,True,False,1330,4856,852,0.08934828311142257,0.04676324958738309,41.617304093369626,18.448875105265575,140.29432375613175,-1.740262844075988,44.56737528637656
PatientID_0252,2,3,linear,1,55.0,True,True,1,True,False,1330,4856,621,0.06682490414460471,0.03456743483188515,54.4426303552648,25.78080170887389,154.6467044002191,-2.0564637238364525,44.73861907370139
PatientID_0252,2,3,gompertz,1,55.0,True,True,1,True,True,1330,4856,1330,0.12900096993210475,0.06894764126490409,39.242833740697165,15.77539252770507,113.99935337859684,-1.2949678719970419,43.63418258698828
PatientID_0252,2,3,oracle_volume_matched,1,55.0,True,True,1,True,False,1330,4856,4856,0.16165568369028008,0.08793547664388933,33.46640106136302,12.537750675636437,0.0,0.0,41.195112645500075
PatientID_0254,1,2,persistence,0,68.0,True,False,0,True,False,34,645,34,0.011782032400589101,0.005925925925925926,24.02079728939615,12.143802935784842,179.9705449189985,-2.9394138429637673,12.405584350405132
PatientID_0254,1,2,geometric_train_rate,0,68.0,True,False,0,True,False,34,645,40,0.01167883211678832,0.005873715124816446,24.0,12.012562149655281,176.64233576642334,-2.7774445150187113,13.243607933742922
PatientID_0254,1,2,last_rate,0,68.0,True,False,0,True,True,34,645,34,0.011782032400589101,0.005925925925925926,24.02079728939615,12.143802935784842,179.9705449189985,-2.9394138429637673,12.405584350405132
PatientID_0254,1,2,linear,0,68.0,True,False,0,True,True,34,645,34,0.011782032400589101,0.005925925925925926,24.02079728939615,12.143802935784842,179.9705449189985,-2.9394138429637673,12.405584350405132
PatientID_0254,1,2,gompertz,0,68.0,True,False,0,True,True,34,645,34,0.011782032400589101,0.005925925925925926,24.02079728939615,12.143802935784842,179.9705449189985,-2.9394138429637673,12.405584350405132
PatientID_0254,1,2,oracle_volume_matched,0,68.0,True,False,0,True,False,34,645,646,0.061967467079783116,0.0319744204636291,18.547236990991408,8.08653380512771,0.15491866769945778,0.0015488870473121612,13.41023618057064
PatientID_0254,2,3,persistence,0,44.0,True,True,1,True,False,645,981,645,0.45141451414514144,0.2915011914217633,4.898979485566356,1.7435791168961339,41.32841328413284,-0.4192557759780866,2.896073668056223
PatientID_0254,2,3,geometric_train_rate,0,44.0,True,True,1,True,False,645,981,716,0.4949911608721273,0.3288958496476116,4.578846837641274,1.6617879748257411,31.231585150265175,-0.31484513971823586,3.1064223823746153
PatientID_0254,2,3,last_rate,0,44.0,True,True,1,True,False,645,981,4260,0.3358137759969472,0.20178858060077964,8.717797887081348,5.160515213749046,125.1287922152261,1.468353909108954,3.41344541991526
PatientID_0254,2,3,linear,0,44.0,True,True,1,True,False,645,981,1040,0.5838693715982187,0.41229909154437455,4.47213595499958,1.5990606545823518,5.8386937159821874,0.05839630477361625,3.576974509257865
PatientID_0254,2,3,gompertz,0,44.0,True,True,1,True,True,645,981,645,0.45141451414514144,0.2915011914217633,4.898979485566356,1.7435791168961339,41.32841328413284,-0.4192557759780866,2.896073668056223
PatientID_0254,2,3,oracle_volume_matched,0,44.0,True,True,1,True,False,645,981,981,0.583078491335372,0.4115107913669065,4.47213595499958,1.5668605502385538,0.0,0.0,3.5033540908409693
PatientID_0254,3,4,persistence,0,8.0,False,True,2,True,False,981,1070,981,0.0,0.0,21.908902300206645,13.260239090742534,8.678693320331545,-0.08683087061567192,29.021450289294865
PatientID_0254,3,4,geometric_train_rate,0,8.0,False,True,2,True,False,981,1070,1000,0.0,0.0,21.908902300206645,13.275684031902578,6.763285024154589,-0.06765047189236173,28.996214517354648
PatientID_0254,3,4,last_rate,0,8.0,False,True,2,True,False,981,1070,1059,0.0,0.0,21.890568168425997,13.306643993887507,1.0333489901362143,-0.010332368544021526,28.96753052604838
PatientID_0254,3,4,linear,0,8.0,False,True,2,True,False,981,1070,1042,0.0,0.0,21.908902300206645,13.296021302751566,2.6515151515151514,-0.026513566331872237,28.93540208833321
PatientID_0254,3,4,gompertz,0,8.0,False,True,2,True,False,981,1070,1462,0.0,0.0,21.447610589527216,12.935898857665588,30.963665086887836,0.3121153929082214,28.594610567657593
PatientID_0254,3,4,oracle_volume_matched,0,8.0,False,True,2,True,False,981,1070,1070,0.0,0.0,21.899735234316342,13.309367992160048,0.0,0.0,28.974623754781618
PatientID_0256,1,2,persistence,4,22.0,True,False,0,False,False,247,943,247,0.1361344537815126,0.07303877366997295,10.198039027185569,4.484187986779248,116.97478991596638,-1.3393045480313324,5.370980168030442
PatientID_0256,1,2,geometric_train_rate,4,22.0,True,False,0,False,False,247,943,257,0.15166666666666667,0.08205590622182146,10.198039027185569,4.4401951975504454,114.33333333333333,-1.299636481548992,5.341845128652372
PatientID_0256,1,2,last_rate,4,22.0,True,False,0,False,True,247,943,247,0.1361344537815126,0.07303877366997295,10.198039027185569,4.484187986779248,116.97478991596638,-1.3393045480313324,5.370980168030442
PatientID_0256,1,2,linear,4,22.0,True,False,0,False,True,247,943,247,0.1361344537815126,0.07303877366997295,10.198039027185569,4.484187986779248,116.97478991596638,-1.3393045480313324,5.370980168030442
PatientID_0256,1,2,gompertz,4,22.0,True,False,0,False,True,247,943,247,0.1361344537815126,0.07303877366997295,10.198039027185569,4.484187986779248,116.97478991596638,-1.3393045480313324,5.370980168030442
PatientID_0256,1,2,oracle_volume_matched,4,22.0,True,False,0,False,False,247,943,943,0.32237539766702017,0.19216182048040456,9.818163074019422,3.61370559354175,0.0,0.0,5.5889379512895845
PatientID_0256,2,3,persistence,4,76.0,True,True,1,False,False,943,1269,943,0.5298372513562387,0.36039360393603936,4.898979485566356,2.1437737894922257,29.475587703435806,-0.29688413609927344,6.679157937477939
PatientID_0256,2,3,geometric_train_rate,4,76.0,True,True,1,False,False,943,1269,1081,0.5642553191489361,0.3930053349140486,4.898979485566356,2.2800274634480604,16.0,-0.1603255209947109,6.713314338855619
PatientID_0256,2,3,last_rate,4,76.0,True,True,1,False,False,943,1269,95588,0.02620357847135468,0.013275724986399966,63.655321851358195,43.73827993751732,194.75928430572907,4.321720910221552,29.506727170252393
PatientID_0256,2,3,linear,4,76.0,True,True,1,False,False,943,1269,3347,0.5307625649913345,0.3612503686228251,8.94427190999916,3.91860603947821,90.03466204506066,0.9697740817703636,6.321929761162749
PatientID_0256,2,3,gompertz,4,76.0,True,True,1,False,True,943,1269,943,0.5298372513562387,0.36039360393603936,4.898979485566356,2.1437737894922257,29.475587703435806,-0.29688413609927344,6.679157937477939
PatientID_0256,2,3,oracle_volume_matched,4,76.0,True,True,1,False,False,943,1269,1269,0.5776201733648542,0.40609418282548476,4.898979485566356,2.3134713906958613,0.0,0.0,6.868428704196537
PatientID_0256,3,4,persistence,4,51.0,True,True,2,False,False,1269,770,1269,0.16674840608141245,0.0909577314071696,13.114877048604,5.053607360262214,48.945561549779306,0.49953012628665205,10.965077000939143
PatientID_0256,3,4,geometric_train_rate,4,51.0,True,True,2,False,False,1269,770,1391,0.1897269782508098,0.10480572597137014,13.25133695013982,5.279878701370458,57.47339194817214,0.5913152119588544,10.856490160784288
PatientID_0256,3,4,last_rate,4,51.0,True,True,2,False,False,1269,770,1550,0.2189655172413793,0.12294288480154889,13.258918055780725,5.228682079803867,67.24137931034483,0.6995380124882017,10.913088083387969
PatientID_0256,3,4,linear,4,51.0,True,True,2,False,False,1269,770,1488,0.21169176262178918,0.1183754333828628,13.2664991614216,5.272147539474499,63.596102745792734,0.6587193779063925,10.894718803999364
PatientID_0256,3,4,gompertz,4,51.0,True,True,2,False,False,1269,770,2950,0.20376344086021506,0.11343909009278659,12.806248474865697,5.6811199885286285,117.20430107526882,1.3430499819827815,11.143794836535704
PatientID_0256,3,4,oracle_volume_matched,4,51.0,True,True,2,False,False,1269,770,770,0.15584415584415584,0.08450704225352113,15.362291495737216,5.443837004571014,0.0,0.0,10.992500241610866
PatientID_0256,4,5,persistence,4,23.0,True,True,3,False,False,770,1663,770,0.14385532264693793,0.0775022143489814,12.821771767060685,5.271226031713348,73.40731607069462,-0.7699008023972189,11.16853591554329
PatientID_0256,4,5,geometric_train_rate,4,23.0,True,True,3,False,False,770,1663,803,0.1467964314679643,0.07921225382932166,12.806248474865697,5.248556792557555,69.7485806974858,-0.727943273648369,11.176583518963085
PatientID_0256,4,5,last_rate,4,23.0,True,True,3,False,False,770,1663,615,0.14135206321334504,0.07605101558809636,14.966629547095765,6.013836220512296,92.01053555750659,-0.9946281425458113,9.254720528835984
PatientID_0256,4,5,linear,4,23.0,True,True,3,False,False,770,1663,545,0.1431159420289855,0.07707317073170732,15.231546211727817,6.238675578096438,101.26811594202898,-1.115438515569023,8.704351363480125
PatientID_0256,4,5,gompertz,4,23.0,True,True,3,False,False,770,1663,1641,0.22941888619854722,0.12957264957264958,12.328828005937952,4.857445812617828,1.3317191283292977,-0.013316380477679187,11.501124051571795
PatientID_0256,4,5,oracle_volume_matched,4,23.0,True,True,3,False,False,770,1663,1663,0.22970535177390258,0.1297554347826087,12.328828005937952,4.853314220865246,0.0,0.0,11.581496051425587
PatientID_0259,1,2,persistence,2,133.0,True,False,0,False,False,447,4118,447,0.08674698795180723,0.04534005037783375,17.88854381999832,8.361105351807204,160.83242059145672,-2.2203150440889026,15.531621534307753
PatientID_0259,1,2,geometric_train_rate,2,133.0,True,False,0,False,False,447,4118,618,0.11275337837837837,0.05974490937569926,17.657842084762102,8.049202814421953,147.80405405405406,-1.8964625392911079,15.744115635377192
PatientID_0259,1,2,last_rate,2,133.0,True,False,0,False,True,447,4118,447,0.08674698795180723,0.04534005037783375,17.88854381999832,8.361105351807204,160.83242059145672,-2.2203150440889026,15.531621534307753
PatientID_0259,1,2,linear,2,133.0,True,False,0,False,True,447,4118,447,0.08674698795180723,0.04534005037783375,17.88854381999832,8.361105351807204,160.83242059145672,-2.2203150440889026,15.531621534307753
PatientID_0259,1,2,gompertz,2,133.0,True,False,0,False,True,447,4118,447,0.08674698795180723,0.04534005037783375,17.88854381999832,8.361105351807204,160.83242059145672,-2.2203150440889026,15.531621534307753
PatientID_0259,1,2,oracle_volume_matched,2,133.0,True,False,0,False,False,447,4118,4118,0.44851869839728026,0.2890906245108781,12.806248474865697,5.515688514705394,0.0,0.0,14.121746635808071
PatientID_0264,1,2,persistence,4,115.0,True,False,0,False,False,803,0,803,0.0,0.0,,,200.0,8.76795190976342,
PatientID_0264,1,2,geometric_train_rate,4,115.0,True,False,0,False,False,803,0,987,0.0,0.0,,,200.0,8.97423821949758,
PatientID_0264,1,2,last_rate,4,115.0,True,False,0,False,True,803,0,803,0.0,0.0,,,200.0,8.76795190976342,
PatientID_0264,1,2,linear,4,115.0,True,False,0,False,True,803,0,803,0.0,0.0,,,200.0,8.76795190976342,
PatientID_0264,1,2,gompertz,4,115.0,True,False,0,False,True,803,0,803,0.0,0.0,,,200.0,8.76795190976342,
PatientID_0264,1,2,oracle_volume_matched,4,115.0,True,False,0,False,False,803,0,0,1.0,1.0,,,0.0,0.0,
PatientID_0265,1,2,persistence,1,371.0,False,False,0,False,False,807,85,807,0.06053811659192825,0.03121387283236994,28.284271247461902,13.202761017596002,161.88340807174887,2.2493577864769545,8.276597181469327
PatientID_0265,1,2,geometric_train_rate,1,371.0,False,False,0,False,False,807,85,2836,0.03628894214310168,0.018479776847977684,29.5296461204668,14.841441748863772,188.36015063334474,3.5060731983746267,8.950853337785684
PatientID_0265,1,2,last_rate,1,371.0,False,False,0,False,True,807,85,807,0.06053811659192825,0.03121387283236994,28.284271247461902,13.202761017596002,161.88340807174887,2.2493577864769545,8.276597181469327
PatientID_0265,1,2,linear,1,371.0,False,False,0,False,True,807,85,807,0.06053811659192825,0.03121387283236994,28.284271247461902,13.202761017596002,161.88340807174887,2.2493577864769545,8.276597181469327
PatientID_0265,1,2,gompertz,1,371.0,False,False,0,False,True,807,85,807,0.06053811659192825,0.03121387283236994,28.284271247461902,13.202761017596002,161.88340807174887,2.2493577864769545,8.276597181469327
PatientID_0265,1,2,oracle_volume_matched,1,371.0,False,False,0,False,False,807,85,85,0.011764705882352941,0.005917159763313609,21.335383528343957,10.227943359137674,0.0,0.0,8.458291728353768
PatientID_0267,1,2,persistence,4,62.0,True,False,0,True,False,4641,1833,4641,0.4025332097621254,0.2519822084703152,13.416407864998739,6.413029316535934,86.74698795180723,0.9289346329972139,15.407516770452022
PatientID_0267,1,2,geometric_train_rate,4,62.0,True,False,0,True,False,4641,1833,5188,0.3754450932915539,0.23110643520953883,13.512771730812387,6.991312493187557,95.5704315624555,1.0403501994775846,15.309427884231729
PatientID_0267,1,2,last_rate,4,62.0,True,False,0,True,True,4641,1833,4641,0.4025332097621254,0.2519822084703152,13.416407864998739,6.413029316535934,86.74698795180723,0.9289346329972139,15.407516770452022
PatientID_0267,1,2,linear,4,62.0,True,False,0,True,True,4641,1833,4641,0.4025332097621254,0.2519822084703152,13.416407864998739,6.413029316535934,86.74698795180723,0.9289346329972139,15.407516770452022
PatientID_0267,1,2,gompertz,4,62.0,True,False,0,True,True,4641,1833,4641,0.4025332097621254,0.2519822084703152,13.416407864998739,6.413029316535934,86.74698795180723,0.9289346329972139,15.407516770452022
PatientID_0267,1,2,oracle_volume_matched,4,62.0,True,False,0,True,False,4641,1833,1833,0.5270049099836334,0.35777777777777775,40.84115571332428,8.729574826775961,0.0,0.0,15.966796930560196
PatientID_0270,1,3,persistence,3,196.0,True,False,0,False,False,35,299,35,0.0,0.0,29.086018329164137,21.56003342459782,158.08383233532933,-2.1419484185746276,27.051433881978756
PatientID_0270,1,3,geometric_train_rate,3,196.0,True,False,0,False,False,35,299,58,0.0,0.0,28.142494558940577,20.809698905926176,135.0140056022409,-1.6382656823210169,26.721238595779724
PatientID_0270,1,3,last_rate,3,196.0,True,False,0,False,True,35,299,35,0.0,0.0,29.086018329164137,21.56003342459782,158.08383233532933,-2.1419484185746276,27.051433881978756
PatientID_0270,1,3,linear,3,196.0,True,False,0,False,True,35,299,35,0.0,0.0,29.086018329164137,21.56003342459782,158.08383233532933,-2.1419484185746276,27.051433881978756
PatientID_0270,1,3,gompertz,3,196.0,True,False,0,False,True,35,299,35,0.0,0.0,29.086018329164137,21.56003342459782,158.08383233532933,-2.1419484185746276,27.051433881978756
PatientID_0270,1,3,oracle_volume_matched,3,196.0,True,False,0,False,False,35,299,299,0.0,0.0,29.120439557122072,20.219131472514565,0.0,0.0,27.395116546556867
PatientID_0270,3,6,persistence,3,133.0,True,True,1,False,False,299,239,299,0.6505576208178439,0.4820936639118457,3.3051829925398635,1.5835050676330507,22.304832713754646,0.22387511846812042,3.1339953735081814
PatientID_0270,3,6,geometric_train_rate,3,133.0,True,True,1,False,False,299,239,422,0.5688350983358548,0.3974630021141649,4.47213595499958,2.2053400440914652,55.37065052950076,0.5683150509453149,2.988181664242926
PatientID_0270,3,6,last_rate,3,133.0,True,True,1,False,False,299,239,1264,0.2834331337325349,0.16511627906976745,7.483314773547883,4.92332476652517,136.39387890884896,1.6651490344619175,3.5381994540701696
PatientID_0270,3,6,linear,3,133.0,True,True,1,False,False,299,239,478,0.5383542538354253,0.3683206106870229,4.47213595499958,2.383867290257324,66.66666666666667,0.6928857768203833,3.000956880128415
PatientID_0270,3,6,gompertz,3,133.0,True,True,1,False,True,299,239,299,0.6505576208178439,0.4820936639118457,3.3051829925398635,1.5835050676330507,22.304832713754646,0.22387511846812042,3.1339953735081814
PatientID_0270,3,6,oracle_volume_matched,3,133.0,True,True,1,False,False,299,239,239,0.5857740585774058,0.41420118343195267,4.898979485566356,1.9936360150985402,0.0,0.0,3.5862891004614212
PatientID_0271,1,3,persistence,1,150.0,True,False,0,False,False,532,0,532,0.0,0.0,,,200.0,8.356319965828153,
PatientID_0271,1,3,geometric_train_rate,1,150.0,True,False,0,False,False,532,0,884,0.0,0.0,,,200.0,8.86403999703599,
PatientID_0271,1,3,last_rate,1,150.0,True,False,0,False,True,532,0,532,0.0,0.0,,,200.0,8.356319965828153,
PatientID_0271,1,3,linear,1,150.0,True,False,0,False,True,532,0,532,0.0,0.0,,,200.0,8.356319965828153,
PatientID_0271,1,3,gompertz,1,150.0,True,False,0,False,True,532,0,532,0.0,0.0,,,200.0,8.356319965828153,
PatientID_0271,1,3,oracle_volume_matched,1,150.0,True,False,0,False,False,532,0,0,1.0,1.0,,,0.0,0.0,
PatientID_0272,1,3,persistence,1,119.0,True,False,0,True,False,1034,424,1034,0.22085048010973937,0.12413261372397841,9.16515138991168,3.4731115888322472,83.67626886145405,0.8912827144059527,9.893756314601553
PatientID_0272,1,3,geometric_train_rate,1,119.0,True,False,0,True,False,1034,424,1547,0.21410451547437848,0.11988636363636364,10.0,3.665941704666029,113.95230847285642,1.2941254257557921,10.048520117785877
PatientID_0272,1,3,last_rate,1,119.0,True,False,0,True,True,1034,424,1034,0.22085048010973937,0.12413261372397841,9.16515138991168,3.4731115888322472,83.67626886145405,0.8912827144059527,9.893756314601553
PatientID_0272,1,3,linear,1,119.0,True,False,0,True,True,1034,424,1034,0.22085048010973937,0.12413261372397841,9.16515138991168,3.4731115888322472,83.67626886145405,0.8912827144059527,9.893756314601553
PatientID_0272,1,3,gompertz,1,119.0,True,False,0,True,True,1034,424,1034,0.22085048010973937,0.12413261372397841,9.16515138991168,3.4731115888322472,83.67626886145405,0.8912827144059527,9.893756314601553
PatientID_0272,1,3,oracle_volume_matched,1,119.0,True,False,0,True,False,1034,424,424,0.16981132075471697,0.09278350515463918,7.211102550927978,3.1999230584596714,0.0,0.0,10.48586709272846
PatientID_0272,3,6,persistence,1,168.0,True,True,1,True,False,424,295,424,0.3560500695410292,0.21658206429780033,4.898979485566356,1.8656672895602002,35.88317107093185,0.3626292276987172,3.1702725148994584
PatientID_0272,3,6,geometric_train_rate,1,168.0,True,True,1,True,False,424,295,749,0.39655172413793105,0.24731182795698925,5.656854249492381,2.0093931834430445,86.97318007662835,0.9315068633726724,3.192496076196214
PatientID_0272,3,6,last_rate,1,168.0,True,True,1,True,False,424,295,120,0.15421686746987953,0.0835509138381201,10.198039027185569,3.596772271336262,84.33734939759036,-0.8988661281152204,5.321255813250182
PatientID_0272,3,6,linear,1,168.0,True,True,1,True,False,424,295,0,0.0,0.0,,,200.0,-7.766840537085513,
PatientID_0272,3,6,gompertz,1,168.0,True,True,1,True,True,424,295,424,0.3560500695410292,0.21658206429780033,4.898979485566356,1.8656672895602002,35.88317107093185,0.3626292276987172,3.1702725148994584
PatientID_0272,3,6,oracle_volume_matched,1,168.0,True,True,1,True,False,424,295,295,0.34915254237288135,0.21149897330595482,5.656854249492381,1.989098097379152,0.0,0.0,3.3748346273336325
PatientID_0274,1,3,persistence,4,145.0,True,False,0,True,False,369,716,369,0.2838709677419355,0.16541353383458646,11.601431315875507,3.4858670762061315,63.963133640552996,-0.6627193926646552,8.934488265086824
PatientID_0274,1,3,geometric_train_rate,4,145.0,True,False,0,True,False,369,716,479,0.3514644351464435,0.2131979695431472,11.489125293076057,3.339672297613674,39.66527196652719,-0.4018932090280228,8.82620169460496
PatientID_0274,1,3,last_rate,4,145.0,True,False,0,True,True,369,716,369,0.2838709677419355,0.16541353383458646,11.601431315875507,3.4858670762061315,63.963133640552996,-0.6627193926646552,8.934488265086824
PatientID_0274,1,3,linear,4,145.0,True,False,0,True,True,369,716,369,0.2838709677419355,0.16541353383458646,11.601431315875507,3.4858670762061315,63.963133640552996,-0.6627193926646552,8.934488265086824
PatientID_0274,1,3,gompertz,4,145.0,True,False,0,True,True,369,716,369,0.2838709677419355,0.16541353383458646,11.601431315875507,3.4858670762061315,63.963133640552996,-0.6627193926646552,8.934488265086824
PatientID_0274,1,3,oracle_volume_matched,4,145.0,True,False,0,True,False,369,716,716,0.37988826815642457,0.23448275862068965,11.489125293076057,3.395979398225925,0.0,0.0,8.999071020720917
PatientID_0275,1,3,persistence,1,132.0,True,False,0,False,False,1580,0,1580,0.0,0.0,,,200.0,9.444700778495557,
PatientID_0275,1,3,geometric_train_rate,1,132.0,True,False,0,False,False,1580,0,2471,0.0,0.0,,,200.0,9.891870333195937,
PatientID_0275,1,3,last_rate,1,132.0,True,False,0,False,True,1580,0,1580,0.0,0.0,,,200.0,9.444700778495557,
PatientID_0275,1,3,linear,1,132.0,True,False,0,False,True,1580,0,1580,0.0,0.0,,,200.0,9.444700778495557,
PatientID_0275,1,3,gompertz,1,132.0,True,False,0,False,True,1580,0,1580,0.0,0.0,,,200.0,9.444700778495557,
PatientID_0275,1,3,oracle_volume_matched,1,132.0,True,False,0,False,False,1580,0,0,1.0,1.0,,,0.0,0.0,
