Patient,tp,region,inside_brain_hd,inside_brain_dbt,native_dice,native_assd_mm,native_hd95_mm,native_vol_a_mm3,native_vol_b_mm3,g2_dice,g2_assd_mm,g2_hd95_mm,g2_vol_a_mm3,g2_vol_b_mm3,voxel_mm,skip
Patient-001,week-000-1,enhancing,0.99763389976339,1.0,0.07440082340832231,2.1800075962182954,5.830951894845301,13947.0,13257.0,0.06835592221567471,2.845813248918618,6.324555320336759,13952.0,13200.0,1.00x1.00x1.00,
Patient-001,week-000-1,whole,0.9990236618424075,0.9996870535410572,0.7804439637002808,2.029099359014634,7.615773105863909,52236.0,73495.0,0.7769289533995416,2.109555372225124,7.211102550927978,52144.0,73520.0,1.00x1.00x1.00,
Patient-001,week-000-2,enhancing,,,,,,,,,,,,,,empty hd
Patient-001,week-000-2,whole,1.0,0.98166199238434,0.5528723452504154,4.35556307435389,13.45362404707371,16777.25,43857.0,0.5510312004230565,4.528701745815405,13.416407864998739,16704.0,43808.0,0.50x0.50x1.00,
Patient-001,week-044,enhancing,,,,,,,,,,,,,,empty hd
Patient-001,week-044,whole,1.0,1.0,0.5891790556742381,1.8794637176889504,7.221063548661987,15835.895487202797,37485.88002512406,0.5850728337588227,2.4513874713238284,7.211102550927978,15712.0,37560.0,0.36x0.36x6.00,
Patient-001,week-056,enhancing,,,,,,,,,,,,,,empty dbt
Patient-001,week-056,whole,0.9571020019065777,1.0,0.5401262398557258,12.570258741403613,71.82206809576589,5080.452279936435,5661.628899185598,0.5181102362204725,13.620323889937938,71.63518585020945,4520.0,5640.0,0.90x0.90x6.00,
Patient-002,week-000,enhancing,1.0,1.0,0.06582914572864322,1.8958771375927188,5.474237593608972,16676.89202634465,3562.6188576927234,0.0643879173290938,2.978659760103748,8.246211251235321,16488.0,3640.0,0.90x0.90x0.90,
Patient-002,week-000,whole,1.0,1.0,0.8564686051411715,1.620514454328109,5.6822176706150564,25963.384044673785,34373.7507892718,0.854972007464676,1.6327629534644754,5.656854249492381,25808.0,34208.0,0.90x0.90x0.90,
Patient-002,week-003,enhancing,1.0,1.0,0.003782420749279539,15.422656975102118,25.025033795269767,109.67099436020362,24492.080952623655,0.003887269193391642,15.555400103356833,25.175241915094933,128.0,24568.0,0.43x0.43x6.00,
Patient-002,week-003,whole,1.0,1.0,0.34911176213925077,3.9666164065002687,12.326737977339722,15513.460656770621,73347.73947053982,0.346469474253765,4.45846746712109,12.328828005937952,15368.0,73344.0,0.43x0.43x6.00,
Patient-002,week-021,enhancing,,,,,,,,,,,,,,empty hd
Patient-002,week-021,whole,0.6306414892192312,1.0,,,,,,,,,,,,qc: map outside brain (hd)
Patient-002,week-037,enhancing,1.0,1.0,0.004030452306314375,5.100874299145708,8.847630272968328,4839.9249935326225,107.45541871656314,0.009724473257698542,5.323582455882689,8.86500600197792,4792.0,144.0,0.43x0.43x6.00,
Patient-002,week-037,whole,1.0,1.0,0.6454990917278541,1.7870526470294534,6.874772362841958,23579.26378744378,48990.80863217823,0.6455947136563877,2.412055675304809,6.6332495807108,23584.0,49056.0,0.43x0.43x6.00,
Patient-002,week-040-2,enhancing,,,,,,,,,,,,,,empty hd
Patient-002,week-040-2,whole,0.9995852343425964,0.999928415476574,0.0,52.05432034005446,77.58124770009714,9644.0,27939.0,0.0,52.38503182744744,77.5886589650833,9592.0,27960.0,1.00x1.00x1.00,
Patient-002,week-047,enhancing,0.40945125090085455,1.0,,,,,,,,,,,,qc: map outside brain (hd)
Patient-002,week-047,whole,0.37015330161575766,1.0,,,,,,,,,,,,qc: map outside brain (hd)
Patient-003,week-000-2,enhancing,0.04618473895582329,0.9951459149657875,,,,,,,,,,,,qc: map outside brain (hd)
Patient-003,week-000-2,whole,0.6008179796696315,0.986747933327521,,,,,,,,,,,,qc: map outside brain (hd)
Patient-003,week-014,enhancing,,,,,,,,,,,,,,empty hd
Patient-003,week-014,whole,0.30356520729299735,1.0,,,,,,,,,,,,qc: map outside brain (hd)
Patient-003,week-027,enhancing,,,,,,,,,,,,,,empty hd
Patient-003,week-027,whole,0.019089004423062002,1.0,,,,,,,,,,,,qc: map outside brain (hd)
Patient-003,week-038,enhancing,0.7183424030405113,1.0,,,,,,,,,,,,qc: map outside brain (hd)
Patient-003,week-038,whole,0.6581582105661654,1.0,,,,,,,,,,,,qc: map outside brain (hd)
Patient-004,week-000-1,enhancing,0.6968116874167317,1.0,,,,,,,,,,,,qc: map outside brain (hd)
Patient-004,week-000-1,whole,0.6212542014486121,1.0,,,,,,,,,,,,qc: map outside brain (hd)
Patient-004,week-000-2,enhancing,1.0,0.9900470584697728,0.0,71.93147040707979,94.38749917229505,22.0,66513.0,0.0,72.7389601451498,94.510312047296,8.0,66552.0,1.00x1.00x1.00,
Patient-004,week-000-2,whole,0.7503448275862069,0.994779408618255,,,,,,,,,,,,qc: map outside brain (hd)
Patient-004,week-020,enhancing,,,,,,,,,,,,,,empty hd
Patient-004,week-020,whole,0.49659147783166213,0.9993454370069246,,,,,,,,,,,,qc: map outside brain (hd)
Patient-004,week-038,enhancing,0.9676087646872022,0.9831794195250659,0.0,67.08750112072279,78.45380806563821,15745.0,6064.0,0.0,68.76612133360085,80.72174428244226,15848.0,6080.0,1.00x1.00x1.00,
Patient-004,week-038,whole,0.9783744419466168,0.998169734268294,0.0,58.873767813191805,82.71638289964086,31583.0,87419.0,0.0,59.73446664081589,84.11896337925236,31584.0,87440.0,1.00x1.00x1.00,
Patient-004,week-041,enhancing,1.0,0.998570128688418,0.0,77.02971457747421,93.08598175880189,186.0,23079.0,0.0,79.74224033153368,95.05892432499942,184.0,22952.0,1.00x1.00x1.00,
Patient-004,week-041,whole,0.9745861506178597,0.986955859389877,0.0,52.26833822161314,73.83088784512888,25734.0,105028.0,0.0,52.646765690145884,73.45747068882783,25736.0,105272.0,1.00x1.00x1.00,
Patient-004,week-057,enhancing,0.35470903522205205,0.9877904819724105,,,,,,,,,,,,qc: map outside brain (hd)
Patient-004,week-057,whole,0.5904542804468745,0.9719468432005506,,,,,,,,,,,,qc: map outside brain (hd)
Patient-004,week-071,enhancing,0.0,1.0,,,,,,,,,,,,qc: map outside brain (hd)
Patient-004,week-071,whole,0.8216966058199777,1.0,,,,,,,,,,,,qc: map outside brain (hd)
Patient-004,week-086,enhancing,0.21278607906184982,1.0,,,,,,,,,,,,qc: map outside brain (hd)
Patient-004,week-086,whole,0.8376394317856802,0.9998582699485048,,,,,,,,,,,,qc: map outside brain (hd)
Patient-005,week-000-1,enhancing,0.19702114174475985,1.0,,,,,,,,,,,,qc: map outside brain (hd)
Patient-005,week-000-1,whole,0.2449094698200868,0.9999444517737243,,,,,,,,,,,,qc: map outside brain (hd)
Patient-005,week-000-2,enhancing,0.9918200408997955,0.9937638982886977,0.0,101.54575245407685,124.03709121629767,489.0,82744.0,0.0,101.80180697907933,123.40259098675986,520.0,82656.0,1.00x1.00x1.00,
Patient-005,week-000-2,whole,0.4788490984299655,0.9938911181649398,,,,,,,,,,,,qc: map outside brain (hd)
Patient-005,week-015,enhancing,0.0,0.999975890833695,,,,,,,,,,,,qc: map outside brain (hd)
Patient-005,week-015,whole,0.06330935251798561,0.9997306324749489,,,,,,,,,,,,qc: map outside brain (hd)
Patient-006,week-000,enhancing,1.0,0.9999681954074169,0.0,39.067156519906064,63.57672530100933,40919.0,31442.0,0.0,39.564623507394906,64.28063471995279,40472.0,31192.0,1.00x1.00x1.00,
Patient-006,week-000,whole,0.9943569353818305,0.9999524863497242,0.28689342326287337,14.209118586369918,34.809478770784466,216549.0,252559.0,0.28613372936617676,14.41992920769927,34.583232931581165,215856.0,252792.0,1.00x1.00x1.00,
Patient-006,week-001,enhancing,,,,,,,,,,,,,,empty hd
Patient-006,week-001,whole,1.0,0.992746404208926,0.04280170066184375,27.50908728246086,57.422991488477344,100742.0,249945.0,0.0426153214399781,27.70805805553482,57.99137674618944,100776.0,249896.0,1.00x1.00x1.00,
Patient-006,week-015,enhancing,1.0,0.997405460403595,0.0,90.79452035641283,110.32112202719438,3463.0,58970.0,0.0,92.11155448714447,110.66887519952834,3464.0,58856.0,1.00x1.00x1.00,
Patient-006,week-015,whole,0.999462890625,0.9709503422586653,0.0003757826279327713,33.059282536856834,65.7419196555744,40960.0,124029.0,0.00019404288347724848,33.86989179002313,66.15134163416491,40952.0,123960.0,1.00x1.00x1.00,
Patient-006,week-027,enhancing,,,,,,,,,,,,,,empty hd
Patient-006,week-027,whole,1.0,0.9840773944278427,0.054102935383830146,22.458958421988726,52.327442362019845,47733.14225542545,132516.39492845535,0.053070642527511536,23.02229699334644,52.38320341483518,47160.0,133128.0,1.00x1.00x1.00,
Patient-006,week-039,enhancing,1.0,0.9246697154471545,,,,,,,,,,,,qc: map outside brain (dbt)
Patient-006,week-039,whole,1.0,0.9511934891568656,0.07909740303090994,21.244199232701913,49.89988632392574,63476.96594828367,161207.91352128983,0.07885074680069867,21.31366454151788,49.71921157862421,63272.0,161152.0,1.00x1.00x1.00,
Patient-006,week-053,enhancing,,,,,,,,,,,,,,empty hd
Patient-006,week-053,whole,0.9994300943696676,0.9673645359584988,0.036353198266602466,19.486886125699726,44.05678154382138,59659.0,156333.0,0.03750185652755087,19.865646327840267,44.090815370097204,59400.0,156056.0,1.00x1.00x1.00,
Patient-006,week-067,enhancing,,,,,,,,,,,,,,empty hd
Patient-006,week-067,whole,1.0,0.9759665422790851,0.07703813508240054,19.975970824862944,47.3392015141785,66395.0,157572.0,0.07703270861540654,20.42924336026457,48.249352327259274,66736.0,157792.0,1.00x1.00x1.00,
Patient-006,week-083,enhancing,,,,,,,,,,,,,,empty hd
Patient-006,week-083,whole,1.0,0.9753098905822339,0.08048714050981047,19.04780806427427,46.62617290749907,69413.0,158201.0,0.08012380851887024,19.562739709453396,47.24404724407086,69136.0,158312.0,1.00x1.00x1.00,
Patient-006,week-097,enhancing,,,,,,,,,,,,,,empty hd
Patient-006,week-097,whole,1.0,0.9841994764968917,0.05254185182079875,20.76541987376106,48.14561246884289,67982.0,146704.0,0.05201773670678541,21.264079902693467,48.373546489791295,68040.0,146656.0,1.00x1.00x1.00,
Patient-006,week-112,enhancing,1.0,0.9766187050359713,0.0,99.05914917497594,120.52136729731492,2685.0,47260.0,0.0,100.16357795810309,120.92311195178486,2784.0,47248.0,1.00x1.00x1.00,
Patient-006,week-112,whole,1.0,0.9909792239535594,0.03177377633792913,27.777612191435903,59.0,68175.0,130920.0,0.03195247270391779,28.32055635220112,59.09314681077663,68336.0,130960.0,1.00x1.00x1.00,
Patient-006,week-114,enhancing,,,,,,,,,,,,,,empty hd
Patient-006,week-114,whole,1.0,0.9805032250991284,0.050964473394379935,19.20826071234333,41.97618372363071,49441.0,109454.0,0.04922983992751435,19.822443249685847,42.19478401390073,49368.0,109560.0,1.00x1.00x1.00,
Patient-006,week-121,enhancing,,,,,,,,,,,,,,empty hd
Patient-006,week-121,whole,1.0,0.9974608548455354,0.14770121877639678,11.614265326261545,31.20897306865447,39204.0,68527.0,0.1448347722536469,11.902222007770849,31.61961115540554,39264.0,68224.0,1.00x1.00x1.00,
Patient-006,week-131,enhancing,1.0,1.0,0.0,85.9645590460676,102.03310076712958,528.0004405975342,30186.0251891613,0.0,86.96164854747765,102.70345661174214,488.0,30088.0,1.00x1.00x1.00,
Patient-006,week-131,whole,1.0,0.9995502501733411,0.009268154846001695,40.413392164287465,72.14397883870654,17139.014301896095,106726.08905911446,0.0096736747065652,41.66518782544196,73.37847050163992,17208.0,106840.0,1.00x1.00x1.00,
Patient-006,week-135,enhancing,1.0,1.0,0.0,47.595935135267,63.45076831686122,2855.0,25574.0,0.0,48.36937896365993,63.663174716609305,2824.0,25600.0,1.00x1.00x1.00,
Patient-006,week-135,whole,1.0,0.9999226074650628,0.06854665183465009,20.720349999114745,47.80167361086848,32709.0,90448.0,0.06966014685814542,21.30401307901079,48.579831205964474,32792.0,90320.0,1.00x1.00x1.00,
Patient-007,week-000,enhancing,1.0,1.0,0.0,56.22733845412418,74.63913182774837,9821.0,25107.0,0.0,56.197930590782214,74.21590126111789,9736.0,25192.0,1.00x1.00x1.00,
Patient-007,week-000,whole,0.9390724729928039,1.0,,,,,,,,,,,,qc: map outside brain (hd)
Patient-007,week-001,enhancing,,,,,,,,,,,,,,empty hd
Patient-007,week-001,whole,0.6966231264672245,0.9999731216514057,,,,,,,,,,,,qc: map outside brain (hd)
Patient-007,week-015,enhancing,,,,,,,,,,,,,,empty hd
Patient-007,week-015,whole,0.003044654939106901,1.0,,,,,,,,,,,,qc: map outside brain (hd)
Patient-007,week-028,enhancing,,,,,,,,,,,,,,empty hd
Patient-007,week-028,whole,0.5780746199907877,1.0,,,,,,,,,,,,qc: map outside brain (hd)
Patient-007,week-041,enhancing,,,,,,,,,,,,,,empty hd
Patient-007,week-041,whole,0.07517544903056976,1.0,,,,,,,,,,,,qc: map outside brain (hd)
Patient-007,week-055,enhancing,1.0,1.0,0.0,95.39197916202568,118.01906585701303,688.0,206.0,0.0,93.11388180459359,116.11840983729834,704.0,160.0,1.00x1.00x1.00,
Patient-007,week-055,whole,0.18604860486048605,1.0,,,,,,,,,,,,qc: map outside brain (hd)
Patient-007,week-064,enhancing,1.0,1.0,0.0,66.41575839266442,73.84445948187138,3167.00415289402,268.0003514289856,0.0,66.94453074337903,74.06481855062744,3224.0,264.0,1.00x1.00x1.00,
Patient-007,week-064,whole,0.9557827268670642,1.0,0.13452583859007924,16.08157056218722,38.131358113035716,24651.032324910164,32260.04230260849,0.13119369369369369,16.269646804313325,38.05259518088089,24688.0,32144.0,1.00x1.00x1.00,
Patient-007,week-075,enhancing,1.0,1.0,0.0016277807921866521,14.965930943368372,23.853720883753127,8368.0,2690.0,0.0014641288433382138,15.92304864157043,24.24871130596428,8208.0,2720.0,1.00x1.00x1.00,
Patient-007,week-075,whole,0.8698125764829644,1.0,,,,,,,,,,,,qc: map outside brain (hd)
Patient-007,week-089,enhancing,0.9698425849212925,1.0,0.0017929652481147498,13.084091708875865,21.563858652847824,6035.0,12928.0,0.0033195020746887966,13.279571295285464,21.582351019448662,6248.0,13032.0,1.00x1.00x1.00,
Patient-007,week-089,whole,0.8437518222636888,1.0,,,,,,,,,,,,qc: map outside brain (hd)
Patient-007,week-105,enhancing,0.9213763164241499,1.0,,,,,,,,,,,,qc: map outside brain (hd)
Patient-007,week-105,whole,0.8808397397989356,1.0,,,,,,,,,,,,qc: map outside brain (hd)
Patient-008,week-000,enhancing,1.0,1.0,0.0,70.55114002541545,88.29099597815524,12681.0,8849.0,0.0,71.16682252107074,88.83692925805124,12656.0,8904.0,1.00x1.00x1.00,
Patient-008,week-000,whole,1.0,0.9991514501396905,0.001187095285005915,34.52634760142785,60.84283023815234,117690.0,124919.0,0.0012529675547348984,35.25397478957436,61.35144660071187,117784.0,124840.0,1.00x1.00x1.00,
Patient-008,week-002,enhancing,,,,,,,,,,,,,,empty hd
Patient-008,week-002,whole,0.9996909645768146,0.9850054916193114,0.01739241639491016,24.246157807952727,45.70557952810576,77661.0,125646.0,0.0174851336982633,24.92959421429781,46.3033476111609,77656.0,125488.0,1.00x1.00x1.00,
Patient-008,week-017,enhancing,1.0,0.9689731881512703,0.0,58.64643102623962,71.22357910775831,2915.9996523857117,17081.997963666916,0.0,58.9650366323287,71.09849708063507,2880.0,17080.0,1.00x1.00x1.00,
Patient-008,week-017,whole,0.9712241247124968,0.9099953877577914,,,,,,,,,,,,qc: map outside brain (dbt)
Patient-008,week-066,enhancing,1.0,0.9989737575135611,0.0,81.31137226530943,95.78083806854151,175.8059762241828,9910.517056406206,0.0,80.58099043014657,95.85822828719027,168.0,9856.0,0.45x0.45x7.20,
Patient-008,week-066,whole,0.9989829359249632,0.9997736239570533,0.6615795968737145,1.6536673558592467,7.200000286102295,25714.166671203202,44927.87104796844,0.6662915025323579,2.1596576124124267,6.324555320336759,26032.0,45048.0,0.45x0.45x7.20,
Patient-008,week-085,enhancing,1.0,1.0,0.06646216768916155,20.36008839235194,79.7044079876795,1810.365552627627,1031.5887177894183,0.07526881720430108,19.67552487964281,79.42669525528498,1848.0,1128.0,0.45x0.45x7.20,
Patient-008,week-085,whole,1.0,1.0,0.6504493265876591,2.147412325863721,12.068215684684462,23180.23437128504,39713.25975118052,0.6544435956200662,3.041497858553688,14.422205101855956,23176.0,39656.0,0.45x0.45x7.20,
Patient-009,week-000-1,enhancing,0.0,1.0,,,,,,,,,,,,qc: map outside brain (hd)
Patient-009,week-000-1,whole,0.0,1.0,,,,,,,,,,,,qc: map outside brain (hd)
Patient-009,week-000-2,enhancing,,,,,,,,,,,,,,empty hd
Patient-009,week-000-2,whole,0.40867274878802917,0.999964493679875,,,,,,,,,,,,qc: map outside brain (hd)
Patient-009,week-014,enhancing,0.0,0.9978110498205061,,,,,,,,,,,,qc: map outside brain (hd)
Patient-009,week-014,whole,0.0,0.997480755773268,,,,,,,,,,,,qc: map outside brain (hd)
Patient-009,week-015,enhancing,0.0,0.9965761740566267,,,,,,,,,,,,qc: map outside brain (hd)
Patient-009,week-015,whole,0.1133393829401089,0.996391434404824,,,,,,,,,,,,qc: map outside brain (hd)
Patient-009,week-024,enhancing,,,,,,,,,,,,,,empty hd
Patient-009,week-024,whole,0.0,0.9994997498749375,,,,,,,,,,,,qc: map outside brain (hd)
Patient-009,week-066,enhancing,0.0,0.9454158790170132,,,,,,,,,,,,qc: map outside brain (hd)
Patient-009,week-066,whole,0.0,0.9475296485930594,,,,,,,,,,,,qc: map outside brain (hd)
Patient-010,week-000,enhancing,0.982203217267359,1.0,0.0,78.18143795023711,96.13740163697086,24555.0,22218.0,0.0,78.06836946553393,96.39709519101356,24240.0,22216.0,1.00x1.00x1.00,
Patient-010,week-000,whole,0.9860722603902108,0.9978804652466368,0.0,61.35906813838252,82.71638289964086,85441.0,114176.0,0.0,61.67031155211791,82.96987405076617,84888.0,114032.0,1.00x1.00x1.00,
Patient-010,week-001,enhancing,1.0,1.0,0.04661146887457835,8.274696093596148,19.152922000515716,1931.982268334832,26967.991020838963,0.042398884239888426,8.38118974764118,20.09975124224178,1848.0,26832.0,0.86x0.86x6.00,
Patient-010,week-001,whole,1.0,1.0,0.6340850427930987,1.6152661584018297,6.300208030777978,42982.17431845842,87488.66492202505,0.634597708192904,2.2874037862813053,7.483314773547883,42992.0,87560.0,0.86x0.86x6.00,
Patient-010,week-015,enhancing,0.34322453016815035,1.0,,,,,,,,,,,,qc: map outside brain (hd)
Patient-010,week-015,whole,0.5576529602006468,1.0,,,,,,,,,,,,qc: map outside brain (hd)
Patient-011,week-000,enhancing,1.0,0.9993801070724148,0.0,58.90355885767635,72.34362438069714,6283.0,17745.0,0.0,59.148735359502425,72.47068372797375,6192.0,17760.0,1.00x1.00x1.00,
Patient-011,week-000,whole,1.0,0.9933656026808381,0.0,45.56061612533769,63.13477647065839,37436.0,59086.0,0.0,45.36579905402886,63.118935352238,37424.0,59048.0,1.00x1.00x1.00,
Patient-011,week-003,enhancing,1.0,1.0,0.0,55.65995623922369,67.27555276621665,198.0,9588.0,0.0,58.95804075706411,70.45282057837433,176.0,9648.0,1.00x1.00x1.00,
Patient-011,week-003,whole,1.0,1.0,0.0,41.48411578039305,55.22589965425408,10178.0,25943.0,0.0,41.69495150262257,55.347988522096955,9952.0,25864.0,1.00x1.00x1.00,
Patient-011,week-021,enhancing,0.9961941008563273,1.0,0.0,93.94684246396604,98.25477087653302,1051.0,11.0,0.0,94.97847721480049,98.6711689864554,1064.0,8.0,1.00x1.00x1.00,
Patient-011,week-021,whole,0.9559991177767976,0.9932910578071869,0.0,66.58667346831186,78.30581051787316,9068.0,10881.0,0.0,67.39020730174201,78.63841300535,9056.0,10992.0,1.00x1.00x1.00,
Patient-011,week-024,enhancing,,,,,,,,,,,,,,empty hd
Patient-011,week-024,whole,0.9592383936372126,0.9952370746112262,0.0,53.8614771821815,72.37402849088892,33193.0,41991.0,0.0,54.59895322834283,72.80109889280519,33240.0,42072.0,1.00x1.00x1.00,
Patient-011,week-028,enhancing,0.9358894753182242,1.0,,,,,,,,,,,,qc: map outside brain (hd)
Patient-011,week-028,whole,0.8487005517862204,0.9947990231667877,,,,,,,,,,,,qc: map outside brain (hd)
Patient-012,week-000-1,enhancing,0.27803480942938974,1.0,,,,,,,,,,,,qc: map outside brain (hd)
Patient-012,week-000-1,whole,0.2816775119126915,0.9799835844210861,,,,,,,,,,,,qc: map outside brain (hd)
Patient-012,week-000-2,enhancing,,,,,,,,,,,,,,empty hd
Patient-012,week-000-2,whole,0.12036284863254806,0.9993052568895359,,,,,,,,,,,,qc: map outside brain (hd)
Patient-012,week-016,enhancing,0.0,1.0,,,,,,,,,,,,qc: map outside brain (hd)
Patient-012,week-016,whole,0.019587389893370423,0.9998717373180274,,,,,,,,,,,,qc: map outside brain (hd)
Patient-012,week-022,enhancing,0.0,1.0,,,,,,,,,,,,qc: map outside brain (hd)
Patient-012,week-022,whole,0.06501403180542563,1.0,,,,,,,,,,,,qc: map outside brain (hd)
Patient-012,week-048,enhancing,,,,,,,,,,,,,,empty hd
Patient-012,week-048,whole,0.6145619002994683,0.9999769335455447,,,,,,,,,,,,qc: map outside brain (hd)
Patient-012,week-073,enhancing,,,,,,,,,,,,,,empty hd
Patient-012,week-073,whole,0.3740816095851701,1.0,,,,,,,,,,,,qc: map outside brain (hd)
Patient-012,week-084,enhancing,0.4279141104294479,1.0,,,,,,,,,,,,qc: map outside brain (hd)
Patient-012,week-084,whole,0.19612045535728154,1.0,,,,,,,,,,,,qc: map outside brain (hd)
Patient-013,week-000,enhancing,0.5427753303964757,1.0,,,,,,,,,,,,qc: map outside brain (hd)
Patient-013,week-000,whole,0.5039472898121516,1.0,,,,,,,,,,,,qc: map outside brain (hd)
Patient-013,week-001,enhancing,,,,,,,,,,,,,,empty hd
Patient-013,week-001,whole,0.8923458785499885,1.0,,,,,,,,,,,,qc: map outside brain (hd)
Patient-013,week-017,enhancing,0.7128834355828221,1.0,,,,,,,,,,,,qc: map outside brain (hd)
Patient-013,week-017,whole,0.3818063958513397,0.999727965179543,,,,,,,,,,,,qc: map outside brain (hd)
Patient-013,week-030,enhancing,1.0,1.0,0.0,25.371007760625922,55.90614097073072,4948.989380598068,11.999974250793457,0.0,25.179399488673344,55.00906312394058,4888.0,16.0,1.00x1.00x1.00,
Patient-013,week-030,whole,0.8712127535264168,1.0,,,,,,,,,,,,qc: map outside brain (hd)
Patient-014,week-000,enhancing,0.5343010752688172,1.0,,,,,,,,,,,,qc: map outside brain (hd)
Patient-014,week-000,whole,0.7300592160057111,0.9986187082159236,,,,,,,,,,,,qc: map outside brain (hd)
Patient-014,week-001,enhancing,0.0,0.9998636673483299,,,,,,,,,,,,qc: map outside brain (hd)
Patient-014,week-001,whole,0.09354276403046724,0.9992503841781087,,,,,,,,,,,,qc: map outside brain (hd)
Patient-014,week-012,enhancing,,,,,,,,,,,,,,empty hd
Patient-014,week-012,whole,0.0,0.9997110828614353,,,,,,,,,,,,qc: map outside brain (hd)
Patient-015,week-000-1,enhancing,0.1533182974231009,1.0,,,,,,,,,,,,qc: map outside brain (hd)
Patient-015,week-000-1,whole,0.1623483688611471,0.9987597337352424,,,,,,,,,,,,qc: map outside brain (hd)
Patient-015,week-000-2,enhancing,1.0,0.9993709474499177,0.0,92.54696470600737,108.97040880344193,16.0,41332.0,,,,,,1.00x1.00x1.00,
Patient-015,week-000-2,whole,1.0,0.9996311585876211,0.0,50.99652901122907,72.11795892841117,23794.0,70491.0,0.0,51.55000200203577,72.50241308401355,24088.0,70672.0,1.00x1.00x1.00,
Patient-015,week-021,enhancing,,,,,,,,,,,,,,empty hd
Patient-015,week-021,whole,0.9109473684210526,1.0,,,,,,,,,,,,qc: map outside brain (hd)
Patient-015,week-037,enhancing,,,,,,,,,,,,,,empty hd
Patient-015,week-037,whole,0.482122652183752,1.0,,,,,,,,,,,,qc: map outside brain (hd)
Patient-015,week-056,enhancing,,,,,,,,,,,,,,empty hd
Patient-015,week-056,whole,0.733739837398374,1.0,,,,,,,,,,,,qc: map outside brain (hd)
Patient-015,week-078,enhancing,1.0,1.0,0.0,92.94677037380332,108.03841865523087,198.0,10077.0,0.0,93.76351499825677,108.15359415291225,200.0,10112.0,1.00x1.00x1.00,
Patient-015,week-078,whole,0.9794491905131728,1.0,0.0,62.762612073125105,83.04275965716124,16739.0,31989.0,0.0,63.60483809268851,83.37865434270333,16840.0,31952.0,1.00x1.00x1.00,
Patient-015,week-083,enhancing,0.6481481481481481,1.0,,,,,,,,,,,,qc: map outside brain (hd)
Patient-015,week-083,whole,0.5043701123743182,1.0,,,,,,,,,,,,qc: map outside brain (hd)
Patient-015,week-084,enhancing,,,,,,,,,,,,,,empty hd
Patient-015,week-084,whole,0.6462920686353929,1.0,,,,,,,,,,,,qc: map outside brain (hd)
Patient-015,week-099,enhancing,1.0,1.0,0.0,110.74808899378806,125.67995059610475,29.0,9116.0,0.0,111.47013205275324,125.54202224788644,16.0,9160.0,1.00x1.00x1.00,
Patient-015,week-099,whole,0.44228558918504735,1.0,,,,,,,,,,,,qc: map outside brain (hd)
Patient-015,week-111,enhancing,,,,,,,,,,,,,,empty hd
Patient-015,week-111,whole,0.4001526329178326,1.0,,,,,,,,,,,,qc: map outside brain (hd)
Patient-015,week-126,enhancing,,,,,,,,,,,,,,empty hd
Patient-015,week-126,whole,0.5283971392511569,1.0,,,,,,,,,,,,qc: map outside brain (hd)
Patient-015,week-140,enhancing,0.7607044198895028,1.0,,,,,,,,,,,,qc: map outside brain (hd)
Patient-015,week-140,whole,0.6084794633400024,1.0,,,,,,,,,,,,qc: map outside brain (hd)
Patient-015,week-145,enhancing,0.7627429902355998,1.0,,,,,,,,,,,,qc: map outside brain (hd)
Patient-015,week-145,whole,0.7325068256992733,0.999984940439438,,,,,,,,,,,,qc: map outside brain (hd)
Patient-015,week-146,enhancing,0.9622641509433962,1.0,0.0,82.06591349751886,98.91486236528006,1802.0,19734.0,0.0,83.65112536489796,99.41326721703366,1776.0,19864.0,1.00x1.00x1.00,
Patient-015,week-146,whole,0.6179814327557961,1.0,,,,,,,,,,,,qc: map outside brain (hd)
Patient-016,week-000-1,enhancing,0.3735037532968148,1.0,,,,,,,,,,,,qc: map outside brain (hd)
Patient-016,week-000-1,whole,0.2336667708658956,0.9882477095025664,,,,,,,,,,,,qc: map outside brain (hd)
Patient-016,week-000-2,enhancing,,,,,,,,,,,,,,empty dbt
Patient-016,week-000-2,whole,0.28387213948419904,1.0,,,,,,,,,,,,qc: map outside brain (hd)
Patient-017,week-000,enhancing,1.0,1.0,0.0,31.294646762339937,46.957487983476256,9442.060781002045,14204.091435432434,0.0,31.98654600156808,47.70744176750625,9424.0,14336.0,1.00x1.00x1.00,
Patient-017,week-000,whole,1.0,0.9881076453510013,0.0017402199638034248,26.226027317874603,46.786909313282116,32464.208980560303,53732.34588909149,0.0013035381750465549,26.870048679898034,47.44680557666759,32408.0,53512.0,1.00x1.00x1.00,
Patient-017,week-001,enhancing,1.0,0.9993338218639665,0.02686510689285489,16.929862634001182,32.32645975048923,846.0,15011.0,0.028084252758274825,16.932075833547785,32.12475680841802,856.0,15096.0,1.00x1.00x1.00,
Patient-017,week-001,whole,1.0,0.996777088772846,0.023615030447051835,19.429024632440274,38.05916390111473,4840.0,49024.0,0.023661638568470866,20.132217157737355,38.16804371515937,5024.0,49072.0,1.00x1.00x1.00,
Patient-017,week-016,enhancing,1.0,0.9924900543963627,0.0762579918507967,13.36581039752269,27.27636339397171,5553.0,24634.0,0.07133351077987757,13.95598243910463,27.49545416973504,5376.0,24680.0,1.00x1.00x1.00,
Patient-017,week-016,whole,0.998629801810619,0.9621045169443203,0.245159626834185,6.408093914638344,17.72004514666935,20435.0,64889.0,0.24001503618081008,6.850771194177444,18.439088914585774,20264.0,64864.0,1.00x1.00x1.00,
Patient-017,week-035,enhancing,1.0,0.9770283168946866,0.0028210639441160665,29.08786711696711,48.394158405742694,14060.903618395329,15714.892280995846,0.0016155088852988692,29.877794325533092,49.558046773455466,14088.0,15624.0,1.00x1.00x1.00,
Patient-017,week-035,whole,1.0,0.9873701222266761,0.15858629661751952,13.136635674869966,31.796220801763017,119552.18051987886,157165.92269343138,0.1603792674818605,13.282346188515724,31.90606617576384,119592.0,157152.0,1.00x1.00x1.00,
Patient-018,week-000,enhancing,0.0,1.0,,,,,,,,,,,,qc: map outside brain (hd)
Patient-018,week-000,whole,0.38817811450218,0.99953509995351,,,,,,,,,,,,qc: map outside brain (hd)
Patient-018,week-003,enhancing,0.6129985228951256,1.0,,,,,,,,,,,,qc: map outside brain (hd)
Patient-018,week-003,whole,0.7522066271161916,0.9991474850809889,,,,,,,,,,,,qc: map outside brain (hd)
Patient-018,week-017,enhancing,1.0,1.0,0.0,72.57666122742049,79.55279489015335,651.0,574.0,0.0,74.21169632834689,80.69941457319727,608.0,600.0,1.00x1.00x1.00,
Patient-018,week-017,whole,0.962873839807494,0.9019259843554854,,,,,,,,,,,,qc: map outside brain (dbt)
Patient-018,week-034,enhancing,1.0,1.0,0.0,76.72522692155964,87.25737788756523,2034.0,5336.0,0.0,79.44713762097886,91.07138665259566,2112.0,5344.0,1.00x1.00x1.00,
Patient-018,week-034,whole,0.9563121293570545,0.9990754117307137,0.0,64.1876511430898,78.51114570556209,23439.0,34610.0,0.0,64.9430214344006,79.0695774735179,23384.0,34896.0,1.00x1.00x1.00,
Patient-018,week-063,enhancing,,,,,,,,,,,,,,empty hd
Patient-018,week-063,whole,0.36721311475409835,0.9996549344375432,,,,,,,,,,,,qc: map outside brain (hd)
Patient-018,week-082,enhancing,,,,,,,,,,,,,,empty hd
Patient-018,week-082,whole,0.059051933344119074,1.0,,,,,,,,,,,,qc: map outside brain (hd)
Patient-019,week-005,enhancing,0.997037037037037,0.9999753524598245,0.0,109.33319162054087,122.4626473577741,1856.25,10143.0,0.0,110.58362384676481,123.50141686056133,1912.0,10080.0,0.50x0.50x1.00,
Patient-019,week-005,whole,0.9477901499702225,0.9999954908034937,,,,,,,,,,,,qc: map outside brain (hd)
Patient-019,week-015,enhancing,1.0,1.0,0.13582491685384102,1.9447983593755955,6.110035580096,27789.250036284786,7869.65553442426,0.133123454013942,2.913206251915822,7.211102550927978,27680.0,7896.0,0.45x0.45x0.90,
Patient-019,week-015,whole,1.0,1.0,0.8335145504599237,1.565114774279786,6.513244841121635,45003.292889295335,57054.866411664785,0.8364947483931651,1.7694338830788952,6.324555320336759,45200.0,56864.0,0.45x0.45x0.90,
Patient-019,week-022,enhancing,0.9999871922402053,1.0,0.05773789066790438,2.4553149655195505,7.536990317704597,42540.84368180661,8719.099458556957,0.061374667292938785,3.481724008883903,8.246211251235321,42280.0,8816.0,0.45x0.45x0.90,
Patient-019,week-022,whole,0.9999922855379552,1.0,0.8853581841401412,1.4862775716802241,7.643337159381715,141254.93240475043,160237.60769654292,0.8823263602775046,1.7524162005964268,7.483314773547883,140744.0,160224.0,0.45x0.45x0.90,
Patient-019,week-031,enhancing,0.9996785554561717,1.0,0.16923793057587444,1.1406915389507712,3.3014954794398443,12995.097329685814,14316.546459979782,0.1717612809315866,2.029406214265379,4.47213595499958,13328.0,14152.0,0.45x0.45x0.90,
Patient-019,week-031,whole,0.9998853679688201,1.0,0.7329957516199631,1.5691579289889135,5.394790909670422,36440.103958279586,56669.027409406954,0.7390292266574705,1.7313406615534694,4.898979485566356,36496.0,56296.0,0.45x0.45x0.90,
Patient-019,week-055,enhancing,0.9999883482475764,1.0,0.09288577241806893,1.7606313172085177,5.583725693519591,31174.330786193605,10422.318620062606,0.09476117103235747,2.8314900384682793,6.6332495807108,31200.0,10336.0,0.45x0.45x0.90,
Patient-019,week-055,whole,0.9999957081176662,1.0,0.823239618709302,1.878383833766895,7.055487116449033,84633.16466864207,114146.23751008064,0.8253225806451613,2.1127011465120558,7.211102550927978,84408.0,113992.0,0.45x0.45x0.90,
Patient-019,week-061,enhancing,1.0,1.0,0.08050762470294352,1.7586193422928198,5.413460644056211,22408.869729547747,7472.831818227269,0.08406961178045515,2.8316831676481597,6.324555320336759,22360.0,7520.0,0.45x0.45x0.90,
Patient-019,week-061,whole,1.0,1.0,0.8270944025603274,1.401601452840585,5.2411569276491825,74417.20748124164,97416.33394070818,0.8261235167709988,1.6073338265010548,4.898979485566356,74328.0,96920.0,0.45x0.45x0.90,
Patient-019,week-075,enhancing,1.0,1.0,0.0685077421597318,2.077878094556866,6.380825056462192,12782.783900291133,3415.1353091097917,0.07156673114119923,3.2163764042948064,8.0,13200.0,3344.0,0.45x0.45x0.90,
Patient-019,week-075,whole,1.0,1.0,0.7885056511290018,1.4945280356771617,4.494999373122348,51955.49739482808,74171.13056572889,0.7863367470262705,1.725956108124265,4.47213595499958,51536.0,74232.0,0.45x0.45x0.90,
Patient-019,week-090,enhancing,1.0,1.0,0.09236675171461342,1.743039440480667,6.353133398145479,4995.022889908228,2763.8533374040435,0.09155645981688708,2.761943362602866,6.647997263189022,5112.0,2752.0,0.45x0.45x0.90,
Patient-019,week-090,whole,1.0,1.0,0.7420535461476346,1.4248663412754337,4.239245665630283,40883.16266064362,63027.77019314954,0.7416197888572089,1.628290904784358,4.47213595499958,40952.0,62864.0,0.45x0.45x0.90,
Patient-019,week-117,enhancing,0.3173431734317343,0.9994714259063491,,,,,,,,,,,,qc: map outside brain (hd)
Patient-019,week-117,whole,0.7917637293490776,0.999749617061388,,,,,,,,,,,,qc: map outside brain (hd)
Patient-019,week-137,enhancing,0.3138975120349125,1.0,,,,,,,,,,,,qc: map outside brain (hd)
Patient-019,week-137,whole,0.6285217476489028,0.9998953765534307,,,,,,,,,,,,qc: map outside brain (hd)
Patient-019,week-138,enhancing,0.0,1.0,,,,,,,,,,,,qc: map outside brain (hd)
Patient-019,week-138,whole,0.3112341166231506,0.9989492418122952,,,,,,,,,,,,qc: map outside brain (hd)
Patient-019,week-141,enhancing,0.37537537537537535,0.980105212816834,,,,,,,,,,,,qc: map outside brain (hd)
Patient-019,week-141,whole,0.5967386619414778,0.9921037163548448,,,,,,,,,,,,qc: map outside brain (hd)
Patient-019,week-150,enhancing,0.993930739021778,1.0,0.0,109.0925109149313,118.60840849659878,2461.827851634007,1942.3918429529294,0.0,109.25248218033798,119.05627991100773,2536.0,1960.0,0.94x0.94x1.00,
Patient-019,week-150,whole,0.6689381409196162,1.0,,,,,,,,,,,,qc: map outside brain (hd)
Patient-020,week-000-1,enhancing,0.9183054471322378,1.0,,,,,,,,,,,,qc: map outside brain (hd)
Patient-020,week-000-1,whole,0.7249156858696401,0.9996855307877454,,,,,,,,,,,,qc: map outside brain (hd)
Patient-020,week-000-2,enhancing,,,,,,,,,,,,,,empty hd
Patient-020,week-000-2,whole,0.3981688072970255,1.0,,,,,,,,,,,,qc: map outside brain (hd)
Patient-021,week-000-1,enhancing,1.0,1.0,0.0,93.49317315019587,103.50113945226732,6954.994610846043,4885.996214032173,0.0,93.8176696464283,103.26664514740469,6984.0,4896.0,1.00x1.00x1.00,
Patient-021,week-000-1,whole,0.9548525141372459,0.9996308990245188,0.0,81.57071268160561,95.40433515709505,32714.9746504426,37929.97060954571,0.0,81.78671330917314,95.27958800784741,32600.0,37888.0,1.00x1.00x1.00,
Patient-021,week-000-2,enhancing,1.0,1.0,0.0,72.54176930961475,80.1373820385967,712.0,4576.0,0.0,72.71549007783406,80.049984384758,656.0,4656.0,1.00x1.00x1.00,
Patient-021,week-000-2,whole,0.9020702936928262,0.9999506233798297,,,,,,,,,,,,qc: map outside brain (hd)
Patient-021,week-022,enhancing,0.7251864601262191,0.9676134855322538,,,,,,,,,,,,qc: map outside brain (hd)
Patient-021,week-022,whole,0.9062283371127117,0.979215958766151,,,,,,,,,,,,qc: map outside brain (hd)
Patient-021,week-035,enhancing,,,,,,,,,,,,,,empty hd
Patient-021,week-035,whole,0.9515304258894003,1.0,0.0,53.53354113759231,70.17279301049292,27377.903720498085,34954.87707465887,0.0,53.72329044604138,69.83981296803239,27400.0,34904.0,1.00x1.00x1.00,
Patient-022,week-000,enhancing,0.8337161231051906,0.9981988566655355,,,,,,,,,,,,qc: map outside brain (hd)
Patient-022,week-000,whole,0.8236697944351034,0.9841831307708285,,,,,,,,,,,,qc: map outside brain (hd)
Patient-022,week-001,enhancing,,,,,,,,,,,,,,empty hd
Patient-022,week-001,whole,0.9729570840681951,0.9878662041982214,0.0,45.01847290978099,67.94777402627827,28917.0,83321.0,0.0,45.29267799842459,68.14690014960328,29024.0,83616.0,1.00x1.00x1.00,
Patient-022,week-037,enhancing,0.6632809763720128,0.9998173682768697,,,,,,,,,,,,qc: map outside brain (hd)
Patient-022,week-037,whole,0.5799239853400299,0.9984880307335698,,,,,,,,,,,,qc: map outside brain (hd)
Patient-022,week-039,enhancing,0.7105038428693424,1.0,,,,,,,,,,,,qc: map outside brain (hd)
Patient-022,week-039,whole,0.3494648406030613,0.9993085514152149,,,,,,,,,,,,qc: map outside brain (hd)
Patient-022,week-045,enhancing,0.22894168466522677,0.9352734140269551,,,,,,,,,,,,qc: map outside brain (hd)
Patient-022,week-045,whole,0.3425720620842572,0.9762161164271869,,,,,,,,,,,,qc: map outside brain (hd)
Patient-022,week-053,enhancing,1.0,1.0,0.0,39.57304687926983,60.07495318350236,18959.0,3001.0,0.0,41.193632267394584,61.067168131532576,19024.0,2848.0,1.00x1.00x1.00,
Patient-022,week-053,whole,0.9844498534906435,1.0,0.12453337963364876,11.757810404140148,26.720778431774775,64501.0,73727.0,0.1246311404270092,11.852004777612372,26.68332812825267,64448.0,73816.0,1.00x1.00x1.00,
Patient-023,week-000,enhancing,1.0,1.0,0.01615609756097561,2.164620439167985,5.9842707644386435,4817.866165470332,5316.995755489916,0.017474185861795076,3.0127297862560636,6.0,4864.0,5208.0,0.47x0.47x0.90,
Patient-023,week-000,whole,1.0,1.0,0.7509942741093842,1.81749009765539,6.803980329951469,21175.829936005175,34911.78133171052,0.7534460707687936,1.9711710818981847,6.0,21360.0,34936.0,0.47x0.47x0.90,
Patient-023,week-001,enhancing,,,,,,,,,,,,,,empty hd
Patient-023,week-001,whole,0.591151082855223,1.0,,,,,,,,,,,,qc: map outside brain (hd)
Patient-023,week-024,enhancing,,,,,,,,,,,,,,empty hd
Patient-023,week-024,whole,,,,,,,,,,,,,,empty hd
Patient-023,week-039,enhancing,,,,,,,,,,,,,,empty dbt
Patient-023,week-039,whole,,,,,,,,,,,,,,empty dbt
Patient-023,week-046,enhancing,,,,,,,,,,,,,,empty dbt
Patient-023,week-046,whole,0.19095940959409594,1.0,,,,,,,,,,,,qc: map outside brain (hd)
Patient-023,week-059,enhancing,,,,,,,,,,,,,,empty hd
Patient-023,week-059,whole,,,,,,,,,,,,,,empty dbt
Patient-023,week-084,enhancing,,,,,,,,,,,,,,empty hd
Patient-023,week-084,whole,,,,,,,,,,,,,,empty dbt
Patient-023,week-097,enhancing,0.4968314321926489,1.0,,,,,,,,,,,,qc: map outside brain (hd)
Patient-023,week-097,whole,0.6513154140272784,1.0,,,,,,,,,,,,qc: map outside brain (hd)
Patient-023,week-099,enhancing,,,,,,,,,,,,,,empty hd
Patient-023,week-099,whole,0.5126109765940274,1.0,,,,,,,,,,,,qc: map outside brain (hd)
Patient-023,week-111,enhancing,0.4247085090548251,1.0,,,,,,,,,,,,qc: map outside brain (hd)
Patient-023,week-111,whole,0.3633042809536016,1.0,,,,,,,,,,,,qc: map outside brain (hd)
Patient-023,week-115,enhancing,0.7132892804698973,1.0,,,,,,,,,,,,qc: map outside brain (hd)
Patient-023,week-115,whole,0.4925709140027015,1.0,,,,,,,,,,,,qc: map outside brain (hd)
Patient-023,week-127,enhancing,0.5820630081300813,1.0,,,,,,,,,,,,qc: map outside brain (hd)
Patient-023,week-127,whole,0.40326234970302766,0.9999671625127246,,,,,,,,,,,,qc: map outside brain (hd)
Patient-024,week-001,enhancing,0.8371794871794872,1.0,,,,,,,,,,,,qc: map outside brain (hd)
Patient-024,week-001,whole,0.6229508196721312,0.8452087188977997,,,,,,,,,,,,qc: map outside brain (hd)
Patient-024,week-015,enhancing,0.0,1.0,,,,,,,,,,,,qc: map outside brain (hd)
Patient-024,week-015,whole,0.039581837044130555,1.0,,,,,,,,,,,,qc: map outside brain (hd)
Patient-024,week-018,enhancing,1.0,1.0,0.0,93.76287867881055,105.76388797694608,1923.0,7088.0,0.0,94.24866959504573,106.18850493842041,1952.0,7112.0,1.00x1.00x1.00,
Patient-024,week-018,whole,0.963982082457263,1.0,0.0,85.23182179311053,101.55811119931909,10939.0,23430.0,0.0,85.2972723077921,101.23240587875011,11088.0,23416.0,1.00x1.00x1.00,
Patient-024,week-019,enhancing,0.0,0.9928880895937219,,,,,,,,,,,,qc: map outside brain (hd)
Patient-024,week-019,whole,0.513317191283293,0.9957268842622057,,,,,,,,,,,,qc: map outside brain (hd)
Patient-024,week-031,enhancing,,,,,,,,,,,,,,empty hd
Patient-024,week-031,whole,0.8016882145528368,1.0,,,,,,,,,,,,qc: map outside brain (hd)
Patient-024,week-043,enhancing,1.0,1.0,0.0,90.7856998974234,108.52050489563379,2054.0,2948.0,0.0,90.95696119696414,108.55410894528356,1984.0,2968.0,1.00x1.00x1.00,
Patient-024,week-043,whole,1.0,1.0,0.0,60.84283743524625,72.97944916207575,20974.0,31796.0,0.0,61.25972377509542,73.0479294709987,20784.0,31648.0,1.00x1.00x1.00,
Patient-024,week-046,enhancing,1.0,1.0,0.0,72.21885753688684,85.73359877914011,478.0,9774.0,0.0,72.2957723005049,86.02325267042627,464.0,9792.0,1.00x1.00x1.00,
Patient-024,week-046,whole,0.9987131367292226,1.0,0.0,54.91695663517448,71.56116265125938,18650.0,38902.0,0.0,55.385210056675206,71.8373155205641,18648.0,38904.0,1.00x1.00x1.00,
Patient-024,week-060,enhancing,0.9868562954974387,0.9967976255565102,0.0,58.10365654875536,74.20478414274446,14836.0,12803.0,0.0,62.12601067529519,76.30987668852896,14760.0,12800.0,1.00x1.00x1.00,
Patient-024,week-060,whole,0.828245576982438,0.9971658502449265,,,,,,,,,,,,qc: map outside brain (hd)
Patient-025,week-000,enhancing,1.0,1.0,0.0,52.64265453229604,62.67494577275382,5576.0,1043.0,0.0,53.250254127443775,64.06558994495474,5560.0,984.0,1.00x1.00x1.00,
Patient-025,week-000,whole,1.0,1.0,0.0,40.75325648858274,55.0,15148.0,17923.0,0.0,40.97126659335334,54.3323108288245,15080.0,18064.0,1.00x1.00x1.00,
Patient-025,week-001,enhancing,,,,,,,,,,,,,,empty hd
Patient-025,week-001,whole,1.0,0.9997558116819691,0.0,34.21305547210297,50.0199960015992,7961.0,20476.0,0.0,34.561606171139765,50.15974481593781,8000.0,20568.0,1.00x1.00x1.00,
Patient-025,week-019,enhancing,,,,,,,,,,,,,,empty hd
Patient-025,week-019,whole,,,,,,,,,,,,,,empty hd
Patient-025,week-030,enhancing,,,,,,,,,,,,,,empty hd
Patient-025,week-030,whole,1.0,1.0,0.0,49.8430622688885,58.52007975241446,1934.0,2394.0,0.0,50.37505998600983,58.85915205686746,1920.0,2448.0,1.00x1.00x1.00,
Patient-025,week-043,enhancing,,,,,,,,,,,,,,empty hd
Patient-025,week-043,whole,1.0,1.0,0.0,39.10684011237095,49.01020301937138,6625.0,8295.0,0.0,39.58640711252772,49.39635614091387,6520.0,8352.0,1.00x1.00x1.00,
Patient-025,week-055,enhancing,0.9993540051679587,1.0,0.0,52.1896035796973,61.40032573203501,4644.0,859.0,0.0,53.45133468993143,62.35382082273021,4640.0,864.0,1.00x1.00x1.00,
Patient-025,week-055,whole,0.9998652230558426,0.9999625496217511,0.0,35.80916866653194,50.07544283702369,22259.0,26702.0,0.0,36.429864091988634,50.15974481593781,22232.0,26752.0,1.00x1.00x1.00,
Patient-025,week-059,enhancing,,,,,,,,,,,,,,empty hd
Patient-025,week-059,whole,0.9993895615016787,0.9982466605209407,0.0,34.164319387212046,52.79204485526205,29487.0,55323.0,0.0,34.54843841478302,52.64978632435273,29512.0,55296.0,1.00x1.00x1.00,
Patient-025,week-070,enhancing,0.9989563880039547,0.9998380916401317,0.0,35.60562007723498,54.35071296680477,18206.0,18529.0,0.0,35.30496569351697,54.735728733616035,18088.0,18432.0,1.00x1.00x1.00,
Patient-025,week-070,whole,0.9665256106302035,0.998005946552246,0.0430233707592866,25.346030989297873,49.01020301937138,145096.0,168501.0,0.04360146018941618,25.37787022615006,48.744230427815765,144856.0,168528.0,1.00x1.00x1.00,
Patient-026,week-002,enhancing,0.0,1.0,,,,,,,,,,,,qc: map outside brain (hd)
Patient-026,week-002,whole,0.3318657584316332,1.0,,,,,,,,,,,,qc: map outside brain (hd)
Patient-027,week-000-1,enhancing,1.0,1.0,0.0,33.290557538935246,53.40411969127476,11365.0,51427.0,0.0,34.23965449455599,55.46169849544819,11472.0,51552.0,1.00x1.00x1.00,
Patient-027,week-000-1,whole,0.9989035618117028,0.9923484988551192,0.006109205753904612,28.388031152367628,52.583267300539625,62019.0,140626.0,0.006235693424895414,29.27920321643224,53.13755613905181,62088.0,140616.0,1.00x1.00x1.00,
Patient-027,week-000-2,enhancing,0.0,0.9180003785568571,,,,,,,,,,,,qc: map outside brain (hd)
Patient-027,week-000-2,whole,0.3285052831532708,0.9287369539839353,,,,,,,,,,,,qc: map outside brain (hd)
Patient-027,week-014,enhancing,0.5237725897773986,0.9969489456912333,,,,,,,,,,,,qc: map outside brain (hd)
Patient-027,week-014,whole,0.6310228846534327,0.9885406663219325,,,,,,,,,,,,qc: map outside brain (hd)
Patient-028,week-000-1,enhancing,1.0,1.0,0.0,34.27732629565952,51.32397088983791,13349.0,22591.0,0.0,34.19199109056044,51.45872132107443,13400.0,22448.0,1.00x1.00x1.00,
Patient-028,week-000-1,whole,0.9751450353505646,1.0,0.04910201267360541,24.563168725180944,47.38143096192854,173406.0,192078.0,0.048903177831725826,24.830267806783947,47.37087712930804,173544.0,192240.0,1.00x1.00x1.00,
Patient-028,week-000-2,enhancing,,,,,,,,,,,,,,empty hd
Patient-028,week-000-2,whole,0.9856724362015967,1.0,0.0360686476210318,22.930965038781387,43.95679673612967,96946.0,133448.0,0.035597807230587745,23.309929067096988,43.9089968002003,96904.0,133672.0,1.00x1.00x1.00,
Patient-028,week-015,enhancing,1.0,1.0,0.0,59.74844632080963,79.26167441581707,1392.442226241741,38228.79284220835,0.0,60.50440810632264,79.52735327785236,1312.0,38344.0,0.48x0.48x0.90,
Patient-028,week-015,whole,0.9989404659595258,0.9999332566560963,0.0,48.537446929322314,82.44169516647432,35296.39511299678,133854.5861289582,0.0,49.35085880447337,84.20451079856798,35312.0,134240.0,0.48x0.48x0.90,
Patient-028,week-020,enhancing,1.0,0.9996740760054755,0.0,30.246630345445926,49.601410338016805,11178.0,15341.0,0.0,30.953805046219678,49.73930826224841,11056.0,15256.0,1.00x1.00x1.00,
Patient-028,week-020,whole,0.9893775648051385,0.9971223473274455,0.274538872608171,13.384043681303629,32.93933818400121,156932.0,191128.0,0.2747204812085314,13.298418902233047,32.802438933713454,157072.0,191384.0,1.00x1.00x1.00,
Patient-028,week-021,enhancing,,,,,,,,,,,,,,empty hd
Patient-028,week-021,whole,0.9923774032353688,0.9866709947049157,0.11952872177059022,17.966303607827232,40.65710270051225,82649.0,147873.0,0.11863582690838369,18.214557201374,40.84115571332428,82720.0,147632.0,1.00x1.00x1.00,
Patient-028,week-025,enhancing,1.0,1.0,0.0,51.21444328400015,61.788348013275446,71.0,6010.0,0.0,51.51541407653243,61.52231345424063,80.0,5952.0,1.00x1.00x1.00,
Patient-028,week-025,whole,0.9998536728124086,1.0,0.011951000896325068,14.96808160560594,29.966648127543394,20502.0,33050.0,0.012563565659587198,15.312324128781457,30.066592756745816,20408.0,33080.0,1.00x1.00x1.00,
Patient-028,week-030,enhancing,1.0,0.999597011686661,7.712577929172827e-05,37.93395782080552,80.66039918412206,13277.0,64518.0,0.00020616431295742706,38.74536059578319,82.09750300709517,13096.0,64512.0,1.00x1.00x1.00,
Patient-028,week-030,whole,1.0,0.9983005470841578,0.04194681587060633,21.636019842574676,43.86342439892262,82983.0,214775.0,0.042043010752688174,21.888791651349496,43.497126341863094,82760.0,214840.0,1.00x1.00x1.00,
Patient-028,week-035,enhancing,0.9828605200945626,0.9965066632164575,0.0,33.30247778167722,51.70106381884226,8460.0,15458.0,0.0,33.91152260627033,51.93842165661973,8384.0,15496.0,1.00x1.00x1.00,
Patient-028,week-035,whole,0.9917486652252571,0.9876162679686861,0.09392488706088598,11.343511410634191,27.676705006196094,45326.0,73322.0,0.0942366026289181,11.682454999047122,28.35489375751565,45488.0,73192.0,1.00x1.00x1.00,
Patient-028,week-038,enhancing,0.9528684154403924,0.9986317613791845,0.0,35.08165886909351,58.8387627334226,23445.0,21926.0,0.0,35.8315789851854,59.531504264548865,23216.0,21840.0,1.00x1.00x1.00,
Patient-028,week-038,whole,0.981298466205142,0.9977259806708357,0.05702553336009139,16.747784593056412,38.18376618407357,81758.0,112576.0,0.055248618784530384,17.05700804951407,38.0,81288.0,112744.0,1.00x1.00x1.00,
Patient-029,week-000-1,enhancing,0.07865388378008217,1.0,,,,,,,,,,,,qc: map outside brain (hd)
Patient-029,week-000-1,whole,0.19309381005066092,1.0,,,,,,,,,,,,qc: map outside brain (hd)
Patient-029,week-000-2,enhancing,0.0,0.9999689831113041,,,,,,,,,,,,qc: map outside brain (hd)
Patient-029,week-000-2,whole,0.2504210066737354,0.9999575118966689,,,,,,,,,,,,qc: map outside brain (hd)
Patient-029,week-010,enhancing,,,,,,,,,,,,,,empty hd
Patient-029,week-010,whole,0.3264278472456911,1.0,,,,,,,,,,,,qc: map outside brain (hd)
Patient-029,week-022,enhancing,,,,,,,,,,,,,,empty hd
Patient-029,week-022,whole,0.2917833653271234,1.0,,,,,,,,,,,,qc: map outside brain (hd)
Patient-029,week-033,enhancing,,,,,,,,,,,,,,empty hd
Patient-029,week-033,whole,0.7847012587571909,1.0,,,,,,,,,,,,qc: map outside brain (hd)
Patient-029,week-045,enhancing,,,,,,,,,,,,,,empty hd
Patient-029,week-045,whole,0.23651650830542073,1.0,,,,,,,,,,,,qc: map outside brain (hd)
Patient-029,week-059,enhancing,,,,,,,,,,,,,,empty hd
Patient-029,week-059,whole,0.35038093377612817,1.0,,,,,,,,,,,,qc: map outside brain (hd)
Patient-029,week-100,enhancing,,,,,,,,,,,,,,empty hd
Patient-029,week-100,whole,0.4651736251857857,1.0,,,,,,,,,,,,qc: map outside brain (hd)
Patient-029,week-112,enhancing,,,,,,,,,,,,,,empty hd
Patient-029,week-112,whole,0.34442144335784136,1.0,,,,,,,,,,,,qc: map outside brain (hd)
Patient-029,week-152,enhancing,,,,,,,,,,,,,,empty hd
Patient-029,week-152,whole,0.4619338066193381,1.0,,,,,,,,,,,,qc: map outside brain (hd)
Patient-029,week-165,enhancing,,,,,,,,,,,,,,empty hd
Patient-029,week-165,whole,0.4328309368443341,1.0,,,,,,,,,,,,qc: map outside brain (hd)
Patient-029,week-207,enhancing,,,,,,,,,,,,,,empty hd
Patient-029,week-207,whole,0.44803684513529074,1.0,,,,,,,,,,,,qc: map outside brain (hd)
Patient-029,week-223,enhancing,0.0,1.0,,,,,,,,,,,,qc: map outside brain (hd)
Patient-029,week-223,whole,0.42096939766390146,1.0,,,,,,,,,,,,qc: map outside brain (hd)
Patient-029,week-255,enhancing,1.0,1.0,0.2413799734620488,2.5855869859711866,9.16515175410222,41549.0346711874,10452.00872182846,0.24478527607361963,3.1334630181501892,9.797958971132712,41600.0,10560.0,1.00x1.00x1.00,
Patient-029,week-255,whole,1.0,1.0,0.8616030472723536,4.093075736553916,26.19161047051902,69627.05810129642,66626.05559706688,0.8578137841963133,4.08387275348978,26.30589287593181,69488.0,66784.0,1.00x1.00x1.00,
Patient-030,week-000,enhancing,0.9948974052763001,1.0,0.025664388762338647,4.208897531529151,8.472157282319307,18140.152811308883,7796.858645095197,0.027043638598647817,3.6627140442687396,8.48528137423857,18064.0,7968.0,0.57x0.57x6.00,
Patient-030,week-000,whole,0.9901579901579901,0.9904799682665609,0.7915978286523484,0.7488764656099562,4.583333492279053,30415.429379856083,44683.73978241094,0.7917380136986302,1.5796517806209602,5.656854249492381,30256.0,44496.0,0.57x0.57x6.00,
Patient-030,week-001,enhancing,,,,,,,,,,,,,,empty hd
Patient-030,week-001,whole,0.9994312364918667,0.8928704840172902,,,,,,,,,,,,qc: map outside brain (dbt)
Patient-030,week-017,enhancing,,,,,,,,,,,,,,empty hd
Patient-030,week-017,whole,,,,,,,,,,,,,,empty dbt
Patient-030,week-025,enhancing,,,,,,,,,,,,,,empty hd
Patient-030,week-025,whole,0.9795404469625433,1.0,0.0,65.74636941455273,73.16419889536138,3177.0,4161.0,0.0,66.68942076461157,74.24284477308234,3248.0,4168.0,1.00x1.00x1.00,
Patient-030,week-041,enhancing,1.0,1.0,0.0,63.96567932122008,76.33380636735801,48.0,471.0,0.0,63.897557124723946,76.54275714224238,48.0,496.0,1.00x1.00x1.00,
Patient-030,week-041,whole,0.9952666456295362,1.0,0.0,64.92450781840954,74.73285756613352,3169.0,4168.0,0.0,65.6281600101654,74.47012704093476,3192.0,4240.0,1.00x1.00x1.00,
Patient-030,week-052,enhancing,0.7037724180581324,1.0,,,,,,,,,,,,qc: map outside brain (hd)
Patient-030,week-052,whole,0.5493166682448001,1.0,,,,,,,,,,,,qc: map outside brain (hd)
Patient-030,week-067,enhancing,,,,,,,,,,,,,,empty hd
Patient-030,week-067,whole,0.42965384814987806,1.0,,,,,,,,,,,,qc: map outside brain (hd)
Patient-030,week-085,enhancing,0.7396101019051838,1.0,,,,,,,,,,,,qc: map outside brain (hd)
Patient-030,week-085,whole,0.6749309119621003,0.9999844869845801,,,,,,,,,,,,qc: map outside brain (hd)
Patient-031,week-000,enhancing,0.03540722936119072,1.0,,,,,,,,,,,,qc: map outside brain (hd)
Patient-031,week-000,whole,0.03802479260637794,1.0,,,,,,,,,,,,qc: map outside brain (hd)
Patient-031,week-002,enhancing,0.666058394160584,1.0,,,,,,,,,,,,qc: map outside brain (hd)
Patient-031,week-002,whole,0.8371620565713392,1.0,,,,,,,,,,,,qc: map outside brain (hd)
Patient-031,week-015,enhancing,0.0,1.0,,,,,,,,,,,,qc: map outside brain (hd)
Patient-031,week-015,whole,0.0013481414906593055,0.9998762733534046,,,,,,,,,,,,qc: map outside brain (hd)
Patient-031,week-018,enhancing,1.0,1.0,0.0,105.68033067578932,121.6831944084801,220.0,310.0,0.0,106.69780217727421,123.0447073221762,224.0,328.0,1.00x1.00x1.00,
Patient-031,week-018,whole,1.0,1.0,0.0,84.19624018272961,98.85848471426213,4265.0,3440.0,0.0,84.53592067209233,98.2791848551894,4224.0,3352.0,1.00x1.00x1.00,
Patient-031,week-032,enhancing,,,,,,,,,,,,,,empty hd
Patient-031,week-032,whole,0.9429357167411482,1.0,,,,,,,,,,,,qc: map outside brain (hd)
Patient-031,week-046,enhancing,,,,,,,,,,,,,,empty hd
Patient-031,week-046,whole,0.005395850776816448,0.9999006951340615,,,,,,,,,,,,qc: map outside brain (hd)
Patient-031,week-059,enhancing,,,,,,,,,,,,,,empty hd
Patient-031,week-059,whole,0.23783654230246865,1.0,,,,,,,,,,,,qc: map outside brain (hd)
Patient-031,week-074,enhancing,,,,,,,,,,,,,,empty hd
Patient-031,week-074,whole,0.42517260682963237,1.0,,,,,,,,,,,,qc: map outside brain (hd)
Patient-031,week-087,enhancing,,,,,,,,,,,,,,empty hd
Patient-031,week-087,whole,0.2691059309530835,1.0,,,,,,,,,,,,qc: map outside brain (hd)
Patient-031,week-105,enhancing,,,,,,,,,,,,,,empty hd
Patient-031,week-105,whole,0.24687922995939238,1.0,,,,,,,,,,,,qc: map outside brain (hd)
Patient-031,week-123,enhancing,,,,,,,,,,,,,,empty hd
Patient-031,week-123,whole,0.24058468193004698,1.0,,,,,,,,,,,,qc: map outside brain (hd)
Patient-031,week-142,enhancing,0.0,1.0,,,,,,,,,,,,qc: map outside brain (hd)
Patient-031,week-142,whole,0.367959084940217,1.0,,,,,,,,,,,,qc: map outside brain (hd)
Patient-031,week-148,enhancing,1.0,1.0,0.0,103.99519393575324,118.5181412340843,22.0,5902.0,0.0,104.7337912747476,119.094080306449,8.0,5896.0,1.00x1.00x1.00,
Patient-031,week-148,whole,0.7826115314375163,1.0,,,,,,,,,,,,qc: map outside brain (hd)
Patient-031,week-151,enhancing,1.0,0.9965660451987559,0.0,122.26296863296696,142.6770829450101,54.0,55621.0,0.0,126.52748804513807,146.4356436719473,40.0,55568.0,1.00x1.00x1.00,
Patient-031,week-151,whole,0.6388380264264859,0.9981121072244022,,,,,,,,,,,,qc: map outside brain (hd)
Patient-031,week-165,enhancing,0.0,1.0,,,,,,,,,,,,qc: map outside brain (hd)
Patient-031,week-165,whole,0.2980747788597339,1.0,,,,,,,,,,,,qc: map outside brain (hd)
Patient-031,week-170,enhancing,,,,,,,,,,,,,,empty hd
Patient-031,week-170,whole,0.7921429509919853,0.9852710216902245,,,,,,,,,,,,qc: map outside brain (hd)
Patient-031,week-184,enhancing,0.44044169901055047,1.0,,,,,,,,,,,,qc: map outside brain (hd)
Patient-031,week-184,whole,0.6207787349939801,0.9999906378437081,,,,,,,,,,,,qc: map outside brain (hd)
Patient-031,week-190,enhancing,0.6087148958771328,1.0,,,,,,,,,,,,qc: map outside brain (hd)
Patient-031,week-190,whole,0.7645432521020379,1.0,,,,,,,,,,,,qc: map outside brain (hd)
Patient-032,week-000-1,enhancing,0.0,1.0,,,,,,,,,,,,qc: map outside brain (hd)
Patient-032,week-000-1,whole,0.0,1.0,,,,,,,,,,,,qc: map outside brain (hd)
Patient-032,week-000-2,enhancing,,,,,,,,,,,,,,empty hd
Patient-032,week-000-2,whole,0.06216053108026554,0.9983580073624831,,,,,,,,,,,,qc: map outside brain (hd)
Patient-032,week-013,enhancing,,,,,,,,,,,,,,empty hd
Patient-032,week-013,whole,0.995038291446446,0.9796292225397524,0.5818134217645519,2.1312997352323926,8.335036250013053,1222.351763849381,1799.3133989054584,0.5659340659340659,2.298300856526708,8.246211251235321,1160.0,1752.0,0.47x0.47x0.60,
Patient-032,week-027,enhancing,,,,,,,,,,,,,,empty hd
Patient-032,week-027,whole,1.0,1.0,0.6676075903647931,1.2662375492253772,3.623479710245589,8077.348017375869,15652.83687491478,0.6695507487520799,1.5348293501464487,4.47213595499958,8208.0,15832.0,0.47x0.47x0.60,
Patient-032,week-040,enhancing,1.0,1.0,0.01755766284318191,5.524033965612453,15.623337365503652,592.9242297366176,2591.0933873213276,0.02512562814070352,5.8708639473248745,15.191586789359992,592.0,2592.0,0.47x0.47x0.60,
Patient-032,week-040,whole,1.0,1.0,0.7424204149763981,1.0083638366494123,2.9552644275953712,10068.372905354088,16550.72108302827,0.7426514697060588,1.206838600047631,2.8284271247461903,10040.0,16632.0,0.47x0.47x0.60,
Patient-032,week-044,enhancing,1.0,1.0,0.011409710478596605,7.0069768390099245,16.958075664156436,948.9197629418406,7243.504315325263,0.0137524557956778,8.158975014823602,17.320508075688775,928.0,7216.0,0.49x0.49x0.70,
Patient-032,week-044,whole,1.0,0.9999373895621443,0.6616693228568252,1.2870893495763414,4.793872514205404,12035.006639865012,23993.565566198387,0.658912994855737,1.5273462439670296,5.656854249492381,11928.0,23840.0,0.49x0.49x0.70,
Patient-032,week-046,enhancing,,,,,,,,,,,,,,empty hd
Patient-032,week-046,whole,1.0,0.9995136581016455,0.0,81.98188433784479,96.11451503285026,5993.0,24674.0,0.0,83.02222951003688,96.8008232688875,6016.0,24824.0,1.00x1.00x1.00,
Patient-032,week-055,enhancing,0.9985389111042756,0.9614171767761083,0.014795110141375497,1.6940066976470065,4.841910143591847,1714.920201766536,7109.4546352840625,0.014732965009208104,3.0545411603497787,6.6332495807108,1640.0,7048.0,0.47x0.47x0.60,
Patient-032,week-055,whole,0.9998029454470027,0.9765415873445367,0.6322128537619239,1.2588009010784642,3.314916648870948,12715.518752255412,27293.395478161012,0.6232146449406558,1.4811266212852536,3.4641016151377544,12512.0,27256.0,0.47x0.47x0.60,
Patient-032,week-067,enhancing,0.9963959634790965,0.9912766255605381,0.002629486944291567,9.210347705153602,26.52416302982728,548.7116886209536,3763.197126380706,0.0,10.087179546249924,26.57063385707167,560.0,3776.0,0.47x0.47x0.60,
Patient-032,week-067,whole,0.9998809438769436,0.9933876432973737,0.7058622350537089,1.5946680080404136,5.734660450367877,16610.45996180744,29648.09753975427,0.7060048594238112,1.8472855666509151,6.324555320336759,16552.0,29544.0,0.47x0.47x0.60,
Patient-032,week-069,enhancing,0.0,0.9927031509121061,,,,,,,,,,,,qc: map outside brain (hd)
Patient-032,week-069,whole,0.23887104176227628,0.998764437281762,,,,,,,,,,,,qc: map outside brain (hd)
Patient-032,week-075,enhancing,1.0,0.9705746757802322,9.314084225933071e-05,23.26960809185657,38.7303883736347,84.79318162912558,19736.766897179376,0.0,22.82169859484491,38.67815921162743,80.0,19728.0,0.47x0.47x0.60,
Patient-032,week-075,whole,1.0,0.970056474069888,0.3589527419879994,5.128479743485938,17.86158696945656,9891.790586597728,35469.79228978351,0.3589652728561304,5.570270852866434,19.79898987322333,9872.0,35280.0,0.47x0.47x0.60,
Patient-032,week-085,enhancing,,,,,,,,,,,,,,empty hd
Patient-032,week-085,whole,1.0,1.0,0.6198366880494045,1.8763179793432303,9.002439991758322,15668.497758844054,31172.714867333263,0.6101984941820671,2.0921030631163267,8.94427190999916,15464.0,31288.0,0.47x0.47x0.60,
Patient-032,week-096,enhancing,,,,,,,,,,,,,,empty hd
Patient-032,week-096,whole,1.0,1.0,0.5465259239812748,2.261040321213034,10.914217270008505,15902.626016115886,34824.72963941091,0.5462025316455696,2.610844985703832,11.489125293076057,15808.0,34752.0,0.47x0.47x0.60,
Patient-033,week-000,enhancing,1.0,1.0,0.0,65.3039995918885,74.67261881037788,12135.0,4566.0,0.0,66.16148576454151,75.26220788990389,12048.0,4608.0,1.00x1.00x1.00,
Patient-033,week-000,whole,0.9977271932585056,0.9996068796068797,0.0,55.4948710165995,71.2320152740325,57198.0,61050.0,0.0,55.93966134651275,71.35825109964509,57216.0,61056.0,1.00x1.00x1.00,
Patient-033,week-002,enhancing,1.0,0.9978635923895518,0.0,78.1827896477838,97.51883726992493,95.00038504600525,49616.20109939575,0.0,78.85871073661426,97.6196077446555,144.0,49704.0,1.00x1.00x1.00,
Patient-033,week-002,whole,0.2490816656381322,0.9987452057389081,,,,,,,,,,,,qc: map outside brain (hd)
Patient-033,week-006,enhancing,0.19976218787158145,0.9999412731970871,,,,,,,,,,,,qc: map outside brain (hd)
Patient-033,week-006,whole,0.2619047619047619,0.995480690221857,,,,,,,,,,,,qc: map outside brain (hd)
Patient-033,week-031,enhancing,0.0,0.9999011369253584,,,,,,,,,,,,qc: map outside brain (hd)
Patient-033,week-031,whole,0.233785719157062,0.9976661126631069,,,,,,,,,,,,qc: map outside brain (hd)
Patient-033,week-049,enhancing,1.0,0.9970735431334294,0.0,74.96444043738637,90.55385138137417,627.0,23578.0,0.0,75.88603516967474,90.71052809722448,528.0,23448.0,1.00x1.00x1.00,
Patient-033,week-049,whole,0.32197097536280794,0.9719101123595506,,,,,,,,,,,,qc: map outside brain (hd)
Patient-033,week-063,enhancing,,,,,,,,,,,,,,empty hd
Patient-033,week-063,whole,0.6939806225520512,1.0,,,,,,,,,,,,qc: map outside brain (hd)
Patient-033,week-076,enhancing,1.0,1.0,0.0,80.19502008395942,102.53926074927054,552.0,20358.0,0.0,81.57522262801285,103.34390613432593,512.0,20328.0,1.00x1.00x1.00,
Patient-033,week-076,whole,0.6245244238422181,1.0,,,,,,,,,,,,qc: map outside brain (hd)
Patient-033,week-084,enhancing,1.0,1.0,0.0,65.65733456020773,73.0780398237151,2896.0,487.0,0.0,66.60787005434999,73.66951957813892,2800.0,488.0,1.00x1.00x1.00,
Patient-033,week-084,whole,0.6180840526390264,0.9995708400091554,,,,,,,,,,,,qc: map outside brain (hd)
Patient-033,week-095,enhancing,0.4133099824868651,0.9997888513513513,,,,,,,,,,,,qc: map outside brain (hd)
Patient-033,week-095,whole,0.23950166469766943,0.997565984635278,,,,,,,,,,,,qc: map outside brain (hd)
Patient-033,week-104,enhancing,,,,,,,,,,,,,,empty hd
Patient-033,week-104,whole,0.445311913520006,0.9946125341775796,,,,,,,,,,,,qc: map outside brain (hd)
Patient-034,week-000-1,enhancing,0.04224929484486587,1.0,,,,,,,,,,,,qc: map outside brain (hd)
Patient-034,week-000-1,whole,0.22048580052054179,1.0,,,,,,,,,,,,qc: map outside brain (hd)
Patient-034,week-000-2,enhancing,0.0,1.0,,,,,,,,,,,,qc: map outside brain (hd)
Patient-034,week-000-2,whole,0.6339627609966975,0.9997545654149503,,,,,,,,,,,,qc: map outside brain (hd)
Patient-034,week-014,enhancing,0.0,0.9993379237288136,,,,,,,,,,,,qc: map outside brain (hd)
Patient-034,week-014,whole,0.0,0.9970556663088483,,,,,,,,,,,,qc: map outside brain (hd)
Patient-034,week-028,enhancing,0.0,1.0,,,,,,,,,,,,qc: map outside brain (hd)
Patient-034,week-028,whole,0.0754461871281774,1.0,,,,,,,,,,,,qc: map outside brain (hd)
Patient-034,week-040,enhancing,0.4929754139488209,1.0,,,,,,,,,,,,qc: map outside brain (hd)
Patient-034,week-040,whole,0.4644988680798518,0.9982058608545419,,,,,,,,,,,,qc: map outside brain (hd)
Patient-034,week-044,enhancing,0.06067961165048544,0.9752797049815614,,,,,,,,,,,,qc: map outside brain (hd)
Patient-034,week-044,whole,0.11381026048417443,0.9896873783888961,,,,,,,,,,,,qc: map outside brain (hd)
Patient-034,week-058,enhancing,0.23780487804878048,0.9945198951632118,,,,,,,,,,,,qc: map outside brain (hd)
Patient-034,week-058,whole,0.29804108398957485,0.9952785495190223,,,,,,,,,,,,qc: map outside brain (hd)
Patient-035,week-000-2,enhancing,,,,,,,,,,,,,,empty hd
Patient-035,week-000-2,whole,0.5019895843513955,0.9996511720618722,,,,,,,,,,,,qc: map outside brain (hd)
Patient-035,week-008,enhancing,0.6106249040380777,1.0,,,,,,,,,,,,qc: map outside brain (hd)
Patient-035,week-008,whole,0.5282319025663659,1.0,,,,,,,,,,,,qc: map outside brain (hd)
Patient-035,week-019,enhancing,0.5571160284151221,1.0,,,,,,,,,,,,qc: map outside brain (hd)
Patient-035,week-019,whole,0.5910561136976231,1.0,,,,,,,,,,,,qc: map outside brain (hd)
Patient-035,week-024,enhancing,0.5056852184320766,1.0,,,,,,,,,,,,qc: map outside brain (hd)
Patient-035,week-024,whole,0.58071331714547,1.0,,,,,,,,,,,,qc: map outside brain (hd)
Patient-035,week-036,enhancing,0.7093319333245833,1.0,,,,,,,,,,,,qc: map outside brain (hd)
Patient-035,week-036,whole,0.6724832936202232,0.998991146665287,,,,,,,,,,,,qc: map outside brain (hd)
Patient-035,week-050,enhancing,0.9821741525211557,1.0,0.015490463492580455,22.606645641169745,42.43347695718466,39942.0,58312.0,0.014475075221598764,23.83379147764867,44.40720662234904,40008.0,58368.0,1.00x1.00x1.00,
Patient-035,week-050,whole,0.9792256148464453,1.0,0.1347413739314906,12.44963932414353,33.36165463522455,135359.0,185181.0,0.13672313565030814,12.837923114536927,33.76388603226827,135224.0,185424.0,1.00x1.00x1.00,
Patient-036,week-000,enhancing,0.9533370514965607,1.0,0.0,44.11404322436247,54.3065366103978,5379.0,2813.0,0.0,44.03444689111263,54.0740233383831,5320.0,2840.0,1.00x1.00x1.00,
Patient-036,week-000,whole,0.9243557772236076,0.9614555901364615,,,,,,,,,,,,qc: map outside brain (hd)
Patient-036,week-002,enhancing,,,,,,,,,,,,,,empty hd
Patient-036,week-002,whole,0.7864583333333334,0.8648059008899817,,,,,,,,,,,,qc: map outside brain (hd)
Patient-036,week-005,enhancing,,,,,,,,,,,,,,empty hd
Patient-036,week-005,whole,1.0,0.9908379730777362,0.0,50.89471006181437,67.14908785679818,567.0,14189.0,0.0,51.32723364257432,66.7128158265382,584.0,14152.0,1.00x1.00x1.00,
Patient-037,week-000-1,enhancing,0.6351377383933732,1.0,,,,,,,,,,,,qc: map outside brain (hd)
Patient-037,week-000-1,whole,0.5668837363640135,1.0,,,,,,,,,,,,qc: map outside brain (hd)
Patient-037,week-000-2,enhancing,1.0,0.9997879334110911,0.0,90.97237576842241,115.27618624470576,1587.0,9431.0,0.0,91.72756744949784,115.38803076215419,1592.0,9376.0,1.00x1.00x1.00,
Patient-037,week-000-2,whole,0.9812465526751241,0.9999613929426299,0.0,62.75543503036131,82.71124467290365,36260.0,51804.0,0.0,63.09591769793104,82.96987405076617,36224.0,51672.0,1.00x1.00x1.00,
Patient-037,week-002,enhancing,0.5250461805932848,1.0,,,,,,,,,,,,qc: map outside brain (hd)
Patient-037,week-002,whole,0.405424115323533,1.0,,,,,,,,,,,,qc: map outside brain (hd)
Patient-037,week-015,enhancing,0.3634027242354151,1.0,,,,,,,,,,,,qc: map outside brain (hd)
Patient-037,week-015,whole,0.4411232430475961,1.0,,,,,,,,,,,,qc: map outside brain (hd)
Patient-037,week-025,enhancing,0.034334763948497854,1.0,,,,,,,,,,,,qc: map outside brain (hd)
Patient-037,week-025,whole,0.502595425805948,1.0,,,,,,,,,,,,qc: map outside brain (hd)
Patient-037,week-029,enhancing,0.2200180342651037,1.0,,,,,,,,,,,,qc: map outside brain (hd)
Patient-037,week-029,whole,0.5731344142485146,1.0,,,,,,,,,,,,qc: map outside brain (hd)
Patient-037,week-037,enhancing,0.0,1.0,,,,,,,,,,,,qc: map outside brain (hd)
Patient-037,week-037,whole,0.317576779815869,1.0,,,,,,,,,,,,qc: map outside brain (hd)
Patient-038,week-000,enhancing,0.9187731359069276,1.0,,,,,,,,,,,,qc: map outside brain (hd)
Patient-038,week-000,whole,0.9173958697934896,1.0,,,,,,,,,,,,qc: map outside brain (hd)
Patient-038,week-002,enhancing,,,,,,,,,,,,,,empty hd
Patient-038,week-002,whole,0.7444996451383961,1.0,,,,,,,,,,,,qc: map outside brain (hd)
Patient-038,week-023,enhancing,0.9975042895024178,1.0,0.0025080335449486637,30.21951263865007,64.28335699259291,6411.0,6348.0,0.0024968789013732834,30.629437690751935,64.58792315640989,6384.0,6432.0,1.00x1.00x1.00,
Patient-038,week-023,whole,0.9996758311890918,1.0,0.0926988452987162,12.515486831880429,35.79315542288499,49357.0,62187.0,0.09320388349514563,12.963568225799866,36.05551275463989,49344.0,61896.0,1.00x1.00x1.00,
Patient-039,week-000-1,enhancing,0.9997065536354744,1.0,0.0,42.386108601580624,57.18391382198319,30670.0,14228.0,0.0,42.701169706376476,57.201398584300364,30712.0,14136.0,1.00x1.00x1.00,
Patient-039,week-000-1,whole,0.8997622259822154,0.9978239530730749,,,,,,,,,,,,qc: map outside brain (hd)
Patient-039,week-000-2,enhancing,,,,,,,,,,,,,,empty hd
Patient-039,week-000-2,whole,0.9334610200751933,0.9954172680962892,,,,,,,,,,,,qc: map outside brain (hd)
Patient-039,week-017,enhancing,1.0,1.0,0.0,66.93101785361684,78.29431652425353,94.0,3646.0,0.0,69.2321776653938,79.63662645869218,56.0,3744.0,1.00x1.00x1.00,
Patient-039,week-017,whole,0.9496402877697842,0.9907300115874855,,,,,,,,,,,,qc: map outside brain (hd)
Patient-039,week-044,enhancing,1.0,1.0,0.0,42.269650073505964,58.25804665451803,24578.0,3593.0,0.0,42.83929659297863,59.39528555461765,24680.0,3472.0,1.00x1.00x1.00,
Patient-039,week-044,whole,0.9975040257648953,1.0,0.0,38.90811836342956,59.53990258641679,49680.0,64735.0,0.0,39.25822506842427,59.568438655699886,49928.0,64712.0,1.00x1.00x1.00,
Patient-040,week-000,enhancing,1.0,1.0,0.0,101.01967930278389,114.21624225844701,575.0,7964.0,0.0,101.67452837434865,114.29785649783639,568.0,8088.0,1.00x1.00x1.00,
Patient-040,week-000,whole,0.8281766993672723,0.9983077204537139,,,,,,,,,,,,qc: map outside brain (hd)
Patient-040,week-001,enhancing,,,,,,,,,,,,,,empty hd
Patient-040,week-001,whole,0.8198786747550163,0.9998312521093486,,,,,,,,,,,,qc: map outside brain (hd)
Patient-040,week-015,enhancing,0.3249872253449157,0.9715363639759441,,,,,,,,,,,,qc: map outside brain (hd)
Patient-040,week-015,whole,0.6703638810975839,0.9878711192426289,,,,,,,,,,,,qc: map outside brain (hd)
Patient-040,week-028,enhancing,1.0,1.0,0.17361894024802707,2.1456961827905165,6.000000476837158,25545.5952919001,17689.161562058143,0.172866925781973,2.454942771850036,6.324555320336759,25872.0,17352.0,0.86x0.86x6.00,
Patient-040,week-028,whole,1.0,1.0,0.9009831636354539,0.6754713542905301,3.646019340493136,163912.76937427174,190340.1640526572,0.9028983872786738,1.1796093010627353,4.47213595499958,164208.0,190472.0,0.86x0.86x6.00,
Patient-041,week-000,enhancing,0.1867979841233242,1.0,,,,,,,,,,,,qc: map outside brain (hd)
Patient-041,week-000,whole,0.2963148711197484,1.0,,,,,,,,,,,,qc: map outside brain (hd)
Patient-041,week-002,enhancing,,,,,,,,,,,,,,empty hd
Patient-041,week-002,whole,0.4422363996896284,0.9965071642190778,,,,,,,,,,,,qc: map outside brain (hd)
Patient-041,week-020,enhancing,0.0,1.0,,,,,,,,,,,,qc: map outside brain (hd)
Patient-041,week-020,whole,0.00377095544534164,0.9997945406515997,,,,,,,,,,,,qc: map outside brain (hd)
Patient-041,week-038,enhancing,0.0,0.9997705895847672,,,,,,,,,,,,qc: map outside brain (hd)
Patient-041,week-038,whole,0.0519238450272933,0.9993805279278659,,,,,,,,,,,,qc: map outside brain (hd)
Patient-042,week-000-1,enhancing,0.042120911793855305,1.0,,,,,,,,,,,,qc: map outside brain (hd)
Patient-042,week-000-1,whole,0.5078785947582252,0.9999437530760037,,,,,,,,,,,,qc: map outside brain (hd)
Patient-042,week-000-2,enhancing,,,,,,,,,,,,,,empty hd
Patient-042,week-000-2,whole,0.7308756639842234,0.974317201724964,,,,,,,,,,,,qc: map outside brain (hd)
Patient-042,week-004,enhancing,0.0,0.9875,,,,,,,,,,,,qc: map outside brain (hd)
Patient-042,week-004,whole,0.0,0.9629763409788694,,,,,,,,,,,,qc: map outside brain (hd)
Patient-042,week-010,enhancing,,,,,,,,,,,,,,empty hd
Patient-042,week-010,whole,0.0,1.0,,,,,,,,,,,,qc: map outside brain (hd)
Patient-042,week-022,enhancing,,,,,,,,,,,,,,empty hd
Patient-042,week-022,whole,,,,,,,,,,,,,,empty dbt
Patient-042,week-035,enhancing,,,,,,,,,,,,,,empty hd
Patient-042,week-035,whole,0.0,1.0,,,,,,,,,,,,qc: map outside brain (hd)
Patient-042,week-049,enhancing,0.38636363636363635,1.0,,,,,,,,,,,,qc: map outside brain (hd)
Patient-042,week-049,whole,0.2563106796116505,0.9997949559155218,,,,,,,,,,,,qc: map outside brain (hd)
Patient-042,week-055,enhancing,0.0055309734513274336,1.0,,,,,,,,,,,,qc: map outside brain (hd)
Patient-042,week-055,whole,0.40941385435168737,0.9981940682086545,,,,,,,,,,,,qc: map outside brain (hd)
Patient-042,week-060,enhancing,1.0,0.9951560818083961,0.0,5.963440482459749,17.103597408113437,1337.743423113384,1481.2439095021857,0.0,5.754973382477908,16.486336654534355,1336.0,1456.0,0.40x0.40x5.00,
Patient-042,week-060,whole,1.0,0.999634329176875,0.6792807558812186,2.005688311579508,6.272962795861544,22547.115311378264,43603.420014161755,0.6808510638297872,2.4885595029800918,6.6332495807108,22432.0,43368.0,0.40x0.40x5.00,
Patient-042,week-061-1,enhancing,0.06759517177344475,1.0,,,,,,,,,,,,qc: map outside brain (hd)
Patient-042,week-061-1,whole,0.40334527104020834,0.9978719159406797,,,,,,,,,,,,qc: map outside brain (hd)
Patient-042,week-061-2,enhancing,0.450261780104712,0.9606624474172888,,,,,,,,,,,,qc: map outside brain (hd)
Patient-042,week-061-2,whole,0.820389942887153,0.9791452567419114,,,,,,,,,,,,qc: map outside brain (hd)
Patient-042,week-078,enhancing,0.8286063110443276,0.9776897972286127,,,,,,,,,,,,qc: map outside brain (hd)
Patient-042,week-078,whole,0.6413789347565625,0.9393782782243433,,,,,,,,,,,,qc: map outside brain (hd)
Patient-042,week-081,enhancing,0.9581317503072779,0.9513309432405851,0.0,65.81969407554892,81.25823033140827,38239.0,31519.0,0.0,66.66476017550511,82.12186067059123,38040.0,31472.0,1.00x1.00x1.00,
Patient-042,week-081,whole,0.8570572290560835,0.970497703526631,,,,,,,,,,,,qc: map outside brain (hd)
Patient-042,week-082,enhancing,0.9286135475786835,0.9313159693218923,,,,,,,,,,,,qc: map outside brain (hd)
Patient-042,week-082,whole,0.7833767531494237,0.9673881028482911,,,,,,,,,,,,qc: map outside brain (hd)
Patient-043,week-000,enhancing,0.15,0.9588652482269504,,,,,,,,,,,,qc: map outside brain (hd)
Patient-043,week-000,whole,0.21648906337633203,0.9611881188118812,,,,,,,,,,,,qc: map outside brain (hd)
Patient-043,week-002,enhancing,0.0,1.0,,,,,,,,,,,,qc: map outside brain (hd)
Patient-043,week-002,whole,0.4382058215365039,1.0,,,,,,,,,,,,qc: map outside brain (hd)
Patient-043,week-018,enhancing,,,,,,,,,,,,,,empty hd
Patient-043,week-018,whole,,,,,,,,,,,,,,empty hd
Patient-043,week-030,enhancing,,,,,,,,,,,,,,empty hd
Patient-043,week-030,whole,,,,,,,,,,,,,,empty hd
Patient-043,week-041,enhancing,,,,,,,,,,,,,,empty hd
Patient-043,week-041,whole,,,,,,,,,,,,,,empty dbt
Patient-043,week-053,enhancing,,,,,,,,,,,,,,empty hd
Patient-043,week-053,whole,,,,,,,,,,,,,,empty dbt
Patient-043,week-067,enhancing,,,,,,,,,,,,,,empty hd
Patient-043,week-067,whole,,,,,,,,,,,,,,empty dbt
Patient-043,week-070,enhancing,,,,,,,,,,,,,,empty hd
Patient-043,week-070,whole,0.0,1.0,,,,,,,,,,,,qc: map outside brain (hd)
Patient-043,week-084,enhancing,0.0,1.0,,,,,,,,,,,,qc: map outside brain (hd)
Patient-043,week-084,whole,0.0074866310160427805,1.0,,,,,,,,,,,,qc: map outside brain (hd)
Patient-043,week-098,enhancing,0.9846153846153847,1.0,0.0,104.45022968598154,123.57022293445375,650.0,3418.0,0.0,105.35739118370024,123.15517856287822,632.0,3408.0,1.00x1.00x1.00,
Patient-043,week-098,whole,0.8319769238693726,1.0,,,,,,,,,,,,qc: map outside brain (hd)
Patient-043,week-106,enhancing,0.3725143614670791,1.0,,,,,,,,,,,,qc: map outside brain (hd)
Patient-043,week-106,whole,0.29092344581554475,0.9999815457296819,,,,,,,,,,,,qc: map outside brain (hd)
Patient-043,week-116,enhancing,0.6589377898328813,1.0,,,,,,,,,,,,qc: map outside brain (hd)
Patient-043,week-116,whole,0.43320761149822073,1.0,,,,,,,,,,,,qc: map outside brain (hd)
Patient-044,week-000-2,enhancing,,,,,,,,,,,,,,empty hd
Patient-044,week-000-2,whole,0.3543150163464553,1.0,,,,,,,,,,,,qc: map outside brain (hd)
Patient-045,week-000-1,enhancing,0.9767516951888925,1.0,0.0,78.12569388965598,87.56312005149724,9291.0,1550.0,0.0,79.89988945916976,89.19641248391103,9168.0,1528.0,1.00x1.00x1.00,
Patient-045,week-000-1,whole,0.9628751974723538,0.9999632379972061,0.0,65.06603983328648,80.33679107357973,16458.0,27202.0,0.0,65.28218777185735,80.24961059095551,16448.0,27160.0,1.00x1.00x1.00,
Patient-045,week-000-2,enhancing,,,,,,,,,,,,,,empty hd
Patient-045,week-000-2,whole,0.9983462663783234,0.9689289574756791,0.0,60.12233395450182,76.92821327701066,7861.0,43481.0,0.0,60.88425333633677,77.45966262083292,7912.0,43480.0,1.00x1.00x1.00,
Patient-045,week-017,enhancing,0.9675967596759676,0.8802133333333333,,,,,,,,,,,,qc: map outside brain (dbt)
Patient-045,week-017,whole,0.9759528872893832,0.9596041851742177,0.0,49.40500914089415,69.3700219844616,18339.0,40524.0,0.0,49.492373609515525,68.89121400891516,18200.0,40632.0,1.00x1.00x1.00,
Patient-045,week-028,enhancing,0.9845679012345679,0.98625,0.0,64.3212916756414,78.39005038906404,1620.0,12000.0,0.0,65.10227462073979,78.68035689154723,1624.0,11968.0,1.00x1.00x1.00,
Patient-045,week-028,whole,0.8912374644777942,0.9845639346074652,,,,,,,,,,,,qc: map outside brain (hd)
Patient-046,week-000,enhancing,0.5782204515272245,1.0,,,,,,,,,,,,qc: map outside brain (hd)
Patient-046,week-000,whole,0.63935546875,1.0,,,,,,,,,,,,qc: map outside brain (hd)
Patient-046,week-001,enhancing,0.909221902017291,1.0,,,,,,,,,,,,qc: map outside brain (hd)
Patient-046,week-001,whole,0.8564915165557964,0.9990234375,,,,,,,,,,,,qc: map outside brain (hd)
Patient-046,week-016,enhancing,1.0,1.0,0.0,61.37307765057837,66.61606391302603,872.0,258.0,0.0,61.45681471990646,66.41083266350878,848.0,272.0,1.00x1.00x1.00,
Patient-046,week-016,whole,0.9189719442809495,1.0,,,,,,,,,,,,qc: map outside brain (hd)
Patient-046,week-064,enhancing,1.0,0.9986981050195284,0.057451751250893496,1.7962363522094182,5.117076445411519,19314.500461282543,3527.173205358505,0.06622516556291391,2.9523394067216557,6.324555320336759,19360.0,3592.0,0.80x0.80x0.80,
Patient-046,week-064,whole,1.0,0.9999471930153961,0.856174723834986,1.1267637855049706,3.6645432763091517,66479.02583812832,86958.36593890653,0.8575293995212822,1.2490690672220048,4.0,66648.0,87096.0,0.80x0.80x0.80,
Patient-047,week-000-1,enhancing,0.565567853705486,1.0,,,,,,,,,,,,qc: map outside brain (hd)
Patient-047,week-000-1,whole,0.8432792601669136,0.9973419826840275,,,,,,,,,,,,qc: map outside brain (hd)
Patient-047,week-000-2,enhancing,,,,,,,,,,,,,,empty hd
Patient-047,week-000-2,whole,0.8188634532442296,0.9974814512286434,,,,,,,,,,,,qc: map outside brain (hd)
Patient-048,week-000-1,enhancing,0.7035505930533554,1.0,,,,,,,,,,,,qc: map outside brain (hd)
Patient-048,week-000-1,whole,0.6097689862685248,0.9985836017636442,,,,,,,,,,,,qc: map outside brain (hd)
Patient-048,week-000-2,enhancing,1.0,0.998407706699574,0.0,61.02518516691611,77.36989073319248,13.0,25121.0,,,,,,1.00x1.00x1.00,
Patient-048,week-000-2,whole,0.9914590527873705,0.9991893964289627,0.042330007556642804,20.736622165486647,37.54996671103717,64864.0,91290.0,0.04143164803609886,20.972224781909873,38.02103807235234,64688.0,91328.0,1.00x1.00x1.00,
Patient-048,week-013,enhancing,1.0,0.9939076116295211,0.0,68.19292810923076,77.44643308778015,217.0,12967.0,0.0,68.79393999206785,77.68654898973418,216.0,12960.0,1.00x1.00x1.00,
Patient-048,week-013,whole,1.0,0.9042491657397108,,,,,,,,,,,,qc: map outside brain (dbt)
Patient-048,week-023,enhancing,1.0,0.9973940820443846,0.0,95.23975941695001,105.47985589675405,358.0,11896.0,0.0,95.30696639475575,104.94855839941013,360.0,11920.0,1.00x1.00x1.00,
Patient-048,week-023,whole,1.0,0.9179250244158966,,,,,,,,,,,,qc: map outside brain (dbt)
Patient-048,week-045,enhancing,1.0,1.0,0.0,45.05906772586572,60.32578166959641,2337.0,10486.0,0.0,45.872016469371225,60.199667773169644,2344.0,10440.0,1.00x1.00x1.00,
Patient-048,week-045,whole,1.0,0.9601235179749151,0.0,42.60988209598982,60.77334928860878,9068.0,26231.0,0.0,43.76316828578339,61.57921727336261,9144.0,26200.0,1.00x1.00x1.00,
Patient-048,week-049,enhancing,0.9764943253467844,1.0,0.0,42.20234068826299,60.58052492344384,19825.0,9408.0,0.0,46.78315406614367,65.5133574166368,19928.0,9408.0,1.00x1.00x1.00,
Patient-048,week-049,whole,0.9927276253272569,0.9942147610545597,0.005743317870554451,27.439648243357325,48.76474136094644,72191.0,86254.0,0.005448491575017657,27.560562821071567,48.744230427815765,72168.0,86408.0,1.00x1.00x1.00,
Patient-049,week-000,enhancing,0.6731409544950056,1.0,,,,,,,,,,,,qc: map outside brain (hd)
Patient-049,week-000,whole,0.6706148443545027,1.0,,,,,,,,,,,,qc: map outside brain (hd)
Patient-049,week-019,enhancing,0.8349537037037037,1.0,,,,,,,,,,,,qc: map outside brain (hd)
Patient-049,week-019,whole,0.8482704193379621,0.9999857591444093,,,,,,,,,,,,qc: map outside brain (hd)
Patient-049,week-029,enhancing,0.6774193548387096,0.9982942002809553,,,,,,,,,,,,qc: map outside brain (hd)
Patient-049,week-029,whole,0.6430107256472481,0.9994619814956914,,,,,,,,,,,,qc: map outside brain (hd)
Patient-049,week-046,enhancing,0.7614258328008224,1.0,,,,,,,,,,,,qc: map outside brain (hd)
Patient-049,week-046,whole,0.7821607725710324,1.0,,,,,,,,,,,,qc: map outside brain (hd)
Patient-050,week-000,enhancing,1.0,0.9999305772501649,0.019783906458138042,1.6003846260914834,4.865983718529975,5984.416764040572,14699.041909390813,0.020626432391138275,2.580506829144628,6.324555320336759,6192.0,14752.0,0.80x0.80x0.80,
Patient-050,week-000,whole,1.0,0.9999692066082618,0.7689777065560636,1.8093235129357534,7.747982978368674,41977.145196619145,66277.07126057995,0.7698447893569845,1.9678362549720023,8.246211251235321,42048.0,66192.0,0.80x0.80x0.80,
Patient-050,week-001,enhancing,,,,,,,,,,,,,,empty hd
Patient-050,week-001,whole,0.8294085729788389,0.9755170467748896,,,,,,,,,,,,qc: map outside brain (hd)
Patient-050,week-048,enhancing,1.0,0.999793559042114,0.017743383641882937,4.783615706334072,33.95188956178132,21395.70262021633,2471.5215217324344,0.01554579249746536,6.288420872028014,35.40052390352913,21400.0,2272.0,0.80x0.80x0.80,
Patient-050,week-048,whole,1.0,0.9999959849677191,0.9350433134532229,0.8629405770066222,2.880974207295004,118707.0154173623,127078.24861452664,0.9349965890264107,0.9146236608557227,2.8284271247461903,118896.0,127368.0,0.80x0.80x0.80,
Patient-050,week-051,enhancing,1.0,0.995659613538667,0.0,79.92825267650214,95.34149149242423,794.0,23961.0,0.0,80.44144158771805,94.32390598920989,816.0,23944.0,1.00x1.00x1.00,
Patient-050,week-051,whole,0.6064925001383739,0.998154735013585,,,,,,,,,,,,qc: map outside brain (hd)
Patient-050,week-061,enhancing,0.6107907705481012,1.0,,,,,,,,,,,,qc: map outside brain (hd)
Patient-050,week-061,whole,0.7297709272052143,0.9979293871317207,,,,,,,,,,,,qc: map outside brain (hd)
Patient-051,week-000-1,enhancing,1.0,1.0,0.0,76.78178740645161,97.69851585361981,41329.0,14877.0,0.0,77.01512471391702,97.59098319004681,41416.0,14872.0,1.00x1.00x1.00,
Patient-051,week-000-1,whole,0.994567467536541,1.0,0.0,35.87875864379777,60.09242869820941,159410.0,167388.0,0.0,36.24456083963208,60.03332407921454,159624.0,167416.0,1.00x1.00x1.00,
Patient-051,week-000-2,enhancing,1.0,0.8373505845264679,,,,,,,,,,,,qc: map outside brain (dbt)
Patient-051,week-000-2,whole,0.9284462193402132,0.941464250474159,,,,,,,,,,,,qc: map outside brain (hd)
Patient-051,week-012,enhancing,1.0,1.0,0.0,59.85788767564677,68.01470429252781,76.0,3985.0,0.0,60.834686417014005,68.0529043553445,56.0,3960.0,1.00x1.00x1.00,
Patient-051,week-012,whole,1.0,1.0,0.0,37.79749897112476,59.69087032369355,51321.0,47547.0,0.0,38.15815593557655,59.665735560705194,51072.0,47480.0,1.00x1.00x1.00,
Patient-051,week-023,enhancing,1.0,1.0,0.0,45.43124437405797,55.018178813915675,11238.0,1289.0,0.0,46.02691491500618,55.02725396560745,11320.0,1280.0,1.00x1.00x1.00,
Patient-051,week-023,whole,0.9184255869050183,1.0,,,,,,,,,,,,qc: map outside brain (hd)
Patient-051,week-036,enhancing,1.0,1.0,0.0,51.22179466398959,58.03705680127948,1666.0,1955.0,0.0,52.06858918601265,58.8047100161195,1648.0,1976.0,1.00x1.00x1.00,
Patient-051,week-036,whole,0.9335978880462746,1.0,,,,,,,,,,,,qc: map outside brain (hd)
Patient-051,week-050,enhancing,1.0,1.0,0.0,58.271103971234325,64.96922348312314,554.0,1930.0,0.0,58.479359808344704,64.28685592861305,624.0,1912.0,1.00x1.00x1.00,
Patient-051,week-050,whole,0.868455419684198,1.0,,,,,,,,,,,,qc: map outside brain (hd)
Patient-051,week-064,enhancing,1.0,1.0,0.0,57.82897882000852,63.16327975798706,211.0,1704.0,0.0,58.09162376541789,62.82992844790106,168.0,1704.0,1.00x1.00x1.00,
Patient-051,week-064,whole,0.964042573592866,1.0,0.0,35.42968343166436,57.07495055631123,52145.0,52474.0,0.0,35.751384169188306,57.201398584300364,52176.0,52400.0,1.00x1.00x1.00,
Patient-051,week-077,enhancing,1.0,1.0,0.0,45.220876124909445,58.63214103782159,1060.0,2494.0,0.0,44.90621296310916,57.53603738999182,1120.0,2456.0,1.00x1.00x1.00,
Patient-051,week-077,whole,0.9776145062342786,1.0,0.0034683734401258627,27.58273385678013,49.26459174701441,55259.0,56609.0,0.003432003432003432,28.539151582696917,49.839743177508446,55368.0,56520.0,1.00x1.00x1.00,
Patient-051,week-089,enhancing,1.0,1.0,0.0,36.66382755647482,56.929781309961136,18737.0,9631.0,0.0,37.68897042174452,57.82731883657864,18832.0,9560.0,1.00x1.00x1.00,
Patient-051,week-089,whole,0.9976802516926914,1.0,0.0664963952022243,18.704698065637775,38.410935413444676,68973.0,85682.0,0.06735189298073446,19.104609831994058,38.67815921162743,69256.0,85632.0,1.00x1.00x1.00,
Patient-051,week-103,enhancing,0.9733871519463638,1.0,0.0,28.603546809899047,43.15089802078283,14617.0,25863.0,0.0,29.779052552591455,44.11800397969273,14560.0,25800.0,1.00x1.00x1.00,
Patient-051,week-103,whole,0.9564580225235335,1.0,0.03301341102875016,19.437501101260604,40.4103947023535,75743.0,110969.0,0.033387413542822986,19.978782877018762,40.69397989875161,76232.0,111144.0,1.00x1.00x1.00,
Patient-052,week-000,enhancing,0.21693487916017765,1.0,,,,,,,,,,,,qc: map outside brain (hd)
Patient-052,week-000,whole,0.46182052762027637,1.0,,,,,,,,,,,,qc: map outside brain (hd)
Patient-052,week-002,enhancing,1.0,1.0,0.0,58.03808315338438,70.14271166700073,1436.0,9921.0,0.0,58.51256230783903,70.22819946431775,1480.0,9944.0,1.00x1.00x1.00,
Patient-052,week-002,whole,1.0,1.0,0.0,37.188313147089374,60.60528029800704,28456.0,59865.0,0.0,37.43264817670693,60.466519232208526,28696.0,59888.0,1.00x1.00x1.00,
Patient-052,week-089,enhancing,1.0,1.0,0.10416666666666667,2.0485131565465595,4.949997901916504,2217.551626607019,1234.6368515703944,0.06944444444444445,2.3943761170973397,4.7709264263963185,2192.0,1264.0,0.90x0.90x4.95,
Patient-052,week-089,whole,1.0,0.9999346917450366,0.7475377943500993,1.6493799917151069,5.030871611399364,37402.70410210505,61180.45136325527,0.7503242542153048,1.973123573681899,5.656854249492381,37488.0,61200.0,0.90x0.90x4.95,
Patient-052,week-115,enhancing,0.9209545115585384,1.0,,,,,,,,,,,,qc: map outside brain (hd)
Patient-052,week-115,whole,0.7288143117148311,0.9999870964411984,,,,,,,,,,,,qc: map outside brain (hd)
Patient-052,week-119,enhancing,0.6296296296296297,1.0,,,,,,,,,,,,qc: map outside brain (hd)
Patient-052,week-119,whole,0.6545675241787071,1.0,,,,,,,,,,,,qc: map outside brain (hd)
Patient-052,week-133,enhancing,,,,,,,,,,,,,,empty hd
Patient-052,week-133,whole,0.8032128514056225,0.9995987848913853,,,,,,,,,,,,qc: map outside brain (hd)
Patient-052,week-148,enhancing,0.997673065735893,0.9675732217573222,0.0,30.093571518645813,55.63561697166563,1510.8421851298772,840.2356771286577,0.0,29.37306237312286,54.735728733616035,1424.0,800.0,0.94x0.94x1.00,
Patient-052,week-148,whole,0.8745273726686366,0.9995826072438513,,,,,,,,,,,,qc: map outside brain (hd)
Patient-052,week-168,enhancing,0.6800989234797788,1.0,,,,,,,,,,,,qc: map outside brain (hd)
Patient-052,week-168,whole,0.7925832408788911,1.0,,,,,,,,,,,,qc: map outside brain (hd)
Patient-053,week-000-2,enhancing,,,,,,,,,,,,,,empty hd
Patient-053,week-000-2,whole,0.8067205001302422,0.9999904891433572,,,,,,,,,,,,qc: map outside brain (hd)
Patient-054,week-002,enhancing,0.7884615384615384,0.9998848125323965,,,,,,,,,,,,qc: map outside brain (hd)
Patient-054,week-002,whole,0.1444579624767881,0.999949043287727,,,,,,,,,,,,qc: map outside brain (hd)
Patient-054,week-014,enhancing,0.0,1.0,,,,,,,,,,,,qc: map outside brain (hd)
Patient-054,week-014,whole,0.0,0.999124504653949,,,,,,,,,,,,qc: map outside brain (hd)
Patient-054,week-026,enhancing,0.0,1.0,,,,,,,,,,,,qc: map outside brain (hd)
Patient-054,week-026,whole,0.13617210024395654,1.0,,,,,,,,,,,,qc: map outside brain (hd)
Patient-054,week-028,enhancing,,,,,,,,,,,,,,empty hd
Patient-054,week-028,whole,0.11261207411835027,1.0,,,,,,,,,,,,qc: map outside brain (hd)
Patient-054,week-036,enhancing,,,,,,,,,,,,,,empty hd
Patient-054,week-036,whole,0.003849443969204448,0.9988990048697861,,,,,,,,,,,,qc: map outside brain (hd)
Patient-054,week-043,enhancing,0.0,1.0,,,,,,,,,,,,qc: map outside brain (hd)
Patient-054,week-043,whole,0.03713551759881022,1.0,,,,,,,,,,,,qc: map outside brain (hd)
Patient-054,week-053,enhancing,0.1048526863084922,1.0,,,,,,,,,,,,qc: map outside brain (hd)
Patient-054,week-053,whole,0.2840258479258044,1.0,,,,,,,,,,,,qc: map outside brain (hd)
Patient-054,week-066,enhancing,0.0,1.0,,,,,,,,,,,,qc: map outside brain (hd)
Patient-054,week-066,whole,0.017043951475756772,1.0,,,,,,,,,,,,qc: map outside brain (hd)
Patient-054,week-077,enhancing,0.34831460674157305,1.0,,,,,,,,,,,,qc: map outside brain (hd)
Patient-054,week-077,whole,0.17213391001516598,1.0,,,,,,,,,,,,qc: map outside brain (hd)
Patient-055,week-000-1,enhancing,1.0,1.0,0.06039255158530448,2.550883379161082,6.1970412547037315,19236.732468310947,26987.92262556817,0.0640826873385013,2.6085718338882447,6.0,19456.0,26984.0,0.43x0.43x6.00,
Patient-055,week-000-1,whole,0.9999655261570284,0.9975134866993242,0.8330328164442842,1.208559250463725,6.373049119627311,128536.60053545173,178652.91362882272,0.8333203135171732,1.9476724701839343,8.246211251235321,128760.0,178464.0,0.43x0.43x6.00,
Patient-055,week-000-2,enhancing,0.998066461296454,1.0,0.010818869421306745,1.7158155684726326,4.636809247747852,15257.0,21299.5,0.009613283810356128,2.695303131315101,5.656854249492381,15360.0,21256.0,0.50x0.50x1.00,
Patient-055,week-000-2,whole,0.9997710674688766,0.9926638297625218,0.7997985737510053,2.2783718360540495,7.632168761236874,132135.0,172194.75,0.800220576650386,2.4924376321357786,7.483314773547883,132472.0,172184.0,0.50x0.50x1.00,
Patient-055,week-000-3,enhancing,,,,,,,,,,,,,,empty hd
Patient-055,week-000-3,whole,1.0,1.0,0.7482105397276106,2.085734297306427,7.491650193153533,94678.224077083,148768.19724783782,0.74940193347534,2.699347707648635,8.717797887081348,94944.0,149176.0,0.43x0.43x6.00,
Patient-055,week-017,enhancing,0.0,1.0,,,,,,,,,,,,qc: map outside brain (hd)
Patient-055,week-017,whole,0.0004083299305839118,1.0,,,,,,,,,,,,qc: map outside brain (hd)
Patient-055,week-039,enhancing,,,,,,,,,,,,,,empty hd
Patient-055,week-039,whole,1.0,1.0,0.6043782975037405,2.193937412913727,10.9800347425957,9015.180159821466,19120.423882835894,0.5958768709404123,2.6772970909466514,11.313708498984761,9064.0,19264.0,0.43x0.43x6.00,
Patient-055,week-054,enhancing,,,,,,,,,,,,,,empty hd
Patient-055,week-054,whole,0.34264657353426464,1.0,,,,,,,,,,,,qc: map outside brain (hd)
Patient-055,week-067,enhancing,,,,,,,,,,,,,,empty hd
Patient-055,week-067,whole,0.7001210235131397,1.0,,,,,,,,,,,,qc: map outside brain (hd)
Patient-055,week-084,enhancing,0.03936411809235428,1.0,,,,,,,,,,,,qc: map outside brain (hd)
Patient-055,week-084,whole,0.1988879594548049,1.0,,,,,,,,,,,,qc: map outside brain (hd)
Patient-055,week-099,enhancing,0.00012091898428053205,1.0,,,,,,,,,,,,qc: map outside brain (hd)
Patient-055,week-099,whole,0.045861369219267326,1.0,,,,,,,,,,,,qc: map outside brain (hd)
Patient-055,week-118,enhancing,0.3888836552048987,0.9876496252377224,,,,,,,,,,,,qc: map outside brain (hd)
Patient-055,week-118,whole,0.43954659949622166,0.9948835183975615,,,,,,,,,,,,qc: map outside brain (hd)
Patient-056,week-000-1,enhancing,1.0,0.9991343490304709,0.0,61.88796251882073,73.82513118276128,12008.0,5776.0,0.0,64.00192085478514,76.55063683601855,12064.0,5744.0,1.00x1.00x1.00,
Patient-056,week-000-1,whole,0.9966053872944496,0.9886692887173734,0.0,49.44305842706452,72.44998274671983,68049.0,81107.0,0.0,50.09325468389433,72.80109889280519,67960.0,81008.0,1.00x1.00x1.00,
Patient-056,week-000-2,enhancing,,,,,,,,,,,,,,empty hd
Patient-056,week-000-2,whole,0.8263969920912745,0.9990016570434639,,,,,,,,,,,,qc: map outside brain (hd)
Patient-057,week-000-1,enhancing,1.0,1.0,0.05331967304394307,1.0790376375718131,2.692582403567252,9792.75,12656.75,0.04950495049504951,2.139378189837555,3.4641016151377544,9896.0,12728.0,0.50x0.50x1.00,
Patient-057,week-000-1,whole,1.0,1.0,0.8196846925577655,2.0595720331178997,8.5,73551.75,105242.0,0.8202056325435851,2.2920166906265846,8.48528137423857,73744.0,105216.0,0.50x0.50x1.00,
Patient-057,week-000-2,enhancing,1.0,0.9987769273258108,0.011082479220351462,18.33059859980074,37.31764331054062,1020.2727460644383,56155.989189466345,0.010404949381327334,18.79331697479357,38.62641583165593,936.0,55960.0,0.43x0.43x6.00,
Patient-057,week-000-2,whole,1.0,0.9983256245751894,0.6248240730716415,2.6272113600296376,9.175444186317934,60769.926200713235,133645.75964246033,0.6217518428530248,3.3020980848467842,9.38083151964686,60400.0,133864.0,0.43x0.43x6.00,
Patient-058,week-002,enhancing,1.0,1.0,0.0,98.6677939258944,108.62550293911599,198.0,1151.0,0.0,99.24372421955718,108.91417485217247,192.0,1200.0,1.00x1.00x1.00,
Patient-058,week-002,whole,0.9204193600956054,1.0,,,,,,,,,,,,qc: map outside brain (hd)
Patient-058,week-015,enhancing,0.12662068965517242,1.0,,,,,,,,,,,,qc: map outside brain (hd)
Patient-058,week-015,whole,0.16267872775021885,1.0,,,,,,,,,,,,qc: map outside brain (hd)
Patient-058,week-027,enhancing,0.0,1.0,,,,,,,,,,,,qc: map outside brain (hd)
Patient-058,week-027,whole,0.13782816229116945,1.0,,,,,,,,,,,,qc: map outside brain (hd)
Patient-058,week-036,enhancing,1.0,1.0,0.0,44.877828318575055,55.00909015790027,1213.0,4051.0,0.0,45.22665618734218,55.21230570069359,1216.0,4008.0,1.00x1.00x1.00,
Patient-058,week-036,whole,0.9588723587753342,1.0,0.0273928014664314,19.085547169159963,43.485629810317796,37104.0,79642.0,0.028565542813980636,19.70597748788343,44.04543109109048,37248.0,79256.0,1.00x1.00x1.00,
Patient-059,week-000,enhancing,0.22847682119205298,1.0,,,,,,,,,,,,qc: map outside brain (hd)
Patient-059,week-000,whole,0.41834712670474417,1.0,,,,,,,,,,,,qc: map outside brain (hd)
Patient-059,week-001,enhancing,1.0,1.0,0.0,46.98092055325192,52.96980258356918,805.0,1623.0,0.0,46.8847142349184,52.61556107092335,800.0,1592.0,1.00x1.00x1.00,
Patient-059,week-001,whole,1.0,1.0,0.0,41.41810125878101,50.08991914547278,4196.0,6391.0,0.0,41.6233250698946,49.558046773455466,4232.0,6376.0,1.00x1.00x1.00,
Patient-059,week-014,enhancing,0.9190492593868412,1.0,,,,,,,,,,,,qc: map outside brain (hd)
Patient-059,week-014,whole,0.824628686981382,0.9999705782838313,,,,,,,,,,,,qc: map outside brain (hd)
Patient-059,week-024,enhancing,0.5636579572446556,1.0,,,,,,,,,,,,qc: map outside brain (hd)
Patient-059,week-024,whole,0.7069645753754382,1.0,,,,,,,,,,,,qc: map outside brain (hd)
Patient-059,week-040,enhancing,0.7812391228680822,1.0,,,,,,,,,,,,qc: map outside brain (hd)
Patient-059,week-040,whole,0.913156511878751,1.0,,,,,,,,,,,,qc: map outside brain (hd)
Patient-059,week-055,enhancing,0.6036363636363636,1.0,,,,,,,,,,,,qc: map outside brain (hd)
Patient-059,week-055,whole,0.9494159729036751,1.0,,,,,,,,,,,,qc: map outside brain (hd)
Patient-059,week-068,enhancing,,,,,,,,,,,,,,empty dbt
Patient-059,week-068,whole,1.0,1.0,0.0,27.50131260045572,40.607881008493905,29253.0,36248.0,0.0,28.05835696650357,40.792156108742276,29240.0,36072.0,1.00x1.00x1.00,
Patient-059,week-084,enhancing,1.0,1.0,0.0,47.879356401415706,55.758407437802596,1120.0,197.0,0.0,50.825865867395066,57.09433664307688,1144.0,208.0,1.00x1.00x1.00,
Patient-059,week-084,whole,0.9498003276674176,1.0,,,,,,,,,,,,qc: map outside brain (hd)
Patient-059,week-100,enhancing,1.0,1.0,0.0,67.28521850423931,72.05185783772373,95.0,67.0,0.0,70.63325955287219,73.91505030269259,88.0,48.0,1.00x1.00x1.00,
Patient-059,week-100,whole,0.9364508393285371,1.0,,,,,,,,,,,,qc: map outside brain (hd)
Patient-059,week-116,enhancing,1.0,1.0,0.0,20.638391777200535,27.80287754891569,94.0,1242.0,0.0,23.542522159850648,31.202521965991245,88.0,1280.0,1.00x1.00x1.00,
Patient-059,week-116,whole,1.0,1.0,0.0,23.461582819381277,41.20679555607303,24173.0,30540.0,0.0,24.004123703015196,41.47288270665544,24160.0,30672.0,1.00x1.00x1.00,
Patient-059,week-136,enhancing,0.3772819472616633,1.0,,,,,,,,,,,,qc: map outside brain (hd)
Patient-059,week-136,whole,0.9098012020342118,1.0,,,,,,,,,,,,qc: map outside brain (hd)
Patient-060,week-000,enhancing,0.9702212138400453,1.0,0.0,58.28563168562975,69.53416426476987,14104.0,14187.0,0.0,58.87754527643252,69.77105417004964,14128.0,14168.0,1.00x1.00x1.00,
Patient-060,week-000,whole,0.9588420390182505,0.9999181956293094,0.0,34.59184392910406,54.81149445387926,71505.0,85570.0,0.0,34.76365947937438,54.62600113499065,71432.0,85448.0,1.00x1.00x1.00,
Patient-060,week-001,enhancing,1.0,1.0,0.0,78.75880097470004,91.59694318043589,30.0,18221.0,0.0,79.57608546400007,92.03477234324912,32.0,18184.0,1.00x1.00x1.00,
Patient-060,week-001,whole,0.9957335487042629,1.0,0.0,38.51649221040652,57.99137866959192,56956.0,74342.0,0.0,38.699031406545366,58.034472514187634,56848.0,74272.0,1.00x1.00x1.00,
Patient-060,week-031,enhancing,,,,,,,,,,,,,,empty hd
Patient-060,week-031,whole,1.0,1.0,0.0,44.18871781482116,56.57075203100849,1786.0,450.0,0.0,44.313746470893896,55.66829372888339,1744.0,464.0,1.00x1.00x1.00,
Patient-060,week-040,enhancing,,,,,,,,,,,,,,empty hd
Patient-060,week-040,whole,0.9999708633198333,1.0,0.0,41.26106126264087,54.01160858880736,3612.3796351548262,5245.165546991801,0.0,41.117031042286456,54.027768258318886,3688.0,5232.0,0.46x0.46x0.50,
Patient-060,week-052,enhancing,,,,,,,,,,,,,,empty hd
Patient-060,week-052,whole,0.998565965583174,1.0,0.0,42.14349011120847,54.433445601027316,4184.0,5592.0,0.0,42.345733304759044,54.0,4136.0,5560.0,1.00x1.00x1.00,
Patient-060,week-065,enhancing,0.6602972399150743,1.0,,,,,,,,,,,,qc: map outside brain (hd)
Patient-060,week-065,whole,0.9581187010078387,0.9994553871289825,0.0,38.047463466357485,52.96225070746144,8930.0,11017.0,0.0,38.0562595436855,52.87721626560914,9040.0,11080.0,1.00x1.00x1.00,
Patient-060,week-069,enhancing,0.8176614881439084,1.0,,,,,,,,,,,,qc: map outside brain (hd)
Patient-060,week-069,whole,0.9469688694702348,0.9999302187641743,,,,,,,,,,,,qc: map outside brain (hd)
Patient-060,week-070,enhancing,,,,,,,,,,,,,,empty hd
Patient-060,week-070,whole,0.9357438968217411,0.9957862209424819,,,,,,,,,,,,qc: map outside brain (hd)
Patient-060,week-088,enhancing,0.8418756815703381,1.0,,,,,,,,,,,,qc: map outside brain (hd)
Patient-060,week-088,whole,0.9603417770681396,1.0,0.0,46.59036411014611,62.0,23173.0,29699.0,0.0,46.89767055761671,62.10635862993894,23128.0,29616.0,1.00x1.00x1.00,
Patient-061,week-000-1,enhancing,0.9896373056994818,0.9996871578288753,0.0,60.778080508077,74.36195257324452,13124.0,6393.0,0.0,60.79325863334125,74.24823152056759,13168.0,6440.0,1.00x1.00x1.00,
Patient-061,week-000-1,whole,0.8190824555166801,0.9992732792868447,,,,,,,,,,,,qc: map outside brain (hd)
Patient-061,week-000-2,enhancing,,,,,,,,,,,,,,empty hd
Patient-061,week-000-2,whole,0.38899961671138367,1.0,,,,,,,,,,,,qc: map outside brain (hd)
Patient-061,week-012,enhancing,,,,,,,,,,,,,,empty hd
Patient-061,week-012,whole,1.0,1.0,0.6364516264781382,1.976161617080113,7.504926156813917,17654.67914677781,37757.83446633553,0.6353801169590644,2.627238834792426,7.483314773547883,17408.0,37312.0,0.60x0.60x6.50,
Patient-061,week-022,enhancing,1.0,1.0,0.013245033112582781,9.09733557066291,18.210340773190634,191.17771223660455,1082.4032236925405,0.03614457831325301,8.716771609161874,18.253697844749023,192.0,1136.0,0.68x0.68x6.00,
Patient-061,week-022,whole,1.0,1.0,0.6991237347031274,2.085661204397435,7.653208978495149,26731.142469788763,47704.462076922144,0.7017057569296375,2.4346526087935376,7.483314773547883,27000.0,48040.0,0.68x0.68x6.00,
Patient-061,week-027,enhancing,1.0,1.0,0.0,111.32900898535196,114.200326819049,114.61135209967436,125.46213099668495,0.0,111.99882971703164,114.06664427384295,112.0,120.0,0.87x0.87x0.90,
Patient-061,week-027,whole,0.9584321698859144,1.0,0.0,61.60579964824635,86.01736275411247,30019.357992260862,39932.2226883611,0.0,62.44775833570164,86.19976535873478,29832.0,39824.0,0.87x0.87x0.90,
Patient-061,week-034,enhancing,1.0,1.0,0.0,99.09803877637835,111.51468530164777,207.51872755349305,161.40345476382794,0.0,97.44434588856963,111.49416820304683,184.0,176.0,0.87x0.87x0.90,
Patient-061,week-034,whole,0.9948110042496086,1.0,0.0,48.413618132640714,65.63182779569311,30320.79185920482,46351.274479823995,0.0,49.19635162859153,66.03029607687671,30192.0,46392.0,0.87x0.87x0.90,
Patient-061,week-046,enhancing,1.0,1.0,0.0,60.18824367970528,90.05247366014862,288.22039767092235,144.4492816562505,0.0,68.2059662143945,90.60238693466553,320.0,144.0,0.87x0.87x0.90,
Patient-061,week-046,whole,0.9894491854150504,1.0,0.0,36.063307176595686,54.688300512758914,43707.7755997434,62002.65011261039,0.0,36.304866137342636,54.99999774680016,43584.0,62384.0,0.87x0.87x0.90,
Patient-061,week-054,enhancing,1.0,1.0,0.08835594824865889,2.316581871019695,6.000000953674316,6053.025184997693,2856.420616794081,0.09180918091809182,2.6040411930761835,4.898979485566356,6152.0,2736.0,0.68x0.68x6.00,
Patient-061,week-054,whole,1.0,1.0,0.8854215023813208,0.6623044619787696,3.06128359139806,146858.25525477916,180173.7909919936,0.8851754128798983,1.1265015877541986,3.4641016151377544,147040.0,180416.0,0.68x0.68x6.00,
Patient-062,week-000-1,enhancing,1.0,1.0,0.0,42.37774175689703,61.10360042392187,7043.0,32711.0,0.0,43.154122750638436,61.2241774464957,7008.0,32744.0,1.00x1.00x1.00,
Patient-062,week-000-1,whole,0.9998866143030902,1.0,0.13995761204189291,17.70373378086677,39.761790704142086,97014.0,161550.0,0.13970315398886826,17.991345883137274,40.099875311526844,96936.0,161784.0,1.00x1.00x1.00,
Patient-062,week-000-2,enhancing,1.0,0.999972845272362,0.0,46.55637767880187,68.60029154456998,209.0,73652.0,0.0,48.243617620640904,69.74238309665078,192.0,73768.0,1.00x1.00x1.00,
Patient-062,week-000-2,whole,0.9964200737814062,0.9999846247280498,0.00015919040309284212,30.43712842812434,55.04543577809154,45811.0,130079.0,9.091735612328394e-05,31.048894663670264,55.641710972974224,45984.0,130000.0,1.00x1.00x1.00,
Patient-062,week-015,enhancing,,,,,,,,,,,,,,empty hd
Patient-062,week-015,whole,1.0,1.0,0.0,48.322902277915745,69.2816706882005,6806.0,18117.0,0.0,49.598332040523054,69.82836100038436,6680.0,18248.0,1.00x1.00x1.00,
Patient-062,week-030,enhancing,,,,,,,,,,,,,,empty hd
Patient-062,week-030,whole,1.0,1.0,0.0026209243648170244,21.62290507717155,43.01453213355933,19040.0,32087.0,0.003129890453834116,22.295798074689223,43.513210862165074,19104.0,32016.0,1.00x1.00x1.00,
Patient-062,week-042,enhancing,,,,,,,,,,,,,,empty hd
Patient-062,week-042,whole,1.0,1.0,0.0,39.95933341896597,68.5054742338158,23506.0,42930.0,0.0,40.483551767366556,68.52736679604726,23560.0,43032.0,1.00x1.00x1.00,
Patient-062,week-050,enhancing,,,,,,,,,,,,,,empty hd
Patient-062,week-050,whole,1.0,1.0,0.1648082622183898,12.035516237031377,31.32091952673165,34785.0,66108.0,0.16641572232348045,12.378957561546445,31.559467676119,34808.0,66144.0,1.00x1.00x1.00,
Patient-062,week-057,enhancing,,,,,,,,,,,,,,empty hd
Patient-062,week-057,whole,1.0,1.0,0.1035377569530875,19.89525883378094,48.228622207149975,37585.0,85346.0,0.10255407870732343,20.402538702046773,48.373546489791295,37808.0,84976.0,1.00x1.00x1.00,
Patient-062,week-064,enhancing,1.0,1.0,0.07638223074464685,10.367657179928182,24.203304148035443,4378.0,14396.0,0.07712082262210797,10.153071057281107,23.15167380558045,4472.0,14200.0,1.00x1.00x1.00,
Patient-062,week-064,whole,0.9990236108645482,1.0,0.38606057949414807,7.370528582883214,21.540659228538015,101394.0,126736.0,0.3866100564932103,7.56827221240947,22.090722034374522,101456.0,126536.0,1.00x1.00x1.00,
Patient-063,week-002,enhancing,,,,,,,,,,,,,,empty hd
Patient-063,week-002,whole,0.3860436645582534,0.9961105305932892,,,,,,,,,,,,qc: map outside brain (hd)
Patient-063,week-015,enhancing,,,,,,,,,,,,,,empty hd
Patient-063,week-015,whole,1.0,1.0,0.6637362637362637,1.3529126879983662,6.650827943487311,4770.492932835623,5145.836285419136,0.6757188498402555,1.7219893948586615,6.324555320336759,4800.0,5216.0,0.45x0.45x6.00,
Patient-063,week-034,enhancing,,,,,,,,,,,,,,empty hd
Patient-063,week-034,whole,1.0,1.0,0.6745782516614328,0.9835645250390962,4.775260814314393,12871.854400634766,20286.701202392578,0.6758321273516642,1.5266186935468995,4.47213595499958,12888.0,20280.0,0.45x0.45x6.00,
Patient-063,week-047,enhancing,,,,,,,,,,,,,,empty hd
Patient-063,week-047,whole,1.0,1.0,0.7297187117814921,0.8549699166619847,4.237921211666053,12701.133728027344,19969.475555419922,0.7345543345543346,1.384926147398425,4.47213595499958,12768.0,19992.0,0.45x0.45x6.00,
Patient-063,week-077,enhancing,,,,,,,,,,,,,,empty hd
Patient-063,week-077,whole,1.0,1.0,0.7415321397123569,0.8117019049342062,4.067848792522668,16349.22217161311,24902.203392103,0.7380769230769231,1.4141019869135976,4.47213595499958,16424.0,25176.0,0.45x0.45x6.00,
Patient-063,week-091,enhancing,,,,,,,,,,,,,,empty hd
Patient-063,week-091,whole,1.0,1.0,0.7748188858356233,0.6025688929187091,3.14453125,20526.45782182026,27941.312284206106,0.7801999672184887,1.1950792348208883,4.0,20720.0,28088.0,0.45x0.45x6.00,
Patient-063,week-105,enhancing,,,,,,,,,,,,,,empty hd
Patient-063,week-105,whole,1.0,1.0,0.587065346712461,1.810584541018726,5.158910816182987,17448.41291487901,27498.93283884303,0.5781973637335234,2.242531266097968,6.0,17528.0,27384.0,0.45x0.45x5.00,
Patient-063,week-118,enhancing,,,,,,,,,,,,,,empty hd
Patient-063,week-118,whole,1.0,1.0,0.7487355386314749,1.0101692226651526,5.857095910924254,17707.7307468835,23945.695109819826,0.7504322766570605,1.5592146238941145,4.898979485566356,17736.0,23904.0,0.45x0.45x6.00,
Patient-063,week-123,enhancing,0.0,1.0,,,,,,,,,,,,qc: map outside brain (hd)
Patient-063,week-123,whole,0.08265338560983364,1.0,,,,,,,,,,,,qc: map outside brain (hd)
Patient-063,week-130,enhancing,0.9795176742649488,1.0,0.0,79.44495786628707,89.01095437361126,6054.0,1318.0,0.0,79.56503654590101,88.63181988386928,6096.0,1320.0,1.00x1.00x1.00,
Patient-063,week-130,whole,0.899416946414599,1.0,,,,,,,,,,,,qc: map outside brain (hd)
Patient-063,week-168,enhancing,1.0,1.0,0.12604677129210345,2.4903257367538147,6.214773315568537,16719.738152671016,2799.3362740948214,0.12103505843071787,2.929115924281297,6.324555320336759,16488.0,2680.0,0.45x0.45x6.00,
Patient-063,week-168,whole,1.0,1.0,0.765179721344105,1.4431973377051077,6.515946560982712,42916.2950844684,60496.901788558716,0.7637515451174289,2.0215114849757385,6.6332495807108,43024.0,60528.0,0.45x0.45x6.00,
Patient-064,week-000,enhancing,0.8096551724137931,1.0,,,,,,,,,,,,qc: map outside brain (hd)
Patient-064,week-000,whole,0.7326319586389323,1.0,,,,,,,,,,,,qc: map outside brain (hd)
Patient-064,week-002,enhancing,0.9794079794079794,1.0,0.0,95.43143671826529,111.29308150721836,777.0,27264.0,0.0,96.14018504093124,110.92069220187605,768.0,27136.0,1.00x1.00x1.00,
Patient-064,week-002,whole,0.8634442919036497,1.0,,,,,,,,,,,,qc: map outside brain (hd)
Patient-064,week-020,enhancing,,,,,,,,,,,,,,empty hd
Patient-064,week-020,whole,0.894065912347448,0.9992971605285352,,,,,,,,,,,,qc: map outside brain (hd)
Patient-064,week-033,enhancing,1.0,1.0,0.0,91.84055942148274,107.19025140338178,727.0,22975.0,0.0,92.77630730939518,107.53604047016051,752.0,23112.0,1.00x1.00x1.00,
Patient-064,week-033,whole,0.9888117975370593,1.0,0.0,59.647227515125344,84.0,39059.0,72144.0,0.0,60.316868836460955,84.8528137423857,38832.0,71888.0,1.00x1.00x1.00,
Patient-064,week-049,enhancing,,,,,,,,,,,,,,empty hd
Patient-064,week-049,whole,0.9991812506396479,1.0,0.0,43.958212389578414,64.87680633323437,39084.0,55961.0,0.0,44.07197599764567,64.68384651518491,39096.0,56176.0,1.00x1.00x1.00,
Patient-064,week-062,enhancing,1.0,1.0,0.0,98.33170389997615,109.55820370926132,642.0,13380.0,0.0,98.72784976075818,109.5627673984187,648.0,13432.0,1.00x1.00x1.00,
Patient-064,week-062,whole,0.7298086994872925,1.0,,,,,,,,,,,,qc: map outside brain (hd)
Patient-065,week-000-2,enhancing,1.0,1.0,0.0,87.63266817741584,101.0032177429256,324.0,12157.0,0.0,88.00954053716788,100.54649909574832,288.0,12120.0,1.00x1.00x1.00,
Patient-065,week-000-2,whole,0.9108644698745346,1.0,,,,,,,,,,,,qc: map outside brain (hd)
Patient-065,week-014,enhancing,0.04128440366972477,0.9898119122257053,,,,,,,,,,,,qc: map outside brain (hd)
Patient-065,week-014,whole,0.2900722299062548,0.999145618625514,,,,,,,,,,,,qc: map outside brain (hd)
Patient-065,week-021,enhancing,0.0,1.0,,,,,,,,,,,,qc: map outside brain (hd)
Patient-065,week-021,whole,0.009873983961595112,1.0,,,,,,,,,,,,qc: map outside brain (hd)
Patient-065,week-025,enhancing,0.2611764705882353,1.0,,,,,,,,,,,,qc: map outside brain (hd)
Patient-065,week-025,whole,0.3146028888603146,1.0,,,,,,,,,,,,qc: map outside brain (hd)
Patient-065,week-029,enhancing,,,,,,,,,,,,,,empty hd
Patient-065,week-029,whole,0.8481050611657471,1.0,,,,,,,,,,,,qc: map outside brain (hd)
Patient-065,week-079,enhancing,0.7968732389830782,1.0,,,,,,,,,,,,qc: map outside brain (hd)
Patient-065,week-079,whole,0.7719474594455557,0.9999704020292369,,,,,,,,,,,,qc: map outside brain (hd)
Patient-065,week-102,enhancing,0.542352042863244,1.0,,,,,,,,,,,,qc: map outside brain (hd)
Patient-065,week-102,whole,0.5974003176460754,1.0,,,,,,,,,,,,qc: map outside brain (hd)
Patient-066,week-000,enhancing,0.6270260389161961,1.0,,,,,,,,,,,,qc: map outside brain (hd)
Patient-066,week-000,whole,0.7375766943000328,0.9999954930593113,,,,,,,,,,,,qc: map outside brain (hd)
Patient-066,week-001,enhancing,,,,,,,,,,,,,,empty hd
Patient-066,week-001,whole,0.7980861999403582,0.9802610784499652,,,,,,,,,,,,qc: map outside brain (hd)
Patient-066,week-016,enhancing,,,,,,,,,,,,,,empty hd
Patient-066,week-016,whole,0.9733668341708542,1.0,0.0,84.5957081223105,109.6400930271956,1990.0,2205.0,0.0,85.37724884879361,109.60291638838346,1928.0,2176.0,1.00x1.00x1.00,
Patient-066,week-031,enhancing,,,,,,,,,,,,,,empty hd
Patient-066,week-031,whole,0.7469841930116472,0.9915738360468438,,,,,,,,,,,,qc: map outside brain (hd)
Patient-066,week-046,enhancing,1.0,0.9737283398546674,0.0,98.29226169927686,106.1178590059185,212.0,1789.0,0.0,99.46104023476146,106.30145812734649,176.0,1776.0,1.00x1.00x1.00,
Patient-066,week-046,whole,0.6995633187772926,0.9863949295158999,,,,,,,,,,,,qc: map outside brain (hd)
Patient-066,week-050,enhancing,,,,,,,,,,,,,,empty hd
Patient-066,week-050,whole,0.5042650418888043,0.9865916437208189,,,,,,,,,,,,qc: map outside brain (hd)
Patient-066,week-068,enhancing,0.9855442176870748,1.0,0.0,92.02573548377862,103.48985452701343,1176.0,3329.0,0.0,92.35250862032046,103.54321973427557,1208.0,3280.0,1.00x1.00x1.00,
Patient-066,week-068,whole,0.6626007162041182,1.0,,,,,,,,,,,,qc: map outside brain (hd)
Patient-066,week-084,enhancing,0.9159891598915989,1.0,,,,,,,,,,,,qc: map outside brain (hd)
Patient-066,week-084,whole,0.8196530016889298,0.9987505038291011,,,,,,,,,,,,qc: map outside brain (hd)
Patient-066,week-101,enhancing,0.9709443099273608,0.9956846950517837,0.0,76.35520788491442,85.06232979558104,826.0,3476.0,0.0,76.88535979199953,85.74842315765552,864.0,3496.0,1.00x1.00x1.00,
Patient-066,week-101,whole,0.7554274592004792,0.9974538948527388,,,,,,,,,,,,qc: map outside brain (hd)
Patient-067,week-000-1,enhancing,,,,,,,,,,,,,,empty hd
Patient-067,week-000-1,whole,0.4418369921776432,1.0,,,,,,,,,,,,qc: map outside brain (hd)
Patient-067,week-000-2,enhancing,,,,,,,,,,,,,,empty hd
Patient-067,week-000-2,whole,0.9998382923673997,0.9995426829268292,0.0,82.56697302366172,94.24966843443005,6184.0,13120.0,0.0,82.85358488963267,94.17005893594843,6248.0,13104.0,1.00x1.00x1.00,
Patient-067,week-013,enhancing,0.0,0.945264986967854,,,,,,,,,,,,qc: map outside brain (hd)
Patient-067,week-013,whole,0.26041405942718204,0.9895954109965216,,,,,,,,,,,,qc: map outside brain (hd)
Patient-067,week-019-2,enhancing,0.28799612778315586,0.9999220880405142,,,,,,,,,,,,qc: map outside brain (hd)
Patient-067,week-019-2,whole,0.524115437833564,0.9999898121357839,,,,,,,,,,,,qc: map outside brain (hd)
Patient-067,week-033,enhancing,,,,,,,,,,,,,,empty hd
Patient-067,week-033,whole,0.7518284368414528,0.962208118381754,,,,,,,,,,,,qc: map outside brain (hd)
Patient-067,week-042,enhancing,,,,,,,,,,,,,,empty hd
Patient-067,week-042,whole,0.9871104708469178,1.0,0.0,84.85148148656353,102.65476121447071,13189.0,22600.0,0.0,84.90085106532412,102.69761399540374,13224.0,22480.0,1.00x1.00x1.00,
Patient-067,week-053,enhancing,1.0,1.0,0.0,96.80345429804689,107.06809688975189,325.9993782043457,5487.989532470703,0.0,97.48157695309236,106.99905210716155,312.0,5552.0,1.00x1.00x1.00,
Patient-067,week-053,whole,0.9724164978103144,1.0,0.0,83.93848365318854,102.0293403650717,15298.970819473267,25871.950653076172,0.0,84.67810081968719,102.80077820717118,15200.0,25864.0,1.00x1.00x1.00,
Patient-067,week-059,enhancing,,,,,,,,,,,,,,empty hd
Patient-067,week-059,whole,0.9568396226415095,0.9714411148884436,0.0,88.28087139849416,109.41572097582107,4240.0,88834.0,0.0,89.10516567833207,109.7943529072128,4392.0,88992.0,1.00x1.00x1.00,
Patient-067,week-068,enhancing,0.0,0.9995577395577395,,,,,,,,,,,,qc: map outside brain (hd)
Patient-067,week-068,whole,0.20130150403399846,0.9877574211254168,,,,,,,,,,,,qc: map outside brain (hd)
Patient-067,week-073,enhancing,0.0,0.9966620305980528,,,,,,,,,,,,qc: map outside brain (hd)
Patient-067,week-073,whole,0.0849159721273398,0.998394507525746,,,,,,,,,,,,qc: map outside brain (hd)
Patient-067,week-077,enhancing,0.7254038179148311,0.9889813068084377,,,,,,,,,,,,qc: map outside brain (hd)
Patient-067,week-077,whole,0.6762597984322508,0.9918664822215391,,,,,,,,,,,,qc: map outside brain (hd)
Patient-067,week-079,enhancing,0.2833333333333333,1.0,,,,,,,,,,,,qc: map outside brain (hd)
Patient-067,week-079,whole,0.362695275738754,1.0,,,,,,,,,,,,qc: map outside brain (hd)
Patient-067,week-092,enhancing,,,,,,,,,,,,,,empty hd
Patient-067,week-092,whole,0.941688837056744,1.0,,,,,,,,,,,,qc: map outside brain (hd)
Patient-067,week-109,enhancing,,,,,,,,,,,,,,empty hd
Patient-067,week-109,whole,0.36082417882713014,1.0,,,,,,,,,,,,qc: map outside brain (hd)
Patient-067,week-124,enhancing,,,,,,,,,,,,,,empty hd
Patient-067,week-124,whole,0.9374557726852104,0.9988794397198599,,,,,,,,,,,,qc: map outside brain (hd)
Patient-067,week-136,enhancing,,,,,,,,,,,,,,empty hd
Patient-067,week-136,whole,0.16273987953494887,0.99966239027684,,,,,,,,,,,,qc: map outside brain (hd)
Patient-067,week-152,enhancing,0.3035769112680381,0.9992589848091886,,,,,,,,,,,,qc: map outside brain (hd)
Patient-067,week-152,whole,0.6076107365366561,0.9924263618560409,,,,,,,,,,,,qc: map outside brain (hd)
Patient-067,week-156,enhancing,0.43759541197342905,1.0,,,,,,,,,,,,qc: map outside brain (hd)
Patient-067,week-156,whole,0.693600646415514,0.9999181492808298,,,,,,,,,,,,qc: map outside brain (hd)
Patient-067,week-157,enhancing,,,,,,,,,,,,,,empty hd
Patient-067,week-157,whole,0.9656130370055296,0.999294597389044,0.0,48.91753615416761,69.40461079784254,75232.0,103487.0,0.0,49.48804929791042,69.22138343635888,75320.0,103712.0,1.00x1.00x1.00,
Patient-067,week-167,enhancing,0.6480017212629767,1.0,,,,,,,,,,,,qc: map outside brain (hd)
Patient-067,week-167,whole,0.808678240434955,0.999376569815189,,,,,,,,,,,,qc: map outside brain (hd)
Patient-068,week-000-1,enhancing,1.0,1.0,0.0,81.06683503196489,89.69392398596462,663.0,3523.0,0.0,82.58603190476099,90.39579601716275,592.0,3448.0,1.00x1.00x1.00,
Patient-068,week-000-1,whole,0.9726089092695709,1.0,0.0,56.14436680472806,72.94518489934754,24424.0,35733.0,0.0,56.5843682533861,73.25708041147769,24632.0,35840.0,1.00x1.00x1.00,
Patient-068,week-000-2,enhancing,,,,,,,,,,,,,,empty hd
Patient-068,week-000-2,whole,1.0,1.0,0.0,58.06636985485386,74.92596343052122,7455.0,35658.0,0.0,59.0255611395534,76.04472272762617,7392.0,35768.0,1.00x1.00x1.00,
Patient-068,week-004,enhancing,0.8523316062176166,0.8599287773444124,,,,,,,,,,,,qc: map outside brain (hd)
Patient-068,week-004,whole,0.8849919701600787,0.9296584946764445,,,,,,,,,,,,qc: map outside brain (hd)
Patient-068,week-010,enhancing,0.011299435028248588,0.770154485265481,,,,,,,,,,,,qc: map outside brain (hd)
Patient-068,week-010,whole,0.6709041095890411,0.9041409410261869,,,,,,,,,,,,qc: map outside brain (hd)
Patient-068,week-022,enhancing,,,,,,,,,,,,,,empty hd
Patient-068,week-022,whole,0.999560536145902,0.9991753852497036,0.0,59.337636204018466,76.75219861303962,4551.0,19403.0,0.0,60.37060968299492,77.92303895511263,4616.0,19328.0,1.00x1.00x1.00,
Patient-068,week-035,enhancing,0.86504895700298,1.0,,,,,,,,,,,,qc: map outside brain (hd)
Patient-068,week-035,whole,0.750161260597125,1.0,,,,,,,,,,,,qc: map outside brain (hd)
Patient-068,week-047,enhancing,0.7369215480387009,1.0,,,,,,,,,,,,qc: map outside brain (hd)
Patient-068,week-047,whole,0.6532418127687727,0.9999542451885957,,,,,,,,,,,,qc: map outside brain (hd)
Patient-069,week-000,enhancing,0.9934293618812774,0.999952129060054,0.020297735662974957,1.479581927648896,4.238253300588671,36237.20435556707,45526.979033236195,0.016869360533542564,2.6076960978193404,4.898979485566356,36216.0,45352.0,0.45x0.45x0.90,
Patient-069,week-000,whole,0.9983271481729127,0.9980571610333373,0.8156151863552601,1.2495941222089486,5.758919923839776,146132.60532743047,200983.86651025675,0.8145535034931175,1.3278356941697746,4.898979485566356,145960.0,201008.0,0.45x0.45x0.90,
Patient-069,week-001,enhancing,0.0,0.9497309692600531,,,,,,,,,,,,qc: map outside brain (hd)
Patient-069,week-001,whole,0.8673385568052572,0.9804181589917227,,,,,,,,,,,,qc: map outside brain (hd)
Patient-070,week-004,enhancing,,,,,,,,,,,,,,empty hd
Patient-070,week-004,whole,1.0,0.8573124036533011,,,,,,,,,,,,qc: map outside brain (dbt)
Patient-070,week-005,enhancing,,,,,,,,,,,,,,empty hd
Patient-070,week-005,whole,1.0,0.9397787365225339,,,,,,,,,,,,qc: map outside brain (dbt)
Patient-070,week-019,enhancing,,,,,,,,,,,,,,empty hd
Patient-070,week-019,whole,1.0,0.9622766379880874,0.0,69.67957316354473,83.88384810767408,591.0,6044.0,0.0,70.27982171975839,84.22105252550638,624.0,6048.0,1.00x1.00x1.00,
Patient-070,week-044,enhancing,,,,,,,,,,,,,,empty hd
Patient-070,week-044,whole,0.8112835170818021,1.0,,,,,,,,,,,,qc: map outside brain (hd)
Patient-070,week-061,enhancing,0.9590344463042904,1.0,0.0,47.47345375256494,63.14150767921418,34053.0,10282.0,0.0,48.73855326849371,63.83885865846834,34216.0,10048.0,1.00x1.00x1.00,
Patient-070,week-061,whole,0.9894363127355155,0.9990302182230409,0.0444936916763439,24.073244230956814,46.14108798023731,206462.0,225824.0,0.044718381549965755,24.20770407769928,46.216880033165374,206352.0,225864.0,1.00x1.00x1.00,
Patient-071,week-000-1,enhancing,0.9998516760605162,0.9999223636928264,0.08895730818924046,0.9460081050252651,2.845560178501212,23264.905212912618,16375.407216483109,0.09372485921158488,2.061416688095982,3.4641016151377544,23344.0,16432.0,0.45x0.45x0.90,
Patient-071,week-000-1,whole,0.9999812154330424,0.9996187747468115,0.9054048704227654,1.5691504893784027,7.206404686137015,203037.86841963432,228198.50253239225,0.9046612526421182,1.7227202428024788,7.211102550927978,203168.0,228304.0,0.45x0.45x0.90,
Patient-071,week-000-2,enhancing,,,,,,,,,,,,,,empty hd
Patient-071,week-000-2,whole,0.16139667205026004,0.9988579668348955,,,,,,,,,,,,qc: map outside brain (hd)
Patient-071,week-024,enhancing,0.0,1.0,,,,,,,,,,,,qc: map outside brain (hd)
Patient-071,week-024,whole,0.0,0.9989273017040579,,,,,,,,,,,,qc: map outside brain (hd)
Patient-071,week-027,enhancing,0.0,1.0,,,,,,,,,,,,qc: map outside brain (hd)
Patient-071,week-027,whole,0.0011175005238283704,0.9997372431551842,,,,,,,,,,,,qc: map outside brain (hd)
Patient-071,week-052,enhancing,0.0,1.0,,,,,,,,,,,,qc: map outside brain (hd)
Patient-071,week-052,whole,0.024287621539249928,1.0,,,,,,,,,,,,qc: map outside brain (hd)
Patient-071,week-058,enhancing,0.0,1.0,,,,,,,,,,,,qc: map outside brain (hd)
Patient-071,week-058,whole,0.05459705542100488,1.0,,,,,,,,,,,,qc: map outside brain (hd)
Patient-071,week-062,enhancing,0.0,1.0,,,,,,,,,,,,qc: map outside brain (hd)
Patient-071,week-062,whole,0.06366025564448692,1.0,,,,,,,,,,,,qc: map outside brain (hd)
Patient-072,week-000-1,enhancing,0.016499057196731615,1.0,,,,,,,,,,,,qc: map outside brain (hd)
Patient-072,week-000-1,whole,0.11762625225348577,1.0,,,,,,,,,,,,qc: map outside brain (hd)
Patient-072,week-000-2,enhancing,0.8451215088864708,1.0,,,,,,,,,,,,qc: map outside brain (hd)
Patient-072,week-000-2,whole,0.7758105760409143,1.0,,,,,,,,,,,,qc: map outside brain (hd)
Patient-072,week-013,enhancing,0.36300744028194754,1.0,,,,,,,,,,,,qc: map outside brain (hd)
Patient-072,week-013,whole,0.3842658896735641,0.9998431267087984,,,,,,,,,,,,qc: map outside brain (hd)
Patient-072,week-021,enhancing,0.8697597229237318,1.0,,,,,,,,,,,,qc: map outside brain (hd)
Patient-072,week-021,whole,0.7754295961682519,1.0,,,,,,,,,,,,qc: map outside brain (hd)
Patient-072,week-029,enhancing,0.6459765177548683,1.0,,,,,,,,,,,,qc: map outside brain (hd)
Patient-072,week-029,whole,0.5830513688095971,1.0,,,,,,,,,,,,qc: map outside brain (hd)
Patient-072,week-037,enhancing,0.19906231685876147,1.0,,,,,,,,,,,,qc: map outside brain (hd)
Patient-072,week-037,whole,0.11550759392486011,1.0,,,,,,,,,,,,qc: map outside brain (hd)
Patient-072,week-046,enhancing,1.0,1.0,0.0,82.51029880792008,101.36172845856007,5087.0,6327.0,0.0,84.48141390787268,101.31140113531151,5128.0,6448.0,1.00x1.00x1.00,
Patient-072,week-046,whole,0.9489339548971817,0.9999834104746264,,,,,,,,,,,,qc: map outside brain (hd)
Patient-072,week-055,enhancing,0.07137601177336277,1.0,,,,,,,,,,,,qc: map outside brain (hd)
Patient-072,week-055,whole,0.30211523060253453,0.9999840792217923,,,,,,,,,,,,qc: map outside brain (hd)
Patient-072,week-064,enhancing,0.17953795379537954,1.0,,,,,,,,,,,,qc: map outside brain (hd)
Patient-072,week-064,whole,0.44344241174954907,1.0,,,,,,,,,,,,qc: map outside brain (hd)
Patient-072,week-073,enhancing,0.0,1.0,,,,,,,,,,,,qc: map outside brain (hd)
Patient-072,week-073,whole,0.15259114800104645,1.0,,,,,,,,,,,,qc: map outside brain (hd)
Patient-072,week-078,enhancing,0.0,1.0,,,,,,,,,,,,qc: map outside brain (hd)
Patient-072,week-078,whole,0.10061284868977177,1.0,,,,,,,,,,,,qc: map outside brain (hd)
Patient-072,week-090,enhancing,0.0,1.0,,,,,,,,,,,,qc: map outside brain (hd)
Patient-072,week-090,whole,0.21533809679718044,1.0,,,,,,,,,,,,qc: map outside brain (hd)
Patient-072,week-105,enhancing,0.0,1.0,,,,,,,,,,,,qc: map outside brain (hd)
Patient-072,week-105,whole,0.2788279973691469,1.0,,,,,,,,,,,,qc: map outside brain (hd)
Patient-072,week-120,enhancing,0.6710766423357665,0.9935345808860356,,,,,,,,,,,,qc: map outside brain (hd)
Patient-072,week-120,whole,0.4903188955796077,0.9987117177670923,,,,,,,,,,,,qc: map outside brain (hd)
Patient-073,week-000,enhancing,0.9994674141555712,0.9972421776582343,0.031362420440918734,2.17352594329669,8.062826549624125,35715.87783098221,29404.654457569122,0.031349497918197404,3.034039954797499,8.48528137423857,35664.0,29664.0,1.00x1.00x1.00,
Patient-073,week-000,whole,0.9998963346100544,0.9994296333968659,0.9162020255389626,1.930451604857353,9.90238985337747,183492.01179027557,210632.0743584633,0.9149782776401802,2.026529978013889,10.0,183224.0,210840.0,1.00x1.00x1.00,
Patient-073,week-001,enhancing,,,,,,,,,,,,,,empty hd
Patient-073,week-001,whole,1.0,0.9923768360307301,0.034653517766192875,20.800514619875152,44.97137976955483,65109.5,147379.75,0.0345906025095143,21.220648409596127,45.35856653183633,64952.0,147360.0,0.50x0.50x1.00,
Patient-073,week-015,enhancing,1.0,0.8713170300530347,,,,,,,,,,,,qc: map outside brain (dbt)
Patient-073,week-015,whole,1.0,0.8849427522143012,,,,,,,,,,,,qc: map outside brain (dbt)
Patient-073,week-032,enhancing,,,,,,,,,,,,,,empty hd
Patient-073,week-032,whole,1.0,0.9896907216494846,0.0,37.36962330961778,55.066836350710695,8056.021127700806,31137.081660032272,0.0,37.93634043664368,55.81755892542285,8088.0,31072.0,1.00x1.00x1.00,
Patient-073,week-046,enhancing,,,,,,,,,,,,,,empty hd
Patient-073,week-046,whole,0.9945383171189622,0.8943556102227689,,,,,,,,,,,,qc: map outside brain (dbt)
Patient-073,week-060,enhancing,,,,,,,,,,,,,,empty hd
Patient-073,week-060,whole,1.0,0.9121659953480457,,,,,,,,,,,,qc: map outside brain (dbt)
Patient-073,week-073,enhancing,,,,,,,,,,,,,,empty hd
Patient-073,week-073,whole,1.0,0.9332444958308429,,,,,,,,,,,,qc: map outside brain (dbt)
Patient-073,week-087,enhancing,,,,,,,,,,,,,,empty hd
Patient-073,week-087,whole,0.9946650376705355,0.9455395737069608,,,,,,,,,,,,qc: map outside brain (dbt)
Patient-073,week-100,enhancing,1.0,0.857575542881434,,,,,,,,,,,,qc: map outside brain (dbt)
Patient-073,week-100,whole,1.0,0.8909946782868432,,,,,,,,,,,,qc: map outside brain (dbt)
Patient-073,week-119,enhancing,,,,,,,,,,,,,,empty hd
Patient-073,week-119,whole,0.999905326937642,0.9392914273726168,,,,,,,,,,,,qc: map outside brain (dbt)
Patient-073,week-135,enhancing,,,,,,,,,,,,,,empty hd
Patient-073,week-135,whole,0.9999733468376023,0.9170937060460908,,,,,,,,,,,,qc: map outside brain (dbt)
Patient-073,week-155,enhancing,,,,,,,,,,,,,,empty hd
Patient-073,week-155,whole,0.9921989991168678,0.9570012342238324,0.0,39.48098734494639,72.06247289678588,33970.0,100468.0,0.0,39.99024693071181,72.32564351842952,33776.0,100616.0,1.00x1.00x1.00,
Patient-073,week-169,enhancing,,,,,,,,,,,,,,empty hd
Patient-073,week-169,whole,0.9999736488445018,0.9719032860212025,0.09202684776367633,16.50113173077703,42.731721238442994,37949.0,113572.0,0.09337699376782507,16.865220375104848,43.58898943540674,37960.0,113512.0,1.00x1.00x1.00,
Patient-073,week-186,enhancing,,,,,,,,,,,,,,empty hd
Patient-073,week-186,whole,1.0,0.9908848010379672,0.03896157840083074,28.990608490369027,62.194050648059914,53503.0,90947.0,0.03778602692669954,29.766210977909516,62.99841139894657,53480.0,90912.0,1.00x1.00x1.00,
Patient-073,week-202,enhancing,,,,,,,,,,,,,,empty hd
Patient-073,week-202,whole,1.0,0.9385396960734682,,,,,,,,,,,,qc: map outside brain (dbt)
Patient-073,week-216,enhancing,1.0,1.0,0.0,39.333139536716466,51.87388544959055,6008.0,174.0,0.0,43.18660162388699,55.82114294781145,6048.0,176.0,1.00x1.00x1.00,
Patient-073,week-216,whole,0.996775537281886,0.9896765211209195,0.11726477900448112,11.793179467949656,34.15771711708519,64817.0,67516.0,0.11880830574781824,12.037254150977699,34.692929635084234,65352.0,67568.0,1.00x1.00x1.00,
Patient-073,week-228,enhancing,1.0,0.9843373493975903,0.0,20.918116929261622,38.56163024076532,7747.0,830.0,0.0,20.873631559388883,35.81871988128687,7920.0,832.0,1.00x1.00x1.00,
Patient-073,week-228,whole,0.9956275149710085,0.9946771291483406,0.08829651983178954,15.566275333168234,45.71651780264984,63122.0,80032.0,0.08745119910764082,15.762097625480594,46.130250378683186,63488.0,79952.0,1.00x1.00x1.00,
Patient-073,week-242,enhancing,0.9998574076714672,0.8445788245279016,,,,,,,,,,,,qc: map outside brain (dbt)
Patient-073,week-242,whole,0.9999268941720034,0.947777877941044,,,,,,,,,,,,qc: map outside brain (dbt)
Patient-074,week-000-2,enhancing,1.0,0.9941266317098902,0.0017819739269078062,20.078366844864785,33.215937326443765,517.3373239325883,70352.33711132096,0.0015819209039548022,19.34537145036957,33.58571124749333,504.0,70296.0,0.43x0.43x6.00,
Patient-074,week-000-2,whole,1.0,0.9948985102652941,0.3359111612610257,6.9119928170301135,21.475779530562157,27678.10072474458,133330.12483202256,0.3368933485668869,6.98963659703171,22.0,27632.0,133416.0,0.43x0.43x6.00,
Patient-074,week-014,enhancing,1.0,1.0,8.992502501039758e-05,18.935368453348506,34.55792239125495,461.75,21779.0,0.0,19.05468736810283,34.54850497459094,488.0,21776.0,0.50x0.50x1.00,
Patient-074,week-014,whole,1.0,0.9999888387459215,0.4339793908600462,5.66068261028528,19.67866865415443,20385.75,67196.75,0.4313653811003473,6.176751031288975,20.97617696340303,20288.0,67248.0,0.50x0.50x1.00,
Patient-074,week-026,enhancing,,,,,,,,,,,,,,empty hd
Patient-074,week-026,whole,1.0,0.996643818588628,0.45375560920386815,4.972964520758207,19.507110497115505,18835.725315981108,62383.99314498383,0.4543570512187901,5.329565554726484,19.078784028338912,18832.0,62232.0,0.43x0.43x6.00,
Patient-074,week-039,enhancing,0.013652593992858644,1.0,,,,,,,,,,,,qc: map outside brain (hd)
Patient-074,week-039,whole,0.47327971403038427,1.0,,,,,,,,,,,,qc: map outside brain (hd)
Patient-075,week-000,enhancing,0.0,1.0,,,,,,,,,,,,qc: map outside brain (hd)
Patient-075,week-000,whole,0.07358754485191267,1.0,,,,,,,,,,,,qc: map outside brain (hd)
Patient-075,week-002,enhancing,0.2920353982300885,1.0,,,,,,,,,,,,qc: map outside brain (hd)
Patient-075,week-002,whole,0.3906042366919409,0.9995751583500695,,,,,,,,,,,,qc: map outside brain (hd)
Patient-075,week-020,enhancing,0.7936802973977695,1.0,,,,,,,,,,,,qc: map outside brain (hd)
Patient-075,week-020,whole,0.9716410971641097,1.0,0.0,95.21463117760135,109.47145746723207,6453.0,9017.0,0.0,95.80030732357488,109.57371850374409,6520.0,9040.0,1.00x1.00x1.00,
Patient-075,week-032,enhancing,,,,,,,,,,,,,,empty hd
Patient-075,week-032,whole,0.7501338829295208,0.9998457773847957,,,,,,,,,,,,qc: map outside brain (hd)
Patient-075,week-044,enhancing,0.0,1.0,,,,,,,,,,,,qc: map outside brain (hd)
Patient-075,week-044,whole,0.7030202287710599,1.0,,,,,,,,,,,,qc: map outside brain (hd)
Patient-076,week-001,enhancing,1.0,0.9809103140151804,0.0,35.135544795830334,54.27107867631603,294.0,78786.0,0.0,34.98832562163227,53.78289527138998,272.0,78872.0,1.00x1.00x1.00,
Patient-076,week-001,whole,0.6705994291151285,0.9893610899767913,,,,,,,,,,,,qc: map outside brain (hd)
Patient-077,week-000,enhancing,0.5920639320029564,1.0,,,,,,,,,,,,qc: map outside brain (hd)
Patient-077,week-000,whole,0.613132623614715,1.0,,,,,,,,,,,,qc: map outside brain (hd)
Patient-077,week-001,enhancing,0.9636363636363636,1.0,0.0,117.39973656790497,135.18690761216726,220.0,30135.0,0.0,118.28091482147047,136.0558705907092,248.0,30168.0,1.00x1.00x1.00,
Patient-077,week-001,whole,0.5307251941403345,0.9999868952999993,,,,,,,,,,,,qc: map outside brain (hd)
Patient-077,week-014,enhancing,,,,,,,,,,,,,,empty hd
Patient-077,week-014,whole,0.280750137892995,0.9874029406905667,,,,,,,,,,,,qc: map outside brain (hd)
Patient-077,week-026,enhancing,0.0,0.9863784757401779,,,,,,,,,,,,qc: map outside brain (hd)
Patient-077,week-026,whole,0.05278413424866514,0.9880174291938998,,,,,,,,,,,,qc: map outside brain (hd)
Patient-077,week-033,enhancing,0.0,0.9683835845896147,,,,,,,,,,,,qc: map outside brain (hd)
Patient-077,week-033,whole,0.0019831068674256336,0.9949708567596843,,,,,,,,,,,,qc: map outside brain (hd)
Patient-077,week-048,enhancing,0.0,1.0,,,,,,,,,,,,qc: map outside brain (hd)
Patient-077,week-048,whole,0.20711953593051638,1.0,,,,,,,,,,,,qc: map outside brain (hd)
Patient-077,week-062,enhancing,0.566342372179673,1.0,,,,,,,,,,,,qc: map outside brain (hd)
Patient-077,week-062,whole,0.36111793611793613,1.0,,,,,,,,,,,,qc: map outside brain (hd)
Patient-077,week-070,enhancing,0.23337515683814303,1.0,,,,,,,,,,,,qc: map outside brain (hd)
Patient-077,week-070,whole,0.14041302579443177,1.0,,,,,,,,,,,,qc: map outside brain (hd)
Patient-077,week-083,enhancing,0.36840801063278594,1.0,,,,,,,,,,,,qc: map outside brain (hd)
Patient-077,week-083,whole,0.428334011273171,1.0,,,,,,,,,,,,qc: map outside brain (hd)
Patient-078,week-000,enhancing,1.0,1.0,0.0,23.834882999031827,37.49666651850535,26831.0,16426.0,0.0,24.399400167215227,38.0,26800.0,16512.0,1.00x1.00x1.00,
Patient-078,week-000,whole,0.9981592188075245,1.0,0.024824752235919748,21.84733937583287,42.49705872175156,114082.0,134138.0,0.025064432989690723,22.050373727521855,42.37924020083418,114096.0,134224.0,1.00x1.00x1.00,
Patient-078,week-001,enhancing,0.9972222222222222,0.999045011778188,0.0,22.578622712502266,34.438350715445125,360.0,15707.0,0.0,25.67640844762034,39.319198277294504,360.0,15760.0,1.00x1.00x1.00,
Patient-078,week-001,whole,0.9456794896578388,0.9997727341595709,,,,,,,,,,,,qc: map outside brain (hd)
Patient-078,week-005,enhancing,0.7363234794427455,1.0,,,,,,,,,,,,qc: map outside brain (hd)
Patient-078,week-005,whole,0.686671469740634,1.0,,,,,,,,,,,,qc: map outside brain (hd)
Patient-078,week-019,enhancing,0.9337209302325581,1.0,,,,,,,,,,,,qc: map outside brain (hd)
Patient-078,week-019,whole,0.9366157873462553,1.0,,,,,,,,,,,,qc: map outside brain (hd)
Patient-078,week-029,enhancing,1.0,1.0,0.007843946743730004,11.228545118265192,24.186773244895647,7373.0,2316.0,0.005029337803855826,12.112117394788424,24.4335577805585,7320.0,2224.0,1.00x1.00x1.00,
Patient-078,week-029,whole,0.9901181128783303,0.9997966771232718,0.027744044838860345,18.179312280219595,35.4400902933387,59604.0,68856.0,0.027665275095021497,18.79518573171491,35.656690794645336,59400.0,68992.0,1.00x1.00x1.00,
Patient-078,week-037,enhancing,0.9894581488509382,0.987035141589901,0.0,19.62751619156112,36.124783736376884,9486.0,2931.0,0.0,20.746546904358798,36.932370625238775,9456.0,2880.0,1.00x1.00x1.00,
Patient-078,week-037,whole,0.9790410297165475,0.9956699998646875,0.04688722153017179,18.162575169310443,33.25657829663178,64173.0,73903.0,0.04702611918688828,18.43188649744944,33.28663395418648,64072.0,74064.0,1.00x1.00x1.00,
Patient-078,week-039,enhancing,0.993767140363999,0.9976697736351531,0.0,26.216447148587314,42.29673643441814,4011.0224729776382,3004.016830921173,0.0,26.585719537137546,42.199521808343526,4040.0,2976.0,1.00x1.00x1.00,
Patient-078,week-039,whole,0.95286836935167,0.9981291831303927,0.022904211505247775,20.157212620800916,35.11429519423887,50900.28518438339,62005.347403883934,0.022347949080622348,20.524561196660855,35.09985754956849,51176.0,61944.0,1.00x1.00x1.00,
Patient-078,week-041,enhancing,0.9998399743959033,1.0,0.0,19.656376016167986,32.656461040376016,5044.15339482639,2769.4815646742427,0.0,20.558063005590665,33.645207682521445,5304.0,2744.0,0.90x0.90x1.00,
Patient-078,week-041,whole,0.9886465424579004,0.9970453659437388,0.039296307003736895,14.726046997821292,25.793680710847266,36046.04160655581,39340.19907243619,0.038473801679243275,15.14789387075276,26.076809620810597,36072.0,39200.0,0.90x0.90x1.00,
Patient-078,week-045,enhancing,0.947200728265817,1.0,,,,,,,,,,,,qc: map outside brain (hd)
Patient-078,week-045,whole,0.8520386876540869,1.0,,,,,,,,,,,,qc: map outside brain (hd)
Patient-078,week-056,enhancing,1.0,1.0,0.0,26.248085627032264,38.79432948254165,3380.0,2031.0,0.0,26.975602174686355,39.056361884710526,3376.0,2088.0,1.00x1.00x1.00,
Patient-078,week-056,whole,0.9946817148424814,0.9994380794805356,0.0412953322156534,16.540271964037057,28.75760768909681,24632.0,32033.0,0.041849286017248695,16.86608613757839,28.91366458960192,24504.0,32080.0,1.00x1.00x1.00,
Patient-078,week-062,enhancing,0.9938710468252022,1.0,0.0,20.832994510492533,35.298725189445584,4079.0,2570.0,0.0,21.714805609111938,35.94414350881693,4112.0,2512.0,1.00x1.00x1.00,
Patient-078,week-062,whole,0.9740169926891918,1.0,0.09803921568627451,11.625258376639653,24.657656011875904,30366.0,37974.0,0.09895894256638203,11.964565163092269,24.73863375370596,30496.0,37896.0,1.00x1.00x1.00,
Patient-078,week-076,enhancing,0.720802418246771,1.0,,,,,,,,,,,,qc: map outside brain (hd)
Patient-078,week-076,whole,0.7930632468668026,1.0,,,,,,,,,,,,qc: map outside brain (hd)
Patient-078,week-088,enhancing,0.6478330658105939,1.0,,,,,,,,,,,,qc: map outside brain (hd)
Patient-078,week-088,whole,0.6778036923595695,1.0,,,,,,,,,,,,qc: map outside brain (hd)
Patient-078,week-106,enhancing,0.9909851899549259,1.0,0.0,20.281114731760624,37.66364236740756,1553.0,10250.0,0.0,21.093630578687822,38.49154910141219,1528.0,10224.0,1.00x1.00x1.00,
Patient-078,week-106,whole,0.9830948962922628,0.9999265111151938,0.256558967437152,8.849989783560996,25.059928172283335,40402.0,54430.0,0.25704906994360743,9.112556577389125,24.899799195977465,40456.0,54592.0,1.00x1.00x1.00,
Patient-078,week-113,enhancing,0.9572281167108754,1.0,0.0,30.05840691094452,38.57135221449122,3016.0,2178.0,0.0,30.0270229489855,37.1375757900073,3008.0,2264.0,1.00x1.00x1.00,
Patient-078,week-113,whole,0.9632946070721932,0.9994311238464456,0.18901063486948114,11.681124138867144,29.410882339705484,39422.0,47462.0,0.18797130770645576,11.967408933956138,29.189039038652847,39472.0,47520.0,1.00x1.00x1.00,
Patient-078,week-116,enhancing,0.42637862421830586,0.9947563232572486,,,,,,,,,,,,qc: map outside brain (hd)
Patient-078,week-116,whole,0.7627035390623081,0.9958990951673282,,,,,,,,,,,,qc: map outside brain (hd)
Patient-078,week-119,enhancing,0.02967327262988752,1.0,,,,,,,,,,,,qc: map outside brain (hd)
Patient-078,week-119,whole,0.30782136865026954,1.0,,,,,,,,,,,,qc: map outside brain (hd)
Patient-079,week-001,enhancing,1.0,1.0,0.001345085129729921,20.746792596640283,38.358058185685536,139.58122117765015,31156.52258429691,0.001017293997965412,21.081744270837657,39.496835316262995,136.0,31320.0,0.43x0.43x6.00,
Patient-079,week-001,whole,1.0,1.0,0.558902235193252,4.138268963595641,12.015369427448825,71506.57337933444,184328.08043978366,0.5594418721061194,4.581494096040302,12.0,71568.0,184144.0,0.43x0.43x6.00,
Patient-079,week-014,enhancing,1.0,1.0,0.009269429635384574,5.903546218063309,18.290686231921473,1189.9970209598541,8141.729617983103,0.0034423407917383822,7.977559706525426,18.973665961010276,1184.0,8112.0,0.50x0.50x1.00,
Patient-079,week-014,whole,1.0,0.9998764147136008,0.7709626152785768,2.5775581196974464,9.233091897138516,89975.77475452423,129464.92589733005,0.7688835499253759,2.838395428629208,10.198039027185569,90032.0,129736.0,0.50x0.50x1.00,
Patient-080,week-000,enhancing,0.003986181238373638,1.0,,,,,,,,,,,,qc: map outside brain (hd)
Patient-080,week-000,whole,0.1585045452157007,0.9999697428139183,,,,,,,,,,,,qc: map outside brain (hd)
Patient-080,week-001,enhancing,1.0,0.9878745240854163,8.246742536698004e-05,17.594448372270698,31.202765850015844,97.485398047138,26768.60407285276,0.0,20.267258574029885,31.625935723375086,72.0,26704.0,0.43x0.43x6.00,
Patient-080,week-001,whole,1.0,0.9969241992566815,0.657709786514479,3.111450602290199,11.938690126221546,55339.5802209634,112370.75365576748,0.6598428945489169,3.744702874379399,11.661903789690601,55640.0,112400.0,0.43x0.43x6.00,
Patient-080,week-018,enhancing,0.0182370820668693,1.0,,,,,,,,,,,,qc: map outside brain (hd)
Patient-080,week-018,whole,0.20628178910387499,1.0,,,,,,,,,,,,qc: map outside brain (hd)
Patient-081,week-000-1,enhancing,0.921875,1.0,,,,,,,,,,,,qc: map outside brain (hd)
Patient-081,week-000-1,whole,0.923262462033232,0.9702380952380952,,,,,,,,,,,,qc: map outside brain (hd)
Patient-081,week-000-2,enhancing,1.0,0.9821310812823076,0.0,59.392424912530956,77.36278174936577,144.0,47009.0,0.0,60.15976372868716,78.04611593804056,144.0,46992.0,1.00x1.00x1.00,
Patient-081,week-000-2,whole,0.9278213183543882,0.9883651925343319,,,,,,,,,,,,qc: map outside brain (hd)
Patient-081,week-006,enhancing,0.42757690466866816,0.9967333758870575,,,,,,,,,,,,qc: map outside brain (hd)
Patient-081,week-006,whole,0.5783432018768853,0.9535441187046049,,,,,,,,,,,,qc: map outside brain (hd)
Patient-082,week-000-1,enhancing,0.0,1.0,,,,,,,,,,,,qc: map outside brain (hd)
Patient-082,week-000-1,whole,0.13107667388972793,0.9999902331827616,,,,,,,,,,,,qc: map outside brain (hd)
Patient-082,week-000-2,enhancing,,,,,,,,,,,,,,empty hd
Patient-082,week-000-2,whole,0.9007308958495245,1.0,,,,,,,,,,,,qc: map outside brain (hd)
Patient-082,week-003,enhancing,0.11199238578680203,0.999808282208589,,,,,,,,,,,,qc: map outside brain (hd)
Patient-082,week-003,whole,0.07205950720595072,0.9940597114717,,,,,,,,,,,,qc: map outside brain (hd)
Patient-083,week-000,enhancing,1.0,1.0,0.042531473290234774,7.027351047705839,14.99063402867156,26027.042812916625,2440.9433527558576,0.04776622646810902,6.707549824730625,14.966629547095765,25984.0,2488.0,0.90x0.90x6.00,
Patient-083,week-000,whole,1.0,1.0,0.9117601805313366,1.4941831590675372,6.000002384185791,183598.6538881385,194127.6436676846,0.9129200389847028,1.833988194390459,6.0,183544.0,194040.0,0.90x0.90x6.00,
Patient-083,week-002,enhancing,1.0,1.0,0.0,46.37342115426077,62.655406530609326,1921.0,14353.0,0.0,47.04503329065358,63.036492257553945,2048.0,14168.0,1.00x1.00x1.00,
Patient-083,week-002,whole,1.0,1.0,0.0,33.57804190233951,58.83026432033091,56891.0,83967.0,0.0,33.76361358191357,58.826863359236604,56976.0,83936.0,1.00x1.00x1.00,
Patient-084,week-000-2,enhancing,1.0,1.0,0.013127506989181963,14.929801515871919,29.028509201577428,200.50961168453796,18027.032657140808,0.015775635407537247,15.415349236395011,30.199337741083,208.0,18048.0,0.43x0.43x6.00,
Patient-084,week-000-2,whole,1.0,1.0,0.7046486606224585,2.9930557923681405,13.996097156929913,101046.8741978184,179006.3405662586,0.7038646238280357,3.6086986128883556,14.560219778561036,100816.0,179056.0,0.43x0.43x6.00,
Patient-084,week-012,enhancing,1.0,1.0,0.0,67.2445562372026,83.13282231993782,17867.62197691205,14443.72649451434,0.0,68.31406070626385,84.5931439302264,18128.0,14608.0,0.43x0.43x3.90,
Patient-084,week-012,whole,1.0,0.9998742305871212,0.0,42.83203296468703,67.65555311736544,77359.87616222883,97329.35952991247,0.0,43.49666025249815,69.07966415668217,77232.0,97848.0,0.43x0.43x3.90,
Patient-085,week-000-2,enhancing,0.0,1.0,,,,,,,,,,,,qc: map outside brain (hd)
Patient-085,week-000-2,whole,0.029683096171031827,0.9999883181664194,,,,,,,,,,,,qc: map outside brain (hd)
Patient-085,week-001,enhancing,0.027705627705627706,1.0,,,,,,,,,,,,qc: map outside brain (hd)
Patient-085,week-001,whole,0.24433675564681726,0.9964384977443819,,,,,,,,,,,,qc: map outside brain (hd)
Patient-085,week-018,enhancing,0.0,1.0,,,,,,,,,,,,qc: map outside brain (hd)
Patient-085,week-018,whole,0.06634130982367759,0.9997945014458292,,,,,,,,,,,,qc: map outside brain (hd)
Patient-085,week-025,enhancing,0.08226350139855125,1.0,,,,,,,,,,,,qc: map outside brain (hd)
Patient-085,week-025,whole,0.4217830619303326,0.9999860604511768,,,,,,,,,,,,qc: map outside brain (hd)
Patient-085,week-042,enhancing,0.0,1.0,,,,,,,,,,,,qc: map outside brain (hd)
Patient-085,week-042,whole,0.1458908240282169,1.0,,,,,,,,,,,,qc: map outside brain (hd)
Patient-085,week-050,enhancing,0.0,0.9971432226154436,,,,,,,,,,,,qc: map outside brain (hd)
Patient-085,week-050,whole,0.11196490226110434,0.9988541082196003,,,,,,,,,,,,qc: map outside brain (hd)
Patient-086,week-000,enhancing,0.21669769210752818,1.0,,,,,,,,,,,,qc: map outside brain (hd)
Patient-086,week-000,whole,0.42073033906912477,0.9999152784690819,,,,,,,,,,,,qc: map outside brain (hd)
Patient-086,week-001,enhancing,0.7253780658279324,0.4619949557390831,,,,,,,,,,,,qc: map outside brain (hd)
Patient-086,week-001,whole,0.9472438316253756,0.7070864375127851,,,,,,,,,,,,qc: map outside brain (hd)
Patient-086,week-156,enhancing,1.0,0.9997208090333788,0.14619840869209874,1.1044221754736154,3.3982128075567597,27304.179159705956,17269.895997180105,0.15861700231687756,2.0204250759357536,4.47213595499958,27536.0,17352.0,0.80x0.80x0.84,
Patient-086,week-156,whole,1.0,0.9999764815327769,0.9087412983190899,1.1676262959569368,5.6446033427525695,173621.4925722212,205013.31618094328,0.9083113317140141,1.286815745207365,6.0,173656.0,205104.0,0.80x0.80x0.84,
Patient-086,week-169,enhancing,0.9998107270447394,0.9999583329861083,0.2462479740680713,1.2095216333037313,3.6653065305063475,53939.73730127164,51046.24203606672,0.24986652429257875,1.9479522012844646,4.47213595499958,53944.0,50944.0,0.69x0.69x0.90,
Patient-086,week-169,whole,0.9999429796009522,0.9999917874999179,0.7893700290367378,2.420688179615385,9.422884637945655,179047.03677084437,258988.670291706,0.7897518424373206,2.479437740091279,8.717797887081348,178800.0,258664.0,0.69x0.69x0.90,
Patient-086,week-173-1,enhancing,0.14204579422490585,1.0,,,,,,,,,,,,qc: map outside brain (hd)
Patient-086,week-173-1,whole,0.24013371517390425,0.9999297593868774,,,,,,,,,,,,qc: map outside brain (hd)
Patient-086,week-173-2,enhancing,0.9236883942766295,0.9993800827957215,,,,,,,,,,,,qc: map outside brain (hd)
Patient-086,week-173-2,whole,0.5153735346711703,0.9987994997915798,,,,,,,,,,,,qc: map outside brain (hd)
Patient-086,week-181,enhancing,0.6109254644313548,1.0,,,,,,,,,,,,qc: map outside brain (hd)
Patient-086,week-181,whole,0.6827966458628479,0.9995079524585051,,,,,,,,,,,,qc: map outside brain (hd)
Patient-087,week-000-1,enhancing,0.8097417456685191,1.0,,,,,,,,,,,,qc: map outside brain (hd)
Patient-087,week-000-1,whole,0.8940705616217862,1.0,,,,,,,,,,,,qc: map outside brain (hd)
Patient-087,week-000-2,enhancing,1.0,1.0,0.0,53.278988129429706,64.47829038532882,637.0,2785.0,0.0,53.36482849593645,64.43291017215509,624.0,2824.0,1.00x1.00x1.00,
Patient-087,week-000-2,whole,1.0,1.0,0.0,46.46383269458973,63.06346010171025,19451.0,27163.0,0.0,46.74282844209261,63.37191807101944,19400.0,27264.0,1.00x1.00x1.00,
Patient-087,week-024,enhancing,1.0,1.0,0.0,1.7521925144227033,2.8520911777868725,17.047847497975454,30.99608635995537,0.0,2.2761423749153966,2.745584412271571,8.0,16.0,0.36x0.36x12.00,
Patient-087,week-024,whole,1.0,1.0,0.3098372349393684,3.7231820127579693,11.99999713897705,7882.304761336651,16017.227626506938,0.3083525916143942,3.8133377790172998,10.198039027185569,7984.0,16248.0,0.36x0.36x12.00,
Patient-088,week-000-1,enhancing,0.9059022352603552,1.0,,,,,,,,,,,,qc: map outside brain (hd)
Patient-088,week-000-1,whole,0.6670079554413376,0.9966454451999206,,,,,,,,,,,,qc: map outside brain (hd)
Patient-088,week-000-2,enhancing,1.0,1.0,0.0,65.81153220085746,68.0061779838954,63.0,81.0,0.0,66.33195523696676,68.40901900420866,48.0,80.0,1.00x1.00x1.00,
Patient-088,week-000-2,whole,0.6184002464318719,1.0,,,,,,,,,,,,qc: map outside brain (hd)
Patient-089,week-000-1,enhancing,1.0,1.0,0.027637693591109184,1.2926104325414,3.5355339059327378,11715.75,14806.0,0.024558250973345314,2.4364063000514955,4.47213595499958,11728.0,14984.0,0.50x0.50x1.00,
Patient-089,week-000-1,whole,0.9999787481227509,0.9967855033788658,0.8938971948941041,1.4665363728507974,7.0178344238090995,141164.0,168066.75,0.8939241095677815,1.708829458322912,7.211102550927978,141072.0,168216.0,0.50x0.50x1.00,
Patient-089,week-000-2,enhancing,,,,,,,,,,,,,,empty hd
Patient-089,week-000-2,whole,0.9999975448856285,0.9740773313115997,0.7572611132410273,2.854584521857446,12.505997601917995,101828.25,164875.0,0.756043295249549,3.133576863979748,12.806248474865697,101256.0,164824.0,0.50x0.50x1.00,
Patient-089,week-045,enhancing,1.0,1.0,0.07725321888412018,5.797776746985522,13.96114564436687,9449.160566059873,6981.096239103936,0.08094262295081968,5.319379296004552,12.806248474865697,9080.0,6536.0,0.72x0.72x6.50,
Patient-089,week-045,whole,1.0,1.0,0.7342475417787381,1.662679490742608,6.8483155929226145,32041.183411991224,44112.87219485734,0.7319432502149613,2.259895655526062,7.211102550927978,30968.0,43464.0,0.72x0.72x6.50,
Patient-089,week-046,enhancing,0.9640221402214022,1.0,0.0,47.59769895766195,69.91423207424657,1084.0,4151.0,0.0,48.28543863680504,70.61443794077076,1088.0,4232.0,1.00x1.00x1.00,
Patient-089,week-046,whole,0.8273973863427204,0.9978109582775182,,,,,,,,,,,,qc: map outside brain (hd)
Patient-089,week-056,enhancing,0.9974842767295597,1.0,0.0,70.44670636459347,86.45775856709358,1589.9938398599625,1896.992650449276,0.0,72.00677622777789,87.4688491764294,1608.0,1952.0,1.00x1.00x1.00,
Patient-089,week-056,whole,0.9836921593830334,1.0,0.0,57.48832235684252,76.68086621935768,12447.95177268982,17936.930506646633,0.0,57.84683533978014,76.74372300981018,12344.0,17888.0,1.00x1.00x1.00,
Patient-089,week-064,enhancing,0.8159509202453987,0.9955221036585366,,,,,,,,,,,,qc: map outside brain (hd)
Patient-089,week-064,whole,0.6998204998389101,0.9965741884757947,,,,,,,,,,,,qc: map outside brain (hd)
Patient-090,week-000-1,enhancing,1.0,1.0,0.0,8.459729740712643,62.41988969071597,1318.5451884412032,101.70596494863275,0.0,9.360543401927282,63.796395651970656,1320.0,80.0,0.45x0.45x6.00,
Patient-090,week-000-1,whole,1.0,1.0,0.46555797891675754,2.69278412850818,8.848583181301187,18342.186464367114,34951.73916871645,0.4670874661857529,3.0977381837231004,8.717797887081348,18344.0,34888.0,0.45x0.45x6.00,
Patient-090,week-000-2,enhancing,0.0,1.0,,,,,,,,,,,,qc: map outside brain (hd)
Patient-090,week-000-2,whole,0.49896663714201356,1.0,,,,,,,,,,,,qc: map outside brain (hd)
Patient-090,week-029,enhancing,,,,,,,,,,,,,,empty hd
Patient-090,week-029,whole,0.9174660271782574,1.0,,,,,,,,,,,,qc: map outside brain (hd)
Patient-091,week-000,enhancing,0.40540540540540543,1.0,,,,,,,,,,,,qc: map outside brain (hd)
Patient-091,week-000,whole,0.3168934352964545,1.0,,,,,,,,,,,,qc: map outside brain (hd)
Patient-091,week-001,enhancing,0.0,1.0,,,,,,,,,,,,qc: map outside brain (hd)
Patient-091,week-001,whole,0.6945346987249871,1.0,,,,,,,,,,,,qc: map outside brain (hd)
Patient-091,week-014,enhancing,1.0,1.0,0.0,87.2223462368162,93.20032162390781,49.0,1006.0,0.0,87.85578119886871,93.70420013382744,64.0,1016.0,1.00x1.00x1.00,
Patient-091,week-014,whole,0.8788274725898995,1.0,,,,,,,,,,,,qc: map outside brain (hd)
Patient-091,week-026,enhancing,1.0,1.0,0.0,89.98495121167215,98.71262691736912,96.0,411.0,0.0,90.85533315869633,103.46891293475454,120.0,384.0,1.00x1.00x1.00,
Patient-091,week-026,whole,0.7066715341790636,1.0,,,,,,,,,,,,qc: map outside brain (hd)
Patient-091,week-036,enhancing,,,,,,,,,,,,,,empty hd
Patient-091,week-036,whole,0.7608994321304268,1.0,,,,,,,,,,,,qc: map outside brain (hd)
Patient-091,week-043,enhancing,1.0,1.0,0.0,88.5028151522734,104.11243808389204,100.0,1845.0,0.0,92.21508012781209,104.0692073158883,88.0,1808.0,1.00x1.00x1.00,
Patient-091,week-043,whole,0.8822035094321871,1.0,,,,,,,,,,,,qc: map outside brain (hd)
