{
    "alpha": 0.5,
    "beta": 0.5,
    "sigma": 1.0,
    "healthy_centroid": [
        0.00101333053316921,
        0.2577802836894989,
        -0.19078783690929413,
        -0.08946505188941956,
        0.0016363603062927723,
        -0.0064589353278279305,
        0.005025284364819527,
        -0.154746875166893,
        -0.004316385835409164,
        -0.02831423282623291,
        -0.06361343711614609,
        0.07229138165712357,
        -0.048200078308582306,
        -0.009714154526591301,
        -0.25742650032043457,
        0.17619504034519196,
        0.017891177907586098,
        0.20756730437278748,
        0.5057079195976257,
        -0.003845304949209094,
        -0.2747463583946228,
        0.5811747312545776,
        0.1738181710243225,
        0.09460946917533875,
        -0.040223538875579834,
        -0.42423340678215027,
        0.019585883244872093,
        0.004228795878589153,
        -0.017809024080634117,
        0.13679027557373047,
        -0.24575744569301605,
        -0.41886991262435913
    ],
    "t_score_stats": {
        "min": 2.5987939280524002e-08,
        "max": 1.0038287459505713,
        "mean": 0.6275563235866071,
        "std": 0.22364310937624374
    },
    "kruskal_wallis": {
        "h_statistic": 142.44941332002782,
        "p_value": 1.1681615904227377e-31,
        "significant": true
    },
    "zone_stats": {
        "Healthy": {
            "mean": 0.5864296227041277,
            "median": 0.5716027204323748,
            "std": 0.2781418726383659,
            "n": 5000
        },
        "Periphery": {
            "mean": 0.6493402698441827,
            "median": 0.677260953792358,
            "std": 0.20577109198043653,
            "n": 5000
        },
        "Core": {
            "mean": 0.646899078211511,
            "median": 0.6352844183997157,
            "std": 0.1667452833165491,
            "n": 5000
        }
    }
}