{
  "grid_size": [
    512,
    512
  ],
  "n_steps": 2000,
  "D": 1.0,
  "r": 4.0,
  "dt": 0.01,
  "dx": 1.0,
  "analytical_wave_speed": 4.0,
  "numerical_wave_speed": 5.572519957876565,
  "speed_error_percent": 39.312998946914135,
  "front_positions": [
    9.697698593139648,
    11.731304168701172,
    13.834257125854492,
    15.72929859161377,
    17.677518844604492,
    19.51889991760254,
    21.186851501464844,
    22.89408302307129,
    24.38987159729004,
    25.920156478881836,
    27.43695640563965,
    28.834566116333008,
    30.130279541015625,
    31.435361862182617,
    32.61909866333008,
    33.836509704589844,
    35.05228805541992,
    36.1727409362793,
    37.206031799316406,
    38.33710861206055,
    39.30661392211914,
    40.3996696472168,
    41.33461380004883,
    42.29525375366211,
    43.26106262207031,
    44.224830627441406,
    45.09897232055664,
    45.999874114990234,
    46.9133415222168,
    47.78570556640625,
    48.57277297973633,
    49.43313217163086,
    50.27296447753906,
    51.099124908447266,
    51.85772705078125,
    52.63751983642578,
    53.48012924194336,
    54.2261962890625,
    55.00315856933594,
    55.74917984008789,
    56.49028015136719,
    57.20702362060547,
    57.91489028930664,
    58.6431884765625,
    59.381656646728516,
    60.0826301574707,
    60.75697708129883,
    61.51594161987305,
    62.15199661254883,
    62.840152740478516,
    63.49412155151367,
    64.1679458618164,
    64.8389892578125,
    65.4643783569336,
    66.13520812988281,
    66.76114654541016,
    67.41072082519531,
    68.04570007324219,
    68.67063903808594,
    69.28185272216797,
    69.91598510742188,
    70.54041290283203,
    71.13157653808594,
    71.75733184814453,
    72.37371063232422,
    72.95780944824219,
    73.55268096923828,
    74.14655303955078,
    74.73947143554688,
    75.29012298583984,
    75.85916137695312,
    76.46839141845703,
    77.0617904663086,
    77.62519836425781,
    78.1737060546875,
    78.7507553100586,
    79.26994323730469,
    79.83537292480469,
    80.41448211669922,
    80.96503448486328,
    81.5223159790039,
    82.07581329345703,
    82.57752990722656,
    83.13749694824219,
    83.6768569946289,
    84.2296142578125,
    84.74208068847656,
    85.25799560546875,
    85.78730773925781,
    86.33634948730469,
    86.87869262695312,
    87.38855743408203,
    87.8759994506836,
    88.40564727783203,
    88.92901611328125,
    89.42720031738281,
    89.92249298095703,
    90.4464340209961,
    90.95184326171875,
    91.44207000732422,
    91.96658325195312,
    92.4574966430664,
    92.94279479980469,
    93.47103118896484,
    93.94206237792969,
    94.42866516113281,
    94.93968963623047,
    95.43316650390625,
    95.90039825439453,
    96.39479064941406,
    96.8720703125,
    97.3731689453125,
    97.83695220947266,
    98.31583404541016,
    98.79532623291016,
    99.23248291015625,
    99.74156188964844,
    100.22268676757812,
    100.68181610107422,
    101.15557861328125,
    101.63276672363281,
    102.10498809814453,
    102.53633117675781,
    103.02082824707031,
    103.48947143554688,
    103.93412780761719,
    104.41484832763672,
    104.88531494140625,
    105.31069946289062,
    105.77176666259766,
    106.24422454833984,
    106.66419219970703,
    107.15111541748047,
    107.58859252929688,
    108.05833435058594,
    108.46858978271484,
    108.94493103027344,
    109.36488342285156,
    109.80376434326172,
    110.25379943847656,
    110.70970153808594,
    111.14833068847656,
    111.61575317382812,
    112.02317810058594,
    112.48439025878906,
    112.9187240600586,
    113.34895324707031,
    113.79730224609375,
    114.22915649414062,
    114.63468933105469,
    115.07315826416016,
    115.51737213134766,
    115.9036865234375,
    116.38116455078125,
    116.80587005615234,
    117.22418212890625,
    117.66983795166016,
    118.09712219238281,
    118.503662109375,
    118.95171356201172,
    119.37202453613281,
    119.776611328125,
    120.20816040039062,
    120.59822082519531,
    121.02911376953125,
    121.47019958496094,
    121.86782836914062,
    122.31974029541016,
    122.72160339355469,
    123.11746978759766,
    123.55796813964844,
    123.93292236328125,
    124.37275695800781,
    124.78160095214844,
    125.1890640258789,
    125.62225341796875,
    126.02481842041016,
    126.43498229980469,
    126.84833526611328,
    127.21803283691406,
    127.67536926269531,
    128.0714569091797,
    128.46185302734375,
    128.88629150390625,
    129.27427673339844,
    129.68727111816406,
    130.07723999023438,
    130.47462463378906,
    130.8968505859375,
    131.28318786621094,
    131.7027587890625,
    132.10609436035156,
    132.50381469726562,
    132.89828491210938,
    133.27883911132812,
    133.69638061523438,
    134.09791564941406,
    134.4939727783203,
    134.90150451660156,
    135.2533721923828,
    135.67320251464844
  ],
  "times": [
    0,
    0.1,
    0.2,
    0.3,
    0.4,
    0.5,
    0.6,
    0.7000000000000001,
    0.8,
    0.9,
    1.0,
    1.1,
    1.2,
    1.3,
    1.4000000000000001,
    1.5,
    1.6,
    1.7,
    1.8,
    1.9000000000000001,
    2.0,
    2.1,
    2.2,
    2.3000000000000003,
    2.4,
    2.5,
    2.6,
    2.7,
    2.8000000000000003,
    2.9,
    3.0,
    3.1,
    3.2,
    3.3000000000000003,
    3.4,
    3.5,
    3.6,
    3.7,
    3.8000000000000003,
    3.9,
    4.0,
    4.1,
    4.2,
    4.3,
    4.4,
    4.5,
    4.6000000000000005,
    4.7,
    4.8,
    4.9,
    5.0,
    5.1000000000000005,
    5.2,
    5.3,
    5.4,
    5.5,
    5.6000000000000005,
    5.7,
    5.8,
    5.9,
    6.0,
    6.1000000000000005,
    6.2,
    6.3,
    6.4,
    6.5,
    6.6000000000000005,
    6.7,
    6.8,
    6.9,
    7.0,
    7.1000000000000005,
    7.2,
    7.3,
    7.4,
    7.5,
    7.6000000000000005,
    7.7,
    7.8,
    7.9,
    8.0,
    8.1,
    8.2,
    8.3,
    8.4,
    8.5,
    8.6,
    8.700000000000001,
    8.8,
    8.9,
    9.0,
    9.1,
    9.200000000000001,
    9.3,
    9.4,
    9.5,
    9.6,
    9.700000000000001,
    9.8,
    9.9,
    10.0,
    10.1,
    10.200000000000001,
    10.3,
    10.4,
    10.5,
    10.6,
    10.700000000000001,
    10.8,
    10.9,
    11.0,
    11.1,
    11.200000000000001,
    11.3,
    11.4,
    11.5,
    11.6,
    11.700000000000001,
    11.8,
    11.9,
    12.0,
    12.1,
    12.200000000000001,
    12.3,
    12.4,
    12.5,
    12.6,
    12.700000000000001,
    12.8,
    12.9,
    13.0,
    13.1,
    13.200000000000001,
    13.3,
    13.4,
    13.5,
    13.6,
    13.700000000000001,
    13.8,
    13.9,
    14.0,
    14.1,
    14.200000000000001,
    14.3,
    14.4,
    14.5,
    14.6,
    14.700000000000001,
    14.8,
    14.9,
    15.0,
    15.1,
    15.200000000000001,
    15.3,
    15.4,
    15.5,
    15.6,
    15.700000000000001,
    15.8,
    15.9,
    16.0,
    16.1,
    16.2,
    16.3,
    16.4,
    16.5,
    16.6,
    16.7,
    16.8,
    16.9,
    17.0,
    17.1,
    17.2,
    17.3,
    17.400000000000002,
    17.5,
    17.6,
    17.7,
    17.8,
    17.900000000000002,
    18.0,
    18.1,
    18.2,
    18.3,
    18.400000000000002,
    18.5,
    18.6,
    18.7,
    18.8,
    18.900000000000002,
    19.0,
    19.1,
    19.2,
    19.3,
    19.400000000000002,
    19.5,
    19.6,
    19.7,
    19.8,
    19.900000000000002,
    20.0
  ],
  "runtime_seconds": 215.61194600000454,
  "wave_speed_um_per_hr": 27.862599789382827
}