true	pred	prob_Core	prob_Periphery	prob_Healthy
Core	Core	0.9183032	0.076817855	0.004878983
Core	Periphery	0.22677787	0.45290968	0.3203125
Core	Core	0.87668455	0.11598192	0.007333466
Core	Core	0.9319291	0.06383231	0.0042385403
Core	Healthy	0.12286825	0.34755528	0.5295765
Core	Core	0.41920054	0.41812825	0.16267118
Core	Core	0.74355334	0.23278739	0.023659293
Core	Healthy	0.18374968	0.35939023	0.45686013
Core	Healthy	0.16140862	0.34481627	0.49377516
Core	Periphery	0.3518794	0.42492357	0.22319709
Core	Healthy	0.24096648	0.3613813	0.39765218
Core	Core	0.6372485	0.31185648	0.050895035
Core	Core	0.6315913	0.31769982	0.05070893
Core	Healthy	0.18210588	0.37018284	0.44771126
Core	Core	0.92191136	0.07353545	0.0045532146
Core	Core	0.80184376	0.18552144	0.01263477
Core	Core	0.4514914	0.429846	0.11866256
Core	Core	0.9324281	0.0633366	0.0042353496
Core	Core	0.48182034	0.35003388	0.16814579
Core	Core	0.86079293	0.12950243	0.009704694
Core	Periphery	0.42819044	0.46803787	0.1037717
Core	Periphery	0.35493663	0.44187427	0.20318913
Core	Periphery	0.22508396	0.39541772	0.3794984
Core	Periphery	0.29626936	0.37710834	0.32662234
Core	Periphery	0.3937866	0.42094302	0.18527034
Core	Healthy	0.15663709	0.32121783	0.52214503
Core	Periphery	0.24287212	0.39399755	0.36313033
Core	Core	0.7234935	0.24976926	0.026737185
Core	Periphery	0.2828489	0.48524415	0.23190688
Core	Core	0.81441444	0.17342207	0.012163467
Core	Healthy	0.23874085	0.35603687	0.4052223
Core	Core	0.8981985	0.09571345	0.006088122
Core	Core	0.90575993	0.088286065	0.005953982
Core	Healthy	0.18114178	0.37731922	0.44153896
Core	Healthy	0.1764526	0.35754082	0.46600655
Core	Healthy	0.11287346	0.34834957	0.53877693
Core	Healthy	0.14658874	0.3239424	0.52946883
Core	Healthy	0.22103755	0.34572184	0.43324065
Core	Healthy	0.15837608	0.32351148	0.5181124
Core	Core	0.46279794	0.40375936	0.13344263
Core	Core	0.8400445	0.14786778	0.012087743
Core	Healthy	0.15750504	0.37646955	0.46602544
Core	Core	0.51241815	0.4079092	0.07967265
Core	Healthy	0.11910446	0.31866482	0.5622307
Core	Core	0.87149006	0.121228814	0.0072810957
Core	Core	0.54069996	0.4097785	0.049521606
Core	Core	0.6505287	0.30036172	0.0491096
Core	Periphery	0.27608874	0.42082915	0.30308202
Core	Periphery	0.31641465	0.40707594	0.2765094
Core	Core	0.48596233	0.38013864	0.13389897
Core	Healthy	0.1671741	0.36948994	0.46333593
Core	Core	0.81422293	0.17433389	0.01144322
Core	Core	0.92389935	0.07159983	0.004500789
Core	Core	0.9348597	0.06107156	0.004068871
Core	Core	0.886312	0.106710106	0.0069778757
Core	Healthy	0.17028974	0.35586232	0.4738479
Core	Healthy	0.17758203	0.3453756	0.47704232
Core	Healthy	0.1658843	0.32372954	0.51038617
Core	Healthy	0.18188219	0.3832004	0.43491745
Core	Periphery	0.20074259	0.54126984	0.25798753
Core	Healthy	0.23566931	0.35822308	0.40610763
Core	Core	0.8153002	0.17298949	0.011710259
Core	Healthy	0.094143264	0.31168565	0.59417105
Core	Core	0.80900425	0.17771761	0.013278155
Core	Periphery	0.37386465	0.49779332	0.12834209
Core	Periphery	0.2663909	0.42963246	0.3039766
Core	Periphery	0.1947868	0.4121372	0.393076
Core	Core	0.93528575	0.06077981	0.003934445
Core	Healthy	0.1802875	0.3528782	0.46683434
Core	Periphery	0.3008373	0.47849426	0.22066848
Core	Healthy	0.13591169	0.32157564	0.54251266
Core	Periphery	0.34339368	0.45118633	0.20542
Core	Core	0.47693872	0.40010586	0.12295545
Core	Core	0.90613985	0.088458665	0.005401409
Core	Healthy	0.20472826	0.34299147	0.45228022
Core	Periphery	0.24979506	0.4277917	0.3224132
Core	Healthy	0.1408662	0.32415318	0.5349806
Core	Healthy	0.19326404	0.33384567	0.47289026
Core	Core	0.68991804	0.28256828	0.02751368
Core	Core	0.91144115	0.083374165	0.005184699
Core	Periphery	0.3967014	0.46899727	0.13430132
Core	Healthy	0.20475855	0.36908814	0.4261532
Core	Periphery	0.33956835	0.3750414	0.28539026
Core	Core	0.55519676	0.36387104	0.08093222
Core	Core	0.68981683	0.27670646	0.03347671
Core	Core	0.8636422	0.12799004	0.00836773
Core	Core	0.93865	0.057361	0.00398895
Core	Core	0.88381743	0.109450646	0.006731928
Core	Healthy	0.19307499	0.311433	0.49549204
Core	Periphery	0.22895047	0.53173393	0.23931558
Core	Healthy	0.16028285	0.35111225	0.48860487
Core	Core	0.5455785	0.38883692	0.06558462
Core	Core	0.88783437	0.105667375	0.0064982795
Core	Core	0.7195771	0.25772542	0.022697428
Core	Core	0.941683	0.05450247	0.0038144577
Core	Core	0.88335055	0.10999521	0.006654279
Core	Healthy	0.16416231	0.33233428	0.5035033
Core	Periphery	0.36699077	0.40078723	0.23222202
Core	Core	0.923689	0.07164111	0.0046699294
Core	Core	0.53669715	0.37829342	0.085009485
Core	Periphery	0.27944314	0.36114302	0.35941383
Core	Healthy	0.19339944	0.3192299	0.48737064
Core	Core	0.7195784	0.2535621	0.02685952
Core	Healthy	0.1785646	0.3132167	0.50821877
Core	Healthy	0.09516577	0.3051889	0.5996453
Core	Core	0.5031954	0.41609937	0.080705196
Core	Healthy	0.116626844	0.39869595	0.48467717
Core	Core	0.39944223	0.39135343	0.20920438
Core	Healthy	0.20475651	0.3343771	0.46086645
Core	Core	0.89851046	0.09527307	0.0062163784
Core	Core	0.8674426	0.12380083	0.008756633
Core	Core	0.89590603	0.098144725	0.0059493133
Core	Core	0.8815017	0.11170532	0.0067930007
Core	Healthy	0.19566518	0.31734538	0.48698935
Core	Healthy	0.1547977	0.33164722	0.5135551
Core	Periphery	0.19919229	0.44752207	0.35328564
Core	Core	0.9057401	0.08878192	0.005477938
Core	Healthy	0.13372411	0.32396993	0.542306
Core	Core	0.89956325	0.09405018	0.006386601
Core	Core	0.9395953	0.056577176	0.0038275938
Core	Core	0.762879	0.21829695	0.018824082
Core	Periphery	0.41992956	0.46213245	0.11793795
Core	Periphery	0.2914565	0.35659793	0.35194567
Core	Healthy	0.17366597	0.38749674	0.43883732
Core	Periphery	0.36120477	0.42782876	0.21096647
Core	Core	0.73358274	0.2433688	0.023048503
Core	Core	0.74275523	0.23667648	0.020568274
Core	Core	0.7044214	0.26777917	0.027799468
Core	Healthy	0.1847187	0.38403493	0.43124634
Core	Healthy	0.17739484	0.36057976	0.46202534
Core	Core	0.93404907	0.061893623	0.004057283
Core	Core	0.91355485	0.08160118	0.004843993
Core	Periphery	0.21189377	0.40932667	0.37877956
Core	Core	0.7859603	0.19593409	0.018105583
Core	Core	0.62803197	0.29121444	0.08075361
Core	Healthy	0.20558092	0.35277396	0.44164515
Core	Periphery	0.32250825	0.37681943	0.30067232
Core	Healthy	0.15742211	0.31234476	0.53023314
Core	Core	0.94327164	0.052967593	0.0037607409
Core	Healthy	0.158897	0.34579945	0.49530357
Core	Core	0.89098084	0.102113664	0.0069054165
Core	Healthy	0.14377971	0.34112486	0.5150955
Core	Core	0.923373	0.07147546	0.0051515754
Core	Core	0.8970826	0.09695864	0.005958746
Core	Periphery	0.2765173	0.36301342	0.36046922
Core	Core	0.75977266	0.21753074	0.022696637
Core	Periphery	0.36539108	0.39587742	0.23873152
Core	Core	0.6122189	0.34998077	0.037800346
Core	Healthy	0.21600574	0.37149844	0.41249585
Core	Healthy	0.17892078	0.35015067	0.4709285
Core	Periphery	0.2632797	0.3803538	0.35636652
Core	Healthy	0.13331698	0.33068034	0.5360026
Core	Periphery	0.3181186	0.44904906	0.2328323
Core	Periphery	0.34744203	0.41646945	0.23608854
Core	Core	0.92393863	0.07137758	0.00468382
Core	Healthy	0.13974175	0.32748413	0.5327741
Core	Periphery	0.22556159	0.39381287	0.38062546
Core	Periphery	0.33245692	0.39726046	0.2702827
Core	Core	0.7177287	0.25839418	0.023877118
Core	Healthy	0.09222196	0.3260601	0.581718
Core	Core	0.9272016	0.06832187	0.004476493
Core	Periphery	0.34238654	0.43618536	0.22142813
Core	Core	0.62951976	0.33106044	0.0394198
Core	Healthy	0.1342512	0.31560454	0.5501443
Core	Core	0.873438	0.11793654	0.008625452
Core	Core	0.4714442	0.41790244	0.110653415
Core	Periphery	0.20298111	0.40335447	0.39366442
Core	Core	0.69419855	0.275099	0.03070244
Core	Healthy	0.14800502	0.37423667	0.4777583
Core	Healthy	0.20312266	0.38460332	0.41227403
Core	Healthy	0.11286018	0.3347802	0.55235964
Core	Healthy	0.2206492	0.38332212	0.39602876
Core	Periphery	0.3245948	0.46859774	0.20680742
Core	Core	0.9283082	0.067412004	0.0042798123
Core	Healthy	0.17062357	0.33210608	0.49727044
Core	Healthy	0.19404948	0.3805646	0.4253859
Core	Core	0.90700775	0.08737465	0.005617623
Core	Core	0.5552262	0.37383205	0.07094173
Core	Healthy	0.14384641	0.31728828	0.5388653
Core	Healthy	0.16577914	0.31281406	0.52140677
Core	Core	0.91136885	0.08352016	0.00511107
Core	Healthy	0.13057256	0.3268765	0.5425509
Core	Core	0.7604344	0.21775189	0.02181378
Core	Periphery	0.40544772	0.40582252	0.18872976
Core	Core	0.47842717	0.41723737	0.104335465
Core	Periphery	0.3567802	0.4330771	0.21014276
Core	Healthy	0.16594028	0.3328506	0.5012091
Core	Core	0.9337887	0.062078737	0.0041325293
Core	Core	0.69543195	0.27629316	0.028274916
Core	Core	0.92730236	0.06829657	0.0044010305
Core	Periphery	0.36366886	0.47252268	0.16380848
Core	Core	0.9071647	0.08760146	0.005233921
Core	Core	0.90608996	0.08840554	0.0055045043
Core	Periphery	0.4405826	0.4475188	0.11189864
Core	Periphery	0.2253503	0.40290168	0.37174797
Core	Healthy	0.1694998	0.36985072	0.46064946
Core	Healthy	0.17624529	0.3552184	0.46853635
Core	Core	0.8765805	0.115915604	0.007503849
Core	Healthy	0.15371202	0.38870457	0.45758337
Core	Healthy	0.15592378	0.34370658	0.5003697
Core	Healthy	0.21776283	0.3727856	0.40945148
Core	Core	0.7947673	0.1861508	0.019081883
Core	Periphery	0.4077148	0.41458523	0.17769998
Core	Core	0.8661158	0.12562855	0.008255712
Core	Core	0.9012225	0.09327081	0.0055066384
Core	Periphery	0.31389216	0.36877456	0.31733328
Core	Core	0.943092	0.05308048	0.0038275681
Core	Core	0.9264552	0.068939164	0.0046056677
Core	Core	0.94077146	0.055424493	0.0038040807
Core	Core	0.8759256	0.11703186	0.0070426343
Core	Periphery	0.24595605	0.43686062	0.3171834
Core	Core	0.4751831	0.35837707	0.1664398
Core	Healthy	0.28524593	0.32983217	0.38492188
Core	Healthy	0.22630934	0.34698793	0.42670274
Core	Periphery	0.36617425	0.45263976	0.18118599
Core	Periphery	0.33061835	0.47102726	0.19835444
Core	Healthy	0.21423367	0.37085137	0.41491506
Core	Core	0.8740991	0.11879839	0.0071025463
Core	Core	0.80048734	0.18514386	0.014368791
Core	Healthy	0.112449944	0.3176775	0.56987256
Core	Healthy	0.17715223	0.3151218	0.50772595
Core	Healthy	0.14616187	0.3764329	0.47740513
Core	Healthy	0.23184343	0.36919796	0.39895856
Core	Core	0.46533898	0.378531	0.15612997
Core	Periphery	0.28439382	0.4144805	0.30112574
Core	Periphery	0.21647255	0.42564347	0.35788396
Core	Healthy	0.13645278	0.32124445	0.5423028
Core	Healthy	0.21974413	0.32729107	0.45296478
Core	Periphery	0.31804034	0.35773644	0.32422328
Core	Periphery	0.38307995	0.42227137	0.19464867
Core	Core	0.896066	0.09796295	0.0059709703
Core	Healthy	0.18547347	0.4037488	0.41077778
Core	Core	0.61469257	0.3221809	0.0631265
Core	Healthy	0.14958045	0.34525284	0.5051667
Core	Core	0.861302	0.12890121	0.009796772
Core	Core	0.9293694	0.06642229	0.00420838
Core	Core	0.6880544	0.28438985	0.027555758
Core	Periphery	0.30799258	0.36891598	0.32309142
Core	Periphery	0.39698204	0.42480814	0.1782098
Core	Healthy	0.14417207	0.36939844	0.48642948
Core	Core	0.8771405	0.11565591	0.007203555
Core	Healthy	0.176651	0.37978044	0.44356862
Core	Core	0.86853814	0.1225464	0.008915429
Core	Core	0.46192664	0.43010002	0.10797336
Core	Healthy	0.21546724	0.34854943	0.43598333
Core	Core	0.8545023	0.13639197	0.009105737
Core	Core	0.9063105	0.088081956	0.005607481
Core	Healthy	0.11089749	0.30869108	0.5804115
Core	Core	0.9425438	0.053623587	0.003832548
Core	Core	0.91430444	0.080665156	0.0050303936
Core	Core	0.80786353	0.17932032	0.012816135
Core	Core	0.92581725	0.06956546	0.0046172477
Core	Periphery	0.41002724	0.42610085	0.1638719
Core	Core	0.88778585	0.10537756	0.006836582
Core	Core	0.4453911	0.43917862	0.11543035
Core	Core	0.49741787	0.41004515	0.09253703
Core	Core	0.8385426	0.15075082	0.01070663
Core	Periphery	0.3760746	0.46973476	0.15419069
Core	Core	0.6812308	0.28284624	0.035922945
Core	Core	0.70138395	0.27014866	0.02846738
Core	Periphery	0.21367483	0.39717942	0.38914582
Core	Core	0.8895978	0.10423023	0.0061720205
Core	Periphery	0.3449573	0.50212646	0.15291624
Core	Core	0.92153656	0.07378684	0.0046767024
Core	Healthy	0.19906165	0.36275998	0.43817833
Core	Healthy	0.09784283	0.31159842	0.59055877
Core	Periphery	0.27328232	0.40465897	0.32205874
Core	Core	0.8322128	0.15671831	0.011068843
Core	Periphery	0.38671762	0.44392434	0.16935804
Core	Core	0.56683373	0.36807987	0.065086424
Core	Periphery	0.28366807	0.45526844	0.26106346
Core	Core	0.8419957	0.14624605	0.011758161
Core	Periphery	0.25022826	0.4158302	0.3339416
Core	Core	0.8308144	0.1574955	0.011690076
Core	Core	0.78916657	0.1942525	0.016580904
Core	Healthy	0.14312361	0.32745644	0.52941996
Core	Healthy	0.10904544	0.3103809	0.5805736
Core	Healthy	0.156529	0.35979623	0.48367473
Core	Periphery	0.29917517	0.4065162	0.29430854
Core	Healthy	0.12099146	0.33494276	0.5440657
Core	Core	0.85881144	0.13234738	0.008841185
Core	Healthy	0.18188514	0.3458013	0.47231355
Core	Healthy	0.12857698	0.35121432	0.52020866
Core	Core	0.62187797	0.3322108	0.04591117
Core	Healthy	0.09096859	0.3037414	0.60529006
Core	Core	0.81416065	0.17216887	0.013670442
Core	Core	0.94297856	0.053309496	0.0037119717
Core	Periphery	0.26290503	0.47600985	0.2610852
Core	Periphery	0.3175961	0.38131288	0.301091
Core	Periphery	0.24486327	0.4142728	0.34086385
Core	Healthy	0.19177933	0.33856308	0.4696576
Core	Core	0.89723366	0.097171314	0.005594999
Core	Core	0.8386591	0.15103088	0.010309974
Core	Core	0.4255196	0.424943	0.14953735
Core	Periphery	0.31778535	0.43076095	0.25145373
Core	Core	0.8383019	0.15143433	0.010263745
Core	Periphery	0.25683618	0.3886482	0.35451558
Core	Core	0.9106732	0.08383539	0.0054914383
Core	Core	0.9340705	0.061890393	0.0040391097
Core	Core	0.4705476	0.40918025	0.120272204
Core	Healthy	0.1867909	0.35652164	0.45668742
Core	Periphery	0.23731722	0.40265673	0.36002606
Core	Core	0.62719566	0.3149439	0.057860363
Core	Periphery	0.42484146	0.42873	0.14642851
Core	Core	0.91994834	0.07521542	0.0048362194
Core	Healthy	0.26793146	0.34107006	0.39099848
Core	Core	0.92744607	0.06801472	0.0045391386
Core	Core	0.8140954	0.17271213	0.013192514
Core	Core	0.42854005	0.35788378	0.21357612
Core	Core	0.57270104	0.35606343	0.07123557
Core	Healthy	0.14243604	0.35454506	0.5030189
Core	Healthy	0.12423221	0.31956926	0.5561986
Core	Core	0.9097063	0.08468378	0.005609971
Core	Periphery	0.25825244	0.38086095	0.36088657
Core	Core	0.9395653	0.056608066	0.003826654
Core	Core	0.6416027	0.31825924	0.040138125
Core	Healthy	0.13688834	0.33267507	0.5304366
Core	Healthy	0.24497758	0.36438906	0.39063337
Core	Healthy	0.17112032	0.33372572	0.495154
Core	Periphery	0.3324915	0.5141594	0.15334909
Core	Core	0.78425205	0.19866994	0.017078029
Core	Periphery	0.41605246	0.4961127	0.08783478
Core	Healthy	0.10487894	0.3094688	0.58565223
Core	Healthy	0.20141603	0.36341098	0.43517303
Core	Core	0.43294728	0.3865208	0.18053186
Core	Core	0.81506824	0.17163324	0.013298462
Core	Core	0.79693097	0.18759096	0.015478063
Core	Core	0.8610924	0.12953022	0.009377422
Core	Periphery	0.33101708	0.49218717	0.17679581
Core	Periphery	0.32500285	0.4172279	0.25776926
Core	Core	0.9120901	0.08282075	0.0050890814
Core	Core	0.8836167	0.10832904	0.008054256
Core	Healthy	0.1420372	0.34344566	0.5145171
Core	Periphery	0.23674022	0.41902846	0.3442313
Core	Healthy	0.11867033	0.32512453	0.55620515
Core	Healthy	0.1223757	0.36063313	0.51699114
Core	Core	0.95083815	0.045655563	0.0035062842
Core	Periphery	0.33917645	0.45612958	0.20469396
Core	Healthy	0.19290948	0.35524923	0.45184135
Core	Periphery	0.27280673	0.3878787	0.3393146
Core	Core	0.87642044	0.115846835	0.007732812
Core	Core	0.56393963	0.35830817	0.07775213
Core	Periphery	0.40098095	0.42789924	0.17111976
Core	Periphery	0.2190157	0.4389503	0.34203395
Core	Core	0.8968866	0.09660369	0.006509729
Core	Core	0.8482601	0.14183123	0.009908732
Core	Healthy	0.17105108	0.3746351	0.45431384
Core	Core	0.58214337	0.3597683	0.058088336
Core	Core	0.9107264	0.0841094	0.0051641674
Core	Core	0.9290431	0.06674731	0.0042096656
Core	Healthy	0.21883164	0.37824455	0.40292382
Core	Periphery	0.19949138	0.4101972	0.3903115
Core	Periphery	0.18472987	0.40859082	0.4066794
Core	Core	0.6318114	0.31455454	0.05363405
Core	Healthy	0.15880735	0.32358503	0.5176076
Core	Periphery	0.39039436	0.41571182	0.19389382
Core	Core	0.9044761	0.09001809	0.005505852
Core	Core	0.6985886	0.27103925	0.030372156
Core	Periphery	0.3282232	0.45211956	0.21965727
Core	Core	0.9141451	0.0808012	0.0050537162
Core	Core	0.79830486	0.18883012	0.012865066
Core	Periphery	0.2807395	0.44883117	0.27042928
Core	Core	0.93614835	0.05990853	0.0039431904
Core	Healthy	0.27038035	0.34188992	0.38772976
Core	Core	0.92099655	0.074436285	0.004567068
Core	Periphery	0.22868578	0.4163471	0.35496715
Core	Core	0.47333086	0.43148196	0.09518717
Core	Healthy	0.20437858	0.33173174	0.4638897
Core	Core	0.49093068	0.38980362	0.119265765
Core	Core	0.67038363	0.29874745	0.030868966
Core	Core	0.6679033	0.29665616	0.03544054
Core	Healthy	0.15147561	0.36763987	0.48088455
Core	Core	0.4063609	0.37208524	0.22155379
Core	Periphery	0.35255763	0.40424576	0.24319665
Core	Periphery	0.19831653	0.43027928	0.37140423
Core	Periphery	0.20653288	0.44186318	0.35160398
Core	Core	0.9257065	0.06972952	0.0045639863
Core	Core	0.90868706	0.08572911	0.0055838805
Core	Core	0.76662284	0.21605621	0.017320974
Core	Periphery	0.21488735	0.43452024	0.3505924
Core	Core	0.43827757	0.40083715	0.16088533
Core	Healthy	0.15612604	0.32769892	0.5161751
Core	Core	0.7202163	0.25672004	0.023063712
Core	Core	0.92925143	0.06648373	0.0042648385
Core	Core	0.6243501	0.33548358	0.04016635
Core	Healthy	0.13957377	0.33153167	0.52889454
Core	Core	0.8006773	0.18443453	0.014888186
Core	Healthy	0.19193967	0.3707903	0.43727002
Core	Periphery	0.1837524	0.5019213	0.31432626
Core	Periphery	0.18771414	0.40866485	0.40362093
Core	Healthy	0.19672728	0.3842933	0.4189795
Core	Healthy	0.11190439	0.3115005	0.57659507
Core	Healthy	0.15644598	0.3503139	0.49324015
Core	Core	0.8704593	0.12111986	0.008420776
Core	Core	0.63865256	0.32658157	0.03476593
Core	Core	0.4982479	0.4242212	0.07753094
Core	Core	0.9332015	0.06260695	0.0041915365
Core	Core	0.943245	0.05300921	0.0037458448
Core	Core	0.8493322	0.13963318	0.011034687
Core	Core	0.46297026	0.4112643	0.12576543
Core	Healthy	0.15731287	0.31924707	0.52344
Core	Core	0.63445914	0.32346803	0.042072836
Core	Core	0.7387882	0.23899524	0.022216571
Core	Core	0.46196306	0.4269579	0.111079015
Core	Periphery	0.21213652	0.47263843	0.3152251
Core	Core	0.886535	0.10611725	0.0073477547
Core	Periphery	0.3757014	0.43045637	0.19384228
Core	Core	0.70196414	0.26641586	0.031620003
Core	Core	0.92519635	0.07014153	0.004662199
Core	Core	0.86706793	0.12511055	0.0078215115
Core	Periphery	0.24081703	0.4462063	0.3129767
Core	Periphery	0.33282927	0.41541994	0.25175083
Core	Core	0.8641481	0.12649643	0.00935546
Core	Healthy	0.17544185	0.30733913	0.51721895
Core	Healthy	0.12995371	0.34044784	0.5295985
Core	Core	0.6522542	0.31158108	0.036164656
Core	Core	0.8682226	0.12353438	0.008243002
Core	Core	0.93199825	0.06369219	0.0043096
Core	Healthy	0.118210964	0.33249363	0.54929537
Core	Core	0.47337344	0.44333857	0.08328795
Core	Healthy	0.09855231	0.31434053	0.5871071
Core	Core	0.9366837	0.059313748	0.004002476
Core	Healthy	0.12854679	0.3428217	0.5286315
Core	Periphery	0.36152372	0.42655355	0.2119228
Core	Core	0.56504846	0.37512442	0.059827067
Core	Healthy	0.17470354	0.39011922	0.4351772
Core	Core	0.8750746	0.11665152	0.008273879
Core	Core	0.92037076	0.07461988	0.005009359
Core	Periphery	0.34286898	0.4966134	0.16051765
Core	Core	0.8357922	0.15350236	0.010705487
Core	Healthy	0.19989185	0.36161897	0.4384892
Core	Periphery	0.291829	0.50509554	0.20307544
Core	Core	0.88623327	0.10680572	0.006960975
Core	Core	0.9274832	0.06817871	0.004338089
Core	Healthy	0.18284938	0.3598118	0.4573388
Core	Periphery	0.4009786	0.4422703	0.15675113
Core	Healthy	0.11445564	0.32270265	0.5628418
Core	Healthy	0.15738186	0.3250688	0.51754934
Core	Core	0.87867165	0.11338862	0.007939734
Core	Periphery	0.24489458	0.39244273	0.3626627
Core	Healthy	0.18607241	0.32246947	0.49145812
Core	Periphery	0.22697516	0.39999998	0.37302488
Core	Core	0.71173435	0.26341137	0.024854278
Core	Periphery	0.36640492	0.4377548	0.1958403
Core	Periphery	0.35611042	0.44780016	0.19608945
Core	Core	0.5475982	0.38791838	0.06448338
Core	Healthy	0.16383007	0.331376	0.5047939
Core	Core	0.9143919	0.0805355	0.0050726444
Core	Healthy	0.14186382	0.3351723	0.5229639
Core	Core	0.7211172	0.24902226	0.029860493
Core	Healthy	0.13059396	0.34686056	0.52254546
Core	Healthy	0.25780323	0.33515245	0.40704435
Core	Core	0.8707453	0.12083885	0.0084158415
Core	Core	0.4876259	0.42916802	0.08320598
Core	Healthy	0.15948799	0.36018732	0.4803246
Core	Core	0.85374254	0.13626811	0.009989308
Core	Core	0.9243539	0.071172744	0.0044733374
Core	Core	0.7371185	0.2405665	0.022315018
Core	Healthy	0.16298062	0.3141969	0.5228225
Core	Healthy	0.17808987	0.32030272	0.50160736
Core	Healthy	0.18009649	0.32535422	0.49454927
Core	Core	0.56552696	0.3597236	0.074749365
Core	Core	0.9511946	0.045275327	0.0035301263
Core	Core	0.88036215	0.112220444	0.00741743
Core	Healthy	0.16714998	0.34691164	0.4859384
Core	Periphery	0.26854968	0.50394976	0.22750045
Core	Core	0.884208	0.10884663	0.0069452794
Core	Core	0.9450137	0.05129116	0.003695158
Core	Core	0.73162186	0.23931864	0.029059501
Core	Healthy	0.15183948	0.35292277	0.49523774
Core	Healthy	0.15825324	0.32631347	0.5154333
Core	Core	0.9446868	0.051658645	0.0036546348
Core	Core	0.41183686	0.38514298	0.20302013
Core	Healthy	0.1488841	0.32978526	0.5213306
Core	Healthy	0.15165402	0.34392357	0.5044223
Core	Periphery	0.37968475	0.43915275	0.18116246
Core	Healthy	0.1292605	0.32467997	0.54605955
Core	Periphery	0.36195228	0.4462881	0.19175959
Core	Periphery	0.30790788	0.45153138	0.24056077
Core	Core	0.9054704	0.088735595	0.005794048
Core	Core	0.5331939	0.35655192	0.11025413
Core	Core	0.8372634	0.15166208	0.011074608
Core	Healthy	0.18643907	0.32718158	0.4863794
Core	Periphery	0.38478988	0.48683086	0.1283793
Core	Healthy	0.23291077	0.36019063	0.40689865
Core	Core	0.8944879	0.09925458	0.0062574353
Core	Healthy	0.1839739	0.40074402	0.41528207
Core	Core	0.92540216	0.070169665	0.0044281012
Core	Healthy	0.104749136	0.3073827	0.58786815
Core	Core	0.9019824	0.09263988	0.0053777094
Core	Core	0.8758813	0.11687216	0.007246523
Core	Periphery	0.34244567	0.48419115	0.17336313
Core	Core	0.8009059	0.18658651	0.012507645
Core	Healthy	0.18876058	0.3224845	0.48875496
Core	Core	0.7588484	0.21947534	0.02167628
Core	Core	0.4807778	0.41921335	0.100008816
Core	Core	0.78926265	0.19607672	0.014660651
Core	Core	0.7438357	0.23671702	0.019447306
Core	Healthy	0.18405744	0.34251302	0.47342953
Core	Periphery	0.42773232	0.4600616	0.11220608
Core	Core	0.74569726	0.23085065	0.023452085
Core	Core	0.8950741	0.09859367	0.0063322224
Core	Core	0.8922106	0.10162408	0.0061652157
Core	Healthy	0.22538835	0.30998996	0.46462175
Core	Periphery	0.32857934	0.44214144	0.22927931
Core	Periphery	0.38094223	0.4130601	0.20599762
Core	Periphery	0.3289625	0.5005514	0.17048614
Core	Healthy	0.12964495	0.3881431	0.48221198
Core	Healthy	0.11725829	0.34370768	0.53903407
Core	Healthy	0.18910693	0.39145866	0.41943443
Core	Healthy	0.1271838	0.35941476	0.51340145
Core	Core	0.64191025	0.32292798	0.03516178
Core	Periphery	0.36277622	0.46613613	0.17108768
Core	Periphery	0.39582664	0.434239	0.16993442
Core	Core	0.82925457	0.15940636	0.011339014
Core	Core	0.90585834	0.088894784	0.005246857
Core	Periphery	0.2079322	0.43959373	0.3524741
Core	Core	0.94513404	0.051202103	0.0036638645
Core	Periphery	0.34444788	0.48861495	0.16693713
Core	Core	0.85134614	0.13992655	0.008727279
Core	Core	0.5921938	0.35252196	0.055284254
Core	Healthy	0.13948306	0.31988344	0.5406335
Core	Core	0.7985256	0.18715475	0.014319717
Core	Core	0.88816845	0.10497908	0.006852439
Core	Healthy	0.20053887	0.3252086	0.47425246
Core	Core	0.9119758	0.08278369	0.0052404087
Core	Core	0.88035536	0.1126383	0.0070063383
Core	Core	0.928085	0.06759302	0.0043219356
Core	Healthy	0.13317777	0.324096	0.5427262
Core	Core	0.936961	0.059133723	0.0039053014
Core	Core	0.796525	0.18832786	0.015147142
Core	Periphery	0.32936484	0.36795846	0.30267668
Core	Healthy	0.14964087	0.35282204	0.49753705
Core	Periphery	0.18315706	0.42082477	0.3960182
Core	Core	0.7661041	0.2179446	0.015951231
Core	Periphery	0.25577062	0.3794313	0.364798
Core	Core	0.56420445	0.3844656	0.051329922
Core	Core	0.8242249	0.162251	0.01352412
Core	Core	0.6454318	0.3159135	0.03865466
Core	Core	0.84693336	0.14354432	0.00952235
Core	Healthy	0.19109927	0.3664159	0.44248483
Core	Core	0.6291054	0.3286295	0.042265117
Core	Core	0.86994135	0.12270923	0.0073493933
Core	Core	0.519236	0.3890487	0.09171528
Core	Core	0.91805375	0.077162184	0.004784123
Core	Healthy	0.12677187	0.3169344	0.5562937
Core	Healthy	0.16444057	0.347975	0.48758447
Core	Periphery	0.33880383	0.4083927	0.2528035
Core	Core	0.618773	0.33075806	0.050468955
Core	Core	0.84158313	0.14844204	0.009974746
Core	Core	0.8672208	0.12408628	0.008692842
Core	Core	0.8187562	0.16948208	0.011761648
Core	Core	0.9103073	0.08454182	0.0051509086
Core	Core	0.47702286	0.40975288	0.113224335
Core	Healthy	0.109830104	0.32591614	0.5642538
Core	Healthy	0.1951382	0.38609216	0.41876957
Core	Healthy	0.16424899	0.35559765	0.48015332
Core	Healthy	0.14640835	0.33284467	0.52074695
Core	Core	0.6388454	0.31222376	0.048930824
Core	Core	0.6302429	0.33568624	0.034070875
Core	Healthy	0.13355097	0.32368082	0.54276824
Core	Periphery	0.3300263	0.38582593	0.28414783
Core	Periphery	0.27219132	0.46937117	0.2584375
Core	Core	0.54428977	0.365729	0.08998126
Core	Core	0.6704514	0.29252717	0.037021462
Core	Periphery	0.25639647	0.42355773	0.32004592
Core	Core	0.91295326	0.08183496	0.0052117966
Core	Periphery	0.24404182	0.43790066	0.31805757
Core	Core	0.8473695	0.14175533	0.010875153
Core	Healthy	0.16241804	0.3527599	0.48482203
Core	Periphery	0.21829692	0.39493924	0.38676384
Core	Core	0.736818	0.23967145	0.023510605
Core	Core	0.8690657	0.122845404	0.008088933
Core	Core	0.94922245	0.047228828	0.0035487392
Core	Core	0.92140335	0.07380243	0.004794303
Core	Healthy	0.16027687	0.3673098	0.47241324
Core	Core	0.42192233	0.4121092	0.16596852
Core	Core	0.83413225	0.1541422	0.011725572
Core	Core	0.8969546	0.09695037	0.0060951123
Core	Core	0.90542364	0.089173645	0.0054026605
Core	Healthy	0.18715267	0.34339932	0.46944797
Core	Healthy	0.1538307	0.3331297	0.5130395
Core	Core	0.92806125	0.067375556	0.0045631765
Core	Healthy	0.13488562	0.35985526	0.5052591
Core	Core	0.68693715	0.28386447	0.029198376
Core	Periphery	0.2979371	0.44912034	0.25294253
Core	Core	0.78629065	0.19813405	0.015575219
Core	Healthy	0.22145915	0.31329033	0.46525055
Core	Core	0.93275404	0.06303144	0.0042144763
Core	Core	0.6057644	0.28064707	0.11358856
Core	Periphery	0.21251343	0.42432588	0.36316064
Core	Healthy	0.22737345	0.36167035	0.4109562
Core	Periphery	0.2552714	0.39291283	0.35181576
Core	Healthy	0.15394987	0.328467	0.5175832
Core	Healthy	0.14147338	0.32654038	0.53198624
Core	Core	0.9276891	0.06799477	0.0043162247
Core	Core	0.9323349	0.06347046	0.0041946466
Core	Healthy	0.20881827	0.3821345	0.40904728
Core	Core	0.73859805	0.24053404	0.020867968
Core	Core	0.899111	0.094360866	0.0065281275
Core	Core	0.64778465	0.30120772	0.05100755
Core	Core	0.7745466	0.20780554	0.017647838
Core	Core	0.47899774	0.44131956	0.07968268
Core	Healthy	0.1754137	0.34505185	0.47953448
Core	Healthy	0.14214091	0.31343633	0.54442275
Core	Periphery	0.40707636	0.46383843	0.12908524
Core	Healthy	0.21164589	0.35255423	0.43579984
Core	Core	0.59378314	0.3552485	0.050968263
Core	Core	0.9152042	0.07978755	0.0050082905
Core	Core	0.8031725	0.18419233	0.01263508
Core	Periphery	0.26040068	0.4128754	0.32672393
Core	Core	0.92784727	0.0678879	0.004264799
Core	Healthy	0.2346283	0.37271363	0.3926581
Core	Periphery	0.38897973	0.46817353	0.14284675
Core	Core	0.9378534	0.058257204	0.0038894948
Core	Core	0.56692433	0.3809745	0.052101143
Core	Core	0.8258132	0.16320913	0.010977704
Core	Core	0.89166266	0.10169578	0.006641559
Core	Core	0.5332098	0.39947486	0.0673153
Core	Healthy	0.1362818	0.33595064	0.52776754
Core	Healthy	0.177914	0.35639203	0.46569398
Core	Healthy	0.14161575	0.3161074	0.54227686
Core	Periphery	0.24188578	0.38154694	0.37656724
Core	Core	0.87623894	0.11639393	0.007367084
Core	Core	0.6031173	0.34037822	0.056504525
Core	Core	0.7226294	0.24753161	0.02983904
Core	Core	0.47547185	0.39296648	0.13156167
Core	Healthy	0.13233243	0.3542348	0.5134328
Core	Periphery	0.35556448	0.4159799	0.22845563
Core	Healthy	0.1436454	0.34543043	0.5109242
Core	Core	0.6709545	0.295818	0.03322752
Core	Healthy	0.22448713	0.36901042	0.4065025
Core	Periphery	0.44132018	0.44210154	0.1165783
Core	Periphery	0.24613596	0.44683757	0.30702642
Core	Core	0.9202714	0.0750087	0.004719857
Core	Healthy	0.13074318	0.3234559	0.54580086
Core	Core	0.6759077	0.2878034	0.036288977
Core	Periphery	0.21468869	0.45905533	0.32625598
Core	Core	0.63250816	0.32178602	0.045705814
Core	Core	0.666896	0.2953653	0.037738692
Core	Core	0.8288299	0.15940897	0.011761121
Core	Core	0.9053347	0.08929098	0.005374289
Core	Periphery	0.29205495	0.4210593	0.2868857
Core	Core	0.624894	0.3313596	0.043746307
Core	Core	0.44400606	0.4200718	0.13592215
Core	Healthy	0.13686131	0.3382021	0.52493656
Core	Healthy	0.1655809	0.3616745	0.47274458
Core	Healthy	0.113209136	0.33942086	0.54737
Core	Core	0.90946454	0.08528483	0.0052506016
Core	Healthy	0.16219442	0.35357538	0.48423025
Core	Periphery	0.29780507	0.4769052	0.22528975
Core	Core	0.8449837	0.14586416	0.009152167
Core	Healthy	0.19705562	0.32704	0.47590435
Core	Periphery	0.26312056	0.45028123	0.28659818
Core	Core	0.69706255	0.27487722	0.028060332
Core	Periphery	0.28174195	0.46029478	0.25796333
Core	Core	0.520739	0.39501247	0.084248416
Core	Periphery	0.218022	0.41181347	0.37016457
Core	Periphery	0.36878014	0.40342414	0.22779578
Core	Core	0.91284376	0.0817245	0.005431773
Core	Periphery	0.29596427	0.39684734	0.30718842
Core	Core	0.8064431	0.18082264	0.012734333
Core	Periphery	0.30184332	0.45082542	0.24733128
Core	Core	0.91055274	0.084463626	0.004983729
Core	Healthy	0.14391711	0.34405124	0.5120316
Core	Core	0.78849554	0.1974073	0.014097115
Core	Core	0.87132174	0.121005304	0.0076729488
Core	Healthy	0.16320357	0.33886787	0.49792853
Core	Healthy	0.12287049	0.36021674	0.51691276
Core	Core	0.93710744	0.05899605	0.0038964697
Core	Healthy	0.18199393	0.3364612	0.48154488
Core	Healthy	0.21429735	0.369007	0.4166957
Core	Core	0.90103024	0.09340554	0.005564217
Core	Core	0.8915568	0.10204711	0.006396006
Core	Healthy	0.14578429	0.34608492	0.5081308
Core	Healthy	0.14460266	0.35619572	0.49920163
Core	Core	0.6652425	0.30145878	0.033298764
Core	Core	0.8903039	0.103179224	0.006516836
Core	Core	0.44316575	0.433619	0.12321532
Core	Core	0.9392516	0.056624603	0.0041237916
Core	Core	0.9196564	0.07520258	0.0051410254
Core	Healthy	0.2255694	0.3684092	0.40602142
Core	Healthy	0.16946474	0.34668767	0.4838476
Core	Core	0.8628296	0.12942691	0.0077434694
Core	Core	0.9328894	0.0630104	0.004100212
Core	Core	0.5156191	0.40520015	0.07918074
Core	Core	0.85058403	0.13890897	0.010506997
Core	Core	0.9311411	0.064595915	0.0042629926
Core	Healthy	0.16042912	0.31985167	0.51971924
Core	Healthy	0.16347423	0.39919785	0.43732795
Core	Periphery	0.44731206	0.44805506	0.104632795
Core	Core	0.90094125	0.09308074	0.005977985
Core	Core	0.7573223	0.22436213	0.018315552
Core	Healthy	0.1260942	0.30837795	0.56552786
Core	Core	0.930929	0.06475909	0.004311809
Core	Core	0.36700737	0.36564156	0.2673511
Core	Core	0.91701585	0.07791985	0.0050643557
Core	Periphery	0.3028105	0.38099802	0.31619143
Core	Healthy	0.2208914	0.37517983	0.4039288
Core	Core	0.7132349	0.26310512	0.023660013
Core	Core	0.89217687	0.10153833	0.006284837
Core	Healthy	0.121915475	0.34738162	0.5307029
Core	Periphery	0.24064423	0.4471213	0.31223446
Core	Healthy	0.14776127	0.34730804	0.5049307
Core	Core	0.54661936	0.3832109	0.07016967
Core	Healthy	0.17625767	0.34135202	0.48239034
Core	Periphery	0.19640684	0.44043437	0.36315876
Core	Core	0.90361476	0.09036445	0.00602089
Core	Periphery	0.39655662	0.40328085	0.20016247
Core	Healthy	0.15247208	0.3191496	0.52837825
Core	Periphery	0.33301908	0.41583547	0.25114548
Core	Healthy	0.1804915	0.31384128	0.5056672
Core	Core	0.4579132	0.39046547	0.15162133
Core	Healthy	0.27147788	0.35942072	0.36910143
Core	Core	0.7218826	0.2453911	0.032726206
Core	Periphery	0.20981006	0.41071498	0.37947497
Core	Core	0.7639525	0.21766569	0.018381787
Core	Healthy	0.11716075	0.31828725	0.564552
Core	Healthy	0.12545384	0.3226921	0.5518541
Core	Core	0.91646093	0.07856171	0.0049773683
Core	Healthy	0.16930278	0.38886577	0.44183144
Core	Healthy	0.14776091	0.3174249	0.53481424
Core	Core	0.5287182	0.38641015	0.08487163
Core	Core	0.8956598	0.09723913	0.007101149
Core	Core	0.6984802	0.27432165	0.027198184
Core	Healthy	0.18643959	0.31483266	0.49872777
Core	Core	0.86326575	0.12798889	0.008745293
Core	Core	0.777661	0.20087884	0.021460151
Core	Healthy	0.1421688	0.34760085	0.51023036
Core	Periphery	0.36574942	0.40656638	0.22768418
Core	Core	0.72500026	0.25283098	0.022168852
Core	Core	0.5856618	0.36130476	0.053033464
Core	Healthy	0.17325605	0.33184448	0.4948994
Core	Core	0.7615786	0.21549824	0.022923155
Core	Core	0.6802418	0.2872635	0.032494716
Core	Core	0.8635167	0.12872592	0.007757351
Core	Core	0.87910444	0.112045005	0.008850568
Core	Periphery	0.34726202	0.49069133	0.16204663
Core	Periphery	0.32880887	0.44555932	0.22563177
Core	Core	0.90240556	0.0916018	0.005992548
Core	Core	0.6130828	0.32576033	0.06115689
Core	Core	0.700538	0.2646954	0.034766674
Core	Periphery	0.43814555	0.4748118	0.08704272
Core	Healthy	0.17626618	0.31914744	0.5045864
Core	Core	0.7123889	0.26498103	0.02263007
Core	Healthy	0.17314695	0.36437225	0.46248078
Core	Healthy	0.22895716	0.37627852	0.39476433
Core	Core	0.867269	0.12487665	0.007854416
Core	Core	0.8671511	0.12505743	0.0077915275
Core	Core	0.9222485	0.07321054	0.004541009
Core	Core	0.8847237	0.10748169	0.0077946093
Core	Core	0.81447357	0.17124568	0.014280749
Core	Healthy	0.21125734	0.35142913	0.43731347
Core	Core	0.7265407	0.24638909	0.027070232
Core	Healthy	0.17538966	0.35776046	0.46684992
Core	Core	0.82560503	0.16236176	0.012033178
Core	Healthy	0.19681853	0.33869758	0.46448386
Core	Healthy	0.23895851	0.37921646	0.38182506
Core	Healthy	0.12083264	0.33307183	0.5460955
Core	Healthy	0.14590394	0.34149244	0.51260364
Core	Core	0.9281036	0.067565896	0.004330542
Core	Core	0.95199656	0.04447623	0.0035271624
Core	Healthy	0.11605187	0.3156969	0.5682512
Core	Periphery	0.22791253	0.39971083	0.37237662
Core	Core	0.58813965	0.34961897	0.062241342
Core	Core	0.49547625	0.38963467	0.11488911
Core	Core	0.5190158	0.4199694	0.061014753
Core	Healthy	0.15143815	0.3748226	0.4737392
Core	Core	0.8626547	0.12873165	0.008613574
Core	Healthy	0.14002456	0.35211986	0.5078556
Core	Periphery	0.1953176	0.40824735	0.39643505
Core	Core	0.8975113	0.096606284	0.005882375
Core	Core	0.56241465	0.3825425	0.055042837
Core	Healthy	0.1838106	0.36612043	0.45006904
Core	Periphery	0.3012519	0.41703135	0.2817168
Core	Core	0.9105498	0.08389474	0.005555425
Core	Healthy	0.16725355	0.3202598	0.5124866
Core	Core	0.8369508	0.15071592	0.0123332385
Core	Periphery	0.35062492	0.41128272	0.23809235
Core	Periphery	0.18838876	0.43939316	0.37221804
Core	Core	0.6713139	0.27867097	0.050015148
Core	Healthy	0.1465959	0.3254787	0.5279253
Core	Core	0.64568645	0.30716375	0.04714978
Core	Periphery	0.30454215	0.44236508	0.25309277
Core	Healthy	0.20091136	0.32652748	0.4725612
Core	Core	0.93543833	0.060505033	0.004056631
Core	Core	0.83246297	0.15689783	0.010639202
Core	Healthy	0.14820325	0.3216948	0.530102
Core	Core	0.9510213	0.045473143	0.0035055252
Core	Core	0.9075227	0.08713798	0.005339397
Core	Core	0.9305953	0.06515473	0.0042500203
Core	Core	0.9058032	0.08898522	0.0052115256
Core	Periphery	0.23924208	0.44985577	0.3109021
Core	Core	0.9157214	0.07937699	0.004901573
Core	Periphery	0.44995925	0.45373264	0.09630809
Core	Healthy	0.124801755	0.31990072	0.55529755
Core	Periphery	0.3356506	0.46751872	0.1968307
Core	Core	0.8969041	0.09707057	0.0060253004
Core	Core	0.6469591	0.3033357	0.049705166
Core	Core	0.6005379	0.35183206	0.04762996
Core	Healthy	0.23322555	0.35268444	0.41409004
Core	Core	0.9490423	0.047326736	0.0036309676
Core	Healthy	0.15849356	0.31332377	0.5281827
Core	Core	0.7987727	0.18625773	0.014969556
Core	Healthy	0.21802586	0.35627547	0.42569864
Core	Core	0.4565367	0.4175552	0.12590809
Core	Periphery	0.22489518	0.39736834	0.3777365
Core	Periphery	0.3241972	0.44709235	0.22871037
Core	Core	0.53670824	0.35111207	0.11217969
Core	Periphery	0.28916648	0.38599312	0.32484043
Core	Core	0.85532355	0.13550897	0.009167474
Core	Core	0.93590945	0.06007582	0.004014688
Core	Core	0.9331192	0.06270339	0.0041773855
Core	Core	0.907793	0.08682169	0.0053853136
Core	Periphery	0.36431623	0.52613586	0.109547965
Core	Healthy	0.21902451	0.31516474	0.4658108
Core	Healthy	0.18422219	0.340404	0.4753738
Core	Healthy	0.22061546	0.3543459	0.42503867
Core	Periphery	0.38551396	0.47301853	0.14146756
Core	Core	0.79836833	0.18330951	0.018322162
Core	Core	0.8731988	0.11930288	0.007498279
Core	Core	0.90689754	0.08725325	0.005849245
Core	Healthy	0.19702584	0.3572031	0.4457711
Core	Healthy	0.1939772	0.36697733	0.43904552
Core	Core	0.46740645	0.40658072	0.12601283
Core	Core	0.92928725	0.0664848	0.0042280024
Core	Periphery	0.3903074	0.46550986	0.14418277
Core	Core	0.7294741	0.24712369	0.02340216
Core	Periphery	0.34947667	0.37781587	0.27270743
Core	Core	0.8995522	0.09433	0.0061177067
Core	Core	0.8073463	0.18046518	0.012188542
Core	Core	0.9021359	0.09201619	0.005847937
Core	Core	0.5648589	0.365352	0.06978912
Core	Core	0.8607341	0.13076945	0.008496367
Core	Core	0.930975	0.06479512	0.004229876
Core	Healthy	0.11441538	0.31482714	0.57075745
Core	Core	0.66296947	0.29775095	0.039279528
Core	Core	0.9255277	0.07002672	0.0044455375
Core	Periphery	0.22894928	0.41987875	0.351172
Core	Core	0.8260349	0.1612946	0.0126705915
Core	Periphery	0.25119096	0.43514743	0.3136616
Core	Healthy	0.12308061	0.3069647	0.5699547
Core	Core	0.9194727	0.0759184	0.0046088845
Core	Core	0.929022	0.06664619	0.0043318183
Core	Periphery	0.24689534	0.4015813	0.3515234
Core	Healthy	0.15994017	0.37407643	0.4659834
Core	Periphery	0.3198279	0.4180665	0.26210555
Core	Core	0.7292363	0.24525133	0.025512375
Core	Healthy	0.13021196	0.31542787	0.5543602
Core	Core	0.8888127	0.104722284	0.0064649982
Core	Periphery	0.44672608	0.4545044	0.09876948
Core	Core	0.91956544	0.075731814	0.004702695
Core	Periphery	0.26646236	0.45420852	0.27932912
Core	Periphery	0.3103603	0.4322521	0.25738755
Core	Periphery	0.23417024	0.3898882	0.37594157
Core	Healthy	0.1458919	0.3383236	0.5157845
Core	Core	0.3990444	0.39543027	0.20552537
Core	Core	0.48719913	0.37270647	0.14009446
Core	Core	0.9032334	0.09131871	0.0054478724
Core	Healthy	0.21113437	0.35297802	0.4358876
Core	Healthy	0.15351018	0.36382845	0.48266137
Core	Core	0.89669025	0.09738387	0.005925839
Core	Healthy	0.19968858	0.36130562	0.43900576
Core	Healthy	0.12462768	0.31185463	0.5635177
Core	Core	0.6147194	0.3328942	0.052386474
Core	Healthy	0.16375472	0.35670593	0.47953942
Core	Core	0.8301236	0.15866038	0.011216018
Core	Core	0.8798728	0.112933405	0.007193822
Core	Healthy	0.12495962	0.33424792	0.54079247
Core	Core	0.5635299	0.382803	0.053667117
Core	Core	0.8140563	0.17305258	0.0128911715
Core	Core	0.9429118	0.05332498	0.0037633057
Core	Periphery	0.41159204	0.4704976	0.117910296
Core	Healthy	0.12705119	0.3130937	0.5598551
Core	Healthy	0.15321717	0.34029305	0.50648975
Core	Periphery	0.37421748	0.42446175	0.20132075
Core	Core	0.8577242	0.13245031	0.009825503
Core	Healthy	0.1593588	0.37029785	0.47034338
Core	Core	0.91456234	0.080524206	0.0049135545
Core	Healthy	0.1946304	0.33587328	0.46949637
Core	Core	0.79453784	0.18718664	0.01827551
Core	Periphery	0.40786278	0.46094358	0.1311937
Core	Core	0.59213924	0.3436253	0.064235464
Core	Periphery	0.22664602	0.41703093	0.35632306
Core	Healthy	0.1932399	0.36958697	0.43717316
Core	Healthy	0.17119189	0.4107108	0.4180973
Core	Healthy	0.13317277	0.3136752	0.553152
Core	Core	0.47428223	0.4338885	0.091829255
Core	Core	0.8999723	0.094354704	0.0056728963
Core	Healthy	0.0920257	0.32936808	0.57860625
Core	Healthy	0.19811918	0.35537156	0.44650927
Core	Core	0.8901721	0.103352755	0.006475167
Core	Periphery	0.26431638	0.3890292	0.34665444
Core	Core	0.6356569	0.32640943	0.037933644
Core	Healthy	0.13806714	0.34363547	0.51829743
Core	Healthy	0.19704312	0.33912957	0.4638273
Core	Core	0.9315396	0.06426112	0.0041992343
Core	Periphery	0.3366307	0.45012417	0.21324505
Core	Healthy	0.12015475	0.3362153	0.54363
Core	Core	0.95177805	0.04478316	0.0034387845
Core	Core	0.6923507	0.26988962	0.037759718
Core	Core	0.9068384	0.08718514	0.005976455
Core	Core	0.9316331	0.06420493	0.0041619577
Core	Healthy	0.16050892	0.3541237	0.48536742
Core	Core	0.8881079	0.10559383	0.0062982645
Core	Healthy	0.12199515	0.32750174	0.55050313
Core	Core	0.909449	0.08433196	0.0062191323
Core	Healthy	0.10816726	0.31327727	0.5785554
Core	Core	0.937233	0.058786277	0.0039807255
Core	Periphery	0.24486424	0.45184776	0.30328798
Core	Core	0.6288979	0.32512543	0.04597672
Core	Core	0.49029773	0.43751907	0.07218322
Core	Periphery	0.4276439	0.43943492	0.13292119
Core	Core	0.88832027	0.105188236	0.0064915633
Core	Core	0.9364195	0.05947543	0.004105104
Core	Healthy	0.12378376	0.32097363	0.55524266
Core	Healthy	0.17715895	0.33448493	0.4883561
Core	Healthy	0.19056092	0.40460777	0.40483138
Core	Periphery	0.38691318	0.42749178	0.18559508
Core	Core	0.92540085	0.070249885	0.004349243
Core	Core	0.8666142	0.12466229	0.008723502
Core	Periphery	0.2715353	0.38697588	0.34148884
Core	Periphery	0.2756206	0.39215192	0.33222744
Core	Core	0.92330486	0.07204723	0.0046479395
Core	Periphery	0.37947944	0.41972584	0.2007947
Core	Healthy	0.17286146	0.3319395	0.49519902
Core	Core	0.8280902	0.1611066	0.010803308
Core	Healthy	0.18686564	0.34695232	0.46618208
Core	Healthy	0.15237254	0.325093	0.5225345
Core	Core	0.6458425	0.3030368	0.051120684
Core	Periphery	0.22933811	0.4312924	0.33936954
Core	Periphery	0.3443921	0.39952585	0.2560821
Core	Core	0.44514617	0.42257473	0.13227908
Core	Core	0.9434935	0.052768145	0.003738355
Core	Core	0.5316423	0.4022113	0.06614638
Core	Core	0.5778673	0.34902728	0.07310537
Core	Healthy	0.21384002	0.3403053	0.44585463
Core	Healthy	0.1365328	0.3221182	0.541349
Core	Core	0.58973247	0.33889738	0.07137014
Core	Core	0.7213637	0.24744745	0.031188792
Core	Core	0.43962622	0.42288813	0.13748562
Core	Healthy	0.13733077	0.32935017	0.53331906
Core	Core	0.91111535	0.08385011	0.0050345603
Core	Periphery	0.2219708	0.40448293	0.3735463
Core	Core	0.85094887	0.1395067	0.009544391
Core	Healthy	0.17066826	0.3597035	0.4696282
Core	Periphery	0.32517672	0.46717623	0.20764701
Core	Core	0.93251586	0.06338508	0.0040991097
Core	Periphery	0.29027066	0.48744968	0.22227976
Core	Core	0.89169234	0.101512544	0.0067951363
Core	Healthy	0.1770759	0.32200998	0.5009141
Core	Healthy	0.17449807	0.31652555	0.5089764
Core	Core	0.9277828	0.06786981	0.004347493
Core	Periphery	0.24127851	0.3979536	0.3607679
Core	Healthy	0.17395557	0.35476682	0.47127756
Core	Core	0.76205736	0.21679294	0.021149624
Core	Periphery	0.30328813	0.3901759	0.30653593
Core	Healthy	0.1764502	0.34394276	0.47960708
Core	Periphery	0.28691763	0.4883976	0.22468476
Core	Core	0.85465527	0.13513374	0.0102110235
Core	Periphery	0.20807993	0.40090328	0.3910168
Core	Core	0.8765141	0.11616624	0.0073196352
Core	Healthy	0.11293107	0.33688092	0.55018795
Core	Core	0.71825004	0.24636124	0.035388686
Core	Periphery	0.24456903	0.5125397	0.24289131
Core	Healthy	0.16796446	0.33492216	0.4971133
Core	Periphery	0.34532318	0.47699577	0.17768101
Core	Healthy	0.13627051	0.3620165	0.501713
Core	Core	0.91531503	0.0796364	0.005048461
Core	Healthy	0.17624077	0.3421672	0.48159197
Core	Core	0.691829	0.2798814	0.028289655
Core	Healthy	0.19969466	0.32393846	0.4763669
Core	Core	0.87570375	0.11611732	0.008178952
Core	Core	0.9340176	0.061843276	0.0041391556
Core	Healthy	0.16524778	0.3994387	0.4353136
Core	Healthy	0.1452365	0.33775273	0.5170108
Core	Core	0.9452531	0.051062398	0.0036845524
Core	Periphery	0.29529962	0.41718122	0.2875192
Core	Healthy	0.15106699	0.36469376	0.48423925
Core	Periphery	0.41447753	0.45142835	0.13409415
Core	Periphery	0.39306566	0.46489164	0.14204267
Core	Periphery	0.38525388	0.47977826	0.13496792
Core	Healthy	0.16225433	0.41362303	0.4241227
Core	Healthy	0.17445405	0.36262226	0.4629237
Core	Periphery	0.3398184	0.43111613	0.22906545
Core	Core	0.91685367	0.07815653	0.004989717
Core	Core	0.92134726	0.07375394	0.0048987987
Core	Healthy	0.20866896	0.39516294	0.3961681
Core	Healthy	0.22668345	0.38219234	0.3911242
Core	Periphery	0.23229295	0.4148368	0.35287026
Core	Core	0.505957	0.39351863	0.10052437
Core	Healthy	0.13564369	0.3436195	0.5207368
Core	Core	0.94212073	0.054140344	0.0037389044
Core	Core	0.91458404	0.08026764	0.005148285
Core	Periphery	0.3228876	0.37642592	0.30068642
Core	Periphery	0.31792802	0.45137414	0.23069778
Core	Core	0.76517874	0.21374546	0.021075845
Core	Healthy	0.13991134	0.32322505	0.53686357
Core	Core	0.93810636	0.05795788	0.00393577
Core	Periphery	0.27506718	0.39333156	0.3316013
Healthy	Healthy	0.24536483	0.3342194	0.42041576
Healthy	Healthy	0.10861002	0.32340777	0.56798214
Healthy	Healthy	0.17025612	0.39060816	0.43913564
Healthy	Healthy	0.2087043	0.36132047	0.42997527
Healthy	Periphery	0.19882157	0.460938	0.34024042
Healthy	Healthy	0.14403157	0.3940747	0.4618937
Healthy	Healthy	0.16920418	0.36945176	0.46134406
Healthy	Healthy	0.11726853	0.32159206	0.5611394
Healthy	Core	0.49975538	0.4031424	0.09710222
Healthy	Healthy	0.2878457	0.35233718	0.3598171
Healthy	Healthy	0.17142333	0.34948313	0.47909355
Healthy	Healthy	0.1360738	0.37648183	0.4874444
Healthy	Healthy	0.16975614	0.34710142	0.48314238
Healthy	Healthy	0.181707	0.3573678	0.46092513
Healthy	Healthy	0.12524039	0.36967888	0.50508064
Healthy	Periphery	0.21301554	0.42280948	0.36417493
Healthy	Periphery	0.28614885	0.48737818	0.22647306
Healthy	Healthy	0.12230098	0.3117211	0.5659779
Healthy	Healthy	0.12079761	0.31778765	0.5614147
Healthy	Healthy	0.162681	0.40434885	0.43297017
Healthy	Healthy	0.19136062	0.3817133	0.4269261
Healthy	Periphery	0.31824848	0.41635802	0.26539347
Healthy	Healthy	0.14303643	0.3077994	0.54916424
Healthy	Healthy	0.13776739	0.32025266	0.5419799
Healthy	Healthy	0.14139359	0.37842917	0.48017722
Healthy	Healthy	0.15001997	0.34844393	0.50153613
Healthy	Healthy	0.1281531	0.37678447	0.4950624
Healthy	Healthy	0.19002943	0.33402446	0.4759461
Healthy	Periphery	0.27384096	0.36896512	0.3571939
Healthy	Healthy	0.1465486	0.36805478	0.48539668
Healthy	Healthy	0.12230977	0.32606915	0.5516211
Healthy	Healthy	0.11347424	0.31573054	0.5707952
Healthy	Healthy	0.29901832	0.33437988	0.36660177
Healthy	Healthy	0.18457766	0.34608582	0.46933654
Healthy	Healthy	0.1559503	0.3291237	0.514926
Healthy	Healthy	0.12548843	0.31433713	0.5601744
Healthy	Healthy	0.15097299	0.32162565	0.5274014
Healthy	Healthy	0.13117243	0.3223061	0.5465214
Healthy	Healthy	0.19103214	0.34158596	0.46738192
Healthy	Healthy	0.16464669	0.36996952	0.4653838
Healthy	Healthy	0.087557405	0.31757364	0.59486896
Healthy	Periphery	0.29101315	0.4919517	0.21703513
Healthy	Healthy	0.17410293	0.32769814	0.49819887
Healthy	Healthy	0.12356314	0.3343698	0.54206705
Healthy	Healthy	0.23307268	0.32963982	0.43728748
Healthy	Periphery	0.2555538	0.42949414	0.31495208
Healthy	Healthy	0.12087914	0.30850732	0.5706135
Healthy	Healthy	0.15999204	0.34367135	0.49633667
Healthy	Healthy	0.14279366	0.4154744	0.44173193
Healthy	Healthy	0.13466138	0.3736455	0.49169305
Healthy	Healthy	0.14252305	0.3344248	0.5230521
Healthy	Periphery	0.22437082	0.4234189	0.35221028
Healthy	Healthy	0.13216016	0.3372841	0.5305557
Healthy	Periphery	0.16890414	0.43061918	0.4004767
Healthy	Core	0.41703537	0.39233628	0.19062836
Healthy	Healthy	0.1522984	0.3188645	0.52883714
Healthy	Healthy	0.12150404	0.33473593	0.54376
Healthy	Core	0.46177056	0.41309196	0.1251375
Healthy	Healthy	0.11749045	0.35633633	0.52617323
Healthy	Healthy	0.109131195	0.34167257	0.54919624
Healthy	Periphery	0.24491784	0.40171024	0.35337192
Healthy	Healthy	0.17041351	0.3362978	0.4932887
Healthy	Healthy	0.13931082	0.3534047	0.50728446
Healthy	Periphery	0.24327238	0.41249043	0.3442373
Healthy	Healthy	0.26619527	0.35260817	0.38119662
Healthy	Healthy	0.103327334	0.30830672	0.5883659
Healthy	Healthy	0.18808535	0.39278725	0.4191274
Healthy	Healthy	0.16408746	0.3669077	0.4690048
Healthy	Healthy	0.18733095	0.36141294	0.45125616
Healthy	Healthy	0.16892074	0.3520874	0.4789919
Healthy	Healthy	0.17180702	0.32178143	0.5064115
Healthy	Periphery	0.25348082	0.473507	0.27301225
Healthy	Healthy	0.15377715	0.32919723	0.5170256
Healthy	Healthy	0.076299705	0.30426922	0.6194311
Healthy	Healthy	0.17889182	0.30717185	0.51393634
Healthy	Healthy	0.0971571	0.3654273	0.5374156
Healthy	Healthy	0.15803757	0.37230107	0.46966133
Healthy	Healthy	0.19234543	0.33812156	0.46953306
Healthy	Core	0.80359757	0.1809667	0.015435768
Healthy	Healthy	0.15275002	0.35540035	0.49184966
Healthy	Healthy	0.14699803	0.39856875	0.4544332
Healthy	Healthy	0.2840216	0.3239725	0.3920059
Healthy	Periphery	0.27730733	0.36868057	0.3540121
Healthy	Healthy	0.14313272	0.33518663	0.5216806
Healthy	Healthy	0.09971279	0.3098242	0.59046304
Healthy	Healthy	0.10970174	0.33733132	0.5529669
Healthy	Periphery	0.23725666	0.3834028	0.37934056
Healthy	Healthy	0.17602389	0.343291	0.48068517
Healthy	Healthy	0.16155045	0.35556054	0.4828891
Healthy	Healthy	0.12974401	0.33094442	0.5393116
Healthy	Healthy	0.14032568	0.31138062	0.54829365
Healthy	Core	0.3831043	0.35855108	0.25834462
Healthy	Healthy	0.15080442	0.31305563	0.53613997
Healthy	Healthy	0.18055855	0.34113285	0.47830856
Healthy	Healthy	0.10502927	0.34313893	0.5518318
Healthy	Healthy	0.14491875	0.35186026	0.503221
Healthy	Periphery	0.21485208	0.4318065	0.3533415
Healthy	Healthy	0.10663394	0.32697636	0.56638974
Healthy	Periphery	0.24640472	0.43078357	0.32281172
Healthy	Healthy	0.15045692	0.32688743	0.5226556
Healthy	Healthy	0.17065887	0.3581718	0.47116932
Healthy	Periphery	0.2593314	0.4112101	0.32945848
Healthy	Healthy	0.13383885	0.34953472	0.5166265
Healthy	Periphery	0.3434423	0.45394567	0.20261212
Healthy	Periphery	0.20658787	0.42312962	0.3702825
Healthy	Healthy	0.16509075	0.36373812	0.4711711
Healthy	Periphery	0.26069385	0.40809754	0.33120862
Healthy	Periphery	0.27549434	0.44500068	0.27950495
Healthy	Healthy	0.23070428	0.37684852	0.39244714
Healthy	Healthy	0.18787152	0.33038524	0.4817433
Healthy	Healthy	0.124654636	0.34587947	0.52946585
Healthy	Healthy	0.18173337	0.37389594	0.4443706
Healthy	Periphery	0.19435056	0.4061054	0.3995441
Healthy	Healthy	0.12323614	0.30697483	0.569789
Healthy	Healthy	0.118479565	0.32143956	0.5600809
Healthy	Healthy	0.1867555	0.35577646	0.45746803
Healthy	Periphery	0.32466513	0.42708075	0.24825418
Healthy	Periphery	0.28616974	0.43928403	0.2745462
Healthy	Healthy	0.15550242	0.31221038	0.53228724
Healthy	Core	0.70945615	0.26286983	0.02767409
Healthy	Healthy	0.18500023	0.38213122	0.43286854
Healthy	Healthy	0.16384602	0.32778105	0.5083729
Healthy	Healthy	0.14630458	0.3146517	0.53904366
Healthy	Healthy	0.17673329	0.31920356	0.50406307
Healthy	Healthy	0.14048795	0.35852262	0.5009894
Healthy	Healthy	0.08472028	0.33517197	0.5801078
Healthy	Periphery	0.2876417	0.49699873	0.21535961
Healthy	Healthy	0.16332075	0.3173302	0.51934904
Healthy	Healthy	0.12233252	0.31812707	0.55954045
Healthy	Healthy	0.120427	0.313047	0.56652606
Healthy	Healthy	0.22667065	0.37295663	0.40037274
Healthy	Healthy	0.1354421	0.40769815	0.45685974
Healthy	Healthy	0.15413092	0.404385	0.44148406
Healthy	Healthy	0.10612426	0.33416173	0.559714
Healthy	Healthy	0.1642245	0.34981522	0.4859602
Healthy	Periphery	0.18316238	0.4364815	0.3803561
Healthy	Healthy	0.104027145	0.3333836	0.5625892
Healthy	Healthy	0.13652152	0.35416457	0.5093139
Healthy	Healthy	0.14118546	0.32865894	0.53015566
Healthy	Healthy	0.1129171	0.3061716	0.58091134
Healthy	Healthy	0.15206502	0.34497645	0.5029585
Healthy	Healthy	0.12416973	0.32957682	0.5462534
Healthy	Periphery	0.27648416	0.4635707	0.25994506
Healthy	Healthy	0.11925242	0.33533806	0.54540944
Healthy	Healthy	0.1322485	0.35087717	0.5168743
Healthy	Healthy	0.14199999	0.31568778	0.54231226
Healthy	Healthy	0.2025707	0.31179744	0.48563182
Healthy	Periphery	0.24056713	0.38662875	0.37280408
Healthy	Healthy	0.13274033	0.31588405	0.5513756
Healthy	Healthy	0.1252918	0.31327486	0.5614333
Healthy	Healthy	0.17836982	0.32891986	0.49271032
Healthy	Healthy	0.1531619	0.3174783	0.5293598
Healthy	Healthy	0.12125515	0.32709813	0.5516467
Healthy	Periphery	0.2691964	0.43285808	0.2979455
Healthy	Healthy	0.18695755	0.38235635	0.43068612
Healthy	Healthy	0.15580897	0.3952825	0.4489085
Healthy	Healthy	0.17577063	0.3205967	0.5036327
Healthy	Healthy	0.18629594	0.3552002	0.45850387
Healthy	Healthy	0.17549847	0.38465485	0.43984672
Healthy	Healthy	0.18626678	0.38182473	0.4319085
Healthy	Periphery	0.23395114	0.3847142	0.38133466
Healthy	Healthy	0.13987783	0.32203683	0.53808534
Healthy	Healthy	0.113551445	0.30653223	0.57991636
Healthy	Healthy	0.2158031	0.38358626	0.4006106
Healthy	Healthy	0.14878239	0.3718713	0.47934633
Healthy	Healthy	0.16848943	0.3198295	0.511681
Healthy	Healthy	0.14946792	0.36500102	0.4855311
Healthy	Healthy	0.1016781	0.30498824	0.59333366
Healthy	Healthy	0.12741423	0.34627444	0.5263114
Healthy	Healthy	0.17458254	0.32267332	0.50274414
Healthy	Healthy	0.1984329	0.3197259	0.48184118
Healthy	Healthy	0.24321605	0.3599793	0.3968046
Healthy	Healthy	0.2513924	0.3257157	0.42289194
Healthy	Healthy	0.0966706	0.31993884	0.5833906
Healthy	Healthy	0.1588338	0.33847234	0.5026939
Healthy	Healthy	0.13055676	0.32229102	0.54715216
Healthy	Periphery	0.33445835	0.4024208	0.26312083
Healthy	Healthy	0.1552207	0.38932392	0.45545542
Healthy	Healthy	0.2457153	0.36902258	0.38526213
Healthy	Healthy	0.14792244	0.36434403	0.48773354
Healthy	Healthy	0.15159573	0.36034518	0.488059
Healthy	Healthy	0.13441627	0.31489068	0.55069304
Healthy	Periphery	0.3410436	0.43767136	0.22128505
Healthy	Healthy	0.12669428	0.32945365	0.54385203
Healthy	Healthy	0.0736531	0.30461752	0.6217294
Healthy	Healthy	0.099836804	0.31277636	0.58738685
Healthy	Core	0.4384833	0.42652413	0.1349926
Healthy	Healthy	0.1059856	0.31207657	0.5819378
Healthy	Healthy	0.119167864	0.32353133	0.5573008
Healthy	Periphery	0.2838491	0.36785236	0.34829852
Healthy	Healthy	0.15355112	0.32655072	0.5198982
Healthy	Healthy	0.13174571	0.33921468	0.5290396
Healthy	Healthy	0.17826775	0.35187888	0.46985337
Healthy	Healthy	0.17270128	0.33104867	0.49625012
Healthy	Healthy	0.12848625	0.3265585	0.5449552
Healthy	Healthy	0.17813598	0.32182238	0.5000416
Healthy	Healthy	0.15442246	0.31695652	0.528621
Healthy	Healthy	0.13360734	0.34570232	0.5206903
Healthy	Healthy	0.123794034	0.319886	0.55631995
Healthy	Healthy	0.122169666	0.36709052	0.5107398
Healthy	Healthy	0.12995094	0.32905105	0.540998
Healthy	Periphery	0.34161592	0.38064718	0.2777369
Healthy	Healthy	0.16538993	0.3605545	0.4740556
Healthy	Healthy	0.174142	0.3800345	0.4458234
Healthy	Healthy	0.13087322	0.31979957	0.54932725
Healthy	Healthy	0.119541295	0.33914188	0.5413168
Healthy	Healthy	0.16075909	0.3190045	0.5202364
Healthy	Periphery	0.19978414	0.4217579	0.37845796
Healthy	Healthy	0.13094364	0.3205428	0.5485136
Healthy	Healthy	0.15696457	0.3557911	0.48724428
Healthy	Healthy	0.12963969	0.31980252	0.5505578
Healthy	Healthy	0.10319942	0.30796802	0.5888325
Healthy	Periphery	0.23332085	0.4420739	0.32460526
Healthy	Periphery	0.31170982	0.44313666	0.24515356
Healthy	Healthy	0.14809832	0.3415706	0.5103311
Healthy	Healthy	0.18806133	0.38932487	0.42261383
Healthy	Healthy	0.1759075	0.3136392	0.5104533
Healthy	Periphery	0.29031923	0.37883067	0.3308501
Healthy	Healthy	0.13019247	0.34224162	0.52756596
Healthy	Healthy	0.16831829	0.31701905	0.51466274
Healthy	Periphery	0.21105927	0.40746316	0.3814776
Healthy	Healthy	0.1173883	0.31744632	0.5651654
Healthy	Core	0.59301317	0.3411304	0.0658564
Healthy	Healthy	0.1897885	0.32038343	0.48982805
Healthy	Healthy	0.14329329	0.33601674	0.52068996
Healthy	Healthy	0.12747487	0.32741323	0.5451119
Healthy	Periphery	0.28829318	0.46847337	0.24323343
Healthy	Healthy	0.16468577	0.36489213	0.4704221
Healthy	Healthy	0.25085506	0.3364551	0.41268978
Healthy	Healthy	0.12758942	0.30853784	0.5638728
Healthy	Healthy	0.1628312	0.34937412	0.48779473
Healthy	Healthy	0.13415554	0.33236235	0.53348213
Healthy	Healthy	0.15883724	0.33480242	0.50636035
Healthy	Periphery	0.1754947	0.43477523	0.3897301
Healthy	Healthy	0.12637758	0.35820293	0.5154194
Healthy	Healthy	0.15387295	0.3263491	0.51977795
Healthy	Core	0.6633219	0.30446482	0.03221331
Healthy	Periphery	0.24571615	0.513265	0.24101882
Healthy	Periphery	0.2628767	0.40618536	0.33093795
Healthy	Healthy	0.18653545	0.39721924	0.41624534
Healthy	Healthy	0.14608768	0.34660178	0.50731057
Healthy	Periphery	0.28366974	0.40244582	0.3138844
Healthy	Healthy	0.18781109	0.38007823	0.4321107
Healthy	Healthy	0.117692836	0.34109238	0.5412148
Healthy	Healthy	0.15307334	0.31271937	0.53420734
Healthy	Periphery	0.2933402	0.41987494	0.28678492
Healthy	Healthy	0.14904119	0.32116517	0.5297936
Healthy	Healthy	0.14986002	0.3078794	0.54226065
Healthy	Healthy	0.22726516	0.37156644	0.4011684
Healthy	Healthy	0.15015858	0.31682372	0.5330177
Healthy	Periphery	0.39489236	0.46168774	0.1434198
Healthy	Healthy	0.11848682	0.33088014	0.550633
Healthy	Periphery	0.2866719	0.49760073	0.21572742
Healthy	Healthy	0.11058828	0.31015128	0.57926047
Healthy	Healthy	0.24432632	0.3337341	0.42193958
Healthy	Healthy	0.1323527	0.3415524	0.5260949
Healthy	Healthy	0.1541395	0.41913006	0.4267304
Healthy	Periphery	0.17626521	0.43782634	0.3859085
Healthy	Healthy	0.16780214	0.39347494	0.43872288
Healthy	Healthy	0.17244706	0.32358783	0.503965
Healthy	Healthy	0.15219833	0.31028852	0.5375132
Healthy	Healthy	0.15569703	0.32743463	0.5168683
Healthy	Healthy	0.15641028	0.34674296	0.49684677
Healthy	Healthy	0.177925	0.31855842	0.5035166
Healthy	Healthy	0.1275666	0.3412539	0.5311794
Healthy	Healthy	0.11421559	0.3618628	0.52392167
Healthy	Healthy	0.14414997	0.39627978	0.45957017
Healthy	Healthy	0.15111408	0.3582045	0.49068135
Healthy	Healthy	0.10581659	0.3087599	0.58542347
Healthy	Healthy	0.22765501	0.33734503	0.43499997
Healthy	Healthy	0.13632323	0.34580943	0.5178673
Healthy	Periphery	0.2822321	0.41028515	0.30748275
Healthy	Healthy	0.13916741	0.36672494	0.49410766
Healthy	Healthy	0.12646481	0.30717212	0.56636304
Healthy	Periphery	0.38873526	0.44851857	0.16274616
Healthy	Periphery	0.2652338	0.47290605	0.2618601
Healthy	Periphery	0.41014117	0.45195785	0.13790092
Healthy	Healthy	0.1947748	0.33683348	0.46839166
Healthy	Healthy	0.13443057	0.33728206	0.5282874
Healthy	Healthy	0.17329654	0.41248408	0.41421944
Healthy	Healthy	0.12019267	0.3331776	0.5466297
Healthy	Healthy	0.1296421	0.3294641	0.5408938
Healthy	Healthy	0.102220304	0.3424025	0.55537724
Healthy	Healthy	0.10940032	0.31906438	0.5715353
Healthy	Healthy	0.115355365	0.33289334	0.55175126
Healthy	Periphery	0.26962793	0.41028655	0.32008553
Healthy	Healthy	0.13127959	0.31715256	0.55156785
Healthy	Healthy	0.23561996	0.3819897	0.38239032
Healthy	Periphery	0.346471	0.44705305	0.20647591
Healthy	Healthy	0.15612698	0.3194918	0.5243812
Healthy	Periphery	0.2421439	0.40676346	0.3510926
Healthy	Periphery	0.28908816	0.46264607	0.24826577
Healthy	Healthy	0.10185121	0.3227919	0.5753569
Healthy	Healthy	0.14918104	0.33293363	0.5178853
Healthy	Healthy	0.12205668	0.3233391	0.5546042
Healthy	Periphery	0.25723478	0.38484308	0.35792208
Healthy	Periphery	0.28724667	0.40564013	0.30711314
Healthy	Periphery	0.19098903	0.41855675	0.39045417
Healthy	Healthy	0.11632714	0.31158578	0.57208705
Healthy	Periphery	0.17706603	0.44152957	0.3814045
Healthy	Healthy	0.14852612	0.3318671	0.5196067
Healthy	Healthy	0.11273922	0.3106342	0.5766266
Healthy	Periphery	0.3733734	0.46721387	0.1594128
Healthy	Healthy	0.14734921	0.34365216	0.50899863
Healthy	Healthy	0.1657635	0.3727441	0.46149245
Healthy	Healthy	0.17512949	0.32677218	0.49809837
Healthy	Healthy	0.19121031	0.37390587	0.43488383
Healthy	Healthy	0.13918714	0.3707199	0.49009293
Healthy	Healthy	0.14692481	0.32723162	0.52584356
Healthy	Healthy	0.18974352	0.37381285	0.43644357
Healthy	Healthy	0.22456525	0.3236419	0.45179287
Healthy	Healthy	0.17997468	0.3316183	0.488407
Healthy	Healthy	0.13422813	0.34043097	0.5253409
Healthy	Healthy	0.14921635	0.33620724	0.5145764
Healthy	Healthy	0.21345744	0.39211544	0.39442712
Healthy	Healthy	0.20065273	0.34755504	0.45179224
Healthy	Periphery	0.22163326	0.40917492	0.36919188
Healthy	Healthy	0.18654156	0.359922	0.45353654
Healthy	Periphery	0.2843148	0.37566736	0.34001783
Healthy	Healthy	0.16204311	0.38178617	0.4561707
Healthy	Healthy	0.1951864	0.36247975	0.44233388
Healthy	Periphery	0.34945238	0.45823574	0.19231191
Healthy	Healthy	0.13075143	0.3450361	0.52421254
Healthy	Healthy	0.17563668	0.34729782	0.47706553
Healthy	Healthy	0.17741586	0.30724603	0.51533806
Healthy	Healthy	0.12369211	0.37126884	0.5050391
Healthy	Healthy	0.16658194	0.3230948	0.5103233
Healthy	Healthy	0.14862181	0.3246373	0.52674085
Healthy	Healthy	0.21337	0.3587962	0.42783374
Healthy	Healthy	0.15470402	0.30787647	0.5374195
Healthy	Healthy	0.15258653	0.34948984	0.49792364
Healthy	Healthy	0.14749643	0.31842372	0.5340798
Healthy	Healthy	0.12309038	0.36392343	0.5129862
Healthy	Healthy	0.1788552	0.33960167	0.4815431
Healthy	Healthy	0.15440932	0.32005233	0.5255384
Healthy	Healthy	0.12915051	0.31987992	0.5509696
Healthy	Healthy	0.12473463	0.31021184	0.5650536
Healthy	Periphery	0.26386914	0.38537553	0.35075536
Healthy	Healthy	0.087411344	0.3185166	0.59407204
Healthy	Healthy	0.117167115	0.34828746	0.5345455
Healthy	Healthy	0.1350865	0.32044044	0.54447305
Healthy	Healthy	0.151299	0.3208481	0.52785283
Healthy	Healthy	0.12461889	0.33664185	0.53873926
Healthy	Healthy	0.10716554	0.3203923	0.5724421
Healthy	Healthy	0.12153194	0.33109114	0.54737693
Healthy	Healthy	0.1349725	0.32774156	0.537286
Healthy	Healthy	0.1624207	0.36891502	0.4686643
Healthy	Healthy	0.15485029	0.33556566	0.509584
Healthy	Healthy	0.15782832	0.37717468	0.46499693
Healthy	Healthy	0.2044298	0.36899737	0.42657277
Healthy	Periphery	0.27568695	0.4332217	0.29109132
Healthy	Healthy	0.16312543	0.32998097	0.5068936
Healthy	Healthy	0.19931535	0.33664322	0.4640415
Healthy	Healthy	0.16576518	0.317404	0.5168308
Healthy	Healthy	0.12226104	0.32508057	0.5526584
Healthy	Healthy	0.12231211	0.31385502	0.5638329
Healthy	Periphery	0.29286158	0.4451339	0.2620045
Healthy	Healthy	0.15065388	0.31581384	0.5335323
Healthy	Healthy	0.09148067	0.32512087	0.58339846
Healthy	Healthy	0.15931815	0.3078291	0.53285277
Healthy	Periphery	0.32974774	0.41798493	0.2522673
Healthy	Healthy	0.15043184	0.37029195	0.47927618
Healthy	Healthy	0.11179293	0.34072992	0.5474771
Healthy	Periphery	0.37890565	0.39269766	0.22839667
Healthy	Healthy	0.16421136	0.32163355	0.5141551
Healthy	Periphery	0.3519011	0.43774563	0.2103533
Healthy	Healthy	0.23840398	0.34383506	0.417761
Healthy	Healthy	0.12513423	0.36458942	0.5102764
Healthy	Healthy	0.10999572	0.32732168	0.56268257
Healthy	Healthy	0.13387574	0.34747666	0.5186477
Healthy	Healthy	0.1355019	0.3395832	0.5249149
Healthy	Healthy	0.15181838	0.33775526	0.51042634
Healthy	Healthy	0.15840149	0.33683527	0.5047633
Healthy	Healthy	0.11215306	0.3321752	0.55567175
Healthy	Healthy	0.1656815	0.35523129	0.47908726
Healthy	Healthy	0.17873017	0.32198957	0.4992803
Healthy	Healthy	0.15316972	0.34334993	0.5034804
Healthy	Periphery	0.27141312	0.3720004	0.35658655
Healthy	Healthy	0.092265025	0.3332937	0.57444125
Healthy	Healthy	0.14299646	0.36996225	0.48704126
Healthy	Healthy	0.11464675	0.34981757	0.5355357
Healthy	Healthy	0.13352244	0.31595436	0.5505233
Healthy	Healthy	0.15887746	0.32440057	0.516722
Healthy	Healthy	0.21727665	0.36457005	0.4181533
Healthy	Healthy	0.102545716	0.3542863	0.54316795
Healthy	Periphery	0.22384715	0.43575528	0.34039757
Healthy	Healthy	0.14678267	0.31607035	0.537147
Healthy	Healthy	0.12257541	0.3253856	0.5520389
Healthy	Healthy	0.19600113	0.33369583	0.47030303
Healthy	Healthy	0.12869418	0.3279516	0.5433542
Healthy	Healthy	0.16050518	0.3835896	0.4559053
Healthy	Healthy	0.1757699	0.3073242	0.51690596
Healthy	Healthy	0.22881319	0.36443874	0.4067481
Healthy	Healthy	0.14156325	0.31491703	0.5435198
Healthy	Healthy	0.09163585	0.31457016	0.593794
Healthy	Periphery	0.25684428	0.41894668	0.32420903
Healthy	Healthy	0.17185505	0.40368918	0.4244558
Healthy	Healthy	0.17322415	0.38596058	0.44081533
Healthy	Healthy	0.14645739	0.3367318	0.5168108
Healthy	Healthy	0.20727189	0.31813172	0.47459644
Healthy	Healthy	0.2226331	0.37426627	0.40310064
Healthy	Healthy	0.1700519	0.41027465	0.41967347
Healthy	Healthy	0.1822269	0.33580655	0.48196653
Healthy	Healthy	0.1165861	0.34339377	0.5400201
Healthy	Healthy	0.21494167	0.34160945	0.44344893
Healthy	Healthy	0.16672632	0.35198605	0.4812876
Healthy	Healthy	0.14523351	0.32762146	0.527145
Healthy	Healthy	0.15946454	0.30782694	0.53270847
Healthy	Periphery	0.2837915	0.40881336	0.3073951
Healthy	Healthy	0.13422348	0.33915314	0.5266234
Healthy	Healthy	0.120591454	0.32428905	0.5551195
Healthy	Healthy	0.15285099	0.33708543	0.5100636
Healthy	Healthy	0.11996261	0.3129503	0.5670871
Healthy	Healthy	0.1889669	0.39401814	0.41701493
Healthy	Healthy	0.16189557	0.32154742	0.51655704
Healthy	Periphery	0.31578898	0.50215226	0.18205875
Healthy	Periphery	0.18425265	0.41508225	0.40066504
Healthy	Healthy	0.15461873	0.33458802	0.5107932
Healthy	Healthy	0.21105865	0.3256221	0.46331918
Healthy	Periphery	0.24814938	0.4407123	0.31113824
Healthy	Healthy	0.22275446	0.37871522	0.39853036
Healthy	Periphery	0.2814563	0.36454085	0.35400286
Healthy	Healthy	0.14008968	0.34125045	0.5186599
Healthy	Periphery	0.2562281	0.42742845	0.31634346
Healthy	Periphery	0.20433238	0.40889442	0.38677323
Healthy	Healthy	0.17689471	0.32855877	0.4945466
Healthy	Core	0.5993712	0.34182486	0.058803953
Healthy	Healthy	0.1755645	0.35520288	0.46923265
Healthy	Healthy	0.14317212	0.30780187	0.549026
Healthy	Healthy	0.17507794	0.34515628	0.47976586
Healthy	Healthy	0.1470357	0.32437032	0.5285939
Healthy	Healthy	0.12688127	0.35084116	0.5222776
Healthy	Healthy	0.18277952	0.37073478	0.44648564
Healthy	Periphery	0.22263438	0.40482226	0.37254336
Healthy	Healthy	0.14197595	0.33098072	0.52704334
Healthy	Healthy	0.12492267	0.3487225	0.5263548
Healthy	Healthy	0.15647665	0.31227705	0.53124624
Healthy	Core	0.78832144	0.19822843	0.01345013
Healthy	Healthy	0.18097465	0.37366363	0.44536167
Healthy	Healthy	0.101968266	0.3069652	0.59106654
Healthy	Periphery	0.23635873	0.4381684	0.3254728
Healthy	Healthy	0.110511415	0.31425154	0.57523704
Healthy	Periphery	0.2661226	0.4809396	0.25293776
Healthy	Healthy	0.13214247	0.31334957	0.554508
Healthy	Healthy	0.12013819	0.3090022	0.57085955
Healthy	Healthy	0.22591941	0.34711617	0.42696434
Healthy	Healthy	0.116247095	0.3377702	0.5459827
Healthy	Healthy	0.11496208	0.31615618	0.5688817
Healthy	Healthy	0.1864201	0.33182043	0.4817595
Healthy	Healthy	0.12996581	0.348729	0.5213052
Healthy	Core	0.9262784	0.06933559	0.0043860828
Healthy	Periphery	0.30623364	0.35877937	0.33498704
Healthy	Healthy	0.16681708	0.3856464	0.4475365
Healthy	Healthy	0.1138177	0.31350672	0.57267565
Healthy	Periphery	0.31456405	0.41403192	0.27140397
Healthy	Healthy	0.11799187	0.35323605	0.5287721
Healthy	Healthy	0.16881509	0.31754106	0.5136438
Healthy	Healthy	0.11514517	0.34144914	0.5434057
Healthy	Healthy	0.26628202	0.36031374	0.37340423
Healthy	Healthy	0.15166543	0.3331885	0.515146
Healthy	Healthy	0.15916461	0.3380845	0.50275093
Healthy	Healthy	0.18578131	0.3224167	0.491802
Healthy	Healthy	0.13705274	0.3241731	0.53877413
Healthy	Core	0.7414775	0.23539965	0.023122821
Healthy	Periphery	0.42833862	0.4572062	0.11445523
Healthy	Healthy	0.13539189	0.31596893	0.5486391
Healthy	Healthy	0.21444602	0.37332836	0.4122256
Healthy	Healthy	0.15662606	0.31113476	0.5322392
Healthy	Healthy	0.18878254	0.3956066	0.41561085
Healthy	Healthy	0.14362903	0.3410643	0.51530665
Healthy	Healthy	0.16301443	0.3077607	0.5292249
Healthy	Healthy	0.17739818	0.34123087	0.48137102
Healthy	Healthy	0.10488155	0.3114492	0.58366925
Healthy	Periphery	0.32643905	0.36838734	0.3051736
Healthy	Periphery	0.26317886	0.46128073	0.27554038
Healthy	Healthy	0.10037465	0.3256146	0.5740107
Healthy	Core	0.6807525	0.289648	0.029599551
Healthy	Healthy	0.21067788	0.304691	0.48463118
Healthy	Periphery	0.25048342	0.40429676	0.34521982
Healthy	Periphery	0.18480322	0.407949	0.40724775
Healthy	Healthy	0.18876207	0.38974062	0.4214973
Healthy	Healthy	0.19634768	0.30601108	0.49764124
Healthy	Healthy	0.12320894	0.32467484	0.5521162
Healthy	Healthy	0.1840307	0.37305626	0.4429131
Healthy	Healthy	0.16146879	0.31636584	0.52216536
Healthy	Healthy	0.2603435	0.34771535	0.39194122
Healthy	Healthy	0.1226374	0.38450444	0.4928582
Healthy	Healthy	0.12395597	0.33329323	0.54275084
Healthy	Periphery	0.21347849	0.40128785	0.3852337
Healthy	Healthy	0.095590144	0.3062834	0.5981265
Healthy	Healthy	0.12739056	0.33956936	0.5330401
Healthy	Healthy	0.14751871	0.38501322	0.46746802
Healthy	Healthy	0.19041778	0.34753585	0.46204636
Healthy	Healthy	0.11246101	0.33012688	0.5574121
Healthy	Healthy	0.13712081	0.32003695	0.5428422
Healthy	Healthy	0.18750119	0.32215276	0.49034607
Healthy	Core	0.49107775	0.4286911	0.08023112
Healthy	Healthy	0.12272689	0.3137975	0.56347555
Healthy	Healthy	0.20128502	0.3412906	0.45742434
Healthy	Healthy	0.10168483	0.3123977	0.5859175
Healthy	Healthy	0.11011714	0.34799454	0.54188836
Healthy	Periphery	0.39581525	0.40240026	0.20178452
Healthy	Healthy	0.15195487	0.33517024	0.5128749
Healthy	Healthy	0.10014925	0.30519205	0.5946587
Healthy	Periphery	0.38643906	0.40917835	0.20438254
Healthy	Healthy	0.1726182	0.31294414	0.51443774
Healthy	Healthy	0.15903084	0.31234783	0.5286214
Healthy	Healthy	0.16367486	0.3780494	0.45827577
Healthy	Healthy	0.1384336	0.30768806	0.5538783
Healthy	Healthy	0.16000202	0.3769508	0.46304724
Healthy	Periphery	0.3587738	0.45546407	0.18576208
Healthy	Healthy	0.10216114	0.31785202	0.5799869
Healthy	Healthy	0.2105971	0.35736966	0.43203324
Healthy	Periphery	0.25866455	0.46173814	0.2795973
Healthy	Healthy	0.17225347	0.3435468	0.48419976
Healthy	Healthy	0.16383652	0.3112213	0.52494216
Healthy	Healthy	0.120427445	0.31426224	0.5653103
Healthy	Healthy	0.2329991	0.3408806	0.42612028
Healthy	Healthy	0.13994953	0.32256225	0.5374882
Healthy	Healthy	0.13588627	0.31768212	0.5464316
Healthy	Healthy	0.15283184	0.3180541	0.52911407
Healthy	Healthy	0.1491844	0.3607995	0.49001616
Healthy	Healthy	0.112362936	0.34105647	0.54658055
Healthy	Healthy	0.17977075	0.3546844	0.4655448
Healthy	Periphery	0.17786421	0.41615835	0.4059774
Healthy	Healthy	0.2644654	0.35730156	0.37823308
Healthy	Healthy	0.22210503	0.33212852	0.44576645
Healthy	Healthy	0.16667567	0.32789075	0.5054336
Healthy	Healthy	0.15584351	0.34650722	0.49764934
Healthy	Periphery	0.25384128	0.40943158	0.33672714
Healthy	Healthy	0.13426739	0.31038085	0.55535173
Healthy	Healthy	0.1581571	0.3229223	0.5189206
Healthy	Healthy	0.09842481	0.31169707	0.5898782
Healthy	Healthy	0.15522164	0.33525375	0.50952464
Healthy	Core	0.43639046	0.4206866	0.14292291
Healthy	Healthy	0.16535622	0.31293494	0.52170885
Healthy	Periphery	0.24133617	0.39243284	0.36623096
Healthy	Healthy	0.12189058	0.31003937	0.56807005
Healthy	Healthy	0.11614067	0.34563956	0.5382198
Healthy	Healthy	0.14765945	0.31740388	0.53493667
Healthy	Healthy	0.10852843	0.34849897	0.54297256
Healthy	Periphery	0.32651046	0.3971545	0.27633503
Healthy	Healthy	0.18242218	0.36581308	0.45176473
Healthy	Healthy	0.1339963	0.31562594	0.5503778
Healthy	Healthy	0.15223844	0.34472764	0.503034
Healthy	Healthy	0.15836768	0.34633163	0.4953007
Healthy	Healthy	0.12469185	0.32658058	0.5487276
Healthy	Healthy	0.1370386	0.32952574	0.53343564
Healthy	Periphery	0.33256575	0.4114609	0.25597337
Healthy	Healthy	0.14424914	0.32297254	0.53277826
Healthy	Healthy	0.17956658	0.39241588	0.4280175
Healthy	Healthy	0.13420464	0.3732049	0.49259043
Healthy	Healthy	0.20181186	0.325804	0.47238415
Healthy	Healthy	0.16583815	0.3372401	0.49692172
Healthy	Healthy	0.18485834	0.34743488	0.46770677
Healthy	Healthy	0.15903038	0.3266296	0.51434
Healthy	Healthy	0.11569439	0.31760132	0.56670433
Healthy	Healthy	0.13642278	0.3252163	0.5383609
Healthy	Healthy	0.17365828	0.3703911	0.45595068
Healthy	Healthy	0.14837103	0.38687754	0.46475142
Healthy	Healthy	0.14580426	0.39962262	0.4545731
Healthy	Healthy	0.15318681	0.33388555	0.5129276
Healthy	Healthy	0.16417798	0.3801129	0.45570913
Healthy	Periphery	0.23406425	0.39910874	0.36682695
Healthy	Healthy	0.13370207	0.34091458	0.52538335
Healthy	Healthy	0.13654636	0.32117245	0.54228115
Healthy	Healthy	0.14118877	0.3622979	0.49651337
Healthy	Healthy	0.11044555	0.31942037	0.57013404
Healthy	Healthy	0.09471758	0.31686944	0.58841294
Healthy	Periphery	0.3168446	0.47186583	0.2112896
Healthy	Periphery	0.40058765	0.44725743	0.15215491
Healthy	Healthy	0.23005266	0.36506793	0.40487936
Healthy	Healthy	0.13643606	0.33013415	0.53342974
Healthy	Periphery	0.3086293	0.39024693	0.3011238
Healthy	Healthy	0.14985827	0.3391556	0.5109861
Healthy	Healthy	0.16384338	0.37786242	0.4582942
Healthy	Healthy	0.18218353	0.32061413	0.4972024
Healthy	Healthy	0.11856607	0.3257397	0.5556942
Healthy	Healthy	0.17523965	0.34959525	0.47516507
Healthy	Periphery	0.28913713	0.48278636	0.22807659
Healthy	Healthy	0.17314157	0.32201126	0.5048471
Healthy	Healthy	0.17045678	0.3665278	0.4630155
Healthy	Healthy	0.14276269	0.32371745	0.5335198
Healthy	Healthy	0.2075877	0.37672824	0.41568404
Healthy	Healthy	0.12906206	0.3385309	0.53240705
Healthy	Healthy	0.20325159	0.34230092	0.45444754
Healthy	Periphery	0.39490154	0.45377696	0.1513215
Healthy	Healthy	0.1670304	0.3376672	0.4953024
Healthy	Healthy	0.14853792	0.32531685	0.5261453
Healthy	Healthy	0.119660564	0.3162292	0.56411034
Healthy	Healthy	0.13050754	0.32516062	0.54433185
Healthy	Healthy	0.09294552	0.31855583	0.5884987
Healthy	Periphery	0.22657903	0.42506167	0.34835935
Healthy	Healthy	0.1619956	0.39098254	0.44702184
Healthy	Healthy	0.20747213	0.37476212	0.41776568
Healthy	Periphery	0.15775853	0.44071415	0.40152732
Healthy	Healthy	0.13648023	0.31636652	0.54715323
Healthy	Healthy	0.2015023	0.3911223	0.40737543
Healthy	Healthy	0.16427866	0.3206357	0.5150857
Healthy	Healthy	0.11743688	0.31769735	0.5648658
Healthy	Healthy	0.21128121	0.33928004	0.44943875
Healthy	Healthy	0.14254029	0.34083387	0.5166259
Healthy	Healthy	0.114797674	0.33007476	0.55512756
Healthy	Periphery	0.25475293	0.4193069	0.32594007
Healthy	Healthy	0.11368453	0.3241199	0.5621955
Healthy	Periphery	0.25518233	0.44128856	0.30352914
Healthy	Healthy	0.13311708	0.32213446	0.5447484
Healthy	Healthy	0.14517087	0.34688503	0.5079441
Healthy	Healthy	0.18725713	0.33425245	0.47849038
Healthy	Healthy	0.14871976	0.32668233	0.5245979
Healthy	Healthy	0.12411828	0.32271808	0.55316365
Healthy	Core	0.46556646	0.41168678	0.12274679
Healthy	Healthy	0.11855193	0.3129367	0.5685114
Healthy	Healthy	0.17370035	0.31858522	0.50771445
Healthy	Healthy	0.17850569	0.34332764	0.47816667
Healthy	Healthy	0.14026788	0.3264922	0.53323996
Healthy	Healthy	0.1347643	0.34325302	0.5219827
Healthy	Healthy	0.15050533	0.3437088	0.5057859
Healthy	Healthy	0.17958425	0.33057666	0.48983902
Healthy	Healthy	0.14385028	0.33773953	0.5184102
Healthy	Healthy	0.1785696	0.35273334	0.46869713
Healthy	Periphery	0.2101299	0.43246797	0.35740212
Healthy	Healthy	0.12744433	0.35651493	0.5160407
Healthy	Healthy	0.12661058	0.40088928	0.47250015
Healthy	Healthy	0.20504904	0.31894547	0.47600552
Healthy	Healthy	0.18888569	0.40140948	0.40970477
Healthy	Healthy	0.22278818	0.38106513	0.3961467
Healthy	Healthy	0.18947837	0.3618527	0.448669
Healthy	Healthy	0.09675282	0.34796435	0.55528283
Healthy	Healthy	0.14594583	0.33674684	0.51730734
Healthy	Healthy	0.13991323	0.32292548	0.5371613
Healthy	Periphery	0.20867437	0.3962494	0.39507625
Healthy	Healthy	0.13716699	0.31575084	0.5470822
Healthy	Healthy	0.10828468	0.32608032	0.565635
Healthy	Healthy	0.15122688	0.36063585	0.48813722
Healthy	Healthy	0.11419745	0.3183767	0.5674259
Healthy	Healthy	0.1020196	0.34264597	0.55533445
Healthy	Healthy	0.17446448	0.3545455	0.47098994
Healthy	Healthy	0.20574442	0.37230235	0.4219532
Healthy	Healthy	0.14604795	0.3418531	0.51209897
Healthy	Healthy	0.11542859	0.3538952	0.5306763
Healthy	Healthy	0.12948719	0.3271403	0.5433725
Healthy	Healthy	0.13374572	0.34242195	0.5238324
Healthy	Healthy	0.13772234	0.310659	0.55161864
Healthy	Healthy	0.15078615	0.37019867	0.4790152
Healthy	Healthy	0.14354646	0.39624625	0.46020725
Healthy	Healthy	0.20176034	0.36646548	0.43177417
Healthy	Periphery	0.42045897	0.43888146	0.14065959
Healthy	Healthy	0.17443301	0.31866774	0.5068992
Healthy	Healthy	0.19223832	0.39694053	0.41082114
Healthy	Healthy	0.12325284	0.30697596	0.5697712
Healthy	Healthy	0.12231184	0.3728154	0.5048728
Healthy	Healthy	0.14240316	0.33059657	0.52700025
Healthy	Healthy	0.2047665	0.336693	0.4585405
Healthy	Healthy	0.16883574	0.34333265	0.48783162
Healthy	Healthy	0.18937564	0.33829674	0.4723276
Healthy	Healthy	0.17712961	0.34387717	0.4789932
Healthy	Healthy	0.19141623	0.32153338	0.48705044
Healthy	Healthy	0.16973503	0.3111457	0.51911926
Healthy	Healthy	0.118811846	0.31095007	0.5702382
Healthy	Healthy	0.14812899	0.34993982	0.5019312
Healthy	Healthy	0.12330474	0.3069793	0.5697159
Healthy	Healthy	0.19644092	0.35023853	0.45332056
Healthy	Healthy	0.21687655	0.32011124	0.46301216
Healthy	Healthy	0.10800505	0.32200983	0.56998515
Healthy	Healthy	0.16022709	0.34356433	0.4962086
Healthy	Healthy	0.19750832	0.38254222	0.4199495
Healthy	Periphery	0.27813467	0.40362236	0.31824297
Healthy	Periphery	0.21722569	0.40052545	0.38224894
Healthy	Healthy	0.14662503	0.31872743	0.5346476
Healthy	Healthy	0.11061574	0.32093278	0.56845146
Healthy	Healthy	0.210686	0.39274204	0.39657196
Healthy	Healthy	0.14594536	0.38414648	0.46990818
Healthy	Healthy	0.25572056	0.36038584	0.3838936
Healthy	Periphery	0.29850942	0.46663013	0.23486054
Healthy	Healthy	0.0738594	0.30617037	0.61997026
Healthy	Core	0.44472662	0.42252526	0.13274814
Healthy	Healthy	0.14339216	0.3955235	0.46108434
Healthy	Healthy	0.16934104	0.35506982	0.47558916
Healthy	Healthy	0.13575512	0.33855948	0.5256854
Healthy	Healthy	0.09836294	0.36820862	0.5334285
Healthy	Healthy	0.12206374	0.35773692	0.52019936
Healthy	Healthy	0.1254528	0.308093	0.5664542
Healthy	Healthy	0.10815353	0.33157957	0.560267
Healthy	Healthy	0.11770995	0.31258008	0.56970996
Healthy	Healthy	0.17854007	0.3252615	0.4961984
Healthy	Healthy	0.12453522	0.31389427	0.56157047
Healthy	Periphery	0.22325258	0.39988	0.37686744
Healthy	Healthy	0.15061328	0.37118453	0.47820222
Healthy	Healthy	0.16553421	0.33966604	0.4947998
Healthy	Healthy	0.11851401	0.324858	0.556628
Healthy	Periphery	0.30406734	0.39586473	0.30006796
Healthy	Healthy	0.12117227	0.34536353	0.5334642
Healthy	Healthy	0.19309947	0.33750448	0.469396
Healthy	Healthy	0.13850527	0.3312749	0.53021985
Healthy	Healthy	0.18134618	0.35027513	0.46837875
Healthy	Periphery	0.306041	0.41812214	0.27583683
Healthy	Healthy	0.19673173	0.3692828	0.4339854
Healthy	Healthy	0.10133302	0.3244192	0.57424784
Healthy	Healthy	0.11297222	0.36648297	0.5205449
Healthy	Healthy	0.10894681	0.30714086	0.5839124
Healthy	Healthy	0.17940487	0.33918318	0.481412
Healthy	Core	0.44027227	0.4186202	0.14110748
Healthy	Healthy	0.13999803	0.3392315	0.52077043
Healthy	Healthy	0.107991666	0.3378305	0.55417776
Healthy	Healthy	0.17148209	0.3496709	0.47884703
Healthy	Periphery	0.21951234	0.42596322	0.3545244
Healthy	Healthy	0.13392243	0.35027158	0.515806
Healthy	Healthy	0.15757838	0.31966445	0.5227571
Healthy	Healthy	0.12540941	0.30895227	0.5656383
Healthy	Healthy	0.16659158	0.3677681	0.46564037
Healthy	Healthy	0.12944989	0.32882312	0.54172695
Healthy	Healthy	0.15264115	0.3191641	0.5281947
Healthy	Healthy	0.10470878	0.325685	0.56960624
Healthy	Healthy	0.12055427	0.34723917	0.5322065
Healthy	Healthy	0.130099	0.32129318	0.5486078
Healthy	Periphery	0.23670319	0.42491692	0.33837992
Healthy	Periphery	0.30137125	0.4140473	0.2845815
Healthy	Healthy	0.14332676	0.3098821	0.54679114
Healthy	Healthy	0.18008988	0.40340817	0.41650197
Healthy	Healthy	0.19617182	0.36927667	0.43455148
Healthy	Core	0.5186234	0.38050836	0.10086821
Healthy	Healthy	0.17841463	0.33034068	0.49124467
Healthy	Healthy	0.18848741	0.3825148	0.4289978
Healthy	Healthy	0.13716541	0.33417997	0.52865463
Healthy	Healthy	0.13880084	0.34264585	0.5185533
Healthy	Healthy	0.121649265	0.3293553	0.54899544
Healthy	Healthy	0.12904936	0.3380968	0.53285384
Healthy	Healthy	0.12858854	0.32952073	0.5418908
Healthy	Healthy	0.11887736	0.32409382	0.55702883
Healthy	Healthy	0.14169416	0.30966938	0.5486365
Healthy	Periphery	0.19726089	0.40197936	0.4007598
Healthy	Healthy	0.1986863	0.373871	0.42744273
Healthy	Healthy	0.17045256	0.32294342	0.50660396
Healthy	Healthy	0.17501405	0.35963	0.46535596
Healthy	Healthy	0.16116771	0.3516572	0.4871751
Healthy	Healthy	0.11419982	0.37184125	0.513959
Healthy	Healthy	0.1546912	0.3504342	0.49487463
Healthy	Healthy	0.16369826	0.3255776	0.5107241
Healthy	Periphery	0.21890338	0.4387898	0.34230685
Healthy	Healthy	0.14547428	0.37274185	0.48178393
Healthy	Healthy	0.12071128	0.36698416	0.5123046
Healthy	Healthy	0.14629653	0.33444235	0.5192612
Healthy	Healthy	0.18297307	0.34642532	0.47060165
Healthy	Healthy	0.15892677	0.3262177	0.51485556
Healthy	Healthy	0.22722824	0.34778515	0.4249866
Healthy	Healthy	0.21857736	0.34850055	0.43292207
Healthy	Healthy	0.1339312	0.31539118	0.55067766
Healthy	Healthy	0.19426404	0.37261942	0.43311659
Healthy	Healthy	0.13875014	0.30946457	0.5517853
Healthy	Healthy	0.17635208	0.33037314	0.49327484
Healthy	Healthy	0.18184146	0.3319931	0.4861654
Healthy	Periphery	0.39343336	0.39808315	0.20848343
Healthy	Periphery	0.2236626	0.3914346	0.3849028
Healthy	Periphery	0.21984817	0.44053233	0.33961955
Healthy	Core	0.75335735	0.22711113	0.019531546
Healthy	Healthy	0.17194013	0.3281096	0.4999503
Healthy	Healthy	0.17440465	0.38244817	0.44314718
Healthy	Healthy	0.13245335	0.3709862	0.49656042
Healthy	Healthy	0.15795848	0.34765863	0.4943829
Healthy	Healthy	0.12655267	0.31826317	0.5551842
Healthy	Healthy	0.13355714	0.3400009	0.526442
Healthy	Healthy	0.122980684	0.32764414	0.54937524
Healthy	Healthy	0.1556041	0.36589882	0.47849703
Healthy	Periphery	0.31838006	0.45888954	0.22273043
Healthy	Healthy	0.11600321	0.31667036	0.5673264
Healthy	Periphery	0.22723706	0.43883815	0.33392483
Healthy	Core	0.90611804	0.088292025	0.0055898945
Healthy	Healthy	0.117960505	0.33599216	0.54604733
Healthy	Healthy	0.16438198	0.36338222	0.4722358
Healthy	Periphery	0.28636518	0.40837586	0.30525893
Healthy	Periphery	0.23083551	0.40263113	0.3665334
Healthy	Healthy	0.1404888	0.33968762	0.5198236
Healthy	Healthy	0.16468279	0.314396	0.52092123
Healthy	Healthy	0.19663028	0.35404885	0.44932085
Healthy	Periphery	0.31238496	0.38468093	0.30293414
Healthy	Healthy	0.17763574	0.31244847	0.5099158
Healthy	Healthy	0.20978333	0.39381984	0.39639685
Healthy	Periphery	0.23108731	0.38745496	0.38145778
Healthy	Healthy	0.13875069	0.31842977	0.54281956
Healthy	Healthy	0.18196803	0.35107887	0.4669531
Healthy	Healthy	0.12977919	0.35849938	0.5117214
Healthy	Periphery	0.21590593	0.45704722	0.3270468
Healthy	Periphery	0.24880634	0.38701963	0.36417404
Healthy	Healthy	0.12722707	0.36260492	0.51016796
Healthy	Healthy	0.1411994	0.3438118	0.5149888
Healthy	Periphery	0.26300547	0.39283603	0.34415856
Healthy	Healthy	0.13277133	0.31217548	0.5550532
Healthy	Healthy	0.15165782	0.35380682	0.49453533
Healthy	Healthy	0.12228543	0.41099998	0.46671462
Healthy	Periphery	0.19602881	0.42051938	0.3834518
Healthy	Healthy	0.15596959	0.32757542	0.51645494
Healthy	Healthy	0.13639173	0.341421	0.5221873
Healthy	Periphery	0.20559141	0.4264937	0.3679149
Healthy	Healthy	0.20259587	0.3622814	0.43512267
Healthy	Healthy	0.18726715	0.31994942	0.49278337
Healthy	Core	0.44515625	0.4198368	0.13500687
Healthy	Periphery	0.34081924	0.5198926	0.1392882
Healthy	Healthy	0.17990674	0.3658584	0.45423487
Healthy	Healthy	0.14642167	0.32290587	0.5306725
Healthy	Periphery	0.21669753	0.48733446	0.295968
Healthy	Periphery	0.2528788	0.42951524	0.3176059
Healthy	Healthy	0.08966993	0.30679998	0.60353017
Healthy	Healthy	0.10947632	0.3089824	0.58154124
Healthy	Healthy	0.21524401	0.35109612	0.43365982
Healthy	Healthy	0.15292512	0.31665933	0.53041565
Healthy	Healthy	0.2477945	0.33773258	0.41447288
Healthy	Healthy	0.18005376	0.3321618	0.48778448
Healthy	Periphery	0.34366286	0.50404876	0.15228844
Healthy	Healthy	0.14327861	0.3232385	0.53348285
Healthy	Healthy	0.14467905	0.32552347	0.52979743
Healthy	Healthy	0.12896538	0.32281944	0.5482152
Healthy	Healthy	0.16111939	0.34184036	0.49704024
Healthy	Healthy	0.20359042	0.38863945	0.40777004
Healthy	Healthy	0.10756944	0.31058657	0.5818439
Healthy	Healthy	0.15189806	0.32674593	0.521356
Healthy	Healthy	0.13921344	0.31241235	0.5483742
Healthy	Periphery	0.26181692	0.50621957	0.2319636
Healthy	Healthy	0.15903054	0.3908782	0.45009124
Healthy	Healthy	0.13460639	0.3235026	0.54189104
Healthy	Healthy	0.21460328	0.3684547	0.41694206
Healthy	Healthy	0.1462616	0.32356507	0.53017336
Healthy	Healthy	0.15828864	0.35448784	0.48722357
Healthy	Periphery	0.38431856	0.46505463	0.15062682
Healthy	Healthy	0.09200501	0.30982876	0.5981662
Healthy	Periphery	0.23604	0.4763022	0.28765786
Healthy	Healthy	0.13584454	0.33269632	0.53145915
Healthy	Healthy	0.14493309	0.3757705	0.47929633
Healthy	Core	0.50515604	0.40740985	0.08743409
Healthy	Healthy	0.2085899	0.35414135	0.43726873
Healthy	Healthy	0.13201745	0.32895884	0.53902376
Healthy	Core	0.5061822	0.4108982	0.0829196
Healthy	Healthy	0.12279612	0.32682484	0.55037904
Healthy	Periphery	0.30148143	0.3955255	0.30299312
Healthy	Healthy	0.16343829	0.37479815	0.4617636
Healthy	Periphery	0.14485128	0.4285573	0.4265915
Healthy	Healthy	0.16753596	0.31574532	0.5167188
Healthy	Healthy	0.13966314	0.33948123	0.52085555
Healthy	Healthy	0.21616851	0.3646106	0.41922092
Healthy	Core	0.87906104	0.11366705	0.00727187
Healthy	Healthy	0.15309185	0.33827826	0.5086299
Healthy	Healthy	0.1850617	0.35060424	0.46433407
Healthy	Periphery	0.26951253	0.41433686	0.31615055
Healthy	Healthy	0.13223605	0.3874481	0.4803158
Healthy	Periphery	0.2560639	0.48540628	0.25852978
Healthy	Healthy	0.1199822	0.36671692	0.5133009
Healthy	Healthy	0.151166	0.3273231	0.5215109
Healthy	Healthy	0.094072856	0.30400267	0.6019245
Healthy	Healthy	0.20703937	0.35859016	0.4343704
Healthy	Healthy	0.11214103	0.32203332	0.56582564
Healthy	Healthy	0.09447668	0.31687924	0.5886441
Healthy	Healthy	0.10719843	0.3056102	0.58719134
Healthy	Healthy	0.10728549	0.30561945	0.5870951
Healthy	Healthy	0.13907713	0.31947783	0.54144514
Healthy	Healthy	0.15027562	0.38709113	0.46263328
Healthy	Healthy	0.15455371	0.39825952	0.4471868
Healthy	Periphery	0.21515001	0.42672586	0.3581241
Healthy	Healthy	0.13405707	0.31021306	0.55572987
Healthy	Healthy	0.17851943	0.34349573	0.47798485
Healthy	Healthy	0.17005159	0.33166102	0.49828738
Healthy	Healthy	0.18121292	0.38766107	0.4311261
Healthy	Periphery	0.27994835	0.5014638	0.21858788
Healthy	Core	0.8608236	0.13094041	0.008236077
Healthy	Healthy	0.16989908	0.39384317	0.43625772
Healthy	Healthy	0.14310247	0.35575932	0.50113815
Healthy	Healthy	0.15452093	0.3242959	0.52118313
Healthy	Healthy	0.17342556	0.36471623	0.46185827
Healthy	Healthy	0.23859015	0.33911866	0.42229116
Healthy	Healthy	0.12124951	0.30684084	0.5719096
Healthy	Healthy	0.13074408	0.34414268	0.5251132
Healthy	Healthy	0.17363259	0.38346988	0.4428976
Healthy	Periphery	0.33831027	0.50737077	0.15431899
Healthy	Healthy	0.14820023	0.31697652	0.53482324
Healthy	Healthy	0.20715596	0.3447787	0.44806537
Healthy	Healthy	0.08013715	0.3066256	0.6132373
Healthy	Healthy	0.12217637	0.33167794	0.5461456
Healthy	Healthy	0.19797994	0.3434651	0.458555
Healthy	Healthy	0.10763746	0.3706784	0.5216842
Healthy	Core	0.454512	0.40889585	0.13659216
Healthy	Periphery	0.22862875	0.4036937	0.36767754
Healthy	Healthy	0.19920203	0.39064053	0.4101574
Healthy	Healthy	0.124285534	0.33456314	0.5411513
Healthy	Healthy	0.19066319	0.39794278	0.41139406
Healthy	Periphery	0.25117335	0.45510915	0.29371747
Healthy	Core	0.8820836	0.111203074	0.006713335
Healthy	Healthy	0.09951151	0.34428677	0.5562017
Healthy	Healthy	0.10941215	0.33713442	0.5534535
Healthy	Periphery	0.28426564	0.39079353	0.32494083
Healthy	Healthy	0.18015674	0.33860135	0.48124194
Healthy	Healthy	0.18668716	0.3467972	0.46651563
Healthy	Healthy	0.18025257	0.36673376	0.45301366
Healthy	Healthy	0.115788035	0.3294956	0.55471635
Healthy	Healthy	0.14602502	0.31639165	0.53758335
Healthy	Healthy	0.11501352	0.3265922	0.5583943
Healthy	Core	0.53460896	0.3793301	0.08606094
Healthy	Healthy	0.104436085	0.3065094	0.5890545
Healthy	Periphery	0.12770382	0.43938553	0.43291062
Healthy	Healthy	0.11060663	0.36379552	0.5255979
Healthy	Healthy	0.19537397	0.32298884	0.48163715
Healthy	Healthy	0.18849349	0.36217645	0.44932997
Healthy	Periphery	0.18870676	0.41701412	0.39427906
Healthy	Healthy	0.14650586	0.3709247	0.48256952
Healthy	Healthy	0.21200116	0.3257008	0.46229804
Healthy	Periphery	0.413507	0.4521913	0.1343016
Healthy	Healthy	0.08563101	0.31158662	0.6027824
Healthy	Healthy	0.1480128	0.34367636	0.5083108
Healthy	Healthy	0.08974499	0.3040549	0.60620016
Healthy	Healthy	0.16801551	0.39518028	0.4368042
Healthy	Periphery	0.23849677	0.38613886	0.37536436
Healthy	Healthy	0.12525225	0.31605235	0.5586955
Healthy	Healthy	0.12614696	0.31966516	0.5541879
Healthy	Healthy	0.20283389	0.35121304	0.4459531
Healthy	Healthy	0.14324981	0.34862253	0.5081276
Healthy	Healthy	0.17724867	0.3185232	0.5042281
Healthy	Core	0.8584041	0.13260828	0.008987662
Healthy	Healthy	0.18376233	0.37431896	0.44191876
Healthy	Healthy	0.21948445	0.34233773	0.43817773
Healthy	Healthy	0.14639355	0.33302256	0.52058387
Healthy	Healthy	0.109370865	0.34383592	0.5467932
Healthy	Healthy	0.1860714	0.34598807	0.46794057
Healthy	Healthy	0.13153791	0.32994756	0.53851455
Healthy	Healthy	0.20059401	0.3645317	0.43487427
Healthy	Healthy	0.15548086	0.325897	0.51862216
Healthy	Core	0.4151569	0.41200835	0.17283483
Healthy	Periphery	0.24704778	0.50079936	0.2521528
Healthy	Healthy	0.14241545	0.33124945	0.52633506
Healthy	Healthy	0.16404578	0.3126357	0.52331847
Healthy	Healthy	0.14805134	0.31142125	0.5405274
Healthy	Periphery	0.35460186	0.44799405	0.19740403
Healthy	Periphery	0.33078378	0.43515277	0.23406345
Healthy	Healthy	0.15195246	0.31315956	0.53488797
Healthy	Periphery	0.1364216	0.43478826	0.42879015
Healthy	Healthy	0.19721642	0.32826433	0.47451922
Healthy	Healthy	0.12048004	0.31241378	0.5671061
Healthy	Healthy	0.15224323	0.3223231	0.52543366
Healthy	Healthy	0.14145225	0.35362542	0.50492233
Healthy	Periphery	0.3123157	0.3992148	0.28846943
Healthy	Healthy	0.25014868	0.3584528	0.39139852
Healthy	Periphery	0.23788247	0.42723906	0.33487844
Healthy	Healthy	0.14280322	0.31126493	0.5459319
Healthy	Periphery	0.36986536	0.4546204	0.1755143
Healthy	Core	0.4996039	0.39181477	0.10858138
Healthy	Healthy	0.16541225	0.3209261	0.5136616
Healthy	Healthy	0.13526665	0.31457096	0.55016243
Healthy	Healthy	0.18965118	0.36026102	0.45008776
Healthy	Healthy	0.15362345	0.3393457	0.5070309
Healthy	Healthy	0.19063988	0.35439825	0.45496193
Healthy	Periphery	0.43997672	0.45184928	0.10817399
Healthy	Periphery	0.3295292	0.3970629	0.2734079
Healthy	Healthy	0.23303762	0.32320675	0.44375566
Healthy	Healthy	0.13842124	0.3216636	0.5399152
Healthy	Healthy	0.1603128	0.3370854	0.5026018
Healthy	Healthy	0.16328187	0.32852066	0.5081974
Healthy	Healthy	0.1258579	0.40315175	0.47099033
Healthy	Healthy	0.1767621	0.32059464	0.5026432
Healthy	Periphery	0.21910317	0.41094315	0.36995372
Healthy	Healthy	0.13859968	0.32463995	0.5367604
Healthy	Periphery	0.27770004	0.4692106	0.25308937
Healthy	Healthy	0.20644678	0.39634296	0.3972102
Healthy	Periphery	0.21491796	0.44649848	0.3385835
Healthy	Healthy	0.23037387	0.3496945	0.41993168
Healthy	Healthy	0.19188249	0.3691214	0.4389961
Healthy	Periphery	0.28830197	0.39885983	0.31283817
Healthy	Healthy	0.14943361	0.36840558	0.48216084
Healthy	Healthy	0.15469182	0.3135277	0.5317805
Healthy	Periphery	0.2141543	0.43574184	0.35010386
Healthy	Healthy	0.15408826	0.3191723	0.5267394
Healthy	Healthy	0.15954535	0.31975925	0.52069545
Healthy	Healthy	0.1701101	0.32325986	0.50663
Healthy	Healthy	0.19209175	0.37463662	0.43327162
Healthy	Periphery	0.26984093	0.3971137	0.33304533
Healthy	Healthy	0.15976042	0.3538683	0.48637128
Healthy	Healthy	0.22940119	0.38206226	0.38853657
Healthy	Healthy	0.15888768	0.3197142	0.52139807
Healthy	Healthy	0.11817369	0.34463438	0.5371919
Healthy	Healthy	0.15906273	0.33607882	0.50485843
Healthy	Core	0.51750034	0.38838992	0.094109766
Healthy	Periphery	0.252983	0.37469038	0.3723266
Healthy	Healthy	0.13196896	0.3633563	0.50467473
Healthy	Healthy	0.23656781	0.336076	0.42735624
Healthy	Healthy	0.12570171	0.34963635	0.5246619
Healthy	Healthy	0.14759333	0.34921122	0.50319546
Healthy	Periphery	0.2441724	0.3824113	0.37341627
Healthy	Healthy	0.12613915	0.30830958	0.5655513
Healthy	Periphery	0.2824061	0.40323952	0.3143544
Healthy	Healthy	0.28572026	0.34397593	0.37030375
Healthy	Healthy	0.18470478	0.3068426	0.50845253
Healthy	Healthy	0.18053302	0.39973378	0.4197332
Healthy	Healthy	0.1257163	0.30926067	0.565023
Healthy	Healthy	0.18937398	0.39985955	0.41076642
Healthy	Healthy	0.1531936	0.33184424	0.51496214
Healthy	Healthy	0.17951354	0.37430188	0.44618458
Healthy	Healthy	0.19134913	0.38034973	0.42830122
Healthy	Healthy	0.103292905	0.3301858	0.5665213
Healthy	Healthy	0.11331376	0.3760291	0.51065713
Healthy	Healthy	0.13505416	0.3114889	0.55345696
Healthy	Periphery	0.17066514	0.46715266	0.36218223
Healthy	Periphery	0.27862737	0.40940595	0.31196678
Healthy	Healthy	0.16694781	0.32309896	0.5099532
Healthy	Healthy	0.120087005	0.3427978	0.5371152
Periphery	Core	0.72240293	0.25341424	0.024182772
Periphery	Healthy	0.13245805	0.32924733	0.5382946
Periphery	Healthy	0.19540419	0.3219269	0.4826689
Periphery	Healthy	0.2230637	0.35066387	0.42627242
Periphery	Healthy	0.17740266	0.32247838	0.500119
Periphery	Periphery	0.12964272	0.45347682	0.41688052
Periphery	Healthy	0.14835888	0.35950783	0.49213323
Periphery	Periphery	0.37837088	0.45253018	0.1690989
Periphery	Periphery	0.3002711	0.44001675	0.2597121
Periphery	Core	0.5108531	0.4051456	0.084001236
Periphery	Healthy	0.11140308	0.3549025	0.5336944
Periphery	Healthy	0.105677836	0.30645147	0.5878707
Periphery	Periphery	0.41784072	0.47204065	0.11011869
Periphery	Core	0.61760473	0.34015667	0.042238556
Periphery	Healthy	0.17607763	0.36622086	0.45770147
Periphery	Periphery	0.2691935	0.40766737	0.32313913
Periphery	Healthy	0.14183252	0.34661674	0.5115508
Periphery	Healthy	0.15413675	0.34607324	0.49979004
Periphery	Healthy	0.154523	0.38385877	0.46161819
Periphery	Healthy	0.12877645	0.33883077	0.5323928
Periphery	Healthy	0.13665554	0.3416331	0.52171135
Periphery	Periphery	0.1927115	0.4278992	0.37938932
Periphery	Healthy	0.1401781	0.31693175	0.5428902
Periphery	Healthy	0.0849944	0.30324048	0.61176515
Periphery	Core	0.69570404	0.27503693	0.029258983
Periphery	Periphery	0.3245558	0.45293632	0.22250791
Periphery	Periphery	0.30625084	0.41617033	0.27757883
Periphery	Core	0.6641143	0.30629247	0.029593235
Periphery	Healthy	0.11733822	0.3166213	0.56604046
Periphery	Healthy	0.1932544	0.3829316	0.423814
Periphery	Healthy	0.16309983	0.3816427	0.45525748
Periphery	Healthy	0.12990095	0.3238999	0.5461992
Periphery	Healthy	0.13990049	0.31299087	0.5471086
Periphery	Healthy	0.15444241	0.35062483	0.4949328
Periphery	Healthy	0.17564133	0.35338017	0.4709784
Periphery	Core	0.6773274	0.28364873	0.039023925
Periphery	Healthy	0.09363428	0.3103057	0.59606
Periphery	Healthy	0.13031927	0.3327541	0.53692657
Periphery	Periphery	0.32556725	0.40537855	0.26905414
Periphery	Healthy	0.15836434	0.32228306	0.5193527
Periphery	Periphery	0.25408205	0.4395898	0.3063281
Periphery	Periphery	0.36399373	0.39478436	0.24122187
Periphery	Core	0.8259201	0.16068181	0.013398081
Periphery	Healthy	0.16468136	0.33776337	0.4975553
Periphery	Healthy	0.12674002	0.31031877	0.56294113
Periphery	Healthy	0.15600386	0.33896765	0.50502855
Periphery	Core	0.44816998	0.44432035	0.10750969
Periphery	Healthy	0.14098248	0.32673153	0.532286
Periphery	Periphery	0.3849243	0.45462644	0.16044931
Periphery	Healthy	0.12779969	0.32510304	0.5470973
Periphery	Healthy	0.12191882	0.37132245	0.50675875
Periphery	Periphery	0.3182081	0.4439474	0.2378445
Periphery	Core	0.45500764	0.43366906	0.11132334
Periphery	Periphery	0.32385355	0.43161437	0.24453205
Periphery	Periphery	0.36760116	0.46936697	0.16303189
Periphery	Healthy	0.227406	0.37742603	0.39516804
Periphery	Healthy	0.1123978	0.31045753	0.5771446
Periphery	Periphery	0.29221222	0.41004786	0.29773995
Periphery	Periphery	0.39675617	0.43851313	0.16473064
Periphery	Core	0.7845987	0.19947538	0.015925923
Periphery	Periphery	0.2491411	0.48842674	0.26243228
Periphery	Core	0.56050557	0.36626872	0.07322569
Periphery	Healthy	0.1492813	0.3247399	0.5259788
Periphery	Periphery	0.27476257	0.41667244	0.30856505
Periphery	Periphery	0.38468283	0.42415634	0.19116084
Periphery	Healthy	0.1476152	0.31697935	0.53540546
Periphery	Periphery	0.29042092	0.46685565	0.24272338
Periphery	Periphery	0.23243393	0.414883	0.35268307
Periphery	Core	0.65048033	0.3099674	0.03955229
Periphery	Core	0.7307087	0.24544117	0.023850033
Periphery	Healthy	0.14842445	0.37323615	0.47833937
Periphery	Healthy	0.119725205	0.316412	0.5638628
Periphery	Healthy	0.15604791	0.38149887	0.46245325
Periphery	Core	0.5781849	0.36914048	0.052674606
Periphery	Periphery	0.2525605	0.37736085	0.37007862
Periphery	Healthy	0.16038074	0.3455872	0.49403206
Periphery	Healthy	0.15712947	0.32702607	0.5158444
Periphery	Core	0.55596834	0.38267758	0.061354112
Periphery	Healthy	0.10942903	0.3154075	0.5751634
Periphery	Core	0.57845473	0.35768205	0.063863166
Periphery	Healthy	0.17581104	0.3653151	0.45887393
Periphery	Healthy	0.113800295	0.33024696	0.5559527
Periphery	Core	0.84955955	0.13972613	0.01071436
Periphery	Core	0.89864033	0.09557375	0.0057859286
Periphery	Core	0.90531176	0.089107156	0.005581023
Periphery	Periphery	0.24704754	0.42773557	0.3252169
Periphery	Healthy	0.13550176	0.32580617	0.538692
Periphery	Periphery	0.3116146	0.4111671	0.27721828
Periphery	Periphery	0.2300094	0.40977356	0.36021703
Periphery	Periphery	0.19111763	0.43462273	0.3742596
Periphery	Periphery	0.21667063	0.3999717	0.38335767
Periphery	Periphery	0.24751362	0.42521864	0.3272677
Periphery	Periphery	0.36594352	0.40418324	0.2298733
Periphery	Periphery	0.31167334	0.43234533	0.25598136
Periphery	Healthy	0.14733659	0.3258214	0.52684206
Periphery	Healthy	0.12848055	0.32770696	0.5438125
Periphery	Healthy	0.22152299	0.3363087	0.4421683
Periphery	Core	0.7410163	0.2351485	0.02383522
Periphery	Healthy	0.23284224	0.3752293	0.39192855
Periphery	Periphery	0.17044732	0.44702774	0.3825249
Periphery	Core	0.67702335	0.2940221	0.028954465
Periphery	Healthy	0.13785966	0.3237807	0.5383596
Periphery	Healthy	0.14151728	0.3278111	0.5306716
Periphery	Healthy	0.1979017	0.35172343	0.4503749
Periphery	Periphery	0.24888092	0.47592816	0.27519086
Periphery	Periphery	0.25819972	0.39447004	0.34733024
Periphery	Periphery	0.25173235	0.43288812	0.3153796
Periphery	Healthy	0.12177135	0.3774911	0.5007375
Periphery	Healthy	0.13916071	0.3109108	0.54992855
Periphery	Healthy	0.114421435	0.30775675	0.5778218
Periphery	Healthy	0.119077615	0.3265899	0.5543325
Periphery	Healthy	0.17164369	0.3530484	0.475308
Periphery	Core	0.52306104	0.4040042	0.07293474
Periphery	Healthy	0.15322709	0.34543	0.5013429
Periphery	Core	0.5469383	0.37360469	0.079457045
Periphery	Healthy	0.23595007	0.35080114	0.41324878
Periphery	Core	0.5354566	0.39066243	0.07388098
Periphery	Periphery	0.24557343	0.39364293	0.36078364
Periphery	Periphery	0.23390962	0.41201305	0.35407734
Periphery	Healthy	0.15777953	0.3151317	0.5270888
Periphery	Healthy	0.17185396	0.33553213	0.4926139
Periphery	Periphery	0.3207911	0.45294976	0.22625914
Periphery	Periphery	0.25479746	0.389989	0.35521355
Periphery	Periphery	0.36882588	0.43609834	0.19507572
Periphery	Healthy	0.1543632	0.31256294	0.53307384
Periphery	Core	0.68880665	0.28303635	0.028157016
Periphery	Healthy	0.16839366	0.30761373	0.5239926
Periphery	Healthy	0.14087473	0.35578203	0.5033432
Periphery	Healthy	0.123600654	0.32141173	0.5549876
Periphery	Healthy	0.12455862	0.3541799	0.5212615
Periphery	Healthy	0.24578904	0.35189015	0.40232083
Periphery	Healthy	0.15884885	0.31682944	0.52432173
Periphery	Periphery	0.26247048	0.4839395	0.25359005
Periphery	Healthy	0.15285546	0.37687695	0.4702676
Periphery	Core	0.7355827	0.23603536	0.028381951
Periphery	Healthy	0.10791499	0.33506706	0.557018
Periphery	Periphery	0.26347217	0.4317414	0.3047865
Periphery	Periphery	0.3458891	0.45322013	0.20089076
Periphery	Healthy	0.12606739	0.36113146	0.5128012
Periphery	Core	0.82736826	0.15920717	0.013424583
Periphery	Healthy	0.10295385	0.33789343	0.5591527
Periphery	Core	0.52982676	0.38938034	0.08079298
Periphery	Healthy	0.17212433	0.3398343	0.48804128
Periphery	Core	0.84101135	0.14966512	0.009323513
Periphery	Periphery	0.27325395	0.40833095	0.3184151
Periphery	Periphery	0.17473666	0.47263476	0.3526286
Periphery	Healthy	0.15945584	0.30782703	0.53271717
Periphery	Healthy	0.13692038	0.3226866	0.54039305
Periphery	Periphery	0.20440158	0.45206067	0.34353772
Periphery	Core	0.79801655	0.18521605	0.01676736
Periphery	Core	0.9024651	0.09186989	0.0056650294
Periphery	Periphery	0.16632827	0.4370536	0.3966182
Periphery	Core	0.87196416	0.12050616	0.0075297942
Periphery	Healthy	0.2393234	0.36998945	0.3906871
Periphery	Core	0.7646667	0.21589004	0.019443387
Periphery	Periphery	0.26864147	0.50199044	0.22936802
Periphery	Healthy	0.20154127	0.39888036	0.3995784
Periphery	Periphery	0.22785322	0.40618458	0.36596218
Periphery	Healthy	0.1536261	0.32976156	0.5166123
Periphery	Core	0.92828333	0.06744478	0.0042718034
Periphery	Healthy	0.27251726	0.33357838	0.39390436
Periphery	Healthy	0.10557896	0.31335372	0.5810674
Periphery	Core	0.72711635	0.24725333	0.025630407
Periphery	Healthy	0.19980408	0.3675421	0.43265378
Periphery	Healthy	0.14874092	0.3181976	0.5330615
Periphery	Healthy	0.26250282	0.36631417	0.37118307
Periphery	Periphery	0.37380096	0.4651796	0.16101947
Periphery	Healthy	0.110798545	0.33914283	0.5500586
Periphery	Core	0.87413925	0.118301176	0.0075596063
Periphery	Periphery	0.36691195	0.47801644	0.15507166
Periphery	Healthy	0.15566622	0.31722626	0.5271075
Periphery	Healthy	0.12466358	0.3227069	0.5526295
Periphery	Healthy	0.12626319	0.3719075	0.50182927
Periphery	Core	0.71333116	0.25818872	0.02848019
Periphery	Core	0.5338851	0.37914643	0.0869685
Periphery	Periphery	0.34174374	0.42495283	0.23330343
Periphery	Healthy	0.21688849	0.37984756	0.40326396
Periphery	Periphery	0.23036961	0.44886345	0.320767
Periphery	Periphery	0.24172899	0.4389951	0.31927586
Periphery	Healthy	0.23392205	0.34067383	0.42540413
Periphery	Core	0.49394298	0.43229982	0.07375712
Periphery	Core	0.46276674	0.3630459	0.17418736
Periphery	Periphery	0.20718387	0.45045108	0.34236503
Periphery	Healthy	0.09575364	0.30636826	0.59787816
Periphery	Core	0.48588797	0.38907132	0.1250407
Periphery	Healthy	0.20668307	0.3938828	0.39943418
Periphery	Core	0.45847666	0.45396242	0.08756091
Periphery	Healthy	0.113297686	0.3429697	0.5437326
Periphery	Periphery	0.43703082	0.44855186	0.11441732
Periphery	Periphery	0.28513226	0.39082825	0.3240395
Periphery	Healthy	0.14897054	0.35056013	0.5004693
Periphery	Periphery	0.35617986	0.44033933	0.20348078
Periphery	Healthy	0.16488595	0.3568882	0.47822577
Periphery	Healthy	0.13956265	0.3467471	0.51369023
Periphery	Core	0.6259942	0.31747916	0.05652662
Periphery	Healthy	0.21925251	0.37806347	0.40268397
Periphery	Healthy	0.14054725	0.3474867	0.51196605
Periphery	Healthy	0.16043994	0.39405936	0.44550076
Periphery	Healthy	0.14588499	0.37464517	0.47946987
Periphery	Healthy	0.13344814	0.337346	0.52920586
Periphery	Healthy	0.117882274	0.3275957	0.5545221
Periphery	Healthy	0.10632311	0.3072679	0.586409
Periphery	Periphery	0.23997584	0.41917628	0.34084788
Periphery	Core	0.846809	0.14443186	0.008759112
Periphery	Periphery	0.36149585	0.45451972	0.18398441
Periphery	Periphery	0.32793102	0.5004277	0.17164132
Periphery	Healthy	0.10200162	0.31164512	0.5863533
Periphery	Healthy	0.15152638	0.33670324	0.51177037
Periphery	Healthy	0.2116352	0.3874912	0.40087357
Periphery	Healthy	0.15773171	0.35397297	0.48829532
Periphery	Healthy	0.1213226	0.319787	0.55889046
Periphery	Healthy	0.18913102	0.31415868	0.49671027
Periphery	Core	0.49274725	0.41972557	0.08752715
Periphery	Core	0.5818506	0.35024607	0.06790337
Periphery	Periphery	0.24385561	0.40718135	0.348963
Periphery	Healthy	0.13065225	0.30982384	0.55952394
Periphery	Core	0.88720906	0.10627992	0.0065110344
Periphery	Periphery	0.18034907	0.42060608	0.39904484
Periphery	Healthy	0.15872969	0.3394361	0.5018341
Periphery	Healthy	0.09664429	0.31712258	0.58623314
Periphery	Healthy	0.100918464	0.31233284	0.5867487
Periphery	Core	0.5615248	0.36890095	0.06957424
Periphery	Core	0.7207946	0.25684646	0.022358943
Periphery	Periphery	0.33098027	0.42996785	0.2390519
Periphery	Core	0.510875	0.3928308	0.09629425
Periphery	Healthy	0.091303885	0.3089533	0.5997428
Periphery	Core	0.57140994	0.37046582	0.05812428
Periphery	Healthy	0.08870497	0.31248927	0.5988057
Periphery	Healthy	0.12496488	0.3164648	0.5585703
Periphery	Periphery	0.25923243	0.462042	0.27872556
Periphery	Core	0.5962039	0.3576538	0.046142235
Periphery	Healthy	0.105826095	0.3092535	0.58492035
Periphery	Healthy	0.17993745	0.3566935	0.46336898
Periphery	Core	0.58593786	0.3580073	0.056054864
Periphery	Core	0.8825191	0.109359615	0.008121219
Periphery	Healthy	0.100024216	0.3237151	0.5762607
Periphery	Healthy	0.21606563	0.35902143	0.42491287
Periphery	Healthy	0.14889298	0.31848833	0.5326187
Periphery	Healthy	0.17486453	0.33441013	0.4907254
Periphery	Periphery	0.30462515	0.4361133	0.2592615
Periphery	Healthy	0.12908146	0.31436232	0.5565563
Periphery	Healthy	0.1305948	0.32112354	0.54828167
Periphery	Healthy	0.2207645	0.36105642	0.41817904
Periphery	Core	0.5150626	0.40231323	0.082624234
Periphery	Core	0.71382177	0.2626409	0.023537267
Periphery	Healthy	0.14457563	0.32514063	0.5302837
Periphery	Healthy	0.13619675	0.32340372	0.5403995
Periphery	Periphery	0.32007855	0.4793305	0.200591
Periphery	Periphery	0.3935099	0.44878513	0.15770493
Periphery	Healthy	0.11220742	0.3327445	0.55504817
Periphery	Healthy	0.16528763	0.39303705	0.44167528
Periphery	Healthy	0.13816585	0.32410192	0.53773224
Periphery	Periphery	0.367167	0.4434438	0.18938918
Periphery	Healthy	0.1789193	0.31262076	0.5084599
Periphery	Healthy	0.13800351	0.3174403	0.5445562
Periphery	Healthy	0.18600635	0.33403742	0.47995618
Periphery	Healthy	0.16855414	0.33929408	0.49215177
Periphery	Core	0.69746864	0.27728456	0.025246792
Periphery	Periphery	0.24488193	0.46615922	0.28895882
Periphery	Healthy	0.09707053	0.30494192	0.5979876
Periphery	Healthy	0.132176	0.31464556	0.5531784
Periphery	Periphery	0.22640797	0.44807866	0.3255134
Periphery	Core	0.7674508	0.21541719	0.017132007
Periphery	Core	0.7349125	0.24001287	0.025074644
Periphery	Healthy	0.115447864	0.3691625	0.5153897
Periphery	Healthy	0.13650984	0.3351301	0.5283601
Periphery	Healthy	0.15751603	0.3709715	0.4715125
Periphery	Periphery	0.27180868	0.4336281	0.29456317
Periphery	Healthy	0.12448968	0.32690296	0.5486074
Periphery	Core	0.4288231	0.40338776	0.16778909
Periphery	Periphery	0.15936726	0.42698574	0.41364706
Periphery	Core	0.8275022	0.1611524	0.011345432
Periphery	Periphery	0.24940419	0.39903498	0.35156086
Periphery	Core	0.6302312	0.33387452	0.035894245
Periphery	Core	0.5341893	0.35657218	0.10923852
Periphery	Healthy	0.23684885	0.33966592	0.42348522
Periphery	Healthy	0.16553202	0.40239015	0.43207783
Periphery	Periphery	0.34404007	0.4496296	0.2063304
Periphery	Healthy	0.18529548	0.39023933	0.42446524
Periphery	Healthy	0.15437503	0.34050876	0.50511616
Periphery	Periphery	0.28548968	0.36974546	0.3447649
Periphery	Healthy	0.13717036	0.40586296	0.45696676
Periphery	Healthy	0.13797857	0.33423156	0.52778983
Periphery	Healthy	0.19736603	0.3723035	0.4303305
Periphery	Healthy	0.20977485	0.33379617	0.456429
Periphery	Healthy	0.16041377	0.3354112	0.504175
Periphery	Healthy	0.13797337	0.36381763	0.498209
Periphery	Healthy	0.16342425	0.35471845	0.4818572
Periphery	Periphery	0.27916253	0.43859196	0.28224552
Periphery	Periphery	0.23227336	0.40946373	0.35826287
Periphery	Healthy	0.13063222	0.34807888	0.5212889
Periphery	Periphery	0.32947794	0.46769893	0.20282316
Periphery	Core	0.55731285	0.3711297	0.07155745
Periphery	Periphery	0.20922635	0.44521046	0.3455632
Periphery	Periphery	0.21658972	0.41302797	0.37038237
Periphery	Periphery	0.362363	0.4536614	0.18397555
Periphery	Healthy	0.12924434	0.33981082	0.5309448
Periphery	Core	0.5467734	0.39537108	0.057855558
Periphery	Healthy	0.13842086	0.32685554	0.5347236
Periphery	Healthy	0.23870607	0.3697919	0.39150205
Periphery	Periphery	0.2713008	0.42683044	0.3018688
Periphery	Periphery	0.291951	0.41520035	0.2928487
Periphery	Core	0.7224195	0.25080344	0.02677705
Periphery	Healthy	0.1195319	0.31206357	0.56840456
Periphery	Periphery	0.32618454	0.4994486	0.17436688
Periphery	Healthy	0.15663919	0.32008788	0.52327293
Periphery	Healthy	0.18718189	0.32661512	0.48620299
Periphery	Healthy	0.1226604	0.3076897	0.5696499
Periphery	Healthy	0.15004759	0.34811085	0.50184155
Periphery	Healthy	0.15363088	0.32641542	0.5199537
Periphery	Core	0.7544263	0.2223748	0.023198882
Periphery	Healthy	0.22569856	0.36221746	0.41208392
Periphery	Periphery	0.42634305	0.4358105	0.1378464
Periphery	Periphery	0.31516498	0.42676166	0.25807333
Periphery	Core	0.8545587	0.13561365	0.009827631
Periphery	Healthy	0.18917698	0.33463344	0.47618964
Periphery	Healthy	0.109970085	0.31457856	0.5754514
Periphery	Periphery	0.30225155	0.4524738	0.24527466
Periphery	Periphery	0.35479087	0.44691104	0.19829805
Periphery	Core	0.45961562	0.42364898	0.116735436
Periphery	Healthy	0.1265175	0.31593236	0.55755013
Periphery	Healthy	0.14218974	0.3111248	0.54668546
Periphery	Healthy	0.101527266	0.3531828	0.54528993
Periphery	Healthy	0.1413532	0.32283857	0.53580827
Periphery	Periphery	0.22727585	0.4256863	0.3470379
Periphery	Periphery	0.24653898	0.5020325	0.25142848
Periphery	Periphery	0.22403543	0.40071693	0.3752476
Periphery	Healthy	0.143643	0.36372608	0.49263093
Periphery	Periphery	0.38823754	0.47563463	0.13612783
Periphery	Healthy	0.18492535	0.32173377	0.49334085
Periphery	Healthy	0.16891326	0.335535	0.49555182
Periphery	Healthy	0.10286102	0.31407106	0.58306795
Periphery	Periphery	0.3121917	0.41954646	0.2682619
Periphery	Healthy	0.18052706	0.36991394	0.44955894
Periphery	Healthy	0.14608881	0.32016748	0.5337437
Periphery	Healthy	0.16777052	0.36124378	0.4709857
Periphery	Core	0.9171001	0.07770053	0.0051993807
Periphery	Periphery	0.37180468	0.49011275	0.13808256
Periphery	Healthy	0.10609921	0.3132823	0.58061844
Periphery	Periphery	0.41209728	0.43483943	0.1530633
Periphery	Healthy	0.20023072	0.32268506	0.47708428
Periphery	Healthy	0.13553245	0.32485202	0.5396156
Periphery	Core	0.74589616	0.22993132	0.024172474
Periphery	Healthy	0.13670349	0.3620203	0.5012762
Periphery	Healthy	0.14919372	0.3158378	0.5349685
Periphery	Healthy	0.16046712	0.37924328	0.46028957
Periphery	Periphery	0.22890642	0.4012517	0.36984187
Periphery	Core	0.4446395	0.4430311	0.11232933
Periphery	Core	0.48373026	0.42127576	0.094993934
Periphery	Healthy	0.0890616	0.31341743	0.5975209
Periphery	Periphery	0.21026562	0.46917412	0.3205603
Periphery	Periphery	0.2181634	0.46296212	0.31887445
Periphery	Healthy	0.10166806	0.36057067	0.5377612
Periphery	Periphery	0.1926975	0.41266593	0.39463654
Periphery	Periphery	0.29362476	0.4080834	0.29829183
Periphery	Periphery	0.39015377	0.4880607	0.12178543
Periphery	Healthy	0.13202673	0.35679543	0.5111779
Periphery	Healthy	0.14500786	0.3137726	0.5412196
Periphery	Core	0.6537336	0.30790308	0.038363416
Periphery	Core	0.74118125	0.24031529	0.01850344
Periphery	Periphery	0.2564724	0.37346867	0.37005898
Periphery	Healthy	0.23978539	0.34186244	0.41835213
Periphery	Healthy	0.15846471	0.3124569	0.5290784
Periphery	Healthy	0.16706651	0.39303473	0.4398987
Periphery	Healthy	0.24995048	0.33593634	0.41411313
Periphery	Healthy	0.09051058	0.30334607	0.60614336
Periphery	Core	0.6712612	0.30021206	0.028526748
Periphery	Healthy	0.17782556	0.40827096	0.41390353
Periphery	Periphery	0.31492743	0.38739118	0.29768142
Periphery	Healthy	0.24802609	0.37348902	0.37848485
Periphery	Healthy	0.1202312	0.32034966	0.55941916
Periphery	Healthy	0.14301334	0.36445448	0.49253216
Periphery	Healthy	0.13238779	0.3219891	0.54562306
Periphery	Healthy	0.13656443	0.35810652	0.5053291
Periphery	Periphery	0.21585669	0.39774615	0.38639712
Periphery	Core	0.5308562	0.40274614	0.06639768
Periphery	Periphery	0.33607844	0.5028688	0.16105285
Periphery	Healthy	0.16611503	0.34259635	0.49128863
Periphery	Core	0.48560214	0.41373226	0.10066557
Periphery	Healthy	0.113790214	0.3218947	0.5643151
Periphery	Healthy	0.14582257	0.3141216	0.5400558
Periphery	Periphery	0.22997798	0.4265818	0.34344023
Periphery	Periphery	0.3985416	0.41550905	0.18594941
Periphery	Healthy	0.12437382	0.3266392	0.548987
Periphery	Periphery	0.21402885	0.46349937	0.3224718
Periphery	Periphery	0.39003912	0.45431203	0.15564892
Periphery	Periphery	0.35941902	0.38440678	0.25617412
Periphery	Healthy	0.16652395	0.33683345	0.49664265
Periphery	Periphery	0.1554339	0.42345375	0.42111227
Periphery	Periphery	0.3871195	0.46761724	0.14526333
Periphery	Periphery	0.37322384	0.48131377	0.14546241
Periphery	Core	0.76163644	0.22175306	0.01661055
Periphery	Healthy	0.20977604	0.3743095	0.41591448
Periphery	Periphery	0.39093092	0.4226883	0.18638076
Periphery	Core	0.51798856	0.42104146	0.06097003
Periphery	Core	0.7001587	0.27046528	0.029375954
Periphery	Healthy	0.10257236	0.3353232	0.56210446
Periphery	Healthy	0.1434061	0.3236462	0.5329477
Periphery	Healthy	0.21955557	0.37827063	0.40217382
Periphery	Healthy	0.15107694	0.32801786	0.52090526
Periphery	Healthy	0.18071355	0.35387823	0.46540827
Periphery	Healthy	0.23651019	0.3368344	0.42665538
Periphery	Healthy	0.17068349	0.3555856	0.47373095
Periphery	Periphery	0.29796383	0.4810894	0.22094676
Periphery	Periphery	0.29664668	0.45104232	0.2523109
Periphery	Healthy	0.20125079	0.37142316	0.4273261
Periphery	Healthy	0.103345536	0.33504733	0.5616071
Periphery	Healthy	0.13038851	0.33128086	0.5383306
Periphery	Core	0.90709525	0.08750861	0.0053960597
Periphery	Healthy	0.21252832	0.38698363	0.40048805
Periphery	Periphery	0.22909558	0.4329167	0.33798766
Periphery	Healthy	0.17164393	0.37730896	0.4510471
Periphery	Healthy	0.1702142	0.36332798	0.46645778
Periphery	Periphery	0.37628257	0.4293978	0.19431964
Periphery	Core	0.86938256	0.122349404	0.008268078
Periphery	Periphery	0.2655684	0.3691226	0.3653089
Periphery	Healthy	0.1974694	0.37209404	0.43043658
Periphery	Healthy	0.15985814	0.3485256	0.49161616
Periphery	Core	0.84419715	0.14568332	0.010119609
Periphery	Periphery	0.41124913	0.4148143	0.17393655
Periphery	Healthy	0.14263938	0.33569622	0.5216644
Periphery	Healthy	0.13822074	0.34909225	0.512687
Periphery	Healthy	0.11641199	0.30647355	0.5771144
Periphery	Periphery	0.1981084	0.45339316	0.34849843
Periphery	Healthy	0.1784123	0.38531727	0.43627045
Periphery	Healthy	0.12445867	0.3407167	0.53482455
Periphery	Healthy	0.16620159	0.33919626	0.49460217
Periphery	Healthy	0.15366155	0.32136032	0.52497816
Periphery	Healthy	0.13000035	0.34215036	0.5278493
Periphery	Core	0.51903975	0.41992	0.06104021
Periphery	Periphery	0.30227047	0.4202615	0.27746803
Periphery	Healthy	0.17859778	0.312814	0.50858825
Periphery	Periphery	0.2597021	0.40769663	0.3326012
Periphery	Healthy	0.14668232	0.36612102	0.48719668
Periphery	Healthy	0.120587155	0.34095722	0.53845567
Periphery	Healthy	0.12979174	0.32092077	0.54928744
Periphery	Periphery	0.39811227	0.4312926	0.17059517
Periphery	Periphery	0.30754694	0.5156684	0.1767846
Periphery	Core	0.79431874	0.18823774	0.017443547
Periphery	Healthy	0.118072435	0.33042625	0.5515013
Periphery	Healthy	0.16130912	0.32566315	0.51302767
Periphery	Core	0.54597765	0.4001948	0.053827584
Periphery	Healthy	0.14199215	0.32480252	0.53320533
Periphery	Core	0.76797247	0.21581163	0.01621585
Periphery	Core	0.41328704	0.38319317	0.20351976
Periphery	Healthy	0.12946056	0.34408924	0.5264502
Periphery	Healthy	0.11803835	0.33068085	0.5512808
Periphery	Healthy	0.1210414	0.33151314	0.5474455
Periphery	Healthy	0.12215143	0.3546701	0.52317846
Periphery	Healthy	0.117133275	0.37925607	0.5036107
Periphery	Healthy	0.12267824	0.37435016	0.50297165
Periphery	Periphery	0.21513203	0.40398344	0.38088453
Periphery	Core	0.6736092	0.29176152	0.03462932
Periphery	Periphery	0.3010581	0.51128274	0.1876591
Periphery	Periphery	0.43580216	0.44977027	0.11442761
Periphery	Periphery	0.21911496	0.40708697	0.3737982
Periphery	Periphery	0.22786745	0.4183105	0.35382208
Periphery	Healthy	0.16411766	0.39791065	0.43797177
Periphery	Healthy	0.1437454	0.31773415	0.5385205
Periphery	Core	0.47904363	0.42960685	0.09134946
Periphery	Healthy	0.19433762	0.3496074	0.456055
Periphery	Core	0.4272683	0.3815929	0.19113883
Periphery	Core	0.56969	0.3584851	0.07182492
Periphery	Healthy	0.16242968	0.33596927	0.50160104
Periphery	Healthy	0.22820789	0.371762	0.40003008
Periphery	Healthy	0.1329191	0.3618599	0.50522095
Periphery	Core	0.44778436	0.4458721	0.10634357
Periphery	Core	0.91432816	0.08067586	0.004995977
Periphery	Healthy	0.13825409	0.32484183	0.5369041
Periphery	Healthy	0.1301201	0.32084113	0.5490387
Periphery	Healthy	0.13206054	0.3195931	0.54834634
Periphery	Core	0.7245154	0.2493854	0.026099268
Periphery	Healthy	0.15427014	0.33288842	0.51284146
Periphery	Healthy	0.21812817	0.38098106	0.40089077
Periphery	Healthy	0.15877268	0.35093114	0.49029624
Periphery	Healthy	0.15826884	0.31195945	0.52977175
Periphery	Healthy	0.15145911	0.38379812	0.46474278
Periphery	Healthy	0.29030564	0.34548292	0.3642115
Periphery	Healthy	0.13845897	0.39691275	0.46462834
Periphery	Core	0.7042708	0.2687677	0.026961468
Periphery	Healthy	0.10657842	0.36787435	0.5255472
Periphery	Core	0.5901429	0.35868105	0.051176082
Periphery	Healthy	0.18054777	0.3133717	0.50608057
Periphery	Healthy	0.12415687	0.3129437	0.56289935
Periphery	Periphery	0.41958392	0.45350608	0.12690997
Periphery	Healthy	0.14155157	0.3077686	0.55067986
Periphery	Core	0.78933483	0.19603579	0.014629416
Periphery	Healthy	0.13862605	0.32409224	0.5372817
Periphery	Core	0.7850501	0.19890113	0.016048748
Periphery	Core	0.58482575	0.3572073	0.057966948
Periphery	Healthy	0.14394936	0.31176764	0.54428303
Periphery	Periphery	0.18822804	0.41087174	0.40090024
Periphery	Core	0.55295897	0.3813165	0.065724514
Periphery	Periphery	0.36961594	0.4686508	0.16173334
Periphery	Periphery	0.4218341	0.46405488	0.11411097
Periphery	Healthy	0.090535834	0.31079656	0.5986676
Periphery	Healthy	0.16848145	0.33808094	0.49343765
Periphery	Healthy	0.10634624	0.3074739	0.58617985
Periphery	Healthy	0.18625242	0.3452499	0.46849766
Periphery	Healthy	0.13408187	0.3107212	0.55519694
Periphery	Healthy	0.15251403	0.3266956	0.52079046
Periphery	Healthy	0.19422108	0.32233867	0.4834402
Periphery	Healthy	0.13381474	0.31663725	0.549548
Periphery	Core	0.5325555	0.39398617	0.07345834
Periphery	Periphery	0.39742333	0.44284755	0.15972915
Periphery	Core	0.7903826	0.19320975	0.016407667
Periphery	Healthy	0.16959663	0.33700815	0.4933953
Periphery	Healthy	0.13991743	0.370698	0.4893846
Periphery	Healthy	0.1166698	0.32521024	0.5581199
Periphery	Healthy	0.15618722	0.35046002	0.49335274
Periphery	Core	0.7938917	0.19358416	0.012524086
Periphery	Periphery	0.28542545	0.48569846	0.22887602
Periphery	Healthy	0.2186186	0.33410773	0.44727367
Periphery	Healthy	0.118032545	0.3227276	0.5592399
Periphery	Periphery	0.25644514	0.45696685	0.286588
Periphery	Periphery	0.39985877	0.47072905	0.12941214
Periphery	Core	0.66384715	0.30527171	0.030881114
Periphery	Healthy	0.15354356	0.37864006	0.4678164
Periphery	Healthy	0.116530664	0.3228185	0.5606508
Periphery	Periphery	0.43394706	0.4552073	0.11084567
Periphery	Healthy	0.13651879	0.30762777	0.5558535
Periphery	Healthy	0.14044909	0.31098023	0.54857075
Periphery	Periphery	0.30255443	0.4385877	0.25885785
Periphery	Healthy	0.1825545	0.37197253	0.44547302
Periphery	Periphery	0.22111876	0.43484446	0.3440368
Periphery	Healthy	0.14775686	0.3391567	0.5130865
Periphery	Core	0.7604868	0.22137605	0.018137153
Periphery	Healthy	0.18052796	0.336606	0.48286605
Periphery	Healthy	0.12645578	0.3216856	0.55185866
Periphery	Periphery	0.24506536	0.40983236	0.3451022
Periphery	Healthy	0.19283678	0.3502718	0.4568914
Periphery	Periphery	0.32881021	0.45310056	0.21808924
Periphery	Healthy	0.19562532	0.36402437	0.4403503
Periphery	Core	0.5439005	0.3969242	0.059175376
Periphery	Core	0.9285571	0.06720554	0.004237447
Periphery	Healthy	0.13944198	0.3872512	0.47330683
Periphery	Healthy	0.13558292	0.32221335	0.5422037
Periphery	Healthy	0.17495763	0.40228456	0.42275783
Periphery	Healthy	0.14159109	0.3269392	0.53146976
Periphery	Healthy	0.20008649	0.34149206	0.45842144
Periphery	Healthy	0.15656252	0.35430956	0.48912796
Periphery	Healthy	0.204845	0.37431794	0.42083701
Periphery	Healthy	0.12520206	0.349681	0.5251169
Periphery	Periphery	0.32050157	0.43038127	0.24911708
Periphery	Healthy	0.15569057	0.3273372	0.5169722
Periphery	Healthy	0.17790622	0.33080328	0.49129048
Periphery	Periphery	0.25981253	0.42343208	0.31675535
Periphery	Healthy	0.15056564	0.32364914	0.52578515
Periphery	Core	0.86866844	0.12278547	0.008546025
Periphery	Healthy	0.1760099	0.33266267	0.49132743
Periphery	Periphery	0.43193394	0.46429452	0.103771545
Periphery	Periphery	0.4073941	0.47194734	0.12065856
Periphery	Healthy	0.15556109	0.33008572	0.51435316
Periphery	Healthy	0.14107858	0.34312335	0.51579803
Periphery	Healthy	0.15347135	0.37668934	0.46983933
Periphery	Periphery	0.26111636	0.41083282	0.32805076
Periphery	Periphery	0.36326358	0.44697264	0.18976383
Periphery	Healthy	0.103414185	0.31822556	0.57836026
Periphery	Healthy	0.14254132	0.42563608	0.4318226
Periphery	Core	0.93051136	0.06525399	0.004234664
Periphery	Healthy	0.11751764	0.31840304	0.5640793
Periphery	Core	0.65158015	0.31514487	0.033274975
Periphery	Healthy	0.2102423	0.35034326	0.4394145
Periphery	Healthy	0.12159814	0.306865	0.5715368
Periphery	Healthy	0.15897612	0.37650457	0.4645193
Periphery	Healthy	0.17439388	0.34576684	0.4798393
Periphery	Core	0.9295382	0.06606537	0.004396494
Periphery	Healthy	0.14012264	0.3327181	0.5271592
Periphery	Periphery	0.29889023	0.48051858	0.22059123
Periphery	Healthy	0.102935515	0.32494882	0.5721157
Periphery	Core	0.8199838	0.16826499	0.011751265
Periphery	Healthy	0.096038066	0.33285823	0.5711037
Periphery	Core	0.43456814	0.4344133	0.13101849
Periphery	Periphery	0.1856977	0.41196877	0.4023335
Periphery	Periphery	0.24355513	0.38196352	0.37448135
Periphery	Healthy	0.16862348	0.32482347	0.50655305
Periphery	Core	0.5050984	0.3909093	0.103992276
Periphery	Healthy	0.15998049	0.39784303	0.44217655
Periphery	Healthy	0.17454036	0.38450223	0.4409574
Periphery	Periphery	0.2942251	0.48919392	0.21658106
Periphery	Healthy	0.12022485	0.37869397	0.50108117
Periphery	Core	0.49178848	0.41016367	0.09804789
Periphery	Healthy	0.20061618	0.34251216	0.45687163
Periphery	Healthy	0.16003826	0.31955335	0.5204084
Periphery	Core	0.4666256	0.45493448	0.07843997
Periphery	Healthy	0.12247039	0.3087388	0.56879073
Periphery	Healthy	0.17802295	0.39172983	0.43024725
Periphery	Healthy	0.13217545	0.31587663	0.55194795
Periphery	Periphery	0.28176007	0.4292544	0.28898555
Periphery	Periphery	0.23172285	0.405606	0.36267114
Periphery	Healthy	0.110198766	0.32947373	0.5603275
Periphery	Periphery	0.33677822	0.38090035	0.28232148
Periphery	Healthy	0.17195067	0.36808696	0.45996237
Periphery	Core	0.6624092	0.3029339	0.034656968
Periphery	Core	0.9207957	0.074386954	0.0048173713
Periphery	Core	0.5277494	0.40275794	0.069492586
Periphery	Periphery	0.3796387	0.46613577	0.15422556
Periphery	Healthy	0.11725732	0.31097347	0.57176924
Periphery	Healthy	0.25012803	0.36909634	0.38077557
Periphery	Periphery	0.28668866	0.42852333	0.28478807
Periphery	Healthy	0.20862499	0.38649246	0.40488255
Periphery	Healthy	0.114506684	0.33711332	0.5483801
Periphery	Core	0.5735864	0.3657463	0.06066725
Periphery	Healthy	0.23985244	0.33853567	0.4216119
Periphery	Periphery	0.3937523	0.40934208	0.19690564
Periphery	Periphery	0.36994395	0.46613753	0.16391857
Periphery	Healthy	0.16728729	0.33159047	0.50112224
Periphery	Core	0.87917334	0.11272297	0.00810372
Periphery	Periphery	0.42717102	0.44645077	0.12637821
Periphery	Healthy	0.169853	0.34325108	0.48689598
Periphery	Healthy	0.12218382	0.34428614	0.53353006
Periphery	Core	0.4561354	0.40239093	0.14147371
Periphery	Healthy	0.12989137	0.30735406	0.5627545
Periphery	Periphery	0.43773344	0.44725227	0.11501436
Periphery	Core	0.8201578	0.168375	0.011467242
Periphery	Healthy	0.13750258	0.31489912	0.54759836
Periphery	Healthy	0.1508035	0.31020072	0.53899574
Periphery	Core	0.6251228	0.33489156	0.039985668
Periphery	Healthy	0.14186046	0.3368661	0.5212735
Periphery	Healthy	0.16303986	0.32195595	0.5150042
Periphery	Periphery	0.40177393	0.4639393	0.13428679
Periphery	Periphery	0.28912517	0.39575174	0.3151231
Periphery	Periphery	0.24608459	0.45178887	0.30212656
Periphery	Healthy	0.12341798	0.31192884	0.56465316
Periphery	Healthy	0.10338168	0.3150767	0.58154166
Periphery	Periphery	0.24159001	0.4637552	0.29465482
Periphery	Healthy	0.12791392	0.3287797	0.54330635
Periphery	Healthy	0.20521863	0.3640985	0.43068284
Periphery	Healthy	0.19680415	0.36314064	0.44005516
Periphery	Healthy	0.14468765	0.40379342	0.45151895
Periphery	Healthy	0.1577482	0.36735478	0.474897
Periphery	Periphery	0.28276616	0.43507233	0.2821615
Periphery	Core	0.45886132	0.45227003	0.088868655
Periphery	Periphery	0.3311005	0.49105993	0.17783953
Periphery	Healthy	0.11861391	0.35622472	0.5251614
Periphery	Healthy	0.13643005	0.33397958	0.5295903
Periphery	Healthy	0.14427358	0.36240476	0.49332172
Periphery	Periphery	0.42720917	0.4447112	0.12807961
Periphery	Periphery	0.19955648	0.42890933	0.3715341
Periphery	Healthy	0.21440268	0.3750506	0.4105467
Periphery	Periphery	0.25469404	0.41215602	0.33314988
Periphery	Core	0.4191565	0.3858453	0.19499822
Periphery	Periphery	0.2572344	0.3903395	0.35242617
Periphery	Periphery	0.32808787	0.43583116	0.23608096
Periphery	Healthy	0.16598758	0.36549294	0.46851948
Periphery	Healthy	0.13287863	0.32402608	0.54309535
Periphery	Core	0.58469987	0.3659553	0.049344838
Periphery	Healthy	0.156358	0.33079225	0.51284975
Periphery	Healthy	0.19701032	0.3889722	0.41401753
Periphery	Healthy	0.07704127	0.3038755	0.6190833
Periphery	Core	0.7174776	0.2555847	0.026937643
Periphery	Healthy	0.22097991	0.37203655	0.40698355
Periphery	Periphery	0.26139745	0.46463183	0.27397078
Periphery	Core	0.55985415	0.38041085	0.05973507
Periphery	Healthy	0.15298818	0.34938732	0.4976245
Periphery	Periphery	0.3596354	0.45945773	0.18090686
Periphery	Healthy	0.11248297	0.32375407	0.56376296
Periphery	Periphery	0.29571784	0.45535538	0.2489268
Periphery	Core	0.67858523	0.28123736	0.040177427
Periphery	Healthy	0.15676259	0.36374462	0.47949275
Periphery	Healthy	0.14088587	0.3429832	0.516131
Periphery	Healthy	0.18673418	0.32500765	0.48825815
Periphery	Healthy	0.20835628	0.34763667	0.44400707
Periphery	Periphery	0.40066466	0.42248827	0.17684706
Periphery	Healthy	0.14770149	0.34905356	0.50324494
Periphery	Periphery	0.30898008	0.40641397	0.28460592
Periphery	Healthy	0.12060424	0.33313552	0.54626024
Periphery	Healthy	0.11673201	0.32049483	0.56277317
Periphery	Healthy	0.13448983	0.3340128	0.53149736
Periphery	Healthy	0.10110389	0.31713733	0.5817588
Periphery	Periphery	0.32543147	0.44636706	0.22820143
Periphery	Core	0.56267583	0.37514675	0.062177356
Periphery	Healthy	0.24748784	0.3517905	0.40072167
Periphery	Periphery	0.29107532	0.49448466	0.21443997
Periphery	Healthy	0.10839755	0.32718265	0.56441987
Periphery	Periphery	0.21212994	0.42091134	0.36695877
Periphery	Healthy	0.11012053	0.32632428	0.56355524
Periphery	Healthy	0.16466823	0.3137473	0.5215845
Periphery	Healthy	0.10845695	0.32405457	0.5674885
Periphery	Core	0.7858881	0.19969158	0.014420333
Periphery	Healthy	0.17058952	0.32797363	0.5014369
Periphery	Healthy	0.26233456	0.35768056	0.3799849
Periphery	Healthy	0.11416889	0.31745073	0.5683804
Periphery	Healthy	0.1978351	0.33796275	0.4642022
Periphery	Periphery	0.31553385	0.4317668	0.25269935
Periphery	Core	0.612224	0.34243232	0.045343693
Periphery	Healthy	0.16940011	0.3219861	0.5086139
Periphery	Core	0.6170184	0.33569053	0.047291096
Periphery	Core	0.5504666	0.38817	0.06136342
Periphery	Healthy	0.23258327	0.34262335	0.42479333
Periphery	Periphery	0.24197537	0.4505491	0.30747548
Periphery	Healthy	0.19650862	0.37329355	0.43019792
Periphery	Healthy	0.13792805	0.3307337	0.5313383
Periphery	Healthy	0.21374302	0.35463697	0.43161994
Periphery	Core	0.66590345	0.298907	0.03518949
Periphery	Healthy	0.17590593	0.35347658	0.47061747
Periphery	Core	0.5319605	0.38611567	0.08192378
Periphery	Healthy	0.17632511	0.36941764	0.45425722
Periphery	Periphery	0.28665733	0.40268746	0.31065512
Periphery	Periphery	0.24424714	0.40161547	0.35413742
Periphery	Periphery	0.29476956	0.47436264	0.23086785
Periphery	Periphery	0.3411421	0.4105637	0.24829423
Periphery	Healthy	0.21888195	0.324901	0.45621705
Periphery	Core	0.73368764	0.24166764	0.024644705
Periphery	Periphery	0.22155444	0.41120756	0.36723804
Periphery	Healthy	0.16427836	0.34588155	0.48984006
Periphery	Healthy	0.0931004	0.3113221	0.59557754
Periphery	Healthy	0.15924962	0.33466655	0.50608385
Periphery	Core	0.79930717	0.18402585	0.016666977
Periphery	Healthy	0.13070354	0.31419104	0.55510545
Periphery	Core	0.70502096	0.26502544	0.02995359
Periphery	Healthy	0.10457969	0.31397682	0.5814434
Periphery	Healthy	0.1278477	0.3206968	0.55145544
Periphery	Periphery	0.28991163	0.4524835	0.25760493
Periphery	Core	0.8152489	0.1734001	0.0113510275
Periphery	Healthy	0.15076472	0.33952996	0.5097053
Periphery	Healthy	0.1955289	0.32586044	0.47861066
Periphery	Healthy	0.14581034	0.35067585	0.50351375
Periphery	Healthy	0.14268884	0.31132567	0.5459855
Periphery	Core	0.92998314	0.0657861	0.004230789
Periphery	Healthy	0.16935131	0.38174087	0.44890773
Periphery	Healthy	0.1844536	0.34957013	0.4659763
Periphery	Periphery	0.3341309	0.42086658	0.24500252
Periphery	Healthy	0.16813931	0.3714244	0.4604362
Periphery	Periphery	0.28332204	0.4962749	0.22040313
Periphery	Periphery	0.23511231	0.42507195	0.33981577
Periphery	Core	0.40907615	0.4042388	0.18668509
Periphery	Healthy	0.13487583	0.3622057	0.5029184
Periphery	Healthy	0.17871264	0.31973875	0.5015486
Periphery	Healthy	0.09982107	0.3237393	0.5764396
Periphery	Core	0.4825028	0.40045822	0.1170391
Periphery	Periphery	0.2049279	0.45006493	0.34500715
Periphery	Healthy	0.14014724	0.34320593	0.51664686
Periphery	Periphery	0.3010595	0.39920917	0.29973128
Periphery	Healthy	0.09899155	0.330824	0.5701844
Periphery	Periphery	0.26807585	0.51162875	0.22029535
Periphery	Healthy	0.120631956	0.34378582	0.5355822
Periphery	Periphery	0.20854196	0.41608223	0.37537578
Periphery	Healthy	0.18617243	0.38869414	0.42513344
Periphery	Core	0.7462978	0.23536982	0.018332433
Periphery	Periphery	0.17788227	0.41382286	0.40829492
Periphery	Core	0.53187424	0.3928578	0.0752679
Periphery	Periphery	0.1771634	0.41732067	0.4055159
Periphery	Healthy	0.12930693	0.34010193	0.5305911
Periphery	Healthy	0.15206245	0.346995	0.5009425
Periphery	Periphery	0.22255927	0.42427963	0.35316113
Periphery	Periphery	0.17805424	0.5150925	0.3068533
Periphery	Periphery	0.23872161	0.405511	0.3557673
Periphery	Healthy	0.18010642	0.37451738	0.4453762
Periphery	Periphery	0.2716275	0.4318899	0.2964826
Periphery	Periphery	0.20211624	0.4447892	0.35309458
Periphery	Healthy	0.13937977	0.32140896	0.5392113
Periphery	Healthy	0.14154008	0.30776834	0.5506916
Periphery	Healthy	0.15196258	0.3364163	0.5116212
Periphery	Core	0.56631714	0.38551688	0.048165955
Periphery	Core	0.6516932	0.3169504	0.03135642
Periphery	Healthy	0.13343745	0.31364065	0.5529219
Periphery	Core	0.86753994	0.12481275	0.007647271
Periphery	Healthy	0.11938931	0.33987564	0.54073507
Periphery	Healthy	0.16994523	0.3518611	0.4781937
Periphery	Core	0.74933887	0.23053153	0.020129634
Periphery	Healthy	0.14954907	0.41907954	0.43137145
Periphery	Healthy	0.18429963	0.38337833	0.43232203
Periphery	Healthy	0.19546026	0.38760456	0.41693512
Periphery	Healthy	0.10670774	0.31873992	0.5745523
Periphery	Periphery	0.22999129	0.42699862	0.34301004
Periphery	Healthy	0.16462742	0.38280475	0.45256788
Periphery	Core	0.9367197	0.059297107	0.0039831167
Periphery	Healthy	0.117018506	0.31809103	0.5648905
Periphery	Healthy	0.09739901	0.32253867	0.58006227
Periphery	Core	0.4113481	0.40150288	0.18714908
Periphery	Healthy	0.1779614	0.32436302	0.4976756
Periphery	Healthy	0.21679689	0.35618934	0.4270138
Periphery	Healthy	0.085479856	0.32067272	0.59384745
Periphery	Healthy	0.24311197	0.37359333	0.38329476
Periphery	Core	0.7038408	0.27271774	0.02344153
Periphery	Healthy	0.12261369	0.31375653	0.5636298
Periphery	Core	0.49457395	0.42242807	0.08299798
Periphery	Core	0.7173757	0.2557234	0.026901037
Periphery	Core	0.6587988	0.3068264	0.034374733
Periphery	Periphery	0.3972772	0.42976162	0.17296116
Periphery	Healthy	0.22045158	0.37611368	0.40343478
Periphery	Healthy	0.24520211	0.3335994	0.42119846
Periphery	Healthy	0.13698484	0.32605356	0.53696156
Periphery	Healthy	0.1528482	0.31465062	0.53250116
Periphery	Healthy	0.14544848	0.34231344	0.5122381
Periphery	Healthy	0.18323308	0.40390018	0.41286674
Periphery	Core	0.6048231	0.35033402	0.04484283
Periphery	Core	0.7784711	0.20299172	0.018537063
Periphery	Periphery	0.2143423	0.41065496	0.37500277
Periphery	Periphery	0.27747923	0.44389567	0.27862513
Periphery	Periphery	0.24174955	0.39900896	0.35924143
Periphery	Core	0.8411703	0.1486725	0.010157168
Periphery	Healthy	0.18473196	0.361156	0.45411202
Periphery	Periphery	0.16703112	0.5334106	0.29955825
Periphery	Core	0.5006427	0.404326	0.095031254
Periphery	Periphery	0.3685191	0.39326274	0.23821822
Periphery	Core	0.8474776	0.14342633	0.009096105
Periphery	Periphery	0.39717263	0.43753558	0.1652918
Periphery	Periphery	0.2317574	0.40349787	0.36474472
Periphery	Healthy	0.106974505	0.32959518	0.56343037
Periphery	Core	0.5374017	0.38297898	0.079619385
Periphery	Healthy	0.12777498	0.3255528	0.54667217
Periphery	Healthy	0.1640317	0.35348332	0.48248497
Periphery	Healthy	0.17003371	0.328529	0.5014373
Periphery	Core	0.58269006	0.35171983	0.065590106
Periphery	Periphery	0.27505666	0.48674607	0.23819725
Periphery	Periphery	0.31899306	0.46913758	0.21186931
Periphery	Healthy	0.16274339	0.30776662	0.52949005
Periphery	Healthy	0.14009744	0.33481386	0.52508867
Periphery	Periphery	0.38931385	0.40066484	0.21002133
Periphery	Healthy	0.19926777	0.35042298	0.45030922
Periphery	Core	0.6307316	0.33136496	0.03790341
Periphery	Periphery	0.395979	0.45591122	0.1481097
Periphery	Healthy	0.15850715	0.32865793	0.5128349
Periphery	Healthy	0.1477349	0.4203741	0.43189102
Periphery	Healthy	0.14600316	0.3539962	0.5000007
Periphery	Healthy	0.10379345	0.34061828	0.5555883
Periphery	Healthy	0.15232335	0.3895615	0.4581151
Periphery	Periphery	0.20995301	0.40890285	0.38114417
Periphery	Core	0.85017174	0.14095205	0.008876198
Periphery	Periphery	0.39913023	0.4168544	0.18401536
Periphery	Healthy	0.1272501	0.32886893	0.543881
Periphery	Healthy	0.120615214	0.39251924	0.48686558
Periphery	Healthy	0.14379613	0.36257136	0.49363256
Periphery	Healthy	0.23399703	0.3755828	0.3904201
Periphery	Core	0.7767482	0.20735353	0.01589823
Periphery	Healthy	0.12497	0.3339561	0.5410739
Periphery	Core	0.5753471	0.37346116	0.0511917
Periphery	Healthy	0.16175383	0.32720542	0.51104075
Periphery	Periphery	0.3472943	0.37732542	0.2753803
Periphery	Healthy	0.17461777	0.3457787	0.47960347
Periphery	Healthy	0.16681361	0.40717766	0.42600864
Periphery	Healthy	0.1480672	0.32955506	0.5223778
Periphery	Periphery	0.23158844	0.39037788	0.37803367
Periphery	Healthy	0.22464325	0.3354907	0.43986604
Periphery	Healthy	0.20181058	0.39251277	0.40567657
Periphery	Healthy	0.17297423	0.3565326	0.47049323
Periphery	Periphery	0.2790186	0.54587257	0.17510885
Periphery	Periphery	0.38908526	0.482345	0.12856966
Periphery	Healthy	0.19881533	0.36559558	0.4355891
Periphery	Periphery	0.36294883	0.45269585	0.18435527
Periphery	Healthy	0.11558047	0.31681535	0.56760424
Periphery	Core	0.9174961	0.07767088	0.00483305
Periphery	Healthy	0.15339883	0.36218047	0.48442072
Periphery	Healthy	0.1568694	0.32314396	0.5199866
Periphery	Periphery	0.21156755	0.40981925	0.3786132
Periphery	Periphery	0.29091504	0.446938	0.26214695
Periphery	Healthy	0.107268296	0.3056176	0.58711416
Periphery	Healthy	0.13923773	0.37039047	0.49037173
Periphery	Periphery	0.30966935	0.44558883	0.24474184
Periphery	Healthy	0.13419342	0.3733461	0.49246052
Periphery	Periphery	0.140655	0.43674508	0.4225999
Periphery	Core	0.41533393	0.39042687	0.19423918
Periphery	Healthy	0.15532866	0.41004106	0.43463024
Periphery	Healthy	0.11541873	0.34625936	0.5383219
Periphery	Healthy	0.23390591	0.38058966	0.38550445
Periphery	Core	0.59525424	0.36404312	0.04070265
Periphery	Core	0.9046324	0.08965458	0.005713086
Periphery	Healthy	0.14118941	0.31716698	0.5416437
Periphery	Healthy	0.11324806	0.31569073	0.57106125
Periphery	Healthy	0.18841521	0.35877672	0.45280805
Periphery	Healthy	0.12187417	0.3683162	0.5098097
Periphery	Core	0.790231	0.19438678	0.015382181
Periphery	Healthy	0.13647059	0.346889	0.5166404
Periphery	Healthy	0.15299407	0.34933662	0.49766928
Periphery	Healthy	0.12374071	0.31900543	0.55725384
Periphery	Periphery	0.27258855	0.4635425	0.26386893
Periphery	Healthy	0.13556477	0.3419691	0.5224661
Periphery	Periphery	0.25817275	0.4265565	0.31527075
Periphery	Healthy	0.1477861	0.34427807	0.5079359
Periphery	Periphery	0.28664145	0.36676767	0.34659088
Periphery	Healthy	0.2871373	0.33569738	0.37716526
Periphery	Healthy	0.1110477	0.32318953	0.56576276
Periphery	Healthy	0.16983803	0.31287828	0.51728374
Periphery	Core	0.620545	0.33650017	0.042954743
Periphery	Healthy	0.18318157	0.37721577	0.4396027
Periphery	Healthy	0.17284779	0.3723233	0.45482892
Periphery	Periphery	0.2223945	0.40473247	0.37287307
Periphery	Periphery	0.27582958	0.47302595	0.2511445
Periphery	Core	0.4228592	0.39674532	0.1803955
Periphery	Core	0.5308494	0.39655852	0.07259206
Periphery	Healthy	0.21852572	0.35174653	0.42972776
Periphery	Healthy	0.18114968	0.34319496	0.47565538
Periphery	Periphery	0.16574162	0.43291402	0.4013444
Periphery	Healthy	0.1577535	0.32627165	0.5159749
Periphery	Core	0.7842968	0.19927447	0.016428743
Periphery	Healthy	0.08217497	0.31468314	0.60314184
Periphery	Healthy	0.13378268	0.34230214	0.5239151
Periphery	Healthy	0.1040854	0.34282088	0.5530937
Periphery	Healthy	0.2096798	0.3264625	0.46385768
Periphery	Healthy	0.12701097	0.33253044	0.54045856
Periphery	Healthy	0.15754762	0.3608157	0.48163667
Periphery	Core	0.93786407	0.058259647	0.0038762565
Periphery	Core	0.9065841	0.087904595	0.005511344
Periphery	Healthy	0.2554743	0.35347676	0.39104897
Periphery	Healthy	0.12572551	0.39658535	0.47768918
Periphery	Core	0.45621094	0.4208964	0.12289261
Periphery	Healthy	0.14871879	0.34772795	0.5035532
Periphery	Core	0.50537187	0.39167354	0.10295457
Periphery	Healthy	0.10774576	0.33154953	0.5607047
Periphery	Core	0.61402506	0.31992668	0.066048324
Periphery	Healthy	0.14504029	0.3236486	0.53131115
Periphery	Core	0.40490285	0.40453434	0.19056274
Periphery	Healthy	0.1226428	0.3090574	0.5682998
Periphery	Healthy	0.14507294	0.34262204	0.5123051
Periphery	Core	0.5475402	0.393603	0.05885681
Periphery	Periphery	0.3555893	0.40500274	0.23940788
Periphery	Periphery	0.37117162	0.4047632	0.22406518
Periphery	Periphery	0.32008272	0.41828188	0.26163536
Periphery	Core	0.51207954	0.37532017	0.112600386
Periphery	Healthy	0.20253855	0.39570352	0.40175796
Periphery	Healthy	0.16387479	0.40328974	0.43283543
Periphery	Healthy	0.1217158	0.3127196	0.5655646
Periphery	Healthy	0.11222041	0.32289004	0.5648895
Periphery	Healthy	0.16985612	0.35408038	0.4760635
Periphery	Periphery	0.2484007	0.41884455	0.33275473
Periphery	Periphery	0.2735188	0.3974791	0.32900208
Periphery	Core	0.7379566	0.24035028	0.021693142
Periphery	Healthy	0.17825256	0.33647826	0.48526916
Periphery	Periphery	0.20774741	0.39960918	0.39264336
Periphery	Core	0.9258826	0.0696638	0.0044536656
Periphery	Healthy	0.10978992	0.30685344	0.58335656
Periphery	Periphery	0.23860997	0.4679252	0.29346493
Periphery	Core	0.57556653	0.3662954	0.058138072
Periphery	Healthy	0.13416025	0.32338557	0.5424541
Periphery	Healthy	0.19823918	0.36130887	0.44045195
Periphery	Periphery	0.22125734	0.50261086	0.27613175
Periphery	Core	0.674554	0.2931946	0.03225138
Periphery	Periphery	0.42638654	0.4745249	0.09908867
Periphery	Core	0.5761154	0.3730103	0.05087419
Periphery	Healthy	0.16138335	0.3201843	0.5184324
Periphery	Periphery	0.37104836	0.45225883	0.17669286
Periphery	Core	0.53735757	0.39327386	0.069368556
Periphery	Periphery	0.2435636	0.39822388	0.35821253
Periphery	Healthy	0.13489462	0.33484232	0.53026307
Periphery	Core	0.67629844	0.2931788	0.030522699
Periphery	Healthy	0.18528003	0.31352744	0.5011926
Periphery	Healthy	0.20082282	0.34598356	0.45319363
Periphery	Core	0.60979867	0.33776087	0.052440397
Periphery	Core	0.87563366	0.116520345	0.007846045
Periphery	Healthy	0.16339998	0.4065658	0.4300342
Periphery	Healthy	0.14934368	0.35926658	0.49138975
Periphery	Core	0.6947411	0.27911818	0.026140755
Periphery	Healthy	0.17508462	0.36494023	0.45997518
Periphery	Healthy	0.11570746	0.34236318	0.5419293
Periphery	Core	0.8110361	0.17713268	0.011831177
Periphery	Healthy	0.12769106	0.31497526	0.55733365
Periphery	Core	0.68811	0.28824764	0.02364234
Periphery	Core	0.90813506	0.08635374	0.0055111884
Periphery	Periphery	0.21969184	0.4349913	0.34531692
Periphery	Healthy	0.14754803	0.3272143	0.5252377
Periphery	Periphery	0.390848	0.46406937	0.14508268
Periphery	Healthy	0.15738057	0.33335948	0.50926
Periphery	Healthy	0.11569675	0.32292125	0.56138194
Periphery	Periphery	0.28466251	0.40434688	0.31099057
Periphery	Periphery	0.19402094	0.44734967	0.35862938
Periphery	Core	0.4902911	0.43768564	0.07202322
Periphery	Healthy	0.16626129	0.37814516	0.45559356
Periphery	Healthy	0.16469246	0.3643697	0.47093788
Periphery	Healthy	0.19459426	0.3514644	0.45394138
Periphery	Healthy	0.13438754	0.30920178	0.5564107
Periphery	Healthy	0.14636405	0.35798752	0.49564838
Periphery	Healthy	0.096934296	0.3046053	0.59846044
Periphery	Periphery	0.4113508	0.4726624	0.115986824
Periphery	Healthy	0.16186348	0.33980095	0.49833557
Periphery	Periphery	0.26239756	0.42144507	0.3161574
Periphery	Healthy	0.14899707	0.36704618	0.48395672
Periphery	Periphery	0.37339348	0.46615875	0.16044776
Periphery	Healthy	0.13092668	0.37897167	0.49010164
Periphery	Healthy	0.2144075	0.37172687	0.41386566
Periphery	Periphery	0.29984972	0.37652433	0.32362592
Periphery	Healthy	0.1908579	0.3439741	0.46516806
Periphery	Periphery	0.1911957	0.44742808	0.36137617
Periphery	Healthy	0.12155056	0.33425212	0.54419726
Periphery	Core	0.9143256	0.08078755	0.004886789
Periphery	Healthy	0.13253325	0.31711692	0.55034983
Periphery	Periphery	0.31249818	0.43388125	0.25362062
Periphery	Healthy	0.08863213	0.31413025	0.5972376
Periphery	Healthy	0.14662729	0.34669074	0.506682
Periphery	Healthy	0.21424146	0.36386493	0.4218936
Periphery	Core	0.6384235	0.3164667	0.045109842
Periphery	Healthy	0.13379303	0.3295655	0.5366415
Periphery	Healthy	0.13187519	0.31473076	0.553394
Periphery	Periphery	0.2381937	0.423322	0.3384843
Periphery	Periphery	0.25354826	0.39601818	0.35043356
Periphery	Healthy	0.17836963	0.3126638	0.50896657
Periphery	Healthy	0.19217642	0.33287627	0.47494727
Periphery	Periphery	0.2400518	0.38146785	0.3784803
Periphery	Healthy	0.09153285	0.35692433	0.5515428
Periphery	Healthy	0.17457262	0.3472341	0.47819328
Periphery	Healthy	0.14428186	0.31163156	0.5440866
Periphery	Healthy	0.21831091	0.3700783	0.41161087
Periphery	Core	0.62474597	0.31989005	0.05536393
Periphery	Healthy	0.20581193	0.33304352	0.46114457
Periphery	Healthy	0.15420136	0.32838452	0.51741415
Periphery	Periphery	0.20796399	0.4881787	0.3038573
Periphery	Periphery	0.31017652	0.48933378	0.20048968
Periphery	Periphery	0.27383965	0.4011622	0.32499823
Periphery	Core	0.54576826	0.3745251	0.07970662
