true	pred	prob_Core	prob_Periphery	prob_Healthy
Core	Core	0.92408085	0.071462445	0.004456746
Core	Periphery	0.33657783	0.44932622	0.2140959
Core	Core	0.8869373	0.10634938	0.006713316
Core	Core	0.92923135	0.066476114	0.004292567
Core	Healthy	0.15437017	0.37902185	0.46660796
Core	Core	0.5861732	0.33227035	0.08155648
Core	Core	0.85774577	0.13068953	0.011564691
Core	Periphery	0.30209923	0.40718552	0.29071528
Core	Periphery	0.25013342	0.39323625	0.35663027
Core	Core	0.614897	0.3144924	0.07061062
Core	Core	0.56358224	0.32604814	0.11036968
Core	Core	0.8289904	0.15388678	0.01712282
Core	Core	0.8195308	0.16252825	0.01794092
Core	Periphery	0.3063947	0.4190696	0.27453572
Core	Core	0.92064893	0.07531991	0.0040311622
Core	Core	0.82734746	0.16172998	0.01092259
Core	Core	0.6415112	0.30385154	0.054637294
Core	Core	0.9269853	0.068589225	0.0044255108
Core	Core	0.8495417	0.13247137	0.017986853
Core	Core	0.8934685	0.09852835	0.008003097
Core	Core	0.5932625	0.3484759	0.05826159
Core	Core	0.6969532	0.2592374	0.0438094
Core	Periphery	0.35538408	0.42063224	0.2239837
Core	Core	0.6401565	0.28681403	0.073029384
Core	Core	0.5736214	0.3379862	0.08839241
Core	Periphery	0.3451519	0.36807445	0.28677368
Core	Core	0.4326877	0.39776194	0.16955033
Core	Core	0.84022254	0.14608161	0.013695793
Core	Core	0.4381228	0.42778605	0.13409108
Core	Core	0.865643	0.12580314	0.008553866
Core	Core	0.4061944	0.38398907	0.20981659
Core	Core	0.9080396	0.08630278	0.0056576496
Core	Core	0.90128624	0.09191285	0.00680092
Core	Periphery	0.29181343	0.4157014	0.29248518
Core	Periphery	0.3085254	0.40786695	0.28360757
Core	Healthy	0.13943818	0.38196722	0.47859466
Core	Healthy	0.20897183	0.3599446	0.43108353
Core	Core	0.47702625	0.35226092	0.1707128
Core	Periphery	0.2825983	0.3673937	0.35000795
Core	Core	0.75549513	0.21311319	0.031391636
Core	Core	0.8942865	0.09756216	0.008151327
Core	Healthy	0.18616872	0.40650976	0.40732154
Core	Core	0.64071643	0.30760854	0.051675048
Core	Healthy	0.12491255	0.32265228	0.5524351
Core	Core	0.8990887	0.09574891	0.005162367
Core	Core	0.59462255	0.36199653	0.043380905
Core	Core	0.83778507	0.14595227	0.01626266
Core	Core	0.4569578	0.39815474	0.14488752
Core	Core	0.51452565	0.36611453	0.11935983
Core	Core	0.79835033	0.17609994	0.02554973
Core	Periphery	0.24866809	0.4151035	0.3362285
Core	Core	0.8427882	0.14798105	0.009230838
Core	Core	0.92286843	0.07300215	0.004129559
Core	Core	0.9279999	0.067886494	0.004113602
Core	Core	0.91092086	0.08345703	0.00562215
Core	Periphery	0.25985146	0.40261772	0.33753085
Core	Core	0.42406332	0.37517744	0.20075919
Core	Periphery	0.30462712	0.36691895	0.32845396
Core	Periphery	0.3539108	0.42079833	0.2252909
Core	Periphery	0.24410631	0.51193845	0.24395527
Core	Core	0.41116098	0.38190237	0.20693676
Core	Core	0.7985344	0.18709546	0.01437011
Core	Healthy	0.09263103	0.32060266	0.58676636
Core	Core	0.88724905	0.10525629	0.0074946643
Core	Core	0.5281644	0.3935123	0.078323364
Core	Core	0.46529976	0.3967043	0.13799603
Core	Periphery	0.31417742	0.43974227	0.24608035
Core	Core	0.91879725	0.07755426	0.0036483675
Core	Periphery	0.2929864	0.39857486	0.30843875
Core	Periphery	0.42824164	0.42898107	0.14277731
Core	Healthy	0.1826652	0.34949365	0.46784115
Core	Core	0.64171296	0.30131337	0.056973677
Core	Core	0.7740238	0.19877142	0.027204743
Core	Core	0.91031873	0.08478038	0.0049008704
Core	Core	0.43403476	0.36861426	0.19735101
Core	Core	0.46398735	0.3982458	0.13776691
Core	Healthy	0.15435687	0.33524853	0.5103946
Core	Core	0.39890677	0.3737677	0.2273255
Core	Core	0.7802534	0.20193584	0.01781073
Core	Core	0.91021365	0.08481782	0.004968619
Core	Core	0.6330411	0.31522232	0.051736586
Core	Periphery	0.37130022	0.40395737	0.22474231
Core	Core	0.621705	0.29626802	0.08202703
Core	Core	0.7762822	0.19741759	0.026300283
Core	Core	0.81226844	0.16957667	0.018154915
Core	Core	0.9061273	0.08792536	0.005947369
Core	Core	0.93162525	0.064034745	0.0043400023
Core	Core	0.90010655	0.094324306	0.005569109
Core	Core	0.3611283	0.338942	0.2999297
Core	Periphery	0.27407432	0.50171155	0.22421415
Core	Periphery	0.22413638	0.3949248	0.3809388
Core	Core	0.7750204	0.20298056	0.021998964
Core	Core	0.9027311	0.09174931	0.0055196737
Core	Core	0.7476007	0.23060408	0.021795249
Core	Core	0.9302649	0.06569143	0.0040436867
Core	Core	0.88480276	0.10881163	0.006385558
Core	Healthy	0.15725283	0.33808917	0.5046579
Core	Core	0.7109367	0.24280185	0.046261467
Core	Core	0.92475003	0.07069139	0.0045586294
Core	Core	0.8167566	0.1645489	0.018694425
Core	Core	0.5886921	0.311017	0.10029082
Core	Core	0.5122845	0.31669417	0.17102127
Core	Core	0.7916331	0.18837032	0.01999655
Core	Core	0.36011332	0.3421972	0.29768944
Core	Healthy	0.079652	0.3012822	0.6190658
Core	Core	0.70360667	0.26224664	0.03414676
Core	Periphery	0.14083017	0.4316029	0.42756692
Core	Core	0.61043304	0.3084799	0.08108705
Core	Core	0.39648524	0.37317625	0.23033847
Core	Core	0.9168861	0.07780994	0.0053040045
Core	Core	0.90536773	0.08821216	0.006420067
Core	Core	0.9030666	0.09160779	0.0053256745
Core	Core	0.8942273	0.1001852	0.0055874097
Core	Core	0.45365474	0.33136302	0.21498223
Core	Periphery	0.2877358	0.38251013	0.329754
Core	Periphery	0.23709275	0.45463324	0.308274
Core	Core	0.9127035	0.082348995	0.004947492
Core	Healthy	0.17777903	0.35015032	0.47207066
Core	Core	0.91615504	0.078143924	0.0057010213
Core	Core	0.9248868	0.07129165	0.0038215197
Core	Core	0.86884516	0.121982306	0.009172555
Core	Core	0.5721275	0.35470912	0.073163345
Core	Core	0.61802495	0.29389003	0.088085026
Core	Periphery	0.23356843	0.42473164	0.3416999
Core	Core	0.5649099	0.34572133	0.08936879
Core	Core	0.8252769	0.16048047	0.014242598
Core	Core	0.8224142	0.16431181	0.013273971
Core	Core	0.8369234	0.15007205	0.013004579
Core	Periphery	0.25798354	0.41520053	0.3268159
Core	Periphery	0.3030626	0.40948132	0.2874561
Core	Core	0.9253089	0.07073151	0.003959647
Core	Core	0.9097297	0.086242825	0.004027395
Core	Periphery	0.3007787	0.43625787	0.26296338
Core	Core	0.86961454	0.11952206	0.010863424
Core	Core	0.8706385	0.11480326	0.014558296
Core	Periphery	0.3231595	0.39440972	0.2824308
Core	Core	0.6514007	0.27839455	0.070204675
Core	Healthy	0.27226704	0.33646426	0.39126873
Core	Core	0.93293893	0.06304945	0.004011594
Core	Periphery	0.26626506	0.3976594	0.33607554
Core	Core	0.90944785	0.084406845	0.0061452244
Core	Healthy	0.20920472	0.38842443	0.40237087
Core	Core	0.926812	0.067554355	0.0056335703
Core	Core	0.905998	0.088643916	0.0053581297
Core	Core	0.59411216	0.30859953	0.097288325
Core	Core	0.87379223	0.11538288	0.0108248945
Core	Core	0.7112898	0.2416583	0.047051914
Core	Core	0.60380787	0.3505429	0.045649216
Core	Core	0.4598096	0.37957606	0.16061436
Core	Core	0.39837033	0.38879234	0.21283738
Core	Core	0.48436868	0.36864465	0.1469866
Core	Healthy	0.17143233	0.36102664	0.46754104
Core	Core	0.5059185	0.3832172	0.11086429
Core	Core	0.6930254	0.25806794	0.04890662
Core	Core	0.9159712	0.07881547	0.0052134153
Core	Healthy	0.1785544	0.35267818	0.46876743
Core	Core	0.4072972	0.40624672	0.18645617
Core	Core	0.6339935	0.2951424	0.070864044
Core	Core	0.7563359	0.22207649	0.02158753
Core	Healthy	0.1046264	0.35550237	0.5398713
Core	Core	0.9273343	0.06823039	0.004435242
Core	Core	0.65994036	0.2843549	0.055704776
Core	Core	0.767409	0.2112608	0.021330237
Core	Healthy	0.13440865	0.30939928	0.55619204
Core	Core	0.9131714	0.08060679	0.0062217936
Core	Core	0.6330671	0.30736774	0.059565227
Core	Periphery	0.37496373	0.42425302	0.20078324
Core	Core	0.8015202	0.18041047	0.018069325
Core	Periphery	0.21314046	0.41786283	0.3689968
Core	Core	0.43103516	0.39863142	0.17033339
Core	Healthy	0.13140886	0.3565825	0.51200867
Core	Core	0.428085	0.39754197	0.1743731
Core	Core	0.5416696	0.3695541	0.08877628
Core	Core	0.92523295	0.070909254	0.0038577665
Core	Healthy	0.15936793	0.3367628	0.5038693
Core	Periphery	0.25169858	0.414483	0.33381847
Core	Core	0.90997577	0.084575914	0.0054483307
Core	Core	0.82228154	0.16070874	0.017009746
Core	Healthy	0.2256066	0.34992915	0.4244643
Core	Healthy	0.31217417	0.34171858	0.34610727
Core	Core	0.912268	0.08306641	0.004665596
Core	Healthy	0.21274863	0.37023345	0.41701788
Core	Core	0.86416495	0.124687426	0.011147582
Core	Core	0.71796113	0.24003479	0.042004097
Core	Core	0.66172373	0.28906667	0.04920961
Core	Core	0.6809317	0.2680995	0.050968867
Core	Periphery	0.2610773	0.3758317	0.363091
Core	Core	0.9261289	0.06961063	0.0042604995
Core	Core	0.8301671	0.15680946	0.013023452
Core	Core	0.92475206	0.071021445	0.004226481
Core	Core	0.5938557	0.33991978	0.06622453
Core	Core	0.9105948	0.08501649	0.0043886835
Core	Core	0.91361916	0.08134843	0.00503236
Core	Core	0.6585829	0.29474327	0.046673838
Core	Core	0.41673774	0.40887585	0.1743864
Core	Periphery	0.24353173	0.41331777	0.3431505
Core	Periphery	0.31526828	0.4005548	0.28417686
Core	Core	0.9043844	0.089726165	0.005889461
Core	Periphery	0.2472786	0.4383982	0.31432322
Core	Periphery	0.24650903	0.39237458	0.36111644
Core	Core	0.4688863	0.37566394	0.15544978
Core	Core	0.89251584	0.098426625	0.009057495
Core	Core	0.54648715	0.3544509	0.09906191
Core	Core	0.88825047	0.104516976	0.0072325175
Core	Core	0.9063231	0.08919419	0.0044828155
Core	Core	0.6406683	0.2840974	0.07523428
Core	Core	0.9359641	0.059772816	0.0042630592
Core	Core	0.927089	0.06813864	0.0047723902
Core	Core	0.9281325	0.068019845	0.0038477264
Core	Core	0.89714086	0.09743477	0.005424354
Core	Core	0.5059836	0.38091594	0.11310046
Core	Core	0.8469986	0.1348567	0.018144755
Core	Core	0.7073232	0.22957578	0.063101046
Core	Core	0.49734226	0.34851804	0.15413979
Core	Core	0.53597605	0.37123007	0.092793874
Core	Core	0.57972956	0.347706	0.072564505
Core	Core	0.41287664	0.39390895	0.19321443
Core	Core	0.89540184	0.09921302	0.0053851604
Core	Core	0.86904794	0.12198207	0.00896997
Core	Healthy	0.11517428	0.31990427	0.56492144
Core	Core	0.43650827	0.33482447	0.22866726
Core	Periphery	0.19361505	0.41398203	0.39240292
Core	Core	0.4964741	0.35955507	0.14397083
Core	Core	0.78419626	0.18687333	0.028930422
Core	Core	0.5882968	0.32783175	0.08387153
Core	Periphery	0.3454041	0.43455902	0.22003691
Core	Healthy	0.22450028	0.35798472	0.41751492
Core	Core	0.5403427	0.31810632	0.14155105
Core	Core	0.585696	0.31026208	0.10404198
Core	Core	0.6951345	0.25807828	0.04678724
Core	Core	0.9158902	0.07957105	0.004538748
Core	Periphery	0.25136366	0.43685725	0.31177905
Core	Core	0.8564425	0.12910901	0.014448437
Core	Healthy	0.19182315	0.38317442	0.42500243
Core	Core	0.89718825	0.09499095	0.007820707
Core	Core	0.9211867	0.07489461	0.0039186925
Core	Core	0.80300385	0.18138897	0.015607201
Core	Core	0.6384605	0.28583157	0.07570797
Core	Core	0.5722475	0.34366766	0.084084824
Core	Healthy	0.18836348	0.40308177	0.4085547
Core	Core	0.88725	0.10619045	0.0065595414
Core	Periphery	0.29301858	0.4284297	0.27855176
Core	Core	0.9137922	0.0800449	0.006162852
Core	Core	0.76411974	0.20986465	0.02601561
Core	Periphery	0.30692336	0.39184147	0.3012352
Core	Core	0.87823975	0.113883056	0.007877247
Core	Core	0.9191481	0.07591783	0.0049340394
Core	Healthy	0.09744367	0.29452592	0.60803044
Core	Core	0.9327795	0.062871836	0.0043486254
Core	Core	0.9017135	0.09275871	0.0055278037
Core	Core	0.84897035	0.14116277	0.009866861
Core	Core	0.9296819	0.06581365	0.0045044622
Core	Core	0.6944596	0.26002374	0.045516632
Core	Core	0.9112056	0.08334514	0.0054492718
Core	Core	0.6516222	0.29935196	0.049025923
Core	Core	0.71673787	0.24811725	0.03514495
Core	Core	0.86871624	0.12231733	0.008966449
Core	Core	0.5489503	0.37032273	0.08072694
Core	Core	0.7798098	0.19683984	0.023350377
Core	Core	0.7981077	0.18430138	0.017590985
Core	Periphery	0.3312955	0.42744556	0.24125895
Core	Core	0.893189	0.101415314	0.005395696
Core	Core	0.479651	0.42040974	0.09993926
Core	Core	0.9203808	0.07513725	0.0044819363
Core	Periphery	0.31111413	0.40599838	0.28288746
Core	Healthy	0.08500211	0.3174108	0.59758717
Core	Core	0.46704385	0.385847	0.14710912
Core	Core	0.8435974	0.14519572	0.0112068
Core	Core	0.61609423	0.3192349	0.06467091
Core	Core	0.758089	0.21441983	0.027491206
Core	Core	0.518098	0.37905207	0.1028499
Core	Core	0.9053261	0.087624624	0.0070491773
Core	Core	0.4500084	0.3979696	0.15202211
Core	Core	0.8824997	0.10913456	0.0083658155
Core	Core	0.8303702	0.1549465	0.014683396
Core	Healthy	0.20605265	0.36357322	0.43037412
Core	Healthy	0.10026101	0.30086696	0.598872
Core	Periphery	0.26594993	0.41148716	0.32256284
Core	Core	0.4446652	0.39632472	0.15901007
Core	Healthy	0.1269424	0.347646	0.52541167
Core	Core	0.8882925	0.10454739	0.007160166
Core	Core	0.40359867	0.3852022	0.21119909
Core	Healthy	0.14341068	0.3728824	0.48370692
Core	Core	0.81861585	0.16538087	0.016003326
Core	Healthy	0.097459204	0.2952676	0.60727316
Core	Core	0.8924283	0.10009324	0.007478476
Core	Core	0.92579603	0.07030956	0.0038944192
Core	Periphery	0.35121527	0.45244196	0.19634275
Core	Core	0.68304163	0.25952807	0.05743032
Core	Core	0.46423358	0.39371777	0.14204855
Core	Periphery	0.32560462	0.38285664	0.29153872
Core	Core	0.9092042	0.08689838	0.003897463
Core	Core	0.86200655	0.12917578	0.008817712
Core	Core	0.7460524	0.2218802	0.03206733
Core	Core	0.5092191	0.37613577	0.11464517
Core	Core	0.8321877	0.15582165	0.011990539
Core	Core	0.4811358	0.3766107	0.14225356
Core	Core	0.91772103	0.07694066	0.0053382884
Core	Core	0.9235374	0.072626375	0.003836195
Core	Core	0.6775037	0.27324107	0.04925528
Core	Periphery	0.32368764	0.4041777	0.27213463
Core	Periphery	0.25707528	0.4181461	0.3247786
Core	Core	0.819743	0.16066332	0.019593682
Core	Core	0.6845341	0.2697126	0.045753293
Core	Core	0.92239165	0.07285794	0.0047504334
Core	Core	0.57642096	0.30968684	0.113892235
Core	Core	0.92746294	0.06792456	0.0046125245
Core	Core	0.86154616	0.1285648	0.009889033
Core	Core	0.8075367	0.16511469	0.02734863
Core	Core	0.8071463	0.1725476	0.020306068
Core	Periphery	0.20899163	0.4035288	0.38747957
Core	Healthy	0.1502907	0.3353467	0.5143627
Core	Core	0.91871566	0.075838245	0.0054460606
Core	Core	0.5018694	0.36238348	0.1357471
Core	Core	0.9251803	0.07093076	0.003888991
Core	Core	0.75957996	0.21528202	0.025138063
Core	Healthy	0.18989547	0.37164208	0.43846247
Core	Core	0.5150471	0.35183284	0.1331201
Core	Periphery	0.2545558	0.37667403	0.36877018
Core	Periphery	0.43023595	0.44712025	0.12264382
Core	Core	0.8474664	0.14047538	0.012058269
Core	Periphery	0.3958348	0.48624623	0.117918976
Core	Healthy	0.09732839	0.30072612	0.6019455
Core	Periphery	0.36231655	0.4024374	0.23524603
Core	Core	0.7860344	0.18563469	0.028330935
Core	Core	0.86989826	0.12072948	0.0093723005
Core	Core	0.87924755	0.111983575	0.008768902
Core	Core	0.8987844	0.09406776	0.007147831
Core	Core	0.44654042	0.43238837	0.12107132
Core	Core	0.68607944	0.26307067	0.050849978
Core	Core	0.9235208	0.07229603	0.004183133
Core	Core	0.9165669	0.077131554	0.006301512
Core	Healthy	0.17167243	0.37332556	0.455002
Core	Periphery	0.34285772	0.4295607	0.22758156
Core	Healthy	0.13456666	0.34144354	0.52398974
Core	Healthy	0.15603533	0.39440528	0.44955933
Core	Core	0.93104535	0.06487966	0.0040749717
Core	Core	0.5894755	0.33586222	0.07466222
Core	Periphery	0.35541505	0.39547676	0.24910812
Core	Core	0.5235092	0.35299093	0.1234999
Core	Core	0.8908125	0.10177869	0.007408801
Core	Core	0.8019918	0.1764623	0.021545889
Core	Core	0.64285046	0.29731223	0.059837263
Core	Periphery	0.33931583	0.4447452	0.2159389
Core	Core	0.920885	0.07376901	0.0053459937
Core	Core	0.88386583	0.108227275	0.007906934
Core	Periphery	0.28128883	0.42244446	0.2962667
Core	Core	0.7800344	0.19714029	0.022825303
Core	Core	0.9059961	0.088901706	0.0051021897
Core	Core	0.921769	0.0745318	0.0036990682
Core	Core	0.45397478	0.3825791	0.16344608
Core	Periphery	0.2615619	0.43889073	0.29954743
Core	Periphery	0.29401478	0.4424756	0.26350966
Core	Core	0.7738669	0.1988776	0.027255535
Core	Periphery	0.28746244	0.36646065	0.34607694
Core	Core	0.708523	0.24725376	0.044223305
Core	Core	0.90920174	0.08583672	0.004961607
Core	Core	0.84810036	0.13955481	0.012344854
Core	Core	0.53365624	0.3700123	0.096331425
Core	Core	0.9137081	0.08143711	0.0048548193
Core	Core	0.82452995	0.16440676	0.011063348
Core	Core	0.4785011	0.3983995	0.123099305
Core	Core	0.92329687	0.07286572	0.0038374807
Core	Core	0.64858395	0.27115744	0.08025873
Core	Core	0.9146523	0.08117759	0.0041701077
Core	Periphery	0.3261723	0.4351708	0.23865692
Core	Core	0.62406224	0.3225863	0.053351466
Core	Periphery	0.31734398	0.37688363	0.3057723
Core	Core	0.76525176	0.20459579	0.030152436
Core	Core	0.73246914	0.24232982	0.025201015
Core	Core	0.7995917	0.18226817	0.018140158
Core	Periphery	0.20848009	0.41066206	0.38085786
Core	Core	0.7195564	0.23260689	0.047836646
Core	Core	0.57008	0.33580106	0.09411906
Core	Periphery	0.29639542	0.45071557	0.25288907
Core	Periphery	0.3204911	0.4518517	0.2276572
Core	Core	0.9238857	0.071482025	0.0046322523
Core	Core	0.9192415	0.07564076	0.0051177447
Core	Core	0.8652088	0.12588567	0.008905489
Core	Periphery	0.3547909	0.44131577	0.20389336
Core	Core	0.7616955	0.2066155	0.031688966
Core	Healthy	0.23182456	0.36925018	0.39892527
Core	Core	0.8064414	0.17850263	0.015055916
Core	Core	0.9248815	0.07113432	0.0039841924
Core	Core	0.74423677	0.2311257	0.02463751
Core	Healthy	0.17809622	0.36350057	0.4584032
Core	Core	0.8773165	0.11382658	0.0088569615
Core	Periphery	0.27558735	0.40939087	0.31502178
Core	Periphery	0.21148013	0.48677617	0.30174378
Core	Periphery	0.26236936	0.43828213	0.29934847
Core	Periphery	0.40152678	0.4073001	0.1911731
Core	Healthy	0.12555751	0.3111984	0.56324404
Core	Healthy	0.19460258	0.3843049	0.42109248
Core	Core	0.90346175	0.089802444	0.0067358525
Core	Core	0.7531845	0.22614811	0.020667437
Core	Core	0.66265494	0.29466563	0.04267942
Core	Core	0.92902285	0.066689305	0.00428785
Core	Core	0.9309321	0.065037884	0.00403
Core	Core	0.90164167	0.0909764	0.00738192
Core	Core	0.68595916	0.2679574	0.046083476
Core	Periphery	0.2841264	0.36235127	0.35352233
Core	Core	0.7975817	0.18345791	0.018960511
Core	Core	0.81098413	0.17310382	0.015912056
Core	Core	0.76628774	0.20831043	0.025401805
Core	Periphery	0.3050987	0.4701519	0.22474933
Core	Core	0.90997136	0.08367701	0.006351618
Core	Core	0.5656584	0.3420882	0.09225338
Core	Core	0.8757364	0.11436656	0.009897038
Core	Core	0.9278704	0.0674786	0.0046510226
Core	Core	0.8790377	0.11384006	0.007122344
Core	Periphery	0.41888043	0.4260721	0.15504745
Core	Core	0.5855177	0.32846335	0.086018935
Core	Core	0.87040234	0.11882581	0.0107718045
Core	Healthy	0.27484894	0.2880366	0.43711448
Core	Healthy	0.15830475	0.3671535	0.47454178
Core	Core	0.7859084	0.19517508	0.01891651
Core	Core	0.90214694	0.09163456	0.006218506
Core	Core	0.9279729	0.067445666	0.0045814915
Core	Healthy	0.15282382	0.36405766	0.4831185
Core	Core	0.70588446	0.26271653	0.031398967
Core	Healthy	0.099198796	0.32517594	0.5756253
Core	Core	0.9312105	0.06478352	0.0040060105
Core	Healthy	0.18328716	0.38397598	0.43273687
Core	Core	0.6574094	0.2858643	0.056726266
Core	Core	0.72112495	0.24829096	0.03058415
Core	Periphery	0.2337081	0.4246729	0.34161896
Core	Core	0.9191885	0.075212136	0.005599292
Core	Core	0.92127675	0.07336237	0.00536083
Core	Core	0.56580955	0.36483374	0.06935674
Core	Core	0.8651919	0.12550725	0.009300846
Core	Core	0.41460797	0.39073935	0.19465269
Core	Core	0.48570225	0.41364613	0.10065164
Core	Core	0.8948998	0.098331966	0.0067682317
Core	Core	0.91922706	0.07643651	0.0043363813
Core	Periphery	0.32738745	0.40839404	0.2642185
Core	Core	0.69543755	0.26138583	0.04317668
Core	Healthy	0.13283816	0.33873317	0.5284286
Core	Healthy	0.24342854	0.36845183	0.38811964
Core	Core	0.9148329	0.0792749	0.0058921794
Core	Core	0.47737864	0.3791372	0.1434842
Core	Periphery	0.3581279	0.36289775	0.2789743
Core	Core	0.46214172	0.39237157	0.14548676
Core	Core	0.80735046	0.17771688	0.014932651
Core	Core	0.65596575	0.28675002	0.057284217
Core	Core	0.6109789	0.31974456	0.069276534
Core	Core	0.74428713	0.22791077	0.027802074
Core	Periphery	0.3202236	0.38340315	0.29637322
Core	Core	0.9118007	0.083118886	0.0050804527
Core	Healthy	0.20033295	0.3741275	0.42553958
Core	Core	0.8442245	0.14140692	0.014368585
Core	Healthy	0.17705521	0.38316512	0.4397796
Core	Core	0.4035281	0.36636302	0.23010887
Core	Core	0.9020415	0.09125739	0.0067010666
Core	Core	0.6893115	0.27537656	0.035311934
Core	Periphery	0.21877085	0.40363953	0.37758964
Core	Core	0.90224963	0.09097508	0.0067753443
Core	Core	0.9233925	0.07251894	0.0040885825
Core	Core	0.83579975	0.15159196	0.012608253
Core	Periphery	0.32028168	0.34447432	0.335244
Core	Periphery	0.28888673	0.35978293	0.35133034
Core	Core	0.38273525	0.36416402	0.25310075
Core	Core	0.8029884	0.17603177	0.020979807
Core	Core	0.9296621	0.06600184	0.004335965
Core	Core	0.8920739	0.100692324	0.007233796
Core	Healthy	0.21872266	0.38402113	0.39725628
Core	Core	0.51581705	0.39636815	0.08781472
Core	Core	0.8987106	0.095038585	0.00625077
Core	Core	0.9300513	0.06592233	0.0040264134
Core	Core	0.8838269	0.10615103	0.010022131
Core	Periphery	0.2092032	0.39771032	0.39308643
Core	Healthy	0.2436543	0.3716489	0.38469675
Core	Core	0.9261794	0.070065156	0.0037554987
Core	Core	0.6955486	0.25243217	0.052019242
Core	Healthy	0.21520646	0.36769417	0.4170994
Core	Healthy	0.18163396	0.37496245	0.44340354
Core	Core	0.67315334	0.27779013	0.04905657
Core	Healthy	0.20158944	0.36259574	0.43581477
Core	Core	0.5663914	0.3482755	0.085333064
Core	Periphery	0.40390116	0.42817748	0.16792145
Core	Core	0.9158675	0.07865445	0.005478087
Core	Core	0.7732597	0.19661959	0.030120743
Core	Core	0.8990089	0.09424219	0.006748913
Core	Core	0.42442152	0.35785234	0.2177261
Core	Core	0.47443685	0.420477	0.10508613
Core	Core	0.47983506	0.3643342	0.15583071
Core	Core	0.90126795	0.09288463	0.0058474443
Core	Periphery	0.28656325	0.44052127	0.27291548
Core	Core	0.9187111	0.07702496	0.004263945
Core	Healthy	0.08200022	0.29433388	0.6236659
Core	Core	0.89927614	0.09631815	0.004405636
Core	Core	0.8959026	0.098275326	0.0058221263
Core	Core	0.465737	0.4172408	0.11702218
Core	Core	0.85025656	0.14127003	0.00847348
Core	Core	0.39035636	0.35946578	0.25017786
Core	Core	0.8744927	0.11564823	0.0098591335
Core	Core	0.7010959	0.2605379	0.038366266
Core	Core	0.8581729	0.13226481	0.009562246
Core	Core	0.82751876	0.16040628	0.012075036
Core	Periphery	0.3761373	0.3880064	0.23585628
Core	Core	0.58091295	0.35318163	0.06590539
Core	Core	0.82041204	0.16366489	0.015923027
Core	Core	0.8783304	0.11362321	0.008046335
Core	Core	0.90153897	0.09310932	0.005351797
Core	Core	0.42442214	0.330006	0.2455718
Core	Core	0.60383195	0.32362244	0.07254567
Core	Core	0.7359404	0.22670133	0.037358295
Core	Periphery	0.3749391	0.46271458	0.16234627
Core	Periphery	0.17684557	0.4308322	0.3923223
Core	Healthy	0.13591936	0.36883298	0.49524766
Core	Periphery	0.29714617	0.42586067	0.27699313
Core	Healthy	0.16067548	0.39426357	0.44506094
Core	Core	0.72447246	0.24883908	0.026688412
Core	Core	0.56935793	0.35264254	0.07799954
Core	Core	0.6533193	0.29040727	0.056273405
Core	Core	0.896856	0.09649481	0.0066491705
Core	Core	0.90349203	0.091964476	0.00454355
Core	Periphery	0.31372645	0.44976816	0.2365054
Core	Core	0.92456055	0.07146322	0.003976254
Core	Core	0.48667887	0.40969086	0.10363033
Core	Core	0.8918258	0.10230661	0.0058675692
Core	Core	0.8037809	0.17688088	0.019338163
Core	Healthy	0.15832776	0.33258218	0.5090901
Core	Core	0.838942	0.14910209	0.011955891
Core	Core	0.9050793	0.088940874	0.0059797955
Core	Periphery	0.35910976	0.36371312	0.27717716
Core	Core	0.9127409	0.08211241	0.005146742
Core	Core	0.89715064	0.097068615	0.0057806494
Core	Core	0.9237797	0.0721216	0.0040986887
Core	Healthy	0.15933236	0.34151766	0.49914995
Core	Core	0.9227405	0.07348596	0.0037734706
Core	Core	0.85999846	0.12981008	0.01019148
Core	Core	0.6981087	0.24486975	0.057021562
Core	Healthy	0.18470591	0.3831487	0.43214542
Core	Periphery	0.30257678	0.44336426	0.25405893
Core	Core	0.79560757	0.19049029	0.013902153
Core	Core	0.5997637	0.31211266	0.08812366
Core	Core	0.669227	0.2946011	0.036171857
Core	Core	0.8789684	0.11132155	0.009710064
Core	Core	0.7802545	0.19970033	0.0200452
Core	Core	0.8936364	0.10003002	0.006333544
Core	Core	0.41096377	0.3950578	0.1939785
Core	Core	0.77320504	0.20524143	0.021553623
Core	Core	0.8814704	0.112440206	0.006089455
Core	Core	0.73779964	0.22845656	0.033743784
Core	Core	0.91429555	0.08112161	0.0045827944
Core	Healthy	0.11875187	0.30595815	0.57529
Core	Periphery	0.2576736	0.3954169	0.34690955
Core	Core	0.5641329	0.34010628	0.09576082
Core	Core	0.81243426	0.17005679	0.017509002
Core	Core	0.8910853	0.10231883	0.0065957233
Core	Core	0.89723	0.09571772	0.007052262
Core	Core	0.85677457	0.1339228	0.009302643
Core	Core	0.9210822	0.07471038	0.0042074164
Core	Core	0.67477953	0.27667424	0.048546262
Core	Healthy	0.11032397	0.33374798	0.55592805
Core	Periphery	0.3846428	0.41236624	0.20299093
Core	Periphery	0.30395985	0.41012606	0.28591403
Core	Healthy	0.23070128	0.3831241	0.3861746
Core	Core	0.7670507	0.20642163	0.026527744
Core	Core	0.6670493	0.3002337	0.032717
Core	Healthy	0.15480629	0.33835587	0.50683784
Core	Core	0.7091255	0.24106857	0.049805973
Core	Core	0.45217547	0.41867903	0.12914555
Core	Core	0.78397745	0.19048086	0.025541695
Core	Core	0.8354384	0.14989614	0.014665559
Core	Periphery	0.4023268	0.42097348	0.17669965
Core	Core	0.9211962	0.07407151	0.0047322684
Core	Periphery	0.32419008	0.44292107	0.23288882
Core	Core	0.9092063	0.0843124	0.006481341
Core	Periphery	0.2953002	0.4096973	0.2950025
Core	Periphery	0.3583373	0.42061654	0.2210461
Core	Core	0.8393597	0.14763318	0.01300712
Core	Core	0.9066997	0.08737822	0.005922122
Core	Core	0.9328162	0.06314944	0.004034353
Core	Core	0.91148424	0.08306495	0.005450788
Core	Periphery	0.22223455	0.41362447	0.36414093
Core	Core	0.6444376	0.29489988	0.06066254
Core	Core	0.8881367	0.10389181	0.007971492
Core	Core	0.910513	0.0842965	0.0051905643
Core	Core	0.9088104	0.08636615	0.004823441
Core	Periphery	0.36120206	0.39008582	0.24871214
Core	Healthy	0.22648898	0.37378982	0.39972118
Core	Core	0.9301443	0.065237485	0.0046181898
Core	Healthy	0.16677418	0.3919634	0.44126248
Core	Core	0.7762959	0.20389508	0.019808989
Core	Core	0.5579376	0.35534337	0.08671899
Core	Core	0.8359248	0.15179648	0.012278788
Core	Core	0.47164604	0.3227086	0.20564531
Core	Core	0.92210674	0.07321792	0.0046753115
Core	Core	0.85801125	0.123123646	0.018865043
Core	Periphery	0.30680025	0.44245902	0.2507407
Core	Periphery	0.2960215	0.40129873	0.30267975
Core	Core	0.4607041	0.38426203	0.15503383
Core	Healthy	0.22902319	0.3689142	0.40206262
Core	Healthy	0.17728741	0.3480181	0.47469443
Core	Core	0.9195084	0.07631651	0.0041750832
Core	Core	0.9281113	0.067667104	0.004221519
Core	Periphery	0.2988438	0.41723216	0.283924
Core	Core	0.8375959	0.1503708	0.012033288
Core	Core	0.91477835	0.07927616	0.0059455466
Core	Core	0.8593764	0.12705483	0.013568796
Core	Core	0.845587	0.14222954	0.012183456
Core	Core	0.6134422	0.33665365	0.04990418
Core	Periphery	0.25187388	0.39047813	0.35764802
Core	Healthy	0.28681922	0.34711084	0.3660699
Core	Core	0.52085453	0.38771468	0.0914308
Core	Core	0.42685324	0.37956986	0.1935768
Core	Core	0.8062562	0.17602296	0.017720921
Core	Core	0.9202164	0.0752496	0.0045340876
Core	Core	0.8338888	0.15584202	0.010269153
Core	Core	0.4151609	0.41034508	0.17449406
Core	Core	0.9109197	0.08475746	0.0043227165
Core	Periphery	0.3255172	0.4037622	0.27072057
Core	Core	0.5853242	0.3462126	0.06846321
Core	Core	0.9247331	0.07137295	0.0038939975
Core	Core	0.7485948	0.2282712	0.023134025
Core	Core	0.8342032	0.15518057	0.010616258
Core	Core	0.9175451	0.07722561	0.0052293907
Core	Core	0.6935184	0.27076545	0.035716165
Core	Healthy	0.1815463	0.37073284	0.4477209
Core	Periphery	0.24609096	0.4000489	0.35386017
Core	Healthy	0.17922084	0.32918778	0.49159133
Core	Core	0.5189409	0.35604596	0.1250131
Core	Core	0.8682438	0.1237111	0.0080451
Core	Core	0.7956727	0.18346053	0.020866754
Core	Core	0.8482339	0.13789622	0.013869941
Core	Core	0.8095666	0.16872089	0.021712523
Core	Healthy	0.17174663	0.3918464	0.43640697
Core	Core	0.69902617	0.2541069	0.04686692
Core	Healthy	0.18252063	0.38125727	0.4362221
Core	Core	0.80503726	0.17818566	0.016777152
Core	Core	0.40922657	0.3934045	0.19736896
Core	Core	0.7105362	0.25320274	0.03626109
Core	Periphery	0.38904724	0.435773	0.17517976
Core	Core	0.9232243	0.07244863	0.0043271594
Core	Healthy	0.16540255	0.345324	0.48927346
Core	Core	0.8126995	0.16963835	0.017662108
Core	Periphery	0.34665734	0.45716956	0.19617313
Core	Core	0.820363	0.16330488	0.016332097
Core	Core	0.8340366	0.15153128	0.014432122
Core	Core	0.8677239	0.12253246	0.009743626
Core	Core	0.8893447	0.104918	0.0057372567
Core	Core	0.53767884	0.35674652	0.10557462
Core	Core	0.7652573	0.21107543	0.02366726
Core	Core	0.72687906	0.23560429	0.037516635
Core	Healthy	0.16727743	0.36851728	0.46420527
Core	Periphery	0.20879602	0.39642555	0.39477846
Core	Healthy	0.12145848	0.36173055	0.51681095
Core	Core	0.91721046	0.07819001	0.004599446
Core	Periphery	0.2564946	0.40505835	0.33844697
Core	Core	0.51636666	0.38647604	0.09715737
Core	Core	0.87438977	0.11873063	0.006879487
Core	Core	0.37654573	0.36439663	0.25905767
Core	Core	0.43580878	0.41806325	0.14612797
Core	Core	0.8262889	0.15995476	0.013756373
Core	Core	0.45521662	0.41280618	0.1319772
Core	Core	0.7538547	0.21870573	0.027439548
Core	Periphery	0.35180536	0.43053016	0.21766454
Core	Core	0.7411304	0.22101685	0.037852768
Core	Core	0.9183033	0.07633099	0.0053656823
Core	Core	0.40877637	0.40349093	0.18773267
Core	Core	0.8692215	0.12257605	0.008202504
Core	Core	0.48763505	0.39341304	0.118952006
Core	Core	0.9100274	0.08599925	0.003973301
Core	Healthy	0.18668191	0.3757575	0.43756056
Core	Core	0.80958575	0.17709251	0.013321698
Core	Core	0.89527255	0.09849292	0.0062345075
Core	Periphery	0.2709581	0.3915027	0.33753923
Core	Healthy	0.17696674	0.406182	0.41685116
Core	Core	0.92274183	0.073582664	0.0036755379
Core	Periphery	0.297889	0.38255394	0.3195571
Core	Core	0.41094962	0.3935251	0.19552523
Core	Core	0.9147296	0.08104435	0.004226068
Core	Core	0.90939325	0.08515019	0.0054564658
Core	Healthy	0.14503251	0.35559395	0.4993736
Core	Healthy	0.19955142	0.39986533	0.40058327
Core	Core	0.7897447	0.19133517	0.018920071
Core	Core	0.9052291	0.08896578	0.0058051352
Core	Core	0.6922199	0.26507062	0.042709496
Core	Core	0.9366644	0.05860554	0.0047301273
Core	Core	0.91562337	0.078383975	0.005992665
Core	Core	0.46450037	0.37348077	0.16201895
Core	Periphery	0.26309505	0.3927978	0.34410715
Core	Core	0.88328135	0.11079152	0.0059270677
Core	Core	0.9254958	0.07052964	0.003974556
Core	Core	0.79324657	0.18703486	0.019718483
Core	Core	0.9003479	0.092236705	0.007415434
Core	Core	0.925983	0.06963721	0.0043797647
Core	Periphery	0.27993506	0.36179194	0.35827297
Core	Periphery	0.26313746	0.44250104	0.2943615
Core	Core	0.6726355	0.28592822	0.041436255
Core	Core	0.9204652	0.074676484	0.0048583066
Core	Core	0.7785535	0.20299803	0.018448459
Core	Healthy	0.15377508	0.30006257	0.54616237
Core	Core	0.9309332	0.064778894	0.0042879684
Core	Core	0.72565764	0.22766511	0.046677332
Core	Core	0.92045456	0.07455646	0.00498894
Core	Core	0.6029825	0.30914462	0.0878729
Core	Periphery	0.3276146	0.41280633	0.25957897
Core	Core	0.810377	0.17555697	0.014066027
Core	Core	0.90620506	0.08843486	0.0053599956
Core	Healthy	0.13379218	0.36706296	0.49914488
Core	Periphery	0.38534278	0.4358009	0.17885634
Core	Healthy	0.2062483	0.3890865	0.40466514
Core	Core	0.7053133	0.25681588	0.03787083
Core	Periphery	0.33127356	0.39407566	0.2746508
Core	Periphery	0.29098272	0.46141675	0.24760063
Core	Core	0.9116223	0.082584016	0.0057936865
Core	Core	0.793597	0.18030393	0.026099144
Core	Healthy	0.26314822	0.35990363	0.37694815
Core	Core	0.5634323	0.3410906	0.095477134
Core	Healthy	0.28277865	0.3387289	0.3784924
Core	Core	0.7502917	0.21492933	0.034779
Core	Core	0.65169394	0.27518314	0.07312286
Core	Core	0.8969191	0.094268404	0.008812511
Core	Periphery	0.3227239	0.43927062	0.23800549
Core	Core	0.84495324	0.14373934	0.011307435
Core	Healthy	0.12586518	0.32353067	0.5506042
Core	Healthy	0.13716066	0.33114022	0.5316992
Core	Core	0.91720366	0.07790404	0.0048922678
Core	Periphery	0.26899484	0.43290454	0.29810053
Core	Healthy	0.2238854	0.3489082	0.4272064
Core	Core	0.645191	0.29712877	0.057680152
Core	Core	0.91540396	0.07819603	0.0064000515
Core	Core	0.79560775	0.18754765	0.016844653
Core	Core	0.39983863	0.3397941	0.2603673
Core	Core	0.90969366	0.08454891	0.005757377
Core	Core	0.8884714	0.10211255	0.00941597
Core	Healthy	0.20202038	0.39168534	0.40629426
Core	Core	0.62119853	0.30513597	0.07366547
Core	Core	0.80593157	0.17918608	0.014882296
Core	Core	0.7789375	0.19926172	0.021800773
Core	Periphery	0.26655918	0.37724912	0.35619172
Core	Core	0.87669027	0.11253464	0.0107751265
Core	Core	0.82454807	0.160023	0.015428998
Core	Core	0.8724871	0.12067607	0.00683682
Core	Core	0.9237184	0.070218846	0.006062794
Core	Core	0.4984671	0.40234146	0.09919141
Core	Core	0.5662976	0.34724057	0.086461894
Core	Core	0.92314464	0.07178075	0.0050745844
Core	Core	0.8020374	0.17607826	0.021884346
Core	Core	0.864003	0.124124125	0.011872786
Core	Core	0.52470833	0.40381518	0.07147647
Core	Periphery	0.30111256	0.35943604	0.33945143
Core	Core	0.7855809	0.19801655	0.016402557
Core	Periphery	0.29912275	0.41242406	0.28845316
Core	Core	0.51125693	0.35861397	0.13012907
Core	Core	0.904972	0.08957911	0.005448846
Core	Core	0.87488496	0.11778852	0.0073264847
Core	Core	0.9169622	0.07879368	0.004244098
Core	Core	0.9037579	0.089180075	0.007062016
Core	Core	0.85501033	0.13325965	0.011730102
Core	Core	0.4411008	0.37510237	0.18379688
Core	Core	0.85109186	0.13609825	0.012809898
Core	Periphery	0.3633698	0.4049706	0.23165962
Core	Core	0.84023297	0.14733973	0.012427285
Core	Core	0.39545044	0.37520766	0.2293419
Core	Core	0.42553353	0.39330637	0.18116012
Core	Healthy	0.16051012	0.368452	0.47103786
Core	Periphery	0.23366176	0.39165443	0.3746838
Core	Core	0.9219697	0.07380085	0.0042294217
Core	Core	0.9306695	0.06481132	0.004519173
Core	Healthy	0.21890667	0.35736623	0.42372707
Core	Core	0.42520088	0.40082413	0.17397495
Core	Core	0.7803745	0.1959165	0.023708928
Core	Core	0.8016938	0.17578676	0.022519477
Core	Core	0.64806235	0.31092566	0.041012038
Core	Periphery	0.1978578	0.41321516	0.38892704
Core	Core	0.90484	0.08925395	0.005906051
Core	Periphery	0.2449705	0.40769455	0.34733498
Core	Periphery	0.34228182	0.4308593	0.22685887
Core	Core	0.9061577	0.088751115	0.005091171
Core	Core	0.6649552	0.2945301	0.040514722
Core	Periphery	0.3315504	0.41011176	0.2583378
Core	Core	0.54665744	0.3521618	0.101180814
Core	Core	0.9206078	0.0742482	0.005143925
Core	Periphery	0.30347303	0.363649	0.33287796
Core	Core	0.8941268	0.09770789	0.008165283
Core	Core	0.60427725	0.31660098	0.07912184
Core	Periphery	0.1988757	0.44226807	0.35885623
Core	Core	0.88112175	0.1074236	0.011454621
Core	Healthy	0.19603536	0.35601273	0.44795194
Core	Core	0.8499606	0.13616975	0.013869676
Core	Core	0.5011163	0.3836839	0.115199834
Core	Core	0.45205343	0.3479176	0.20002897
Core	Core	0.929649	0.06630699	0.004044036
Core	Core	0.80891275	0.1772132	0.013874043
Core	Periphery	0.28232396	0.36666286	0.35101327
Core	Core	0.9319847	0.06390624	0.004109049
Core	Core	0.91616344	0.07926834	0.0045681526
Core	Core	0.9285577	0.06733338	0.0041088657
Core	Core	0.91113186	0.084883526	0.003984578
Core	Core	0.46630958	0.40649	0.12720048
Core	Core	0.9165805	0.07900581	0.0044136285
Core	Core	0.6182079	0.32985348	0.051938612
Core	Healthy	0.15492761	0.33830044	0.506772
Core	Core	0.46402055	0.4122383	0.12374113
Core	Core	0.90837884	0.086343065	0.005278116
Core	Core	0.8113806	0.1680961	0.02052328
Core	Core	0.72447205	0.24620222	0.029325802
Core	Core	0.48681387	0.35759974	0.15558638
Core	Core	0.9338928	0.061708048	0.004399142
Core	Healthy	0.2985033	0.34193686	0.3595598
Core	Core	0.85646236	0.1323859	0.011151678
Core	Core	0.39308232	0.3878965	0.21902116
Core	Core	0.695703	0.26110652	0.04319054
Core	Core	0.46099454	0.39034325	0.14866216
Core	Core	0.58082855	0.3408621	0.07830928
Core	Core	0.7906174	0.18146083	0.027921714
Core	Core	0.53992057	0.34679705	0.11328237
Core	Core	0.88622475	0.10649161	0.007283697
Core	Core	0.92696893	0.06894126	0.004089887
Core	Core	0.92907727	0.06670065	0.0042221015
Core	Core	0.91274565	0.08231336	0.0049409214
Core	Periphery	0.37296155	0.49682882	0.13020961
Core	Core	0.3739733	0.34141907	0.2846076
Core	Periphery	0.2800538	0.38952276	0.33042338
Core	Core	0.38581926	0.38455164	0.22962913
Core	Core	0.48015448	0.41470718	0.10513828
Core	Core	0.88644797	0.103816964	0.009735048
Core	Core	0.8962426	0.09761509	0.006142275
Core	Core	0.9184229	0.076059245	0.005517857
Core	Periphery	0.33822253	0.39876404	0.26301342
Core	Periphery	0.27977955	0.4080745	0.31214595
Core	Core	0.7843232	0.19127713	0.024399653
Core	Core	0.92013896	0.0758478	0.00401317
Core	Core	0.5524969	0.36845946	0.07904358
Core	Core	0.8638345	0.12626716	0.009898273
Core	Core	0.64341545	0.2837769	0.07280766
Core	Core	0.90177214	0.091867834	0.006359989
Core	Core	0.8736432	0.1191837	0.007173102
Core	Core	0.91070694	0.08389249	0.0054005063
Core	Core	0.7609829	0.2118021	0.027215078
Core	Core	0.89328015	0.10028062	0.006439331
Core	Core	0.92725796	0.06860865	0.0041333637
Core	Healthy	0.11649652	0.3152229	0.5682806
Core	Core	0.81313705	0.1691444	0.017718522
Core	Core	0.9219801	0.07373756	0.004282416
Core	Core	0.51682323	0.37009206	0.11308472
Core	Core	0.88736016	0.104394644	0.00824512
Core	Periphery	0.3772604	0.43107933	0.19166028
Core	Healthy	0.28658935	0.2990045	0.41440618
Core	Core	0.9190744	0.07702018	0.0039054921
Core	Core	0.9231154	0.07249111	0.0043935017
Core	Core	0.5254568	0.35966167	0.1148816
Core	Periphery	0.21647918	0.4138421	0.36967865
Core	Core	0.5395743	0.35531485	0.105110906
Core	Core	0.83469325	0.15064928	0.014657414
Core	Healthy	0.15142363	0.3195796	0.5289968
Core	Core	0.8940232	0.09980259	0.0061742594
Core	Core	0.59783465	0.34314355	0.05902186
Core	Core	0.9219568	0.07389217	0.0041510374
Core	Periphery	0.41937113	0.42588174	0.15474717
Core	Core	0.5658869	0.34555846	0.08855462
Core	Core	0.41945973	0.3988893	0.181651
Core	Periphery	0.25540394	0.39238963	0.3522065
Core	Core	0.6711164	0.26961935	0.05926426
Core	Core	0.790462	0.18158224	0.027955841
Core	Core	0.9076263	0.087825194	0.0045485105
Core	Periphery	0.34841672	0.39188907	0.25969422
Core	Periphery	0.21344903	0.4074302	0.3791208
Core	Core	0.90622133	0.088691324	0.0050873277
Core	Periphery	0.32864904	0.40622374	0.26512724
Core	Healthy	0.12408987	0.30224463	0.57366544
Core	Core	0.86357415	0.12462217	0.011803726
Core	Periphery	0.2747694	0.41030857	0.314922
Core	Core	0.89340353	0.09985864	0.006737881
Core	Core	0.90054053	0.093401745	0.006057746
Core	Healthy	0.15021893	0.3603034	0.4894777
Core	Core	0.67587	0.2869363	0.037193682
Core	Core	0.8825605	0.10949965	0.007939826
Core	Core	0.92435056	0.07160609	0.0040433635
Core	Core	0.6093587	0.3348599	0.055781335
Core	Healthy	0.13975887	0.31051883	0.54972225
Core	Healthy	0.19790399	0.37414208	0.42795393
Core	Core	0.69820845	0.25588945	0.045902025
Core	Core	0.8832435	0.107844554	0.008911888
Core	Periphery	0.27213135	0.42244217	0.30542648
Core	Core	0.91985583	0.07595015	0.004193972
Core	Core	0.42529765	0.3689846	0.20571777
Core	Core	0.8829133	0.10738958	0.009697183
Core	Core	0.6273813	0.31806841	0.054550268
Core	Core	0.81432605	0.16658625	0.019087732
Core	Periphery	0.395562	0.42074776	0.18369018
Core	Periphery	0.35675538	0.4072872	0.23595743
Core	Periphery	0.21857111	0.43274912	0.34867972
Core	Healthy	0.16068785	0.32058144	0.51873076
Core	Core	0.66252553	0.29225513	0.04521939
Core	Core	0.90389496	0.09105595	0.0050491113
Core	Healthy	0.10345298	0.36452687	0.5320201
Core	Core	0.42431584	0.3823066	0.19337754
Core	Core	0.90064776	0.09348176	0.005870511
Core	Core	0.5789769	0.32748863	0.093534455
Core	Core	0.7142516	0.2566574	0.029090967
Core	Periphery	0.21019036	0.39537957	0.39443007
Core	Core	0.42080706	0.37137082	0.20782207
Core	Core	0.9226744	0.07297991	0.004345692
Core	Core	0.5487012	0.3578155	0.09348325
Core	Healthy	0.16595697	0.3741838	0.45985925
Core	Core	0.92187154	0.074277766	0.0038505993
Core	Core	0.86369497	0.12387919	0.012425931
Core	Core	0.92475796	0.070028916	0.005213091
Core	Core	0.9244837	0.07148562	0.004030724
Core	Healthy	0.21067214	0.39320588	0.39612195
Core	Core	0.89462185	0.099876404	0.0055016926
Core	Healthy	0.13699609	0.34181577	0.5211881
Core	Core	0.93203163	0.062608294	0.005360137
Core	Healthy	0.10724469	0.3130422	0.57971305
Core	Core	0.9305537	0.06542765	0.0040186923
Core	Core	0.43868718	0.41634968	0.1449631
Core	Core	0.80362314	0.17752302	0.018853921
Core	Core	0.6486404	0.3110086	0.04035107
Core	Core	0.73939836	0.22966042	0.030941257
Core	Core	0.89792323	0.09624423	0.0058325534
Core	Core	0.9325047	0.063080534	0.0044146916
Core	Healthy	0.13941716	0.32984105	0.5307418
Core	Periphery	0.2550704	0.37610185	0.3688278
Core	Periphery	0.2857874	0.4331843	0.2810283
Core	Core	0.66148233	0.2833904	0.055127285
Core	Core	0.91507244	0.08098154	0.0039460408
Core	Core	0.89614296	0.09677786	0.0070791626
Core	Core	0.52072066	0.35636124	0.12291802
Core	Core	0.49024525	0.3728831	0.13687171
Core	Core	0.9236146	0.07183965	0.004545715
Core	Core	0.6756858	0.27331537	0.050998747
Core	Periphery	0.35836092	0.3809526	0.2606865
Core	Core	0.8810894	0.11188889	0.0070217866
Core	Periphery	0.36653522	0.39148343	0.24198143
Core	Periphery	0.30279484	0.37206274	0.32514238
Core	Core	0.8562383	0.1299251	0.013836635
Core	Core	0.43464997	0.41410005	0.15124996
Core	Core	0.65268326	0.282637	0.0646797
Core	Core	0.6701169	0.2799957	0.049887367
Core	Core	0.9300881	0.06595424	0.0039577326
Core	Core	0.6472093	0.30752116	0.04526957
Core	Core	0.81728834	0.16371293	0.018998688
Core	Core	0.4829383	0.35179654	0.16526519
Core	Healthy	0.15591425	0.33550948	0.5085762
Core	Core	0.8256135	0.15593289	0.018453578
Core	Core	0.84739935	0.13775776	0.014842842
Core	Core	0.6529761	0.29224652	0.054777447
Core	Healthy	0.14225993	0.33982617	0.5179139
Core	Core	0.90963	0.08606539	0.0043046214
Core	Core	0.43829373	0.40304053	0.15866579
Core	Core	0.8926498	0.100315824	0.007034354
Core	Periphery	0.27122286	0.4076901	0.32108706
Core	Core	0.5161096	0.38419583	0.09969461
Core	Core	0.92172587	0.07419184	0.0040822737
Core	Core	0.48495063	0.40656486	0.10848447
Core	Core	0.9157701	0.07854699	0.005682882
Core	Core	0.3789488	0.36235303	0.25869817
Core	Core	0.40534037	0.34184214	0.25281748
Core	Core	0.92797273	0.068064414	0.0039627985
Core	Core	0.42205247	0.40209424	0.17585321
Core	Periphery	0.3070664	0.40789065	0.28504294
Core	Core	0.8475917	0.1390785	0.013329778
Core	Core	0.5208039	0.35664737	0.12254869
Core	Healthy	0.2266493	0.38226077	0.39108992
Core	Periphery	0.34304938	0.4581773	0.19877331
Core	Core	0.8883335	0.1032613	0.008405208
Core	Periphery	0.360491	0.42038348	0.21912545
Core	Core	0.8948017	0.09907168	0.0061266646
Core	Healthy	0.15007393	0.3701412	0.4797849
Core	Core	0.8864462	0.10339944	0.010154407
Core	Periphery	0.35623032	0.4752629	0.16850676
Core	Periphery	0.30391896	0.3834282	0.31265292
Core	Core	0.525622	0.38436732	0.0900106
Core	Periphery	0.1958244	0.4040342	0.40014145
Core	Core	0.9193657	0.07594481	0.0046895114
Core	Periphery	0.32091868	0.3942446	0.28483674
Core	Core	0.7989741	0.18378843	0.017237443
Core	Core	0.42080677	0.35408407	0.22510909
Core	Core	0.8885731	0.10334933	0.008077598
Core	Core	0.9292625	0.06658472	0.0041528502
Core	Periphery	0.23439611	0.4370929	0.32851097
Core	Healthy	0.19435073	0.3735322	0.4321171
Core	Core	0.93204176	0.063931786	0.004026418
Core	Core	0.54243445	0.35365212	0.10391342
Core	Periphery	0.20876932	0.40589935	0.3853314
Core	Core	0.671198	0.28261268	0.046189267
Core	Core	0.5712402	0.35740122	0.07135856
Core	Core	0.6552583	0.30023345	0.044508357
Core	Periphery	0.23366697	0.4407105	0.32562253
Core	Periphery	0.321513	0.41084853	0.26763847
Core	Core	0.46991795	0.3927704	0.13731162
Core	Core	0.9211936	0.074129514	0.0046769506
Core	Core	0.9278292	0.067489535	0.004681324
Core	Periphery	0.34597075	0.42531115	0.22871815
Core	Core	0.416289	0.3994097	0.18430132
Core	Periphery	0.3969431	0.4185854	0.18447147
Core	Core	0.8072707	0.17217721	0.020552114
Core	Healthy	0.19725315	0.38694093	0.415806
Core	Core	0.9262791	0.069859296	0.0038615044
Core	Core	0.925263	0.07012066	0.004616376
Core	Core	0.5755935	0.3236931	0.10071337
Core	Core	0.5099545	0.37944055	0.110604994
Core	Core	0.8600808	0.12805615	0.011863094
Core	Healthy	0.197141	0.3563427	0.44651625
Core	Core	0.93002397	0.065921515	0.004054582
Core	Core	0.47062826	0.38104972	0.14832202
Healthy	Core	0.4771211	0.34790057	0.17497832
Healthy	Healthy	0.11173871	0.33177784	0.55648345
Healthy	Periphery	0.25716528	0.42975953	0.31307513
Healthy	Core	0.40306142	0.39298898	0.20394953
Healthy	Periphery	0.2285959	0.4590497	0.31235445
Healthy	Periphery	0.20311397	0.435689	0.36119696
Healthy	Periphery	0.28892148	0.42110944	0.28996903
Healthy	Healthy	0.111865506	0.32238486	0.56574965
Healthy	Core	0.74598014	0.22407444	0.029945323
Healthy	Core	0.55240375	0.3275762	0.120020136
Healthy	Periphery	0.2660022	0.40080982	0.33318797
Healthy	Healthy	0.17403096	0.41245294	0.41351604
Healthy	Healthy	0.21729079	0.3877252	0.394984
Healthy	Periphery	0.26560047	0.40227154	0.33212802
Healthy	Periphery	0.17564173	0.41463786	0.40972042
Healthy	Periphery	0.34408355	0.43587646	0.22003998
Healthy	Periphery	0.39357752	0.44383323	0.16258928
Healthy	Healthy	0.14029112	0.312008	0.5477009
Healthy	Healthy	0.12683775	0.32183892	0.55132335
Healthy	Periphery	0.22739089	0.4407746	0.33183452
Healthy	Periphery	0.3540372	0.41695514	0.22900772
Healthy	Core	0.4523794	0.39569592	0.15192464
Healthy	Healthy	0.28138712	0.29423717	0.42437568
Healthy	Healthy	0.16648123	0.33752355	0.49599525
Healthy	Healthy	0.15933001	0.40428984	0.43638018
Healthy	Healthy	0.18175095	0.37978622	0.4384628
Healthy	Healthy	0.16878077	0.41223285	0.41898644
Healthy	Periphery	0.33203945	0.38070327	0.28725725
Healthy	Core	0.5605742	0.3312725	0.108153276
Healthy	Periphery	0.21182007	0.41140124	0.37677866
Healthy	Healthy	0.13697104	0.34141135	0.52161765
Healthy	Healthy	0.10244259	0.308826	0.5887314
Healthy	Core	0.44573036	0.3559306	0.19833905
Healthy	Periphery	0.35091087	0.39337838	0.25571078
Healthy	Healthy	0.22200271	0.36617026	0.41182706
Healthy	Healthy	0.118671566	0.3021991	0.5791294
Healthy	Healthy	0.24344543	0.35849652	0.39805803
Healthy	Healthy	0.16245225	0.34151545	0.49603227
Healthy	Periphery	0.2904903	0.38998982	0.3195199
Healthy	Periphery	0.22565383	0.4098307	0.36451548
Healthy	Healthy	0.09599049	0.34992537	0.5540842
Healthy	Periphery	0.41071123	0.44599634	0.14329237
Healthy	Periphery	0.2843516	0.37546888	0.3401795
Healthy	Healthy	0.14384513	0.35930657	0.49684832
Healthy	Core	0.54106283	0.31759396	0.14134318
Healthy	Core	0.44901368	0.40493298	0.14605333
Healthy	Healthy	0.1249136	0.29104242	0.5840439
Healthy	Periphery	0.24636015	0.39038396	0.36325586
Healthy	Periphery	0.18375292	0.44072083	0.3755263
Healthy	Periphery	0.19573946	0.42309892	0.38116154
Healthy	Healthy	0.19789888	0.37376723	0.42833388
Healthy	Periphery	0.2913318	0.44347283	0.26519537
Healthy	Healthy	0.17620166	0.37448215	0.44931623
Healthy	Periphery	0.2579759	0.45971045	0.28231364
Healthy	Core	0.6695885	0.2720993	0.058312207
Healthy	Healthy	0.204042	0.34069008	0.45526797
Healthy	Healthy	0.15333514	0.36270753	0.48395735
Healthy	Core	0.6989546	0.2584063	0.042639103
Healthy	Healthy	0.13436007	0.380682	0.48495796
Healthy	Healthy	0.12310196	0.36096752	0.5159306
Healthy	Core	0.42452994	0.40183192	0.17363808
Healthy	Periphery	0.25206444	0.38361475	0.3643208
Healthy	Healthy	0.17062956	0.3859334	0.44343707
Healthy	Core	0.4433321	0.40075707	0.15591073
Healthy	Core	0.45142162	0.36715913	0.18141928
Healthy	Healthy	0.09046992	0.29985774	0.60967237
Healthy	Periphery	0.22671562	0.417147	0.3561373
Healthy	Periphery	0.22257006	0.4070192	0.3704107
Healthy	Periphery	0.2944427	0.40698853	0.29856876
Healthy	Healthy	0.20558754	0.38744462	0.40696782
Healthy	Healthy	0.25138152	0.35602498	0.39259344
Healthy	Periphery	0.3529125	0.45608068	0.19100691
Healthy	Healthy	0.2457555	0.3760192	0.3782253
Healthy	Healthy	0.079735786	0.3513553	0.5689089
Healthy	Healthy	0.27424905	0.28745547	0.4382955
Healthy	Healthy	0.12729098	0.41144803	0.46126106
Healthy	Periphery	0.22815144	0.41908193	0.35276663
Healthy	Core	0.39783964	0.37508047	0.22707985
Healthy	Core	0.87764657	0.112678245	0.009675223
Healthy	Periphery	0.27609897	0.4116572	0.31224388
Healthy	Periphery	0.22091347	0.4434328	0.33565378
Healthy	Core	0.6389709	0.26778692	0.0932422
Healthy	Core	0.568614	0.3262297	0.10515634
Healthy	Healthy	0.20769702	0.377014	0.41528893
Healthy	Healthy	0.095778845	0.31085673	0.5933644
Healthy	Healthy	0.12372076	0.36322144	0.5130578
Healthy	Core	0.43021643	0.39296615	0.17681739
Healthy	Periphery	0.26999426	0.39036837	0.33963737
Healthy	Periphery	0.22766046	0.40048808	0.37185147
Healthy	Healthy	0.16699064	0.35980067	0.47320867
Healthy	Healthy	0.19342694	0.3158745	0.49069858
Healthy	Core	0.7258561	0.22455667	0.04958725
Healthy	Healthy	0.24232773	0.33258957	0.42508268
Healthy	Periphery	0.26193264	0.38721746	0.3508499
Healthy	Healthy	0.13320406	0.37763605	0.4891599
Healthy	Healthy	0.18901087	0.3922693	0.41871983
Healthy	Periphery	0.29831508	0.44478676	0.2568982
Healthy	Healthy	0.11254471	0.3448772	0.54257804
Healthy	Periphery	0.3717754	0.43339312	0.19483157
Healthy	Healthy	0.19074683	0.35376945	0.4554837
Healthy	Periphery	0.28561836	0.40820715	0.30617455
Healthy	Core	0.42772335	0.40598455	0.16629204
Healthy	Healthy	0.17264247	0.38643947	0.4409181
Healthy	Core	0.49843818	0.38984537	0.11171645
Healthy	Periphery	0.334828	0.44232833	0.22284366
Healthy	Periphery	0.22274314	0.40654638	0.37071046
Healthy	Core	0.46058646	0.39043245	0.14898105
Healthy	Core	0.4485867	0.40868485	0.14272851
Healthy	Periphery	0.3868514	0.40545186	0.20769668
Healthy	Periphery	0.3153163	0.37797794	0.30670577
Healthy	Healthy	0.14786205	0.37286887	0.47926906
Healthy	Periphery	0.2510964	0.41258743	0.3363162
Healthy	Periphery	0.28352073	0.4374244	0.2790549
Healthy	Healthy	0.2865439	0.29896343	0.41449267
Healthy	Healthy	0.13653235	0.33569443	0.52777326
Healthy	Periphery	0.32217503	0.40508676	0.27273822
Healthy	Core	0.4812283	0.38683614	0.13193563
Healthy	Core	0.44076288	0.41028163	0.14895555
Healthy	Healthy	0.26569456	0.33593348	0.39837196
Healthy	Core	0.8193467	0.16508408	0.015569175
Healthy	Periphery	0.23329177	0.41507128	0.35163698
Healthy	Healthy	0.17806119	0.34595397	0.47598487
Healthy	Healthy	0.19609897	0.334156	0.469745
Healthy	Healthy	0.23855239	0.34755912	0.41388848
Healthy	Healthy	0.18624677	0.39423555	0.41951776
Healthy	Healthy	0.1054191	0.3856204	0.50896055
Healthy	Periphery	0.4099496	0.4459823	0.14406808
Healthy	Healthy	0.15199597	0.3124591	0.5355449
Healthy	Healthy	0.14072348	0.32941052	0.52986604
Healthy	Healthy	0.1068258	0.29686415	0.5963101
Healthy	Core	0.48127207	0.37053147	0.14819647
Healthy	Periphery	0.17603844	0.4378236	0.386138
Healthy	Periphery	0.19777386	0.42950255	0.37272364
Healthy	Healthy	0.118049785	0.35613868	0.52581155
Healthy	Healthy	0.19560657	0.37958404	0.42480943
Healthy	Periphery	0.28211978	0.4568726	0.26100758
Healthy	Healthy	0.11082173	0.35794654	0.5312317
Healthy	Healthy	0.18520208	0.3947206	0.42007726
Healthy	Healthy	0.18800913	0.36344263	0.44854826
Healthy	Healthy	0.28977674	0.30185646	0.4083668
Healthy	Periphery	0.23160815	0.39700922	0.37138262
Healthy	Healthy	0.15223007	0.3530182	0.4947517
Healthy	Periphery	0.3785317	0.44380066	0.17766765
Healthy	Healthy	0.1377476	0.35706535	0.50518703
Healthy	Healthy	0.16196637	0.38404405	0.45398962
Healthy	Healthy	0.17987096	0.32892084	0.4912082
Healthy	Healthy	0.21207398	0.31551197	0.47241405
Healthy	Core	0.4519501	0.3884231	0.15962677
Healthy	Healthy	0.16200992	0.32423767	0.51375234
Healthy	Healthy	0.13169503	0.30658105	0.5617239
Healthy	Periphery	0.2690361	0.37356573	0.35739818
Healthy	Healthy	0.20981292	0.34085107	0.449336
Healthy	Healthy	0.13070633	0.33928835	0.53000534
Healthy	Core	0.490155	0.38744724	0.12239781
Healthy	Periphery	0.2705076	0.4251738	0.30431864
Healthy	Periphery	0.18268052	0.42113686	0.39618263
Healthy	Healthy	0.25836435	0.3558358	0.38579985
Healthy	Periphery	0.29778972	0.40371117	0.29849905
Healthy	Periphery	0.25601715	0.4276127	0.31637022
Healthy	Periphery	0.31473482	0.42176113	0.26350397
Healthy	Periphery	0.35686776	0.41300914	0.23012313
Healthy	Healthy	0.17679873	0.34593576	0.47726554
Healthy	Healthy	0.10111645	0.28311092	0.61577266
Healthy	Periphery	0.37410963	0.40854493	0.21734542
Healthy	Healthy	0.1653922	0.3959105	0.43869734
Healthy	Periphery	0.29106808	0.36177796	0.3471539
Healthy	Healthy	0.18797304	0.40143946	0.41058755
Healthy	Healthy	0.2939051	0.30547544	0.40061948
Healthy	Healthy	0.16423072	0.38260522	0.453164
Healthy	Periphery	0.3053343	0.36277708	0.3318886
Healthy	Periphery	0.28775162	0.35703495	0.35521346
Healthy	Core	0.52615184	0.3434756	0.13037251
Healthy	Core	0.57055503	0.3030217	0.12642328
Healthy	Healthy	0.10408541	0.34082755	0.5550871
Healthy	Periphery	0.24151124	0.38533595	0.37315282
Healthy	Healthy	0.14790027	0.33303475	0.51906496
Healthy	Core	0.5674899	0.336021	0.09648899
Healthy	Periphery	0.20997187	0.42382225	0.36620587
Healthy	Core	0.57489306	0.32146862	0.103638425
Healthy	Healthy	0.18922132	0.40144926	0.40932944
Healthy	Periphery	0.20193936	0.39987043	0.39819017
Healthy	Healthy	0.17184092	0.32681182	0.5013473
Healthy	Core	0.57820976	0.34076938	0.08102086
Healthy	Healthy	0.1198044	0.32973486	0.55046076
Healthy	Healthy	0.07983926	0.36137792	0.5587829
Healthy	Healthy	0.09400265	0.3160707	0.5899266
Healthy	Core	0.6639826	0.28520587	0.05081148
Healthy	Healthy	0.10723957	0.31161878	0.58114165
Healthy	Healthy	0.11007021	0.32353014	0.5663997
Healthy	Core	0.5278125	0.34566265	0.12652485
Healthy	Healthy	0.2303239	0.36886677	0.40080935
Healthy	Healthy	0.15350427	0.36334842	0.4831473
Healthy	Periphery	0.27455062	0.4024883	0.32296112
Healthy	Periphery	0.30474913	0.38071987	0.31453097
Healthy	Healthy	0.13872163	0.34041125	0.52086717
Healthy	Healthy	0.18488654	0.33121228	0.48390117
Healthy	Healthy	0.21005146	0.34038877	0.44955975
Healthy	Healthy	0.16050744	0.37020835	0.46928424
Healthy	Healthy	0.13934645	0.3283984	0.5322552
Healthy	Healthy	0.15120156	0.40265796	0.44614047
Healthy	Healthy	0.13821195	0.34093595	0.52085215
Healthy	Core	0.58422023	0.32068527	0.0950945
Healthy	Periphery	0.23516734	0.40718466	0.35764804
Healthy	Periphery	0.25832143	0.4252775	0.31640106
Healthy	Healthy	0.11830034	0.313042	0.56865764
Healthy	Healthy	0.12815702	0.35966432	0.5121786
Healthy	Healthy	0.22273956	0.3471297	0.43013075
Healthy	Periphery	0.28108802	0.44742382	0.27148816
Healthy	Healthy	0.14907943	0.33090568	0.5200149
Healthy	Periphery	0.25901672	0.41107264	0.32991067
Healthy	Healthy	0.12756872	0.31925288	0.55317837
Healthy	Healthy	0.08919656	0.2987986	0.6120049
Healthy	Periphery	0.35060117	0.4417587	0.20764011
Healthy	Core	0.45800424	0.40456256	0.1374331
Healthy	Healthy	0.20898609	0.38589504	0.40511885
Healthy	Periphery	0.24552374	0.42575184	0.3287244
Healthy	Core	0.34869236	0.34278852	0.30851907
Healthy	Core	0.58348006	0.32093322	0.09558674
Healthy	Healthy	0.15939456	0.37421396	0.46639156
Healthy	Healthy	0.14787313	0.3086593	0.5434675
Healthy	Periphery	0.33350715	0.43296355	0.23352933
Healthy	Healthy	0.12814006	0.3233539	0.548506
Healthy	Core	0.8243975	0.15742901	0.018173441
Healthy	Core	0.38378948	0.35883832	0.25737223
Healthy	Healthy	0.14527695	0.34577978	0.5089433
Healthy	Healthy	0.13142006	0.33647013	0.5321098
Healthy	Periphery	0.3557018	0.44627443	0.19802374
Healthy	Healthy	0.1999697	0.39646563	0.40356475
Healthy	Core	0.56167233	0.31588578	0.12244185
Healthy	Healthy	0.15445985	0.30002704	0.5455131
Healthy	Healthy	0.18791288	0.3772405	0.43484667
Healthy	Healthy	0.14318211	0.34617004	0.51064783
Healthy	Healthy	0.17594475	0.35715976	0.46689552
Healthy	Periphery	0.26762325	0.4624731	0.26990366
Healthy	Healthy	0.16359434	0.39528996	0.44111568
Healthy	Healthy	0.2199202	0.3646245	0.4154553
Healthy	Core	0.7205467	0.25042588	0.02902738
Healthy	Periphery	0.30242676	0.48502627	0.21254697
Healthy	Core	0.5471101	0.35099247	0.10189739
Healthy	Periphery	0.27953345	0.4368195	0.28364715
Healthy	Healthy	0.19753993	0.386084	0.41637608
Healthy	Core	0.5115781	0.36698464	0.12143731
Healthy	Periphery	0.3044375	0.4231176	0.27244484
Healthy	Healthy	0.13905348	0.3691013	0.49184522
Healthy	Healthy	0.23973912	0.33119437	0.42906654
Healthy	Core	0.55658376	0.34811664	0.09529963
Healthy	Healthy	0.24220487	0.3574842	0.4003109
Healthy	Healthy	0.2798489	0.29279986	0.42735124
Healthy	Core	0.43904367	0.38386735	0.17708902
Healthy	Healthy	0.21249229	0.3429388	0.44456884
Healthy	Core	0.49971667	0.39586163	0.10442167
Healthy	Healthy	0.118266016	0.34035298	0.541381
Healthy	Periphery	0.43020287	0.43912226	0.13067481
Healthy	Healthy	0.11919482	0.30481085	0.5759944
Healthy	Core	0.49167052	0.3427463	0.16558316
Healthy	Healthy	0.17327808	0.37662303	0.45009887
Healthy	Periphery	0.21306397	0.45350116	0.33343482
Healthy	Periphery	0.2780147	0.46298206	0.25900325
Healthy	Periphery	0.2428847	0.43325844	0.3238568
Healthy	Periphery	0.35432902	0.36692855	0.27874243
Healthy	Healthy	0.15496518	0.29480398	0.55023086
Healthy	Healthy	0.23064715	0.36789408	0.40145883
Healthy	Healthy	0.21120706	0.38934612	0.39944685
Healthy	Healthy	0.21223235	0.340257	0.44751066
Healthy	Healthy	0.15188095	0.36836234	0.47975674
Healthy	Healthy	0.15682739	0.40698197	0.43619063
Healthy	Periphery	0.19821072	0.43478662	0.3670027
Healthy	Periphery	0.21009403	0.401294	0.388612
Healthy	Healthy	0.094483845	0.29846543	0.6070507
Healthy	Periphery	0.33482	0.37513575	0.29004425
Healthy	Healthy	0.17661457	0.38056585	0.4428195
Healthy	Core	0.4500777	0.39497977	0.15494251
Healthy	Healthy	0.16296682	0.39339945	0.44363374
Healthy	Healthy	0.28561947	0.29812637	0.41625413
Healthy	Core	0.6335358	0.30796286	0.058501363
Healthy	Periphery	0.39815542	0.43927473	0.16256988
Healthy	Core	0.6157793	0.3235329	0.060687833
Healthy	Core	0.41371754	0.37118882	0.2150937
Healthy	Healthy	0.17147264	0.37348288	0.45504445
Healthy	Periphery	0.2998349	0.44863367	0.25153145
Healthy	Healthy	0.14768624	0.35966808	0.49264562
Healthy	Healthy	0.12973551	0.3344188	0.5358457
Healthy	Healthy	0.122650124	0.37242875	0.50492114
Healthy	Healthy	0.11356477	0.3271127	0.55932254
Healthy	Healthy	0.12569748	0.34971955	0.52458304
Healthy	Core	0.44470042	0.39634806	0.15895154
Healthy	Healthy	0.17699899	0.33370423	0.4892968
Healthy	Core	0.40915105	0.40126792	0.18958102
Healthy	Core	0.544154	0.36427453	0.09157146
Healthy	Healthy	0.22218789	0.34780174	0.43001038
Healthy	Core	0.42618474	0.406357	0.16745827
Healthy	Periphery	0.42073488	0.42779848	0.15146656
Healthy	Healthy	0.10853401	0.33980843	0.5516576
Healthy	Healthy	0.17690286	0.36000255	0.46309456
Healthy	Healthy	0.11889521	0.32615662	0.5549481
Healthy	Periphery	0.39875594	0.3999784	0.20126562
Healthy	Core	0.43211722	0.39380488	0.17407788
Healthy	Periphery	0.26125482	0.44375443	0.2949907
Healthy	Healthy	0.113614134	0.30182606	0.58455986
Healthy	Periphery	0.2556838	0.45980233	0.28451392
Healthy	Healthy	0.18625487	0.36235926	0.45138592
Healthy	Healthy	0.097136416	0.29576805	0.60709554
Healthy	Core	0.47714743	0.40784413	0.11500846
Healthy	Healthy	0.1777997	0.3731535	0.44904682
Healthy	Periphery	0.25173286	0.42243654	0.3258306
Healthy	Core	0.3879128	0.3655528	0.24653436
Healthy	Periphery	0.32595584	0.41772804	0.25631613
Healthy	Periphery	0.2023373	0.4164305	0.38123217
Healthy	Healthy	0.17979094	0.35026693	0.46994212
Healthy	Periphery	0.36402145	0.41310078	0.2228777
Healthy	Core	0.4621869	0.3427791	0.19503403
Healthy	Periphery	0.25904492	0.3735004	0.36745468
Healthy	Healthy	0.17124327	0.374341	0.45441574
Healthy	Healthy	0.2269032	0.38284522	0.39025152
Healthy	Periphery	0.32800442	0.4255494	0.24644631
Healthy	Periphery	0.34502494	0.3937039	0.2612712
Healthy	Periphery	0.32145846	0.42949533	0.24904625
Healthy	Healthy	0.21103017	0.38770008	0.40126976
Healthy	Core	0.49105212	0.3645446	0.14440331
Healthy	Periphery	0.23032399	0.42331627	0.3463597
Healthy	Periphery	0.32256162	0.4067387	0.2706997
Healthy	Core	0.51173145	0.38472146	0.10354712
Healthy	Healthy	0.16878247	0.3826286	0.44858894
Healthy	Periphery	0.28895342	0.39471292	0.31633362
Healthy	Healthy	0.27450386	0.28770256	0.43779355
Healthy	Healthy	0.15198642	0.40388167	0.4441319
Healthy	Periphery	0.30182737	0.36536482	0.3328078
Healthy	Healthy	0.19606528	0.35429978	0.449635
Healthy	Periphery	0.3283845	0.40163547	0.26998007
Healthy	Healthy	0.27881613	0.2918275	0.42935634
Healthy	Healthy	0.21043096	0.39146176	0.3981073
Healthy	Healthy	0.18355648	0.33371305	0.48273045
Healthy	Healthy	0.1569559	0.40283468	0.44020942
Healthy	Periphery	0.2948837	0.39002937	0.31508696
Healthy	Healthy	0.24080592	0.35483444	0.4043596
Healthy	Healthy	0.15016755	0.33351493	0.51631755
Healthy	Healthy	0.14447522	0.30086204	0.55466276
Healthy	Core	0.4178292	0.39765623	0.18451461
Healthy	Healthy	0.09099828	0.35215354	0.5568482
Healthy	Healthy	0.13614269	0.36971456	0.49414283
Healthy	Healthy	0.1542403	0.3332869	0.51247287
Healthy	Healthy	0.2532723	0.35968626	0.38704145
Healthy	Healthy	0.13656859	0.35306543	0.5103659
Healthy	Healthy	0.1065767	0.32861012	0.56481314
Healthy	Healthy	0.1377623	0.35258305	0.5096546
Healthy	Healthy	0.1650917	0.3536131	0.48129517
Healthy	Periphery	0.21537131	0.40965772	0.37497097
Healthy	Healthy	0.19580449	0.36955646	0.43463913
Healthy	Periphery	0.24436857	0.42367938	0.33195207
Healthy	Periphery	0.35991496	0.40510508	0.23497997
Healthy	Core	0.478035	0.39287317	0.1290918
Healthy	Healthy	0.24526484	0.37067163	0.38406357
Healthy	Core	0.38343102	0.37574983	0.24081911
Healthy	Healthy	0.24830501	0.34992653	0.40176842
Healthy	Healthy	0.14178513	0.34310505	0.5151099
Healthy	Healthy	0.13453685	0.3119278	0.5535354
Healthy	Core	0.513222	0.37803254	0.10874551
Healthy	Healthy	0.16186067	0.31873852	0.5194008
Healthy	Healthy	0.10353843	0.35703778	0.5394238
Healthy	Healthy	0.27787346	0.29093483	0.43119177
Healthy	Core	0.5753701	0.3353795	0.08925042
Healthy	Periphery	0.19268692	0.4102313	0.39708176
Healthy	Healthy	0.12978548	0.36689517	0.5033194
Healthy	Core	0.64837265	0.28408548	0.067541845
Healthy	Periphery	0.28669095	0.3630763	0.35023278
Healthy	Core	0.5815214	0.33673123	0.08174729
Healthy	Core	0.47556043	0.3530947	0.17134492
Healthy	Healthy	0.15298635	0.3988443	0.44816935
Healthy	Healthy	0.12120969	0.3450128	0.5337775
Healthy	Healthy	0.18645832	0.39104113	0.42250064
Healthy	Healthy	0.13522063	0.3507987	0.5139807
Healthy	Healthy	0.19874631	0.37511352	0.4261402
Healthy	Healthy	0.2183557	0.37884337	0.40280098
Healthy	Healthy	0.117482185	0.34478724	0.5377306
Healthy	Periphery	0.21678826	0.3917628	0.391449
Healthy	Periphery	0.34896865	0.36419338	0.286838
Healthy	Periphery	0.22430855	0.39072347	0.38496795
Healthy	Core	0.47413635	0.3699489	0.15591481
Healthy	Healthy	0.10689968	0.3749871	0.51811326
Healthy	Healthy	0.15365425	0.38905314	0.45729268
Healthy	Healthy	0.1391536	0.38113764	0.47970873
Healthy	Healthy	0.16036265	0.3241435	0.51549387
Healthy	Healthy	0.2205172	0.3607374	0.41874537
Healthy	Periphery	0.38305813	0.39640582	0.22053614
Healthy	Healthy	0.1296352	0.39221457	0.47815028
Healthy	Periphery	0.29624465	0.44197577	0.26177955
Healthy	Healthy	0.19916649	0.33618736	0.46464625
Healthy	Healthy	0.13069771	0.33651188	0.5327904
Healthy	Periphery	0.32075667	0.3776825	0.30156082
Healthy	Healthy	0.13511802	0.33743885	0.5274431
Healthy	Periphery	0.23332183	0.42701358	0.33966467
Healthy	Healthy	0.2747912	0.28798085	0.43722793
Healthy	Core	0.41630825	0.38685292	0.19683884
Healthy	Healthy	0.18280372	0.32987472	0.48732162
Healthy	Healthy	0.09270532	0.333002	0.57429266
Healthy	Periphery	0.38130748	0.42106286	0.19762965
Healthy	Periphery	0.21866982	0.43183273	0.34949738
Healthy	Periphery	0.25813636	0.42752603	0.31433758
Healthy	Healthy	0.18416552	0.36641064	0.44942376
Healthy	Core	0.5006473	0.3180598	0.1812929
Healthy	Periphery	0.3818073	0.40424362	0.2139491
Healthy	Periphery	0.24061313	0.43552116	0.3238657
Healthy	Periphery	0.31527823	0.38148388	0.30323786
Healthy	Healthy	0.12896138	0.3631213	0.5079173
Healthy	Core	0.48387718	0.3507609	0.16536193
Healthy	Periphery	0.27169105	0.40585205	0.3224569
Healthy	Healthy	0.18853353	0.35498282	0.45648363
Healthy	Healthy	0.2778442	0.29090703	0.43124878
Healthy	Core	0.45437428	0.39370155	0.15192416
Healthy	Healthy	0.16995329	0.37199283	0.45805386
Healthy	Healthy	0.107369475	0.32302338	0.56960714
Healthy	Healthy	0.2175416	0.37973094	0.40272748
Healthy	Healthy	0.117875226	0.3042768	0.577848
Healthy	Periphery	0.3120163	0.42996162	0.25802207
Healthy	Periphery	0.28161666	0.36293182	0.35545146
Healthy	Core	0.48402414	0.41056773	0.10540807
Healthy	Periphery	0.24858165	0.44229722	0.30912116
Healthy	Healthy	0.17207988	0.3577102	0.47020993
Healthy	Core	0.47269276	0.34166753	0.18563968
Healthy	Periphery	0.39251757	0.4259891	0.18149337
Healthy	Periphery	0.38601485	0.40633172	0.2076534
Healthy	Core	0.51223713	0.35113475	0.13662821
Healthy	Healthy	0.18177803	0.3785264	0.43969557
Healthy	Periphery	0.3449764	0.43281022	0.22221346
Healthy	Periphery	0.33479375	0.43637115	0.22883514
Healthy	Healthy	0.19393428	0.35160366	0.45446217
Healthy	Core	0.74382126	0.22559784	0.030580893
Healthy	Periphery	0.2844455	0.40768462	0.30786982
Healthy	Healthy	0.2813555	0.29420775	0.42443672
Healthy	Periphery	0.28256315	0.3935127	0.32392415
Healthy	Healthy	0.17723581	0.34618416	0.47658002
Healthy	Healthy	0.14314078	0.37200102	0.48485824
Healthy	Periphery	0.275493	0.41673198	0.307775
Healthy	Periphery	0.34329182	0.4271371	0.22957106
Healthy	Healthy	0.19417275	0.36724198	0.43858525
Healthy	Healthy	0.1504735	0.37987417	0.4696523
Healthy	Healthy	0.26806554	0.3368176	0.3951169
Healthy	Core	0.82600576	0.16367558	0.010318751
Healthy	Periphery	0.3157331	0.41819018	0.2660767
Healthy	Healthy	0.09011648	0.2976562	0.6122273
Healthy	Periphery	0.36339292	0.43727064	0.19933645
Healthy	Healthy	0.10194988	0.31028578	0.5877643
Healthy	Periphery	0.4107672	0.44049814	0.1487346
Healthy	Healthy	0.1463782	0.31345296	0.5401689
Healthy	Healthy	0.12670095	0.2936375	0.57966155
Healthy	Core	0.3907305	0.38397044	0.22529908
Healthy	Healthy	0.1266535	0.35802242	0.51532406
Healthy	Healthy	0.111218505	0.31280956	0.5759719
Healthy	Healthy	0.25646496	0.3715036	0.37203145
Healthy	Healthy	0.1330714	0.36311376	0.5038149
Healthy	Core	0.9216467	0.0742352	0.0041181375
Healthy	Core	0.5370976	0.33524394	0.12765846
Healthy	Periphery	0.24887992	0.4317801	0.31934002
Healthy	Healthy	0.12125106	0.31160083	0.5671481
Healthy	Core	0.48428163	0.38034904	0.1353693
Healthy	Healthy	0.13626082	0.38080442	0.48293477
Healthy	Healthy	0.19488828	0.3325155	0.4725962
Healthy	Healthy	0.13735953	0.37060836	0.49203217
Healthy	Core	0.57218486	0.31968302	0.108132064
Healthy	Healthy	0.20730786	0.3727887	0.41990343
Healthy	Periphery	0.24766482	0.38760376	0.36473143
Healthy	Core	0.38229296	0.36099145	0.25671554
Healthy	Healthy	0.16590045	0.34315145	0.49094808
Healthy	Core	0.80093735	0.18090042	0.018162254
Healthy	Core	0.6210188	0.32507092	0.053910304
Healthy	Healthy	0.12741004	0.30483317	0.5677567
Healthy	Periphery	0.3975453	0.4012727	0.20118195
Healthy	Healthy	0.23013733	0.3235419	0.44632077
Healthy	Periphery	0.28307605	0.43368798	0.2832359
Healthy	Healthy	0.20042491	0.37928978	0.4202853
Healthy	Healthy	0.27714488	0.2902415	0.4326136
Healthy	Periphery	0.30959293	0.3931362	0.2972709
Healthy	Healthy	0.100299135	0.3097931	0.58990777
Healthy	Core	0.6045364	0.30579358	0.08966998
Healthy	Periphery	0.40608934	0.4366233	0.15728727
Healthy	Healthy	0.10756183	0.34418783	0.5482503
Healthy	Core	0.79746145	0.18518719	0.017351344
Healthy	Healthy	0.26931995	0.28259864	0.4480814
Healthy	Periphery	0.40530357	0.40883332	0.18586317
Healthy	Periphery	0.3112367	0.4402737	0.24848957
Healthy	Periphery	0.33596623	0.42092362	0.24311014
Healthy	Healthy	0.27142236	0.2846883	0.44388938
Healthy	Healthy	0.13430904	0.3365546	0.52913636
Healthy	Periphery	0.27062505	0.41533938	0.3140356
Healthy	Healthy	0.2467277	0.350121	0.4031513
Healthy	Core	0.5561635	0.32144457	0.122391984
Healthy	Periphery	0.16515607	0.4246223	0.4102216
Healthy	Healthy	0.14267914	0.355565	0.50175583
Healthy	Periphery	0.37165895	0.4215725	0.20676854
Healthy	Healthy	0.08513796	0.30242082	0.6124412
Healthy	Healthy	0.14126939	0.36071497	0.49801567
Healthy	Periphery	0.20528705	0.42610243	0.3686105
Healthy	Periphery	0.3339838	0.39307445	0.2729418
Healthy	Healthy	0.11657775	0.34486642	0.5385558
Healthy	Healthy	0.21313323	0.35117832	0.43568847
Healthy	Core	0.3642184	0.3624887	0.2732929
Healthy	Core	0.64262366	0.31130087	0.046075508
Healthy	Healthy	0.13331199	0.3109612	0.55572677
Healthy	Periphery	0.37661147	0.38358888	0.23979962
Healthy	Healthy	0.094233386	0.31410268	0.59166396
Healthy	Healthy	0.13940972	0.38369423	0.4768961
Healthy	Core	0.69362855	0.25648594	0.04988542
Healthy	Healthy	0.21670234	0.37940386	0.40389383
Healthy	Healthy	0.09198191	0.28821385	0.61980426
Healthy	Core	0.64280874	0.2918867	0.06530457
Healthy	Healthy	0.2545016	0.33267426	0.4128241
Healthy	Healthy	0.26489547	0.3353609	0.39974362
Healthy	Periphery	0.22389619	0.4202301	0.35587376
Healthy	Healthy	0.28248623	0.29525632	0.42225745
Healthy	Healthy	0.1835898	0.40410239	0.41230786
Healthy	Core	0.56113267	0.3565242	0.08234316
Healthy	Healthy	0.09873371	0.32787693	0.5733894
Healthy	Core	0.4450364	0.37521145	0.1797521
Healthy	Periphery	0.38251364	0.44362667	0.17385961
Healthy	Periphery	0.28456712	0.39256167	0.32287127
Healthy	Healthy	0.2764014	0.33591297	0.38768566
Healthy	Healthy	0.1253666	0.31005338	0.56458
Healthy	Core	0.40182534	0.37208918	0.22608548
Healthy	Healthy	0.15903512	0.33716476	0.5038001
Healthy	Healthy	0.18561062	0.338813	0.4755763
Healthy	Healthy	0.228254	0.3493309	0.4224151
Healthy	Healthy	0.17853725	0.38950875	0.43195406
Healthy	Healthy	0.1298693	0.3654399	0.50469077
Healthy	Periphery	0.30452946	0.40260518	0.29286537
Healthy	Periphery	0.27378651	0.4521423	0.27407116
Healthy	Core	0.5754697	0.31739792	0.10713237
Healthy	Periphery	0.36498424	0.3737199	0.26129583
Healthy	Periphery	0.2606841	0.3730425	0.36627337
Healthy	Periphery	0.21960014	0.3904838	0.38991606
Healthy	Core	0.45696664	0.39309084	0.14994246
Healthy	Healthy	0.17904504	0.3107521	0.5102029
Healthy	Healthy	0.17630687	0.3405195	0.48317355
Healthy	Healthy	0.09660689	0.31435496	0.58903813
Healthy	Healthy	0.22267969	0.37925613	0.39806414
Healthy	Core	0.7090894	0.2506291	0.040281523
Healthy	Healthy	0.28681958	0.33858562	0.3745948
Healthy	Periphery	0.38164788	0.41035032	0.20800172
Healthy	Healthy	0.12706189	0.2964483	0.57648987
Healthy	Healthy	0.14794077	0.37664288	0.47541633
Healthy	Healthy	0.18141384	0.33166027	0.4869258
Healthy	Healthy	0.12347669	0.37460682	0.50191647
Healthy	Core	0.6369383	0.29346025	0.06960152
Healthy	Periphery	0.27567482	0.41175672	0.3125684
Healthy	Healthy	0.15986465	0.3229621	0.5171732
Healthy	Healthy	0.19985168	0.38458437	0.41556394
Healthy	Healthy	0.19309144	0.3805793	0.42632934
Healthy	Healthy	0.1439661	0.3446952	0.5113387
Healthy	Healthy	0.14193828	0.34074184	0.5173199
Healthy	Core	0.6087237	0.31160766	0.079668686
Healthy	Healthy	0.18628603	0.35031894	0.46339506
Healthy	Periphery	0.24086225	0.42455423	0.33458352
Healthy	Healthy	0.1587104	0.40378854	0.43750104
Healthy	Core	0.4422703	0.3503184	0.2074113
Healthy	Periphery	0.2576966	0.38719067	0.35511282
Healthy	Periphery	0.30391574	0.39476928	0.30131498
Healthy	Healthy	0.23236592	0.36786225	0.39977187
Healthy	Healthy	0.11569206	0.3183705	0.56593746
Healthy	Healthy	0.17734672	0.35077944	0.4718739
Healthy	Periphery	0.23902135	0.4089966	0.35198206
Healthy	Periphery	0.18733361	0.41693056	0.3957358
Healthy	Periphery	0.19255777	0.4353876	0.37205458
Healthy	Healthy	0.19065508	0.36613953	0.44320545
Healthy	Periphery	0.23539387	0.4170535	0.34755266
Healthy	Periphery	0.32700866	0.42387477	0.24911658
Healthy	Healthy	0.1712794	0.3734213	0.4552993
Healthy	Healthy	0.14867583	0.33077708	0.5205471
Healthy	Healthy	0.18538326	0.40276793	0.41184875
Healthy	Healthy	0.12104206	0.3302018	0.5487561
Healthy	Healthy	0.097413376	0.33608085	0.56650573
Healthy	Core	0.5052623	0.39390677	0.10083094
Healthy	Core	0.5201204	0.38154724	0.09833237
Healthy	Periphery	0.39160526	0.39256284	0.21583183
Healthy	Healthy	0.1515462	0.34868848	0.49976534
Healthy	Core	0.60823536	0.30672494	0.08503976
Healthy	Healthy	0.18529865	0.36865637	0.44604495
Healthy	Periphery	0.21000673	0.41309544	0.3768978
Healthy	Healthy	0.24843352	0.3528098	0.39875665
Healthy	Healthy	0.13314322	0.33918625	0.52767056
Healthy	Periphery	0.29299706	0.39798912	0.30901384
Healthy	Periphery	0.41892278	0.4396167	0.14146043
Healthy	Periphery	0.33102727	0.3654363	0.30353647
Healthy	Periphery	0.2318317	0.41062513	0.35754317
Healthy	Healthy	0.12028676	0.31355533	0.5661579
Healthy	Periphery	0.31629986	0.41642514	0.26727507
Healthy	Healthy	0.14741851	0.35859588	0.49398556
Healthy	Periphery	0.33214575	0.38858563	0.27926862
Healthy	Core	0.6021982	0.33134606	0.066455714
Healthy	Healthy	0.21853234	0.37527308	0.40619454
Healthy	Healthy	0.19005331	0.35148975	0.4584569
Healthy	Healthy	0.13021973	0.32070288	0.5490774
Healthy	Healthy	0.16509876	0.3460362	0.48886508
Healthy	Healthy	0.093949385	0.3424617	0.5635889
Healthy	Periphery	0.32085317	0.44011077	0.23903602
Healthy	Periphery	0.22652765	0.42991963	0.34355277
Healthy	Periphery	0.37777695	0.40888885	0.21333422
Healthy	Periphery	0.20070334	0.45714924	0.34214738
Healthy	Healthy	0.17191944	0.32888967	0.49919087
Healthy	Periphery	0.3112314	0.41919482	0.26957387
Healthy	Periphery	0.30592194	0.36470905	0.329369
Healthy	Healthy	0.123202614	0.31973585	0.55706143
Healthy	Core	0.46623224	0.35640684	0.17736095
Healthy	Healthy	0.18705896	0.37837455	0.43456653
Healthy	Healthy	0.121788196	0.34572127	0.53249055
Healthy	Core	0.46484542	0.39638963	0.13876495
Healthy	Healthy	0.12033914	0.33575323	0.54390764
Healthy	Core	0.42780438	0.42185804	0.1503376
Healthy	Healthy	0.1490694	0.33223295	0.5186977
Healthy	Healthy	0.19034618	0.38670877	0.42294508
Healthy	Periphery	0.32206306	0.38190305	0.29603392
Healthy	Healthy	0.19254151	0.35229212	0.45516643
Healthy	Healthy	0.13406469	0.33381927	0.532116
Healthy	Core	0.6812778	0.271988	0.046734136
Healthy	Healthy	0.11837218	0.30426937	0.5773584
Healthy	Healthy	0.2837844	0.35665575	0.35955986
Healthy	Periphery	0.284675	0.3929809	0.3223441
Healthy	Healthy	0.18121788	0.35224923	0.46653292
Healthy	Healthy	0.17230004	0.3764546	0.45124543
Healthy	Healthy	0.216708	0.38985315	0.39343882
Healthy	Periphery	0.3024186	0.37744468	0.3201367
Healthy	Healthy	0.20209502	0.3772672	0.42063773
Healthy	Healthy	0.21954036	0.38858315	0.39187652
Healthy	Periphery	0.33637685	0.44596875	0.21765439
Healthy	Healthy	0.1503415	0.37996775	0.4696908
Healthy	Healthy	0.14690436	0.42616108	0.42693454
Healthy	Core	0.41366175	0.35070893	0.23562928
Healthy	Periphery	0.276358	0.43889615	0.2847458
Healthy	Periphery	0.36245573	0.41119322	0.22635105
Healthy	Periphery	0.27959967	0.40507296	0.31532744
Healthy	Healthy	0.11749171	0.38566315	0.49684513
Healthy	Healthy	0.18945618	0.36916354	0.44138023
Healthy	Healthy	0.1805576	0.34802052	0.47142187
Healthy	Periphery	0.3560639	0.42219898	0.22173712
Healthy	Healthy	0.13181935	0.30658144	0.5615992
Healthy	Healthy	0.11526977	0.34195402	0.54277617
Healthy	Healthy	0.1882841	0.39422452	0.41749132
Healthy	Healthy	0.11721512	0.32182503	0.5609598
Healthy	Healthy	0.12151394	0.372747	0.5057391
Healthy	Periphery	0.24004261	0.3974112	0.36254624
Healthy	Periphery	0.322227	0.41407755	0.26369542
Healthy	Healthy	0.17754753	0.37505335	0.44739917
Healthy	Healthy	0.1431909	0.38685852	0.46995056
Healthy	Healthy	0.15385526	0.34989157	0.4962531
Healthy	Healthy	0.16451526	0.37100273	0.464482
Healthy	Healthy	0.17608884	0.30893886	0.51497227
Healthy	Healthy	0.1831431	0.40141043	0.4154465
Healthy	Periphery	0.18415679	0.42376247	0.39208072
Healthy	Periphery	0.27225408	0.40410784	0.32363817
Healthy	Core	0.6529518	0.2938312	0.053216975
Healthy	Periphery	0.28928763	0.3597164	0.3509959
Healthy	Periphery	0.312139	0.4311064	0.2567546
Healthy	Healthy	0.286539	0.29895902	0.41450197
Healthy	Healthy	0.15966089	0.4105001	0.42983904
Healthy	Healthy	0.18467821	0.3635422	0.45177954
Healthy	Periphery	0.350402	0.3782103	0.2713877
Healthy	Periphery	0.27020448	0.39103314	0.3387624
Healthy	Core	0.40056702	0.37488633	0.22454667
Healthy	Periphery	0.27317646	0.3897278	0.3370957
Healthy	Periphery	0.35550714	0.36134517	0.28314772
Healthy	Healthy	0.26124465	0.33023143	0.40852392
Healthy	Healthy	0.12993419	0.3066818	0.563384
Healthy	Periphery	0.22051698	0.3960408	0.3834422
Healthy	Healthy	0.28652382	0.29894534	0.4145309
Healthy	Core	0.41724658	0.38144246	0.20131092
Healthy	Core	0.37059534	0.3569444	0.27246025
Healthy	Healthy	0.11461979	0.33348414	0.55189604
Healthy	Healthy	0.19178018	0.37114948	0.43707028
Healthy	Periphery	0.3314544	0.41943547	0.24911012
Healthy	Core	0.40788662	0.40674022	0.18537316
Healthy	Periphery	0.3477362	0.42697757	0.22528626
Healthy	Healthy	0.18925577	0.33544078	0.4753034
Healthy	Healthy	0.12675525	0.33607984	0.53716487
Healthy	Periphery	0.3755243	0.41778898	0.2066867
Healthy	Periphery	0.2096892	0.42574465	0.36456612
Healthy	Core	0.53160805	0.33884624	0.12954576
Healthy	Periphery	0.39078537	0.43244037	0.1767743
Healthy	Healthy	0.08280504	0.36141056	0.55578446
Healthy	Core	0.63479245	0.3045829	0.060624648
Healthy	Periphery	0.19723919	0.43632993	0.36643085
Healthy	Periphery	0.2778343	0.40490034	0.31726536
Healthy	Healthy	0.15958384	0.36595666	0.47445944
Healthy	Healthy	0.13839208	0.42057332	0.44103462
Healthy	Healthy	0.13860232	0.3838356	0.47756207
Healthy	Healthy	0.11520422	0.28459597	0.6001999
Healthy	Healthy	0.12620102	0.3563618	0.5174372
Healthy	Healthy	0.106342144	0.30094114	0.59271675
Healthy	Periphery	0.3565753	0.36612874	0.27729595
Healthy	Healthy	0.13223265	0.3108109	0.5569564
Healthy	Periphery	0.3855499	0.41576868	0.19868141
Healthy	Periphery	0.20087472	0.41160634	0.38751897
Healthy	Healthy	0.22960204	0.38257062	0.3878273
Healthy	Healthy	0.13419807	0.34185547	0.52394646
Healthy	Core	0.5871574	0.3225464	0.09029621
Healthy	Healthy	0.15185383	0.37640753	0.4717386
Healthy	Periphery	0.37526408	0.37892786	0.24580802
Healthy	Healthy	0.174356	0.36078897	0.46485502
Healthy	Periphery	0.28382826	0.4006572	0.31551453
Healthy	Core	0.598141	0.32234484	0.0795142
Healthy	Periphery	0.37526286	0.40396687	0.22077028
Healthy	Healthy	0.111954	0.34201643	0.54602957
Healthy	Healthy	0.13126186	0.39335895	0.47537914
Healthy	Healthy	0.09663101	0.28750682	0.6158622
Healthy	Healthy	0.21907432	0.37481076	0.40611494
Healthy	Core	0.59370786	0.3304815	0.0758107
Healthy	Healthy	0.19434719	0.38189557	0.42375723
Healthy	Healthy	0.11467884	0.35557017	0.52975094
Healthy	Periphery	0.28134343	0.40280104	0.31585553
Healthy	Periphery	0.38293424	0.42928076	0.18778495
Healthy	Healthy	0.19705531	0.39793506	0.40500963
Healthy	Healthy	0.21635877	0.34682605	0.43681517
Healthy	Healthy	0.11399999	0.2856048	0.6003952
Healthy	Periphery	0.24878788	0.41407982	0.33713236
Healthy	Healthy	0.15401852	0.35032335	0.49565804
Healthy	Healthy	0.2207072	0.3471744	0.4321184
Healthy	Healthy	0.12155874	0.3469975	0.5314438
Healthy	Healthy	0.14384378	0.37471536	0.48144084
Healthy	Healthy	0.15501843	0.33590907	0.5090725
Healthy	Periphery	0.3725046	0.43045938	0.19703606
Healthy	Core	0.4629109	0.3906746	0.14641456
Healthy	Healthy	0.16745977	0.30152282	0.5310174
Healthy	Periphery	0.2518141	0.43742675	0.31075913
Healthy	Periphery	0.35563925	0.40537632	0.23898445
Healthy	Core	0.73205143	0.23050182	0.03744675
Healthy	Healthy	0.25113532	0.3708145	0.37805012
Healthy	Periphery	0.30857202	0.42664832	0.2647797
Healthy	Healthy	0.181337	0.37014416	0.44851887
Healthy	Healthy	0.19348839	0.38456753	0.42194408
Healthy	Healthy	0.11987819	0.33361265	0.54650915
Healthy	Healthy	0.14988567	0.36110055	0.4890138
Healthy	Healthy	0.1538599	0.35345978	0.49268034
Healthy	Healthy	0.13698366	0.3401065	0.5229098
Healthy	Healthy	0.14131245	0.29157063	0.5671169
Healthy	Periphery	0.28784332	0.43872416	0.27343243
Healthy	Periphery	0.3386546	0.41371027	0.2476351
Healthy	Periphery	0.3482903	0.36657402	0.28513566
Healthy	Periphery	0.24628271	0.40291855	0.3507988
Healthy	Periphery	0.25640455	0.4013986	0.3421968
Healthy	Healthy	0.14802238	0.4147022	0.43727544
Healthy	Periphery	0.22403473	0.39655912	0.3794061
Healthy	Healthy	0.2579154	0.3709654	0.37111914
Healthy	Periphery	0.36206076	0.44213203	0.19580728
Healthy	Periphery	0.209969	0.41702402	0.37300697
Healthy	Healthy	0.1424271	0.39521652	0.46235636
Healthy	Healthy	0.19464031	0.3707878	0.4345719
Healthy	Periphery	0.2975418	0.39418086	0.30827734
Healthy	Healthy	0.22536449	0.36481518	0.40982032
Healthy	Core	0.4250027	0.3758939	0.19910336
Healthy	Core	0.46602052	0.36440918	0.16957031
Healthy	Healthy	0.15780169	0.32224238	0.51995593
Healthy	Periphery	0.32545453	0.4171691	0.2573764
Healthy	Healthy	0.14232063	0.29258102	0.56509835
Healthy	Periphery	0.30125105	0.37880903	0.31993985
Healthy	Periphery	0.35938817	0.3780589	0.2625529
Healthy	Core	0.73386115	0.22601342	0.040125474
Healthy	Periphery	0.33100393	0.42320925	0.24578685
Healthy	Periphery	0.33387545	0.44728842	0.21883613
Healthy	Core	0.8305856	0.15670551	0.012708879
Healthy	Periphery	0.29630345	0.37761343	0.32608312
Healthy	Periphery	0.22331348	0.4176741	0.35901245
Healthy	Healthy	0.15809877	0.40206027	0.43984094
Healthy	Healthy	0.20415832	0.38656968	0.40927196
Healthy	Healthy	0.15013225	0.33108872	0.51877904
Healthy	Healthy	0.15182243	0.35998365	0.48819387
Healthy	Healthy	0.13466439	0.34218487	0.5231507
Healthy	Periphery	0.24087195	0.41512784	0.34400025
Healthy	Core	0.57376206	0.3469587	0.07927922
Healthy	Healthy	0.11832493	0.3178862	0.5637889
Healthy	Periphery	0.3237187	0.44637114	0.22991024
Healthy	Core	0.9047263	0.089586854	0.0056867953
Healthy	Healthy	0.13390885	0.35822165	0.5078695
Healthy	Periphery	0.22055288	0.4054645	0.3739826
Healthy	Core	0.41965172	0.40469757	0.17565069
Healthy	Core	0.4365841	0.40130273	0.16211316
Healthy	Healthy	0.17608781	0.37252682	0.45138538
Healthy	Periphery	0.33729473	0.34498715	0.3177181
Healthy	Periphery	0.364213	0.39316303	0.24262401
Healthy	Core	0.5951085	0.31581622	0.08907518
Healthy	Healthy	0.2243252	0.32217932	0.45349544
Healthy	Periphery	0.33796293	0.42364874	0.23838826
Healthy	Periphery	0.39400664	0.40450126	0.20149209
Healthy	Healthy	0.1809265	0.33453706	0.48453638
Healthy	Periphery	0.32059374	0.3978695	0.28153676
Healthy	Healthy	0.15794252	0.38839096	0.45366654
Healthy	Periphery	0.35452178	0.45416445	0.19131382
Healthy	Core	0.4688676	0.3797771	0.15135527
Healthy	Healthy	0.14986646	0.38975433	0.46037924
Healthy	Healthy	0.1757944	0.37540874	0.4487969
Healthy	Core	0.51080185	0.36324877	0.12594934
Healthy	Healthy	0.2168606	0.32871747	0.45442194
Healthy	Periphery	0.23342286	0.40631393	0.36026323
Healthy	Periphery	0.15945698	0.44241628	0.39812675
Healthy	Periphery	0.28824636	0.4483653	0.26338834
Healthy	Periphery	0.258326	0.375407	0.3662669
Healthy	Healthy	0.17276871	0.37487534	0.45235595
Healthy	Periphery	0.36761132	0.43109646	0.20129216
Healthy	Periphery	0.36533815	0.4009581	0.23370375
Healthy	Healthy	0.25789016	0.35341853	0.38869134
Healthy	Core	0.675189	0.27686056	0.04795036
Healthy	Periphery	0.40251067	0.465402	0.13208726
Healthy	Periphery	0.32115898	0.4144981	0.264343
Healthy	Healthy	0.18695708	0.3490299	0.46401304
Healthy	Periphery	0.2735016	0.47890973	0.2475886
Healthy	Core	0.42964223	0.41588113	0.15447661
Healthy	Healthy	0.08035043	0.31969613	0.5999535
Healthy	Healthy	0.1041093	0.29827955	0.5976111
Healthy	Periphery	0.37067193	0.3873961	0.24193193
Healthy	Healthy	0.22465633	0.34646413	0.42887956
Healthy	Core	0.4932691	0.34418997	0.16254097
Healthy	Periphery	0.34751573	0.3798759	0.2726083
Healthy	Periphery	0.43926165	0.4412343	0.119504064
Healthy	Healthy	0.16786684	0.34105396	0.4910792
Healthy	Healthy	0.18076333	0.35073236	0.4685043
Healthy	Healthy	0.1486793	0.3348114	0.5165093
Healthy	Healthy	0.18982734	0.37028092	0.4398918
Healthy	Periphery	0.37076256	0.41891313	0.21032424
Healthy	Healthy	0.10832081	0.3046669	0.5870123
Healthy	Healthy	0.22012185	0.36494094	0.41493726
Healthy	Healthy	0.1731971	0.31087726	0.5159257
Healthy	Periphery	0.3694044	0.4651325	0.16546308
Healthy	Periphery	0.23196845	0.43065795	0.33737355
Healthy	Healthy	0.17068169	0.34468994	0.48462838
Healthy	Periphery	0.35739338	0.4037932	0.23881347
Healthy	Healthy	0.19850679	0.35595837	0.44553483
Healthy	Periphery	0.232245	0.39763853	0.3701164
Healthy	Core	0.57919246	0.34867898	0.07212858
Healthy	Healthy	0.08730977	0.32075685	0.5919333
Healthy	Periphery	0.36341277	0.45749784	0.17908938
Healthy	Healthy	0.13843979	0.34118545	0.5203748
Healthy	Periphery	0.21680951	0.42146397	0.3617265
Healthy	Core	0.6806238	0.27530694	0.044069253
Healthy	Periphery	0.2544965	0.39373887	0.35176462
Healthy	Healthy	0.15915495	0.35249025	0.48835474
Healthy	Core	0.7339447	0.23528989	0.03076532
Healthy	Healthy	0.1304085	0.3373092	0.5322823
Healthy	Core	0.5667203	0.3338973	0.09938236
Healthy	Periphery	0.2576268	0.42518437	0.3171888
Healthy	Periphery	0.19266024	0.45308354	0.35425615
Healthy	Core	0.37664717	0.34678325	0.27656963
Healthy	Healthy	0.17983083	0.37454677	0.44562244
Healthy	Core	0.40922678	0.3918555	0.19891767
Healthy	Core	0.8976247	0.0960405	0.0063347723
Healthy	Healthy	0.22427882	0.38135388	0.39436734
Healthy	Periphery	0.2851	0.40006956	0.31483048
Healthy	Core	0.42004055	0.40737242	0.17258699
Healthy	Periphery	0.1822669	0.4244956	0.39323744
Healthy	Periphery	0.40228832	0.44543153	0.15228017
Healthy	Healthy	0.13934527	0.39521575	0.46543893
Healthy	Healthy	0.20597099	0.35882995	0.43519905
Healthy	Healthy	0.29717875	0.30828696	0.3945343
Healthy	Core	0.4304471	0.38134587	0.18820703
Healthy	Healthy	0.11861296	0.3323958	0.54899126
Healthy	Healthy	0.10073159	0.33529487	0.5639735
Healthy	Healthy	0.29178563	0.30362785	0.40458652
Healthy	Healthy	0.29175362	0.30359986	0.4046465
Healthy	Healthy	0.19484936	0.34321466	0.46193594
Healthy	Periphery	0.18669364	0.41596273	0.3973436
Healthy	Periphery	0.19639097	0.432352	0.37125698
Healthy	Periphery	0.3284121	0.44315305	0.22843489
Healthy	Healthy	0.16461435	0.3042548	0.5311309
Healthy	Periphery	0.27706844	0.39201644	0.33091506
Healthy	Periphery	0.31068814	0.3822108	0.307101
Healthy	Periphery	0.3027819	0.43118006	0.266038
Healthy	Periphery	0.4285706	0.44037285	0.1310566
Healthy	Core	0.87745833	0.1155524	0.0069892053
Healthy	Periphery	0.2561108	0.43744373	0.3064455
Healthy	Healthy	0.16774994	0.38185832	0.4503917
Healthy	Healthy	0.2160439	0.35914	0.42481613
Healthy	Periphery	0.23341511	0.40385494	0.36273003
Healthy	Core	0.43430567	0.36299217	0.20270213
Healthy	Healthy	0.28713188	0.29949346	0.41337463
Healthy	Healthy	0.16473478	0.38012674	0.45513853
Healthy	Periphery	0.22815786	0.41968814	0.35215402
Healthy	Core	0.4723808	0.42624396	0.10137523
Healthy	Healthy	0.14766137	0.3124056	0.539933
Healthy	Periphery	0.33036312	0.38913107	0.28050584
Healthy	Healthy	0.08249901	0.3427996	0.5747014
Healthy	Healthy	0.13832727	0.3513069	0.51036584
Healthy	Periphery	0.32976004	0.38999385	0.28024605
Healthy	Healthy	0.14371076	0.41322204	0.44306713
Healthy	Core	0.641355	0.29657882	0.062066216
Healthy	Periphery	0.30906844	0.42682338	0.2641082
Healthy	Periphery	0.32170543	0.42833772	0.24995685
Healthy	Healthy	0.15829585	0.3678359	0.47386825
Healthy	Periphery	0.31071132	0.43224815	0.25704053
Healthy	Periphery	0.368731	0.43969506	0.19157398
Healthy	Core	0.89193344	0.10236227	0.0057042837
Healthy	Healthy	0.12533855	0.3838405	0.49082094
Healthy	Healthy	0.12949023	0.36417866	0.5063311
Healthy	Core	0.5110343	0.36281213	0.12615359
Healthy	Periphery	0.28072152	0.38872534	0.33055314
Healthy	Periphery	0.34266025	0.3925369	0.26480284
Healthy	Periphery	0.27287775	0.41399086	0.3131314
Healthy	Healthy	0.117740355	0.34100842	0.54125124
Healthy	Healthy	0.18101597	0.32913288	0.4898511
Healthy	Healthy	0.122667216	0.3376297	0.53970313
Healthy	Core	0.83835006	0.14629969	0.015350247
Healthy	Healthy	0.09593476	0.2888576	0.6152076
Healthy	Periphery	0.16678397	0.4611042	0.37211183
Healthy	Healthy	0.13953562	0.40032667	0.46013778
Healthy	Periphery	0.3295646	0.36242488	0.30801058
Healthy	Periphery	0.2521239	0.40143064	0.34644547
Healthy	Periphery	0.291357	0.44406646	0.26457652
Healthy	Periphery	0.20282215	0.41141015	0.38576767
Healthy	Core	0.41597453	0.35520926	0.22881623
Healthy	Core	0.6072548	0.330346	0.062399253
Healthy	Healthy	0.08663447	0.34186363	0.57150185
Healthy	Healthy	0.1938949	0.38385114	0.42225403
Healthy	Healthy	0.101496026	0.29820567	0.60029835
Healthy	Periphery	0.24626021	0.43361536	0.3201245
Healthy	Core	0.40385526	0.39966872	0.19647601
Healthy	Healthy	0.13820001	0.31381038	0.54798967
Healthy	Healthy	0.14047462	0.32808676	0.53143865
Healthy	Periphery	0.35886568	0.3918182	0.24931613
Healthy	Healthy	0.16231492	0.37076592	0.46691915
Healthy	Healthy	0.19813152	0.3343688	0.46749976
Healthy	Core	0.8717592	0.119596004	0.008644789
Healthy	Periphery	0.32279196	0.41993004	0.25727803
Healthy	Periphery	0.3060104	0.38666546	0.3073241
Healthy	Healthy	0.19948444	0.37120628	0.42930925
Healthy	Healthy	0.12811728	0.3751519	0.49673086
Healthy	Periphery	0.2867994	0.39142147	0.32177916
Healthy	Healthy	0.15607466	0.3522885	0.49163687
Healthy	Periphery	0.3097878	0.40465686	0.28555533
Healthy	Healthy	0.18940301	0.35006142	0.4605356
Healthy	Core	0.72046745	0.23775351	0.041779004
Healthy	Periphery	0.3227937	0.47558674	0.20161954
Healthy	Healthy	0.21165602	0.37524453	0.4130995
Healthy	Healthy	0.29253885	0.3395713	0.36788985
Healthy	Healthy	0.14870349	0.29618457	0.5551119
Healthy	Core	0.48572227	0.38963145	0.124646306
Healthy	Core	0.600006	0.32583126	0.074162774
Healthy	Healthy	0.27545208	0.33942077	0.38512713
Healthy	Periphery	0.18810092	0.46051618	0.3513829
Healthy	Periphery	0.28167722	0.371572	0.3467508
Healthy	Healthy	0.1248085	0.30670264	0.56848884
Healthy	Healthy	0.16667025	0.33502126	0.49830845
Healthy	Healthy	0.19180465	0.39657426	0.41162103
Healthy	Core	0.62791276	0.2986082	0.07347903
Healthy	Core	0.5387381	0.33668676	0.12457515
Healthy	Periphery	0.33580384	0.43708336	0.2271128
Healthy	Healthy	0.18685128	0.31212467	0.501024
Healthy	Core	0.5342611	0.373291	0.09244789
Healthy	Core	0.7006269	0.25532562	0.04404752
Healthy	Healthy	0.27536985	0.36084133	0.3637888
Healthy	Healthy	0.12389287	0.3010044	0.5751027
Healthy	Periphery	0.2697808	0.40094763	0.32927153
Healthy	Periphery	0.25399297	0.3926132	0.3533939
Healthy	Periphery	0.2932487	0.40235215	0.30439916
Healthy	Core	0.6014053	0.33775812	0.060836643
Healthy	Core	0.5182457	0.361867	0.11988728
Healthy	Core	0.4328782	0.34836608	0.21875574
Healthy	Healthy	0.15504955	0.3343735	0.51057696
Healthy	Healthy	0.21580824	0.37662682	0.4075649
Healthy	Healthy	0.2359979	0.36831078	0.3956913
Healthy	Healthy	0.14525871	0.42356277	0.43117845
Healthy	Healthy	0.27370602	0.35876665	0.36752734
Healthy	Periphery	0.32351112	0.4366455	0.23984343
Healthy	Healthy	0.17890738	0.35065645	0.4704362
Healthy	Core	0.45830116	0.4143188	0.12738003
Healthy	Periphery	0.32642126	0.4245881	0.24899054
Healthy	Periphery	0.34641945	0.44817173	0.20540886
Healthy	Core	0.47862965	0.3591227	0.1622476
Healthy	Periphery	0.23449747	0.4033434	0.36215913
Healthy	Periphery	0.39369687	0.40543997	0.20086311
Healthy	Periphery	0.22205247	0.4163692	0.36157832
Healthy	Healthy	0.27946824	0.34149793	0.37903383
Healthy	Periphery	0.3258225	0.44764903	0.22652844
Healthy	Healthy	0.2486945	0.35535574	0.39594978
Healthy	Healthy	0.2162428	0.34462506	0.4391321
Healthy	Periphery	0.28136948	0.36294398	0.3556866
Healthy	Periphery	0.3204593	0.41841257	0.26112813
Healthy	Periphery	0.39165446	0.40961897	0.1987266
Healthy	Healthy	0.19969222	0.39146107	0.4088467
Healthy	Periphery	0.36995834	0.4088537	0.22118789
Healthy	Healthy	0.27591667	0.36120877	0.36287454
Healthy	Healthy	0.11438929	0.3563127	0.52929807
Healthy	Healthy	0.2072866	0.3735165	0.41919696
Healthy	Core	0.7080913	0.25213602	0.03977263
Healthy	Core	0.50466245	0.35926318	0.13607432
Healthy	Healthy	0.1758948	0.4016892	0.42241603
Healthy	Core	0.50703454	0.33890894	0.15405656
Healthy	Healthy	0.15719663	0.3813033	0.4615
Healthy	Periphery	0.21625152	0.39534768	0.3884008
Healthy	Periphery	0.3849288	0.40402377	0.21104741
Healthy	Healthy	0.13957952	0.2941679	0.5662526
Healthy	Core	0.44374767	0.3959311	0.1603212
Healthy	Core	0.6146019	0.29024026	0.095157854
Healthy	Healthy	0.2732709	0.28650334	0.4402257
Healthy	Periphery	0.26307335	0.4393293	0.29759738
Healthy	Healthy	0.14030914	0.29612693	0.56356394
Healthy	Periphery	0.30845678	0.4332382	0.25830492
Healthy	Healthy	0.15726565	0.3444513	0.49828306
Healthy	Periphery	0.29341367	0.41946298	0.2871233
Healthy	Periphery	0.31818143	0.41999143	0.2618272
Healthy	Healthy	0.10932417	0.3478814	0.54279447
Healthy	Healthy	0.14403833	0.41311473	0.44284695
Healthy	Healthy	0.17529754	0.30980387	0.51489854
Healthy	Periphery	0.21821214	0.47104257	0.31074533
Healthy	Core	0.50307256	0.37189487	0.12503256
Healthy	Periphery	0.27637792	0.36312118	0.36050084
Healthy	Healthy	0.14317584	0.37184808	0.48497608
Periphery	Core	0.74419594	0.23070152	0.025102507
Periphery	Healthy	0.13595636	0.33655986	0.5274838
Periphery	Periphery	0.3452156	0.3618801	0.29290435
Periphery	Periphery	0.3525614	0.38901985	0.25841874
Periphery	Core	0.3654805	0.36381355	0.27070594
Periphery	Periphery	0.15446632	0.46419445	0.3813393
Periphery	Periphery	0.23912513	0.41424295	0.3466319
Periphery	Core	0.56543493	0.35517552	0.079389505
Periphery	Core	0.55774236	0.35412484	0.0881328
Periphery	Core	0.65258044	0.2986591	0.048760485
Periphery	Healthy	0.12268859	0.3826366	0.4946748
Periphery	Healthy	0.093991406	0.28752333	0.6184852
Periphery	Core	0.59156334	0.3482559	0.0601808
Periphery	Core	0.7060169	0.26160774	0.032375332
Periphery	Periphery	0.29627198	0.4169388	0.28678918
Periphery	Periphery	0.38994622	0.41423833	0.1958154
Periphery	Healthy	0.19722924	0.38718852	0.41558227
Periphery	Healthy	0.19210161	0.38160372	0.42629468
Periphery	Periphery	0.20429187	0.41771773	0.37799042
Periphery	Healthy	0.15070519	0.3653766	0.48391828
Periphery	Healthy	0.1838309	0.37818626	0.4379829
Periphery	Periphery	0.266019	0.44342145	0.2905596
Periphery	Healthy	0.1875579	0.33509877	0.47734338
Periphery	Healthy	0.11377856	0.30691916	0.57930225
Periphery	Core	0.840708	0.14626178	0.013030226
Periphery	Core	0.57479566	0.34583804	0.07936625
Periphery	Core	0.5231025	0.36416614	0.112731285
Periphery	Core	0.7763132	0.20669629	0.016990539
Periphery	Healthy	0.124244265	0.31926677	0.55648893
Periphery	Periphery	0.30831808	0.42125952	0.27042246
Periphery	Periphery	0.2069825	0.41764325	0.3753742
Periphery	Healthy	0.15614359	0.34010404	0.50375235
Periphery	Healthy	0.23300649	0.33295563	0.43403786
Periphery	Healthy	0.17805475	0.37967467	0.44227058
Periphery	Periphery	0.27140567	0.39610872	0.33248568
Periphery	Core	0.7747463	0.20016706	0.0250866
Periphery	Healthy	0.08885861	0.31968153	0.5914598
Periphery	Healthy	0.1804764	0.3675752	0.45194846
Periphery	Core	0.70475084	0.2476581	0.047591098
Periphery	Periphery	0.28570592	0.36454278	0.34975123
Periphery	Periphery	0.3469514	0.43569273	0.21735589
Periphery	Core	0.6726554	0.26832163	0.059022974
Periphery	Core	0.8912767	0.1000748	0.008648503
Periphery	Periphery	0.24221733	0.38314328	0.37463942
Periphery	Healthy	0.15438946	0.30320895	0.54240155
Periphery	Periphery	0.26554748	0.3927447	0.34170783
Periphery	Core	0.62283283	0.32283446	0.05433263
Periphery	Healthy	0.19816269	0.3597553	0.44208202
Periphery	Core	0.64811265	0.29780003	0.054087244
Periphery	Healthy	0.1572948	0.34929827	0.49340695
Periphery	Healthy	0.16006273	0.40905368	0.43088365
Periphery	Core	0.528795	0.3715618	0.099643216
Periphery	Core	0.66897935	0.2861341	0.04488656
Periphery	Core	0.5172514	0.37191692	0.11083176
Periphery	Core	0.5471284	0.37016532	0.082706325
Periphery	Periphery	0.38670623	0.40107757	0.21221618
Periphery	Healthy	0.104856856	0.30026686	0.5948763
Periphery	Core	0.658876	0.2803207	0.060803268
Periphery	Core	0.64159584	0.2999855	0.058418628
Periphery	Core	0.8524632	0.1370348	0.010501978
Periphery	Periphery	0.34252474	0.46484903	0.19262622
Periphery	Core	0.75082475	0.21977429	0.029400982
Periphery	Healthy	0.132237	0.318096	0.54966694
Periphery	Core	0.5135118	0.37020206	0.1162862
Periphery	Core	0.7127079	0.24645586	0.040836275
Periphery	Healthy	0.16522542	0.32109827	0.5136763
Periphery	Core	0.50219584	0.3886675	0.10913678
Periphery	Periphery	0.3313818	0.43329498	0.23532322
Periphery	Core	0.73968256	0.23147807	0.02883937
Periphery	Core	0.82614386	0.15970129	0.014154778
Periphery	Periphery	0.23140328	0.42234534	0.34625137
Periphery	Healthy	0.124525145	0.31833667	0.55713814
Periphery	Periphery	0.23744528	0.42538235	0.33717236
Periphery	Core	0.6666027	0.29133254	0.042064723
Periphery	Core	0.42059448	0.39365244	0.18575315
Periphery	Healthy	0.16648284	0.36405718	0.46946
Periphery	Healthy	0.20364381	0.35861382	0.4377423
Periphery	Core	0.7337288	0.2385583	0.02771288
Periphery	Healthy	0.103336856	0.31471398	0.5819492
Periphery	Core	0.72336084	0.2414749	0.035164237
Periphery	Periphery	0.2297285	0.40709588	0.36317563
Periphery	Healthy	0.11585707	0.33750197	0.546641
Periphery	Core	0.8907278	0.10101422	0.008257927
Periphery	Core	0.91855186	0.077057704	0.004390442
Periphery	Core	0.9068106	0.08777029	0.005419132
Periphery	Core	0.44711137	0.40615195	0.1467367
Periphery	Healthy	0.17124735	0.34886757	0.47988507
Periphery	Core	0.48097256	0.38030997	0.1387175
Periphery	Periphery	0.32976222	0.42625076	0.24398708
Periphery	Periphery	0.2677664	0.45618615	0.27604747
Periphery	Periphery	0.33764467	0.42490423	0.2374511
Periphery	Periphery	0.39697984	0.42247245	0.18054773
Periphery	Core	0.64980435	0.287672	0.06252356
Periphery	Core	0.54807144	0.35647437	0.095454134
Periphery	Healthy	0.2135811	0.36284363	0.42357525
Periphery	Healthy	0.13939098	0.34143308	0.51917595
Periphery	Periphery	0.32757455	0.3770766	0.29534885
Periphery	Core	0.76439464	0.21076939	0.024836011
Periphery	Core	0.4623462	0.37876192	0.1588918
Periphery	Periphery	0.18894573	0.45284355	0.3582107
Periphery	Core	0.7643031	0.21576972	0.019927239
Periphery	Healthy	0.19926003	0.35839605	0.44234395
Periphery	Healthy	0.16569759	0.35060158	0.48370084
Periphery	Periphery	0.32682765	0.39367512	0.27949724
Periphery	Periphery	0.27773532	0.46313313	0.25913152
Periphery	Core	0.43365866	0.39420697	0.17213437
Periphery	Periphery	0.33887708	0.43816635	0.22295663
Periphery	Periphery	0.17175147	0.4243432	0.40390527
Periphery	Healthy	0.20056096	0.31854686	0.48089218
Periphery	Healthy	0.10653779	0.28792626	0.6055359
Periphery	Healthy	0.12944655	0.3377362	0.5328172
Periphery	Periphery	0.2298423	0.39492282	0.3752348
Periphery	Core	0.710987	0.25564244	0.033370595
Periphery	Healthy	0.18267745	0.37595603	0.4413665
Periphery	Core	0.74885	0.22044162	0.030708352
Periphery	Core	0.39013204	0.38301194	0.22685604
Periphery	Core	0.72581935	0.24203023	0.032150388
Periphery	Periphery	0.39617273	0.4070478	0.1967795
Periphery	Core	0.44558933	0.40066457	0.15374602
Periphery	Periphery	0.33831942	0.34764412	0.3140365
Periphery	Healthy	0.21230856	0.37142688	0.4162646
Periphery	Core	0.4837895	0.39621028	0.12000019
Periphery	Core	0.51471925	0.36194038	0.123340376
Periphery	Core	0.67013353	0.27901635	0.05085017
Periphery	Healthy	0.2747926	0.33913103	0.38607633
Periphery	Core	0.80893296	0.1762106	0.014856456
Periphery	Healthy	0.27612352	0.28926438	0.4346121
Periphery	Healthy	0.18720295	0.39217654	0.42062056
Periphery	Healthy	0.14457487	0.33351365	0.5219114
Periphery	Healthy	0.14049351	0.3811248	0.47838172
Periphery	Core	0.4919207	0.3541851	0.15389411
Periphery	Healthy	0.18731606	0.3307333	0.4819506
Periphery	Periphery	0.38016188	0.45239663	0.1674415
Periphery	Periphery	0.19696487	0.41311097	0.3899242
Periphery	Core	0.85769767	0.12901565	0.0132867135
Periphery	Healthy	0.12937276	0.3649614	0.50566584
Periphery	Periphery	0.399121	0.4223712	0.17850779
Periphery	Core	0.5933322	0.33356255	0.073105305
Periphery	Healthy	0.17192486	0.40071014	0.42736498
Periphery	Core	0.8891141	0.10225582	0.008630081
Periphery	Healthy	0.1266419	0.3683031	0.505055
Periphery	Core	0.73243207	0.2347408	0.032827172
Periphery	Periphery	0.27368414	0.38834745	0.33796838
Periphery	Core	0.86657983	0.12625061	0.0071695102
Periphery	Core	0.50080806	0.3741198	0.12507215
Periphery	Periphery	0.23628488	0.47896448	0.28475064
Periphery	Healthy	0.27784595	0.29090866	0.43124542
Periphery	Healthy	0.1743676	0.3457542	0.47987816
Periphery	Periphery	0.36501828	0.44944227	0.18553942
Periphery	Core	0.87161714	0.11804574	0.010337224
Periphery	Core	0.9009855	0.09349826	0.0055162474
Periphery	Periphery	0.25972447	0.46478432	0.27549115
Periphery	Core	0.91332906	0.08168576	0.0049851947
Periphery	Periphery	0.39237994	0.39474228	0.21287781
Periphery	Core	0.8646016	0.12523578	0.010162562
Periphery	Periphery	0.3691808	0.46317226	0.16764696
Periphery	Periphery	0.3452232	0.4259289	0.22884794
Periphery	Periphery	0.37164962	0.42094833	0.20740195
Periphery	Healthy	0.2362528	0.37280774	0.39093947
Periphery	Core	0.9232522	0.072849505	0.0038982555
Periphery	Core	0.48826775	0.34379277	0.16793951
Periphery	Healthy	0.09726344	0.3133399	0.5893967
Periphery	Core	0.81399643	0.16876478	0.017238682
Periphery	Periphery	0.38313934	0.39908686	0.21777381
Periphery	Healthy	0.18256617	0.33243337	0.48500046
Periphery	Core	0.45412865	0.3762764	0.1695949
Periphery	Core	0.59396577	0.33800054	0.06803366
Periphery	Healthy	0.12130681	0.35925204	0.51944107
Periphery	Core	0.9037123	0.09043328	0.005854386
Periphery	Core	0.5129529	0.391876	0.09517111
Periphery	Healthy	0.20210929	0.3388699	0.4590208
Periphery	Healthy	0.12829323	0.32443655	0.54727024
Periphery	Healthy	0.13636151	0.38767722	0.47596127
Periphery	Core	0.821608	0.16232291	0.0160691
Periphery	Core	0.66438144	0.28351882	0.052099776
Periphery	Core	0.41966066	0.41193488	0.16840447
Periphery	Periphery	0.34491247	0.414283	0.2408045
Periphery	Periphery	0.37169775	0.4425186	0.18578371
Periphery	Periphery	0.4025585	0.42803913	0.1694024
Periphery	Core	0.5773642	0.31053913	0.112096675
Periphery	Core	0.614124	0.33548892	0.05038715
Periphery	Core	0.7906437	0.1798966	0.029459747
Periphery	Periphery	0.30842856	0.46029213	0.23127924
Periphery	Healthy	0.08140648	0.30412504	0.61446846
Periphery	Core	0.74763626	0.21820183	0.03416199
Periphery	Periphery	0.3339173	0.4273164	0.23876634
Periphery	Core	0.6014089	0.3442591	0.054331988
Periphery	Healthy	0.12456375	0.3609542	0.5144821
Periphery	Core	0.59426457	0.34017962	0.06555581
Periphery	Core	0.55544263	0.3407186	0.1038388
Periphery	Healthy	0.2023987	0.39037764	0.40722364
Periphery	Core	0.56085896	0.35202923	0.087111846
Periphery	Periphery	0.24857998	0.40353984	0.34788015
Periphery	Periphery	0.21759336	0.3973152	0.38509145
Periphery	Core	0.8103118	0.16905883	0.02062936
Periphery	Periphery	0.31103688	0.41570106	0.27326208
Periphery	Healthy	0.19062479	0.38685966	0.4225155
Periphery	Periphery	0.23621026	0.43318063	0.33060908
Periphery	Periphery	0.19891353	0.41305062	0.38803583
Periphery	Healthy	0.16265267	0.36711895	0.47022843
Periphery	Healthy	0.13419719	0.34378248	0.52202034
Periphery	Healthy	0.10110123	0.2911973	0.6077014
Periphery	Periphery	0.38388047	0.42367378	0.1924457
Periphery	Core	0.8605097	0.13210492	0.007385392
Periphery	Core	0.5875082	0.33759075	0.07490111
Periphery	Periphery	0.4135939	0.44900683	0.13739921
Periphery	Healthy	0.09967554	0.31190395	0.5884205
Periphery	Periphery	0.23776993	0.38613448	0.37609553
Periphery	Periphery	0.38956672	0.40965593	0.20077738
Periphery	Periphery	0.26236224	0.40628877	0.33134893
Periphery	Healthy	0.13006705	0.32443473	0.5454982
Periphery	Core	0.4191469	0.33641812	0.244435
Periphery	Core	0.6153167	0.3259842	0.058699116
Periphery	Core	0.7476646	0.22169028	0.030645167
Periphery	Periphery	0.39548385	0.4152495	0.1892666
Periphery	Healthy	0.15510938	0.30091095	0.54397964
Periphery	Core	0.8907051	0.10320165	0.0060932906
Periphery	Periphery	0.25138927	0.44833884	0.3002719
Periphery	Periphery	0.23913887	0.3842073	0.37665376
Periphery	Healthy	0.10010064	0.3339105	0.56598884
Periphery	Healthy	0.09616459	0.3156813	0.58815414
Periphery	Core	0.79167676	0.18678226	0.021540936
Periphery	Core	0.77295524	0.20910782	0.017936945
Periphery	Core	0.64689535	0.2939688	0.059135843
Periphery	Core	0.7409237	0.2271656	0.031910647
Periphery	Healthy	0.08290046	0.3242278	0.5928718
Periphery	Core	0.74200654	0.22958781	0.028405577
Periphery	Healthy	0.08794725	0.33743873	0.57461405
Periphery	Healthy	0.14201999	0.32485795	0.533122
Periphery	Periphery	0.34666905	0.4452095	0.20812146
Periphery	Core	0.6700624	0.2919182	0.038019337
Periphery	Healthy	0.08811983	0.29737994	0.6145002
Periphery	Periphery	0.3213111	0.4069814	0.27170753
Periphery	Core	0.81451327	0.1685448	0.016941916
Periphery	Core	0.9155296	0.0781724	0.006298025
Periphery	Healthy	0.10499229	0.3410809	0.55392677
Periphery	Core	0.40762082	0.38840246	0.20397677
Periphery	Healthy	0.22856522	0.35031804	0.4211167
Periphery	Periphery	0.3011352	0.38366562	0.31519923
Periphery	Core	0.49023718	0.38625157	0.123511255
Periphery	Healthy	0.14388213	0.31452143	0.5415965
Periphery	Healthy	0.15231022	0.33610523	0.5115846
Periphery	Periphery	0.36531022	0.39753994	0.2371499
Periphery	Core	0.7012618	0.26008028	0.038657993
Periphery	Core	0.7895076	0.19389263	0.016599733
Periphery	Healthy	0.14477293	0.32845238	0.5267747
Periphery	Healthy	0.19935928	0.35947368	0.44116706
Periphery	Core	0.45665544	0.41934925	0.123995245
Periphery	Core	0.57494694	0.34766477	0.07738832
Periphery	Healthy	0.13216321	0.35690758	0.5109292
Periphery	Periphery	0.23938166	0.43321335	0.32740504
Periphery	Healthy	0.17215018	0.34685782	0.480992
Periphery	Core	0.6543238	0.28975445	0.055921793
Periphery	Healthy	0.25533968	0.3310771	0.41358316
Periphery	Healthy	0.17884664	0.33261818	0.48853517
Periphery	Periphery	0.29113403	0.37774748	0.33111846
Periphery	Periphery	0.27354628	0.38971022	0.3367436
Periphery	Core	0.8034725	0.18236403	0.014163526
Periphery	Periphery	0.375041	0.44544134	0.17951764
Periphery	Healthy	0.09590172	0.29180953	0.6122887
Periphery	Healthy	0.14787304	0.31504026	0.5370867
Periphery	Periphery	0.32095808	0.453247	0.22579488
Periphery	Core	0.7748575	0.2062987	0.018843787
Periphery	Core	0.8454016	0.14130953	0.013288876
Periphery	Healthy	0.13906048	0.3997418	0.4611977
Periphery	Healthy	0.1875664	0.37213612	0.4402975
Periphery	Periphery	0.2397377	0.4223753	0.33788708
Periphery	Core	0.46544442	0.39863542	0.13592008
Periphery	Healthy	0.14009799	0.34147277	0.5184292
Periphery	Core	0.67464775	0.27247727	0.052874956
Periphery	Periphery	0.21705009	0.44609958	0.33685035
Periphery	Core	0.8737661	0.11808082	0.008153107
Periphery	Core	0.5127972	0.36448812	0.122714706
Periphery	Core	0.75071484	0.22781596	0.021469213
Periphery	Core	0.80694777	0.16966434	0.023387894
Periphery	Core	0.4599236	0.35751745	0.18255903
Periphery	Periphery	0.2326671	0.43584988	0.33148304
Periphery	Core	0.5317002	0.3704309	0.09786894
Periphery	Periphery	0.31262475	0.43054378	0.25683153
Periphery	Healthy	0.16223072	0.3567596	0.48100963
Periphery	Core	0.5495478	0.33039173	0.120060466
Periphery	Periphery	0.21222542	0.44791627	0.33985832
Periphery	Healthy	0.16799037	0.3606828	0.47132677
Periphery	Periphery	0.2762801	0.41406122	0.30965862
Periphery	Core	0.41706857	0.36782402	0.21510737
Periphery	Healthy	0.22156815	0.3768213	0.40161058
Periphery	Periphery	0.2112003	0.41528916	0.37351048
Periphery	Periphery	0.24822858	0.40359864	0.34817278
Periphery	Core	0.44002864	0.40977678	0.1501946
Periphery	Periphery	0.37893182	0.41978142	0.20128681
Periphery	Healthy	0.16700841	0.3850174	0.44797415
Periphery	Core	0.48408744	0.40283147	0.11308105
Periphery	Core	0.80264497	0.17733929	0.020015704
Periphery	Periphery	0.32950994	0.45277232	0.21771769
Periphery	Periphery	0.31114984	0.4353898	0.2534604
Periphery	Core	0.6236918	0.31519416	0.061114047
Periphery	Healthy	0.14615901	0.36020988	0.49363115
Periphery	Core	0.64265937	0.31354138	0.043799218
Periphery	Healthy	0.15995257	0.34204918	0.49799818
Periphery	Core	0.4757449	0.36879852	0.15545657
Periphery	Core	0.45295143	0.40138784	0.14566073
Periphery	Core	0.49925956	0.3754853	0.12525517
Periphery	Core	0.7998881	0.18111703	0.018994922
Periphery	Healthy	0.10790264	0.29760888	0.59448844
Periphery	Periphery	0.39904004	0.45450768	0.14645226
Periphery	Healthy	0.24899007	0.35795236	0.39305753
Periphery	Core	0.39583865	0.36139232	0.242769
Periphery	Healthy	0.10158055	0.28036273	0.6180567
Periphery	Healthy	0.1771206	0.3760029	0.4468766
Periphery	Healthy	0.25230318	0.3733671	0.37432966
Periphery	Core	0.88718903	0.103629045	0.009181956
Periphery	Core	0.4015299	0.3918178	0.2066523
Periphery	Core	0.73817253	0.22954147	0.032285996
Periphery	Core	0.6446159	0.29503366	0.06035041
Periphery	Core	0.90724295	0.0861385	0.006618593
Periphery	Periphery	0.35332626	0.37843534	0.2682384
Periphery	Healthy	0.11368233	0.31508264	0.57123506
Periphery	Core	0.51908386	0.37716618	0.103750035
Periphery	Core	0.5719249	0.34709352	0.080981605
Periphery	Core	0.7383974	0.22981465	0.03178792
Periphery	Healthy	0.14476216	0.31982106	0.5354168
Periphery	Healthy	0.20610227	0.31984484	0.47405285
Periphery	Healthy	0.12564948	0.39020422	0.48414633
Periphery	Healthy	0.18219943	0.3485095	0.46929106
Periphery	Periphery	0.35090008	0.4340673	0.21503262
Periphery	Periphery	0.33611885	0.46912742	0.19475368
Periphery	Periphery	0.33831596	0.4259025	0.23578158
Periphery	Periphery	0.21999119	0.4161612	0.36384755
Periphery	Core	0.5697176	0.36081174	0.06947069
Periphery	Periphery	0.31447574	0.3628321	0.32269216
Periphery	Periphery	0.28447294	0.3833541	0.3321729
Periphery	Healthy	0.09687569	0.31580824	0.58731604
Periphery	Core	0.44681793	0.40156043	0.15162164
Periphery	Periphery	0.35797143	0.41583657	0.22619191
Periphery	Healthy	0.24451523	0.3575903	0.39789453
Periphery	Periphery	0.24086595	0.4084654	0.3506687
Periphery	Core	0.9130894	0.08107235	0.005838212
Periphery	Core	0.4967154	0.4090733	0.09421136
Periphery	Healthy	0.1050113	0.3128112	0.5821775
Periphery	Core	0.61682844	0.3179674	0.06520408
Periphery	Healthy	0.24980274	0.35281014	0.39738718
Periphery	Healthy	0.18427448	0.35466295	0.46106255
Periphery	Core	0.8273681	0.15677628	0.015855625
Periphery	Healthy	0.1701993	0.3985545	0.4312461
Periphery	Healthy	0.18207903	0.32926607	0.4886548
Periphery	Periphery	0.21125047	0.41761693	0.37113255
Periphery	Periphery	0.40295964	0.41100034	0.18603998
Periphery	Core	0.57116055	0.35470408	0.0741354
Periphery	Core	0.61766523	0.32345885	0.058875892
Periphery	Healthy	0.095106244	0.33593583	0.568958
Periphery	Periphery	0.31366476	0.4660783	0.22025697
Periphery	Periphery	0.33431703	0.45970196	0.20598106
Periphery	Healthy	0.12302815	0.3991893	0.47778255
Periphery	Periphery	0.31659755	0.4389721	0.2444304
Periphery	Core	0.44788843	0.39573026	0.15638137
Periphery	Core	0.54259986	0.38414577	0.07325435
Periphery	Healthy	0.15250029	0.38169402	0.46580574
Periphery	Healthy	0.2782734	0.34334806	0.37837857
Periphery	Core	0.7837955	0.19502509	0.021179477
Periphery	Core	0.7826735	0.20225975	0.015066785
Periphery	Core	0.5137665	0.35481614	0.13141733
Periphery	Core	0.41876063	0.36715782	0.21408154
Periphery	Healthy	0.24193333	0.32954082	0.4285258
Periphery	Periphery	0.21010958	0.4246384	0.36525208
Periphery	Core	0.49655557	0.34268788	0.16075659
Periphery	Healthy	0.092341825	0.29281121	0.61484694
Periphery	Core	0.77246886	0.20972323	0.017807825
Periphery	Periphery	0.26688665	0.44118282	0.29193044
Periphery	Core	0.5007272	0.3662228	0.13305007
Periphery	Core	0.43112886	0.38459656	0.18427457
Periphery	Healthy	0.109510995	0.31319594	0.57729304
Periphery	Healthy	0.1773994	0.3994346	0.42316598
Periphery	Healthy	0.15610364	0.337801	0.5060954
Periphery	Healthy	0.15650815	0.3868234	0.45666853
Periphery	Periphery	0.3722807	0.42070386	0.20701542
Periphery	Core	0.7117669	0.2557152	0.032517865
Periphery	Periphery	0.42209822	0.44787905	0.13002275
Periphery	Periphery	0.26827872	0.39266402	0.3390572
Periphery	Core	0.72160745	0.24403949	0.034353092
Periphery	Healthy	0.12882367	0.33572072	0.53545564
Periphery	Healthy	0.18258952	0.32775462	0.48965585
Periphery	Periphery	0.36614633	0.433261	0.2005927
Periphery	Core	0.69183266	0.2588147	0.049352586
Periphery	Healthy	0.16265051	0.35481682	0.48253265
Periphery	Periphery	0.32643393	0.4641364	0.20942973
Periphery	Core	0.64109343	0.30480978	0.054096825
Periphery	Core	0.590711	0.3151285	0.094160475
Periphery	Periphery	0.32128918	0.38663986	0.29207098
Periphery	Periphery	0.19247283	0.44412994	0.36339724
Periphery	Core	0.5316555	0.37959522	0.08874922
Periphery	Core	0.58234507	0.35194612	0.06570879
Periphery	Core	0.8088448	0.17799489	0.013160285
Periphery	Periphery	0.2230987	0.39925602	0.37764525
Periphery	Core	0.5749825	0.33941376	0.08560373
Periphery	Core	0.6515842	0.3105255	0.037890296
Periphery	Core	0.76291394	0.21281026	0.02427578
Periphery	Healthy	0.1153592	0.36224923	0.5223916
Periphery	Healthy	0.19307846	0.3537419	0.4531796
Periphery	Periphery	0.34021154	0.4135012	0.24628726
Periphery	Healthy	0.1948255	0.3556401	0.44953448
Periphery	Periphery	0.33861303	0.40312722	0.2582598
Periphery	Core	0.50705314	0.33879605	0.15415083
Periphery	Periphery	0.27921247	0.4054282	0.3153593
Periphery	Core	0.44552058	0.4261806	0.12829882
Periphery	Core	0.55045855	0.35998988	0.08955155
Periphery	Periphery	0.31273645	0.41524193	0.27202162
Periphery	Healthy	0.11787787	0.36017808	0.521944
Periphery	Healthy	0.14247285	0.3443854	0.51314175
Periphery	Core	0.91829306	0.077170506	0.004536439
Periphery	Periphery	0.37193906	0.4140359	0.21402507
Periphery	Periphery	0.38351426	0.42999643	0.18648928
Periphery	Periphery	0.22555171	0.41704938	0.3573989
Periphery	Periphery	0.25837165	0.41277093	0.3288574
Periphery	Core	0.57904637	0.34014827	0.08080544
Periphery	Core	0.910154	0.08410295	0.005743015
Periphery	Core	0.6191784	0.2960213	0.08480037
Periphery	Periphery	0.2833092	0.41433606	0.30235484
Periphery	Healthy	0.1913119	0.38196838	0.42671973
Periphery	Core	0.88274884	0.10967057	0.0075805723
Periphery	Core	0.6867235	0.26455778	0.04871873
Periphery	Healthy	0.17873229	0.36400998	0.45725772
Periphery	Periphery	0.22233932	0.4008286	0.37683216
Periphery	Healthy	0.28863007	0.30083638	0.41053358
Periphery	Periphery	0.28852522	0.46335447	0.24812038
Periphery	Periphery	0.23548232	0.42182994	0.3426877
Periphery	Healthy	0.1668495	0.37739527	0.4557553
Periphery	Periphery	0.25209928	0.38864812	0.35925263
Periphery	Healthy	0.2597436	0.3616746	0.37858176
Periphery	Healthy	0.18782358	0.38623384	0.42594254
Periphery	Core	0.5795537	0.36555943	0.05488682
Periphery	Core	0.53092504	0.36065072	0.10842429
Periphery	Healthy	0.2891372	0.33775407	0.37310866
Periphery	Periphery	0.40761954	0.4109968	0.18138367
Periphery	Periphery	0.1914687	0.4052551	0.4032762
Periphery	Healthy	0.14376648	0.36487564	0.49135792
Periphery	Healthy	0.17073226	0.34467086	0.4845969
Periphery	Core	0.71376324	0.24748868	0.038748138
Periphery	Periphery	0.36048818	0.470268	0.16924383
Periphery	Core	0.8714	0.11767174	0.010928225
Periphery	Healthy	0.1210211	0.33906424	0.53991467
Periphery	Healthy	0.24193174	0.36849502	0.38957328
Periphery	Core	0.64797884	0.31202677	0.0399944
Periphery	Healthy	0.14752853	0.33207378	0.5203977
Periphery	Core	0.8316211	0.15731053	0.011068328
Periphery	Core	0.7594795	0.20571795	0.0348025
Periphery	Healthy	0.16842617	0.38198027	0.4495936
Periphery	Healthy	0.11475506	0.33872283	0.5465221
Periphery	Healthy	0.13299546	0.34910294	0.5179016
Periphery	Healthy	0.15030947	0.38784057	0.46185005
Periphery	Healthy	0.1562222	0.41417697	0.42960086
Periphery	Healthy	0.1520895	0.40611762	0.4417929
Periphery	Periphery	0.31443018	0.42850468	0.2570652
Periphery	Core	0.7717674	0.2054149	0.022817763
Periphery	Periphery	0.43306702	0.44627076	0.12066212
Periphery	Core	0.6106278	0.3301387	0.059233535
Periphery	Periphery	0.34277332	0.4273708	0.22985588
Periphery	Periphery	0.38441613	0.42538235	0.19020155
Periphery	Periphery	0.2123354	0.43019265	0.35747194
Periphery	Healthy	0.17095114	0.3269003	0.5021485
Periphery	Core	0.6716563	0.28605536	0.042288307
Periphery	Periphery	0.35351565	0.39384845	0.2526359
Periphery	Core	0.7521223	0.21129628	0.036581423
Periphery	Core	0.79773146	0.18039308	0.021875473
Periphery	Periphery	0.2892827	0.3842439	0.32647333
Periphery	Core	0.4596623	0.3776144	0.16272332
Periphery	Healthy	0.17254785	0.40020382	0.42724836
Periphery	Core	0.67348146	0.28578907	0.040729526
Periphery	Core	0.9105623	0.08445167	0.004985992
Periphery	Healthy	0.1544606	0.33767405	0.50786537
Periphery	Healthy	0.12736674	0.32021898	0.5524143
Periphery	Healthy	0.12038426	0.31321663	0.56639904
Periphery	Core	0.77337307	0.2033419	0.023285035
Periphery	Periphery	0.23877904	0.381715	0.379506
Periphery	Periphery	0.376528	0.41074416	0.21272783
Periphery	Healthy	0.20297603	0.38755375	0.4094703
Periphery	Healthy	0.19852075	0.31480533	0.48667383
Periphery	Periphery	0.18251365	0.41041628	0.40707
Periphery	Core	0.588762	0.30278292	0.10845513
Periphery	Periphery	0.17972757	0.42926583	0.39100668
Periphery	Core	0.8021783	0.1813181	0.01650364
Periphery	Healthy	0.12933056	0.4068694	0.4638
Periphery	Core	0.7400637	0.23236239	0.027573893
Periphery	Core	0.35839283	0.34216145	0.29944566
Periphery	Healthy	0.13415442	0.3089019	0.5569436
Periphery	Core	0.58444977	0.34693518	0.06861503
Periphery	Healthy	0.281736	0.29456133	0.4237027
Periphery	Core	0.8358308	0.15257163	0.0115975905
Periphery	Healthy	0.20645113	0.36199823	0.43155062
Periphery	Core	0.8531004	0.13602395	0.010875671
Periphery	Core	0.70733196	0.25690916	0.035758924
Periphery	Healthy	0.24111702	0.33235	0.426533
Periphery	Periphery	0.30274373	0.44194	0.2553163
Periphery	Core	0.7193283	0.24639423	0.03427745
Periphery	Core	0.5837855	0.3462804	0.06993417
Periphery	Core	0.57352906	0.35839847	0.068072416
Periphery	Healthy	0.093819484	0.32897076	0.5772098
Periphery	Periphery	0.28131992	0.3906571	0.328023
Periphery	Healthy	0.10733212	0.29480252	0.5978654
Periphery	Periphery	0.3100531	0.39489836	0.2950485
Periphery	Healthy	0.16728136	0.30749816	0.52522045
Periphery	Healthy	0.23464227	0.36969608	0.39566162
Periphery	Periphery	0.34989914	0.36040962	0.28969127
Periphery	Healthy	0.14550865	0.31752732	0.536964
Periphery	Core	0.68092865	0.27761894	0.04145235
Periphery	Core	0.61281955	0.3179924	0.06918806
Periphery	Core	0.82901084	0.15616676	0.014822365
Periphery	Periphery	0.33675843	0.38635635	0.27688524
Periphery	Healthy	0.16237608	0.39901084	0.4386131
Periphery	Healthy	0.13931125	0.3452703	0.5154184
Periphery	Periphery	0.23030978	0.39773622	0.37195402
Periphery	Core	0.8201107	0.17023605	0.009653258
Periphery	Periphery	0.42076537	0.43781048	0.14142416
Periphery	Core	0.39231434	0.3707143	0.23697132
Periphery	Healthy	0.13214128	0.33652443	0.53133434
Periphery	Core	0.47751325	0.40112987	0.121356875
Periphery	Core	0.5244749	0.389542	0.0859831
Periphery	Core	0.80456656	0.18048395	0.014949508
Periphery	Periphery	0.21272196	0.42009106	0.36718693
Periphery	Healthy	0.12883529	0.33572343	0.5354412
Periphery	Core	0.49828476	0.4047829	0.096932344
Periphery	Healthy	0.28295952	0.2956932	0.42134732
Periphery	Healthy	0.20346051	0.31909454	0.47744492
Periphery	Core	0.5403446	0.36309406	0.096561305
Periphery	Periphery	0.31413037	0.4175722	0.26829746
Periphery	Periphery	0.34373376	0.44170412	0.21456204
Periphery	Healthy	0.20054002	0.37632978	0.42313015
Periphery	Core	0.81397814	0.17144635	0.014575568
Periphery	Periphery	0.30781704	0.38481805	0.30736485
Periphery	Healthy	0.113984875	0.3161819	0.5698332
Periphery	Periphery	0.37800956	0.42125612	0.20073433
Periphery	Periphery	0.2877742	0.39370716	0.31851864
Periphery	Core	0.56239825	0.35322675	0.084375
Periphery	Periphery	0.31256774	0.4067842	0.28064802
Periphery	Core	0.6707437	0.29200825	0.03724805
Periphery	Core	0.9172122	0.07880306	0.00398483
Periphery	Periphery	0.19071826	0.42588672	0.38339505
Periphery	Healthy	0.15921251	0.3383923	0.5023952
Periphery	Periphery	0.26189953	0.44040084	0.2976996
Periphery	Healthy	0.16256498	0.342585	0.49485004
Periphery	Core	0.38438672	0.37748554	0.23812772
Periphery	Periphery	0.22666626	0.39919296	0.37414077
Periphery	Periphery	0.23321792	0.39781603	0.36896607
Periphery	Healthy	0.14190152	0.375101	0.4829974
Periphery	Core	0.453275	0.4013673	0.14535774
Periphery	Periphery	0.25874138	0.3753985	0.36586013
Periphery	Periphery	0.2738593	0.375416	0.35072464
Periphery	Periphery	0.41049552	0.41917437	0.17033008
Periphery	Healthy	0.21325229	0.35962752	0.42712024
Periphery	Core	0.88732904	0.10480713	0.007863796
Periphery	Periphery	0.28590974	0.380956	0.33313426
Periphery	Core	0.59965086	0.34080106	0.059548073
Periphery	Core	0.49127418	0.41335145	0.09537434
Periphery	Healthy	0.23398483	0.3711784	0.39483672
Periphery	Periphery	0.21778335	0.3947381	0.38747853
Periphery	Healthy	0.1796222	0.40225375	0.41812405
Periphery	Core	0.42335448	0.40661132	0.17003419
Periphery	Core	0.6018214	0.32936364	0.068814896
Periphery	Healthy	0.11190723	0.32997164	0.55812114
Periphery	Periphery	0.15992554	0.43426326	0.40581113
Periphery	Core	0.9220613	0.07368134	0.004257386
Periphery	Healthy	0.14100674	0.33113956	0.52785367
Periphery	Core	0.69802916	0.27237982	0.029591061
Periphery	Core	0.39046103	0.38636845	0.22317049
Periphery	Healthy	0.2870275	0.29939964	0.41357285
Periphery	Periphery	0.23558044	0.419632	0.34478754
Periphery	Periphery	0.25553113	0.39070523	0.3537636
Periphery	Core	0.9239218	0.071322225	0.004755964
Periphery	Healthy	0.18392321	0.36602986	0.4500469
Periphery	Periphery	0.4154994	0.4319443	0.1525563
Periphery	Healthy	0.11325818	0.34310085	0.543641
Periphery	Core	0.8585711	0.13215418	0.009274676
Periphery	Healthy	0.10938558	0.3652085	0.52540594
Periphery	Core	0.58415884	0.34223667	0.07360445
Periphery	Periphery	0.29673913	0.44246858	0.2607923
Periphery	Core	0.5023451	0.36597183	0.131683
Periphery	Periphery	0.360279	0.3676585	0.27206257
Periphery	Core	0.68224156	0.2686844	0.049074087
Periphery	Periphery	0.19788927	0.42522365	0.37688705
Periphery	Periphery	0.28171876	0.42893842	0.28934285
Periphery	Core	0.4406284	0.43372428	0.12564737
Periphery	Periphery	0.17074573	0.42677447	0.40247983
Periphery	Core	0.7022032	0.25864863	0.03914814
Periphery	Healthy	0.22497748	0.37690657	0.39811596
Periphery	Periphery	0.27962673	0.36140856	0.35896465
Periphery	Core	0.5741299	0.36589235	0.05997782
Periphery	Healthy	0.1296164	0.2924438	0.5779398
Periphery	Periphery	0.26766655	0.43144187	0.3008916
Periphery	Healthy	0.13822909	0.3135124	0.54825854
Periphery	Core	0.45515466	0.39750996	0.14733544
Periphery	Periphery	0.32065994	0.4276337	0.25170633
Periphery	Healthy	0.12195427	0.34825397	0.52979183
Periphery	Core	0.70745516	0.24151047	0.051034335
Periphery	Periphery	0.30032218	0.42053077	0.27914703
Periphery	Core	0.795034	0.18671395	0.018252058
Periphery	Core	0.9224994	0.07284293	0.0046577216
Periphery	Core	0.6868498	0.27425018	0.038900044
Periphery	Core	0.60536885	0.3297235	0.0649076
Periphery	Healthy	0.11909818	0.303362	0.57753974
Periphery	Core	0.47029513	0.37178385	0.15792106
Periphery	Core	0.4261248	0.41236424	0.16151099
Periphery	Periphery	0.34993112	0.421689	0.22837985
Periphery	Healthy	0.13440302	0.36010367	0.5054934
Periphery	Core	0.7431415	0.2280129	0.028845612
Periphery	Core	0.41951305	0.36627188	0.21421513
Periphery	Core	0.62521636	0.3035328	0.07125084
Periphery	Core	0.50815046	0.39213476	0.0997148
Periphery	Healthy	0.24953021	0.37282297	0.3776468
Periphery	Core	0.91531044	0.078646615	0.0060429415
Periphery	Core	0.6776194	0.27914736	0.04323332
Periphery	Periphery	0.2793307	0.39280933	0.32786
Periphery	Healthy	0.14132014	0.3712999	0.48738
Periphery	Core	0.73720855	0.22723272	0.035558805
Periphery	Healthy	0.28467768	0.2972691	0.4180532
Periphery	Core	0.69808394	0.26421925	0.037696764
Periphery	Core	0.86902195	0.12313439	0.007843632
Periphery	Healthy	0.16225792	0.32141787	0.5163242
Periphery	Healthy	0.14970313	0.29280123	0.5574956
Periphery	Core	0.7684084	0.21087354	0.02071806
Periphery	Healthy	0.19980858	0.37639844	0.42379293
Periphery	Healthy	0.25207353	0.35776335	0.39016312
Periphery	Core	0.59314305	0.34172055	0.06513641
Periphery	Core	0.59057397	0.32181576	0.08761035
Periphery	Periphery	0.38985485	0.4374992	0.17264596
Periphery	Healthy	0.1423265	0.3123215	0.54535204
Periphery	Healthy	0.0993594	0.31747603	0.5831646
Periphery	Periphery	0.38299325	0.445255	0.1717517
Periphery	Healthy	0.14699402	0.34728503	0.505721
Periphery	Periphery	0.35741627	0.40066397	0.24191974
Periphery	Periphery	0.3869847	0.39922217	0.21379305
Periphery	Periphery	0.20896702	0.44254538	0.34848756
Periphery	Periphery	0.25141996	0.41557318	0.3330068
Periphery	Core	0.45428118	0.40448192	0.14123696
Periphery	Core	0.59463173	0.3472707	0.058097634
Periphery	Core	0.5164729	0.3933026	0.09022453
Periphery	Healthy	0.15342763	0.39107183	0.45550048
Periphery	Healthy	0.19973369	0.37629783	0.42396852
Periphery	Periphery	0.2082757	0.40480796	0.38691637
Periphery	Core	0.7070276	0.2560152	0.03695722
Periphery	Periphery	0.3012753	0.4486685	0.25005612
Periphery	Periphery	0.3160227	0.4130537	0.27092358
Periphery	Core	0.43145868	0.4042406	0.16430071
Periphery	Core	0.7012998	0.2491422	0.049558036
Periphery	Core	0.43178338	0.39382058	0.17439607
Periphery	Core	0.54505986	0.35871214	0.096228
Periphery	Periphery	0.20801944	0.4005728	0.39140773
Periphery	Healthy	0.17531316	0.3490752	0.47561166
Periphery	Core	0.71560115	0.2539587	0.030440075
Periphery	Healthy	0.23938635	0.37239298	0.38822064
Periphery	Periphery	0.30782264	0.42118844	0.27098885
Periphery	Healthy	0.08022108	0.3476096	0.57216924
Periphery	Core	0.82927257	0.15612072	0.014606705
Periphery	Periphery	0.34563512	0.40350512	0.25085983
Periphery	Periphery	0.37747595	0.4437047	0.17881937
Periphery	Core	0.7686491	0.20865606	0.022694841
Periphery	Healthy	0.21357132	0.3927931	0.3936356
Periphery	Core	0.6150518	0.32281867	0.062129524
Periphery	Healthy	0.119461276	0.3343891	0.5461497
Periphery	Core	0.55162543	0.361196	0.08717856
Periphery	Core	0.8539486	0.13246424	0.013587136
Periphery	Periphery	0.2232734	0.4094354	0.3672912
Periphery	Healthy	0.18060148	0.37637502	0.44302347
Periphery	Core	0.39532927	0.36014512	0.24452555
Periphery	Periphery	0.38051686	0.3870563	0.23242691
Periphery	Core	0.5791668	0.33616507	0.084668174
Periphery	Periphery	0.22566362	0.39788795	0.37644845
Periphery	Core	0.5593725	0.34309393	0.09753359
Periphery	Healthy	0.14294973	0.35817322	0.49887708
Periphery	Healthy	0.13070695	0.3335369	0.5357562
Periphery	Healthy	0.18808837	0.37539944	0.43651226
Periphery	Healthy	0.105635054	0.32806447	0.5663005
Periphery	Core	0.6033355	0.32729948	0.06936507
Periphery	Core	0.71585417	0.2502412	0.033904713
Periphery	Core	0.49211547	0.35399944	0.15388505
Periphery	Core	0.49863094	0.4025287	0.098840356
Periphery	Healthy	0.116196856	0.34437725	0.5394259
Periphery	Periphery	0.38597673	0.42786834	0.18615493
Periphery	Healthy	0.13146375	0.3498499	0.5186863
Periphery	Healthy	0.30543804	0.34243077	0.35213113
Periphery	Healthy	0.11388507	0.33622494	0.54989
Periphery	Core	0.8206763	0.167534	0.011789641
Periphery	Healthy	0.23752128	0.36748528	0.39499342
Periphery	Core	0.4403637	0.3721966	0.18743971
Periphery	Healthy	0.12425948	0.32375088	0.5519896
Periphery	Core	0.38344964	0.3765126	0.24003784
Periphery	Core	0.5726039	0.3383947	0.08900134
Periphery	Core	0.71768034	0.25174305	0.03057664
Periphery	Periphery	0.3075054	0.36538544	0.32710922
Periphery	Core	0.79639745	0.18469012	0.0189124
Periphery	Core	0.71898246	0.25103936	0.029978178
Periphery	Core	0.53782296	0.32896668	0.13321027
Periphery	Periphery	0.4044548	0.42878875	0.1667564
Periphery	Periphery	0.24551079	0.41029614	0.34419307
Periphery	Healthy	0.22394705	0.3809699	0.39508304
Periphery	Core	0.38880306	0.38728333	0.22391365
Periphery	Core	0.80698794	0.17622982	0.01678226
Periphery	Periphery	0.2855134	0.4053977	0.30908886
Periphery	Core	0.7344243	0.23236531	0.0332104
Periphery	Healthy	0.20137024	0.3969229	0.40170684
Periphery	Core	0.5809282	0.32797447	0.0910973
Periphery	Periphery	0.37104595	0.41899413	0.20995994
Periphery	Core	0.49464568	0.39637536	0.108979
Periphery	Core	0.6460243	0.29012552	0.06385021
Periphery	Core	0.46676743	0.34240046	0.19083208
Periphery	Core	0.7559872	0.21863694	0.025375837
Periphery	Periphery	0.35452116	0.4302488	0.21523006
Periphery	Periphery	0.25183162	0.398191	0.34997734
Periphery	Healthy	0.08441263	0.32664675	0.5889407
Periphery	Periphery	0.31658575	0.38606325	0.29735097
Periphery	Core	0.88158673	0.10874433	0.009668859
Periphery	Healthy	0.12480941	0.30365983	0.57153076
Periphery	Core	0.8351317	0.1503512	0.014517091
Periphery	Healthy	0.10137891	0.31530333	0.5833177
Periphery	Healthy	0.15463999	0.33656985	0.5087902
Periphery	Core	0.47998348	0.3992141	0.12080241
Periphery	Core	0.83126247	0.15840763	0.010329883
Periphery	Healthy	0.18045627	0.366639	0.45290476
Periphery	Periphery	0.3463523	0.3655555	0.28809217
Periphery	Healthy	0.18338148	0.38252994	0.43408856
Periphery	Healthy	0.19808546	0.31658888	0.48532563
Periphery	Core	0.9230061	0.0728996	0.004094227
Periphery	Periphery	0.26196712	0.4276888	0.31034404
Periphery	Core	0.39197552	0.38887927	0.21914513
Periphery	Core	0.6108484	0.3146522	0.07449933
Periphery	Healthy	0.19888829	0.4000188	0.40109283
Periphery	Periphery	0.34005576	0.47013238	0.18981187
Periphery	Periphery	0.3993386	0.421993	0.17866834
Periphery	Core	0.7295213	0.23083434	0.039644435
Periphery	Healthy	0.17005174	0.3986563	0.43129197
Periphery	Healthy	0.26906604	0.35632053	0.3746134
Periphery	Healthy	0.0972609	0.33626163	0.56647754
Periphery	Core	0.7720126	0.20110372	0.026883654
Periphery	Periphery	0.35383916	0.45005977	0.19610116
Periphery	Healthy	0.16985646	0.37501228	0.45513126
Periphery	Core	0.59709466	0.31831297	0.08459238
Periphery	Healthy	0.110376246	0.3575564	0.53206736
Periphery	Periphery	0.35452414	0.475984	0.16949178
Periphery	Healthy	0.12702209	0.36136362	0.51161426
Periphery	Periphery	0.3010264	0.43633538	0.26263818
Periphery	Periphery	0.31504157	0.42994857	0.2550098
Periphery	Core	0.7831357	0.20170476	0.01515962
Periphery	Periphery	0.28222263	0.44773552	0.2700418
Periphery	Core	0.6785812	0.2794853	0.04193357
Periphery	Periphery	0.28342035	0.44434774	0.27223188
Periphery	Healthy	0.15809509	0.36848027	0.47342455
Periphery	Periphery	0.22126095	0.39411876	0.38462022
Periphery	Periphery	0.30311185	0.44444776	0.25244042
Periphery	Periphery	0.23249175	0.50059223	0.266916
Periphery	Core	0.41908887	0.40737638	0.17353466
Periphery	Periphery	0.2981667	0.41906053	0.28277275
Periphery	Periphery	0.33879846	0.43356147	0.22764008
Periphery	Periphery	0.30178145	0.4535171	0.24470146
Periphery	Healthy	0.13344505	0.31947428	0.5470807
Periphery	Healthy	0.2817387	0.2945639	0.42369747
Periphery	Healthy	0.1986691	0.37171805	0.42961287
Periphery	Core	0.64319795	0.31810704	0.038694944
Periphery	Core	0.7375546	0.24059282	0.021852614
Periphery	Healthy	0.14370415	0.31067848	0.5456174
Periphery	Core	0.8695477	0.12319563	0.0072566005
Periphery	Healthy	0.14622891	0.36562574	0.48814535
Periphery	Periphery	0.26648608	0.4044662	0.32904774
Periphery	Core	0.7949306	0.18736014	0.017709324
Periphery	Periphery	0.2121678	0.45197675	0.33585548
Periphery	Periphery	0.26789123	0.42583764	0.30627108
Periphery	Periphery	0.35982245	0.41828698	0.22189064
Periphery	Healthy	0.11342108	0.3297093	0.5568697
Periphery	Periphery	0.4070081	0.42107546	0.17191644
Periphery	Periphery	0.20909649	0.4165006	0.37440285
Periphery	Core	0.926577	0.06926702	0.0041560386
Periphery	Healthy	0.13926865	0.33066073	0.53007066
Periphery	Healthy	0.100477904	0.34348866	0.5560335
Periphery	Core	0.72038114	0.23797132	0.041647546
Periphery	Core	0.38139993	0.3637186	0.2548815
Periphery	Core	0.47167936	0.36552495	0.16279566
Periphery	Healthy	0.095767654	0.3600704	0.54416186
Periphery	Periphery	0.37952042	0.39835897	0.22212055
Periphery	Core	0.79654866	0.18901224	0.014439114
Periphery	Healthy	0.13233423	0.3104672	0.5571986
Periphery	Core	0.6518698	0.2997908	0.048339494
Periphery	Core	0.83654785	0.14977549	0.013676639
Periphery	Core	0.7428707	0.23085032	0.026278945
Periphery	Core	0.6987842	0.25685713	0.044358667
Periphery	Periphery	0.2805801	0.4127304	0.30668956
Periphery	Core	0.4779303	0.3475049	0.17456482
Periphery	Healthy	0.18040973	0.35198	0.4676103
Periphery	Healthy	0.16035277	0.31578413	0.52386314
Periphery	Healthy	0.17729183	0.3733789	0.44932923
Periphery	Periphery	0.26016968	0.43773377	0.30209652
Periphery	Core	0.5877973	0.35128695	0.060915697
Periphery	Core	0.8617451	0.1273748	0.010880048
Periphery	Periphery	0.3802847	0.4266507	0.1930646
Periphery	Core	0.44477642	0.4071221	0.14810148
Periphery	Core	0.44068587	0.39953443	0.15977971
Periphery	Core	0.8930475	0.10011291	0.0068395706
Periphery	Periphery	0.296818	0.40790567	0.29527628
Periphery	Periphery	0.20392528	0.5103127	0.28576195
Periphery	Core	0.6820681	0.27354378	0.04438814
Periphery	Core	0.7021954	0.24855234	0.049252324
Periphery	Core	0.878424	0.11477663	0.0067994697
Periphery	Core	0.62520075	0.31189734	0.062901914
Periphery	Periphery	0.33798614	0.42521244	0.23680148
Periphery	Healthy	0.112405434	0.3457806	0.54181397
Periphery	Core	0.80534935	0.17495185	0.019698806
Periphery	Healthy	0.13658382	0.335999	0.5274171
Periphery	Periphery	0.24246095	0.39986143	0.35767764
Periphery	Periphery	0.30294308	0.3793234	0.31773344
Periphery	Core	0.8102833	0.17039368	0.019323032
Periphery	Periphery	0.3912804	0.44935352	0.15936601
Periphery	Core	0.4552492	0.41590977	0.12884106
Periphery	Healthy	0.2771975	0.29029164	0.43251082
Periphery	Healthy	0.1728675	0.3634956	0.46363693
Periphery	Core	0.7003251	0.252298	0.047376964
Periphery	Periphery	0.38544413	0.38942724	0.22512864
Periphery	Core	0.7321921	0.24153058	0.026277337
Periphery	Core	0.6272377	0.31416857	0.05859375
Periphery	Healthy	0.23543613	0.37229827	0.39226553
Periphery	Periphery	0.18744741	0.4437661	0.36878648
Periphery	Healthy	0.16944744	0.38305086	0.44750163
Periphery	Healthy	0.118622206	0.37265694	0.5087209
Periphery	Periphery	0.2034511	0.42645326	0.37009558
Periphery	Periphery	0.28979278	0.43638137	0.2738258
Periphery	Core	0.87536937	0.11739349	0.0072371336
Periphery	Core	0.6717959	0.27573505	0.05246902
Periphery	Healthy	0.1590482	0.3548284	0.4861234
Periphery	Healthy	0.1445961	0.41609874	0.4393052
Periphery	Periphery	0.20204708	0.40400738	0.39394552
Periphery	Core	0.4760241	0.37266812	0.15130773
Periphery	Core	0.7893588	0.19439702	0.016244188
Periphery	Healthy	0.1627216	0.36902335	0.46825507
Periphery	Core	0.7159739	0.25510514	0.028920885
Periphery	Healthy	0.19820781	0.35449627	0.44729584
Periphery	Core	0.7084701	0.24079405	0.05073585
Periphery	Periphery	0.27679837	0.39402908	0.32917264
Periphery	Periphery	0.25019825	0.44092602	0.3088757
Periphery	Healthy	0.18840128	0.36150464	0.45009404
Periphery	Core	0.4404048	0.39381775	0.16577739
Periphery	Core	0.4018163	0.36862838	0.22955532
Periphery	Periphery	0.30678853	0.42898244	0.26422906
Periphery	Periphery	0.27524444	0.40464312	0.32011247
Periphery	Periphery	0.33541402	0.49523222	0.16935374
Periphery	Core	0.53816736	0.3824828	0.07934985
Periphery	Periphery	0.33327317	0.4063258	0.26040107
Periphery	Core	0.5228317	0.37895018	0.09821814
Periphery	Healthy	0.12655833	0.32198215	0.5514596
Periphery	Core	0.9184305	0.07711383	0.0044556
Periphery	Periphery	0.23145373	0.4113115	0.3572347
Periphery	Healthy	0.23814693	0.36572728	0.39612585
Periphery	Periphery	0.3564104	0.4315333	0.21205632
Periphery	Core	0.4382667	0.41175976	0.14997348
Periphery	Healthy	0.29176	0.30360538	0.40463462
Periphery	Periphery	0.19798766	0.41386646	0.38814592
Periphery	Core	0.5274874	0.3727217	0.09979086
Periphery	Healthy	0.18029556	0.40963498	0.4100694
Periphery	Periphery	0.16984212	0.45070884	0.37944907
Periphery	Core	0.71457714	0.24059547	0.04482747
Periphery	Periphery	0.21145163	0.44201097	0.34653735
Periphery	Healthy	0.14532718	0.3785796	0.47609326
Periphery	Core	0.5036277	0.3604806	0.13589162
Periphery	Core	0.59827197	0.35324416	0.048483867
Periphery	Core	0.90721464	0.087021075	0.0057642697
Periphery	Healthy	0.1621828	0.32391983	0.5138973
Periphery	Healthy	0.10884768	0.31200188	0.57915044
Periphery	Periphery	0.36769196	0.40118772	0.2311204
Periphery	Healthy	0.15107295	0.40296018	0.44596687
Periphery	Core	0.85093653	0.13806976	0.01099373
Periphery	Healthy	0.17991915	0.38304377	0.43703714
Periphery	Periphery	0.2224265	0.3949731	0.3826004
Periphery	Healthy	0.115787104	0.31490946	0.56930345
Periphery	Core	0.42836508	0.42681816	0.14481683
Periphery	Healthy	0.16896205	0.3742374	0.4568006
Periphery	Periphery	0.37447912	0.42739555	0.19812533
Periphery	Periphery	0.22167599	0.3945563	0.38376775
Periphery	Core	0.50133	0.35623574	0.1424343
Periphery	Core	0.6379331	0.27493462	0.0871323
Periphery	Healthy	0.12592453	0.33822647	0.5358489
Periphery	Healthy	0.30983648	0.34056103	0.34960252
Periphery	Core	0.74254644	0.2311266	0.026327007
Periphery	Periphery	0.27258384	0.41658702	0.31082916
Periphery	Periphery	0.31905654	0.42038384	0.26055968
Periphery	Periphery	0.2968422	0.4336087	0.26954916
Periphery	Periphery	0.41476372	0.43362835	0.15160799
Periphery	Core	0.71676475	0.24027732	0.042957906
Periphery	Core	0.72301275	0.24577796	0.031209257
Periphery	Core	0.41638762	0.3799083	0.20370407
Periphery	Periphery	0.27976602	0.38997123	0.33026272
Periphery	Periphery	0.20984605	0.45204705	0.33810696
Periphery	Healthy	0.1869362	0.34950823	0.4635556
Periphery	Core	0.80381286	0.1793875	0.016799575
Periphery	Healthy	0.08629482	0.3546115	0.55909365
Periphery	Healthy	0.15905288	0.36889476	0.47205234
Periphery	Healthy	0.1249515	0.37657422	0.49847433
Periphery	Core	0.42674237	0.35406488	0.21919274
Periphery	Healthy	0.153557	0.35554287	0.49090004
Periphery	Periphery	0.2348175	0.41050753	0.3546749
Periphery	Core	0.9258523	0.070382185	0.0037655337
Periphery	Core	0.9079507	0.08659426	0.005455094
Periphery	Core	0.48612365	0.3564378	0.15743858
Periphery	Periphery	0.16055138	0.4238057	0.41564283
Periphery	Core	0.7276464	0.23739581	0.0349578
Periphery	Healthy	0.19438562	0.38665152	0.41896293
Periphery	Core	0.73704684	0.22922252	0.03373061
Periphery	Healthy	0.12650368	0.3550272	0.5184691
Periphery	Core	0.8450045	0.13895546	0.016040001
Periphery	Healthy	0.18327512	0.34857094	0.46815398
Periphery	Core	0.6305966	0.30032778	0.06907569
Periphery	Healthy	0.13277532	0.29513907	0.57208556
Periphery	Healthy	0.19235268	0.38278577	0.42486152
Periphery	Core	0.6274632	0.324947	0.047589734
Periphery	Core	0.6118708	0.31203002	0.07609917
Periphery	Core	0.5793063	0.33188894	0.08880477
Periphery	Core	0.60288525	0.31900707	0.07810766
Periphery	Core	0.7452181	0.22013718	0.034644723
Periphery	Periphery	0.36741504	0.4211155	0.21146949
Periphery	Periphery	0.2212247	0.4371039	0.34167135
Periphery	Healthy	0.12053727	0.3029698	0.5764929
Periphery	Healthy	0.11896244	0.33279842	0.5482391
Periphery	Periphery	0.25316784	0.40254447	0.34428772
Periphery	Periphery	0.33165485	0.43357626	0.23476882
Periphery	Core	0.6028394	0.31494492	0.082215615
Periphery	Core	0.76673985	0.21198578	0.021274334
Periphery	Periphery	0.3530738	0.38286188	0.26406437
Periphery	Periphery	0.34156132	0.42711857	0.23132005
Periphery	Core	0.927442	0.06848213	0.004075908
Periphery	Healthy	0.093281485	0.28434584	0.6223726
Periphery	Periphery	0.37535617	0.44777176	0.17687204
Periphery	Core	0.71957725	0.24676636	0.033656295
Periphery	Healthy	0.1451543	0.33239567	0.52245003
Periphery	Periphery	0.36729115	0.4018239	0.23088492
Periphery	Periphery	0.32247108	0.48075184	0.19677709
Periphery	Core	0.78152865	0.19892183	0.019549549
Periphery	Core	0.5435677	0.3881508	0.06828146
Periphery	Core	0.7192345	0.2525432	0.028222293
Periphery	Periphery	0.27940142	0.36162177	0.35897687
Periphery	Core	0.5568084	0.35886252	0.08432912
Periphery	Core	0.72235453	0.24636227	0.0312832
Periphery	Core	0.4201177	0.4051607	0.17472154
Periphery	Healthy	0.17536573	0.36586756	0.4587667
Periphery	Core	0.7910373	0.19085453	0.01810813
Periphery	Core	0.38024688	0.34131268	0.27844054
Periphery	Periphery	0.32391378	0.39240995	0.28367624
Periphery	Core	0.80548185	0.17594351	0.018574616
Periphery	Core	0.9000186	0.09327205	0.0067093433
Periphery	Periphery	0.24989353	0.44677594	0.3033305
Periphery	Periphery	0.2203837	0.4086401	0.37097618
Periphery	Core	0.7153451	0.25821722	0.026437711
Periphery	Periphery	0.21570705	0.4011872	0.38310575
Periphery	Healthy	0.14113772	0.3701728	0.48868954
Periphery	Core	0.81063014	0.17684771	0.012522161
Periphery	Healthy	0.16300778	0.3264792	0.510513
Periphery	Core	0.6860189	0.2895055	0.024475615
Periphery	Core	0.9143998	0.080365434	0.005234776
Periphery	Periphery	0.35602948	0.43965197	0.2043185
Periphery	Healthy	0.22212258	0.36727005	0.4106074
Periphery	Core	0.52873886	0.38230628	0.088954866
Periphery	Healthy	0.2026753	0.36366773	0.43365705
Periphery	Healthy	0.13768369	0.34091425	0.52140206
Periphery	Core	0.4305899	0.40222287	0.16718715
Periphery	Periphery	0.2613646	0.46383026	0.27480504
Periphery	Core	0.53196496	0.39676207	0.07127298
Periphery	Periphery	0.21191677	0.41435316	0.37372997
Periphery	Periphery	0.26787612	0.4163509	0.315773
Periphery	Periphery	0.33063853	0.39550954	0.2738519
Periphery	Healthy	0.15922113	0.30068344	0.5400955
Periphery	Periphery	0.21375085	0.40768316	0.3785659
Periphery	Healthy	0.0926915	0.28987113	0.61743736
Periphery	Core	0.62916577	0.321414	0.049420297
Periphery	Periphery	0.23387404	0.3851023	0.38102362
Periphery	Core	0.4313818	0.40950716	0.15911104
Periphery	Periphery	0.1905166	0.40587044	0.4036129
Periphery	Core	0.52692384	0.3788427	0.094233446
Periphery	Periphery	0.17103201	0.41769695	0.411271
Periphery	Core	0.40826333	0.3946437	0.197093
Periphery	Core	0.50988406	0.35647768	0.13363822
Periphery	Healthy	0.22043505	0.376079	0.40348595
Periphery	Periphery	0.28787392	0.45930636	0.25281963
Periphery	Healthy	0.15083449	0.36235243	0.48681307
Periphery	Core	0.9159789	0.07987923	0.0041419663
Periphery	Healthy	0.17139503	0.33044997	0.49815503
Periphery	Core	0.5821799	0.3351186	0.08270153
Periphery	Healthy	0.09534571	0.34051138	0.5641429
Periphery	Healthy	0.21083099	0.39219198	0.39697698
Periphery	Periphery	0.35836053	0.40178305	0.23985639
Periphery	Core	0.8328471	0.15156783	0.015585094
Periphery	Healthy	0.16673124	0.35859403	0.47467476
Periphery	Healthy	0.14202714	0.31266168	0.5453112
Periphery	Core	0.46823913	0.3969247	0.1348362
Periphery	Core	0.49147233	0.37374735	0.13478033
Periphery	Healthy	0.26276496	0.33287382	0.4043612
Periphery	Periphery	0.36836767	0.37668324	0.25494915
Periphery	Core	0.47729096	0.3731461	0.14956301
Periphery	Healthy	0.11687776	0.40316164	0.47996065
Periphery	Periphery	0.3595279	0.39521316	0.2452589
Periphery	Healthy	0.21339399	0.32331845	0.46328762
Periphery	Core	0.518605	0.35246906	0.12892604
Periphery	Core	0.81652856	0.1643684	0.01910298
Periphery	Periphery	0.3012201	0.3768837	0.32189614
Periphery	Healthy	0.23735781	0.37014303	0.39249918
Periphery	Periphery	0.27092558	0.47403833	0.25503603
Periphery	Core	0.46220186	0.4216581	0.11613998
Periphery	Core	0.44563305	0.39052334	0.16384359
Periphery	Core	0.7278297	0.23773155	0.034438767
