{
    "accuracy": 0.6103333333333333,
    "macro_f1": 0.6112036910571336,
    "macro_auc": 0.7899476666666668
}