{
  "target_genes": [
    "LST1",
    "S100A11",
    "S100A8",
    "ZNF106"
  ],
  "zones": [
    "Leading Edge",
    "Cellular Tumor",
    "Infiltrating Tumor"
  ],
  "l1_ratio": 0.5,
  "cv_folds": 5,
  "alphas_tested": [
    0.0001,
    0.00018329807108324357,
    0.0003359818286283781,
    0.0006158482110660267,
    0.0011288378916846883,
    0.00206913808111479,
    0.00379269019073225,
    0.0069519279617756054,
    0.012742749857031334,
    0.023357214690901212,
    0.04281332398719392,
    0.07847599703514607,
    0.14384498882876628,
    0.26366508987303583,
    0.4832930238571752,
    0.8858667904100823,
    1.623776739188721,
    2.9763514416313193,
    5.455594781168514,
    10.0
  ],
  "zone_results": {
    "Leading Edge": {
      "best_alpha": 0.26366508987303583,
      "cindex_cv": 0.5,
      "cindex_full": 0.5,
      "coefficients": {
        "LST1": 0.0,
        "S100A11": 0.0,
        "S100A8": 0.0,
        "ZNF106": 0.0,
        "age_at_diagnosis": 0.0,
        "sex_M": 0.0
      },
      "target_coefficients": {
        "LST1": 0.0,
        "S100A11": 0.0,
        "S100A8": 0.0,
        "ZNF106": 0.0
      },
      "target_hazard_ratios": {
        "LST1": 1.0,
        "S100A11": 1.0,
        "S100A8": 1.0,
        "ZNF106": 1.0
      },
      "feature_names": [
        "LST1",
        "S100A11",
        "S100A8",
        "ZNF106",
        "age_at_diagnosis",
        "sex_M"
      ],
      "n_patients": 120,
      "n_events": 74
    },
    "Cellular Tumor": {
      "best_alpha": 0.26366508987303583,
      "cindex_cv": 0.5,
      "cindex_full": 0.5,
      "coefficients": {
        "LST1": 0.0,
        "S100A11": 0.0,
        "S100A8": 0.0,
        "ZNF106": 0.0,
        "age_at_diagnosis": 0.0,
        "sex_M": 0.0
      },
      "target_coefficients": {
        "LST1": 0.0,
        "S100A11": 0.0,
        "S100A8": 0.0,
        "ZNF106": 0.0
      },
      "target_hazard_ratios": {
        "LST1": 1.0,
        "S100A11": 1.0,
        "S100A8": 1.0,
        "ZNF106": 1.0
      },
      "feature_names": [
        "LST1",
        "S100A11",
        "S100A8",
        "ZNF106",
        "age_at_diagnosis",
        "sex_M"
      ],
      "n_patients": 120,
      "n_events": 74
    },
    "Infiltrating Tumor": {
      "best_alpha": 0.26366508987303583,
      "cindex_cv": 0.5,
      "cindex_full": 0.5,
      "coefficients": {
        "LST1": 0.0,
        "S100A11": 0.0,
        "S100A8": 0.0,
        "ZNF106": 0.0,
        "age_at_diagnosis": 0.0,
        "sex_M": 0.0
      },
      "target_coefficients": {
        "LST1": 0.0,
        "S100A11": 0.0,
        "S100A8": 0.0,
        "ZNF106": 0.0
      },
      "target_hazard_ratios": {
        "LST1": 1.0,
        "S100A11": 1.0,
        "S100A8": 1.0,
        "ZNF106": 1.0
      },
      "feature_names": [
        "LST1",
        "S100A11",
        "S100A8",
        "ZNF106",
        "age_at_diagnosis",
        "sex_M"
      ],
      "n_patients": 120,
      "n_events": 74
    }
  },
  "comparison": {
    "leading_edge_vs_cellular_tumor": {
      "LST1": {
        "le_beta": 0.0,
        "ct_beta": 0.0,
        "difference": 0.0,
        "le_hr": 1.0,
        "ct_hr": 1.0
      },
      "S100A11": {
        "le_beta": 0.0,
        "ct_beta": 0.0,
        "difference": 0.0,
        "le_hr": 1.0,
        "ct_hr": 1.0
      },
      "S100A8": {
        "le_beta": 0.0,
        "ct_beta": 0.0,
        "difference": 0.0,
        "le_hr": 1.0,
        "ct_hr": 1.0
      },
      "ZNF106": {
        "le_beta": 0.0,
        "ct_beta": 0.0,
        "difference": 0.0,
        "le_hr": 1.0,
        "ct_hr": 1.0
      }
    }
  }
}