{
    "accuracy": 0.717,
    "macro_f1": 0.7166128218524063,
    "macro_auc": 0.8775590000000001
}