patient_id,tp_in,tp_out,is_gbm,draw,persistence,geometric,delta
PatientID_0003,1,2,True,0,0.6936859250742551,0.7061454512926022,0.012459526218347117
PatientID_0003,1,2,True,1,0.6249400939327135,0.6450228065468205,0.02008271261410699
PatientID_0003,1,2,True,2,0.6789993290520464,0.6941513146127706,0.015151985560724168
PatientID_0003,1,2,True,3,0.6949799580072533,0.7170080142475512,0.02202805624029791
PatientID_0003,1,2,True,4,0.6808960676857995,0.6974699443746636,0.01657387668886412
PatientID_0003,2,5,True,0,0.7019463629025025,0.7106160491020687,0.008669686199566207
PatientID_0003,2,5,True,1,0.7337615988579586,0.750207468879668,0.016445870021709497
PatientID_0003,2,5,True,2,0.677847533632287,0.708810806708659,0.030963273076372033
PatientID_0003,2,5,True,3,0.7304812834224599,0.7399984931816469,0.009517209759187018
PatientID_0003,2,5,True,4,0.7019750243556815,0.7140074906367041,0.012032466281022614
PatientID_0005,3,4,True,0,0.7863590772316951,0.7735832831713819,-0.01277579406031315
PatientID_0005,3,4,True,1,0.7143766481767755,0.7187446407134283,0.004367992536652765
PatientID_0005,3,4,True,2,0.734274010013655,0.7368421052631579,0.0025680952495028553
PatientID_0005,3,4,True,3,0.7659030756593959,0.7485370051635112,-0.017366070495884678
PatientID_0005,3,4,True,4,0.7569597069597069,0.750734150975989,-0.00622555598371799
PatientID_0006,2,4,True,0,0.06408094435075885,0.10975609756097561,0.04567515321021676
PatientID_0006,2,4,True,1,0.12758620689655173,0.12441679626749612,-0.0031694106290556107
PatientID_0006,2,4,True,2,0.1040268456375839,0.1085972850678733,0.004570439430289411
PatientID_0006,2,4,True,3,0.06633499170812604,0.08955223880597014,0.023217247097844104
PatientID_0006,2,4,True,4,0.10593900481540931,0.11849710982658959,0.012558105011180279
PatientID_0006,4,5,True,0,0.020233463035019456,0.02288329519450801,0.002649832159488552
PatientID_0006,4,5,True,1,0.07637231503579953,0.08899297423887588,0.012620659203076354
PatientID_0006,4,5,True,2,0.037065637065637064,0.04236006051437216,0.005294423448735097
PatientID_0006,4,5,True,3,0.03470031545741325,0.04489164086687306,0.010191325409459814
PatientID_0006,4,5,True,4,0.07532667179093006,0.08138658628485305,0.006059914493922999
PatientID_0006,5,6,True,0,0.36475629351901445,0.49441517386722866,0.1296588803482142
PatientID_0006,5,6,True,1,0.36867599569429493,0.49323181049069376,0.12455581479639882
PatientID_0006,5,6,True,2,0.30005396654074473,0.40754877014419,0.10749480360344527
PatientID_0006,5,6,True,3,0.4191714053614947,0.5632183908045977,0.14404698544310296
PatientID_0006,5,6,True,4,0.36077152947568597,0.49132576568858427,0.1305542362128983
PatientID_0007,4,5,True,0,0.2807971014492754,0.313469387755102,0.03267228630582664
PatientID_0007,4,5,True,1,0.5040650406504065,0.5623987034035657,0.05833366275315921
PatientID_0007,4,5,True,2,0.36682027649769583,0.4507042253521127,0.08388394885441686
PatientID_0007,4,5,True,3,0.45330915684496825,0.5052974735126324,0.05198831666766418
PatientID_0007,4,5,True,4,0.32936870997255263,0.39670781893004115,0.06733910895748851
PatientID_0007,5,6,True,0,0.12929848693259974,0.18441273326015367,0.055114246327553934
PatientID_0007,5,6,True,1,0.20221606648199447,0.19889502762430938,-0.003321038857685088
PatientID_0007,5,6,True,2,0.20821917808219179,0.19213973799126638,-0.016079440090925406
PatientID_0007,5,6,True,3,0.16963064295485636,0.18538713195201745,0.01575648899716109
PatientID_0007,5,6,True,4,0.193006993006993,0.2214765100671141,0.028469517060121102
PatientID_0008,4,6,True,0,0.13074204946996468,0.19176084578928182,0.06101879631931714
PatientID_0008,4,6,True,1,0.03070175438596491,0.06388384754990925,0.03318209316394434
PatientID_0008,4,6,True,2,0.1444297666226332,0.21751824817518248,0.07308848155254927
PatientID_0008,4,6,True,3,0.08082622361921868,0.13069454817027631,0.049868324551057636
PatientID_0008,4,6,True,4,0.07219251336898395,0.10011041589988959,0.027917902530905633
PatientID_0010,1,4,True,0,0.07928531546621999,0.10136452241715399,0.022079206950934002
PatientID_0010,1,4,True,1,0.06359649122807018,0.09578544061302682,0.032188949384956644
PatientID_0010,1,4,True,2,0.042529378847229994,0.046055854973052424,0.0035264761258224295
PatientID_0010,1,4,True,3,0.016891891891891893,0.02164289227742253,0.004751000385530637
PatientID_0010,1,4,True,4,0.0441257584114727,0.05189812590100913,0.0077723674895364345
PatientID_0010,4,5,True,0,0.36350037397157814,0.38286544046466603,0.01936506649308789
PatientID_0010,4,5,True,1,0.29142714321419644,0.31149927219796214,0.020072128983765702
PatientID_0010,4,5,True,2,0.3497735279315551,0.36950146627565983,0.019727938344104745
PatientID_0010,4,5,True,3,0.2841393134552744,0.30211627341279496,0.017976959957520577
PatientID_0010,4,5,True,4,0.29744109450215356,0.32047186040796266,0.023030765905809103
PatientID_0011,1,2,True,0,0.15920258318124386,0.19848975188781015,0.03928716870656629
PatientID_0011,1,2,True,1,0.15451364590622813,0.18972012917115177,0.03520648326492365
PatientID_0011,1,2,True,2,0.1572683479739303,0.19208270983539655,0.03481436186146625
PatientID_0011,1,2,True,3,0.15085362440526168,0.1902970030909824,0.03944337868572073
PatientID_0011,1,2,True,4,0.13499859668818412,0.1741005255356421,0.03910192884745797
PatientID_0012,2,3,True,0,0.7800893820311297,0.778897615903246,-0.0011917661278836311
PatientID_0012,2,3,True,1,0.7665781472501251,0.7732907392617799,0.006712592011654861
PatientID_0012,2,3,True,2,0.7964635935449,0.7926854754440962,-0.0037781181008038622
PatientID_0012,2,3,True,3,0.7686271492864561,0.7707740367927803,0.002146887506324191
PatientID_0012,2,3,True,4,0.7910666153253755,0.792743953294412,0.0016773379690365742
PatientID_0013,1,2,True,0,0.6271338724168913,0.5984945841747751,-0.028639288242116256
PatientID_0013,1,2,True,1,0.5218365061590146,0.5336512011736658,0.011814695014651266
PatientID_0013,1,2,True,2,0.642079537880471,0.6222060694166818,-0.019873468463789234
PatientID_0013,1,2,True,3,0.5534452296819788,0.561447963800905,0.008002734118926158
PatientID_0013,1,2,True,4,0.7187639946260636,0.6631231671554252,-0.055640827470638365
PatientID_0013,2,4,True,0,0.5247113163972287,0.5524728588661038,0.027761542468875078
PatientID_0013,2,4,True,1,0.49015116811726983,0.5056739000597252,0.015522731942455403
PatientID_0013,2,4,True,2,0.5211591536338547,0.5494901019796041,0.02833094834574945
PatientID_0013,2,4,True,3,0.5300320953690968,0.5517654099341711,0.021733314565074324
PatientID_0013,2,4,True,4,0.5925925925925926,0.621801329840822,0.029208737248229477
PatientID_0013,4,5,True,0,0.19064368624692227,0.20239520958083831,0.011751523333916047
PatientID_0013,4,5,True,1,0.17513513513513512,0.19319227230910763,0.018057137173972504
PatientID_0013,4,5,True,2,0.23671155209071582,0.2384545728946574,0.0017430208039415918
PatientID_0013,4,5,True,3,0.1401636428317325,0.15738498789346247,0.01722134506172998
PatientID_0013,4,5,True,4,0.13793103448275862,0.162178517397882,0.02424748291512338
PatientID_0014,1,2,True,0,0.04990403071017274,0.05714285714285714,0.007238826432684399
PatientID_0014,1,2,True,1,0.055970149253731345,0.059149722735674676,0.0031795734819433305
PatientID_0014,1,2,True,2,0.03816793893129771,0.045454545454545456,0.007286606523247745
PatientID_0014,1,2,True,3,0.043052837573385516,0.05436893203883495,0.011316094465449435
PatientID_0014,1,2,True,4,0.03838771593090211,0.045714285714285714,0.007326569783383606
PatientID_0014,2,3,True,0,0.3534010946051603,0.4797385620915033,0.126337467486343
PatientID_0014,2,3,True,1,0.4530643910007758,0.5729032258064516,0.11983883480567581
PatientID_0014,2,3,True,2,0.48072562358276644,0.6062143310082435,0.12548870742547708
PatientID_0014,2,3,True,3,0.4045112781954887,0.5392834695160277,0.13477219132053897
PatientID_0014,2,3,True,4,0.3315343099460293,0.44616376531270147,0.11462945536667218
PatientID_0014,3,4,True,0,0.3907531692766592,0.45478036175710596,0.06402719248044675
PatientID_0014,3,4,True,1,0.29635145197319435,0.3425627817128139,0.046211329739619555
PatientID_0014,3,4,True,2,0.3134978229317852,0.36455059710873666,0.051052774176951476
PatientID_0014,3,4,True,3,0.4540059347181009,0.5054522129570237,0.05144627823892278
PatientID_0014,3,4,True,4,0.35320754716981134,0.4211212516297262,0.06791370445991485
PatientID_0014,4,5,True,0,0.6818181818181818,0.6925925925925925,0.01077441077441077
PatientID_0014,4,5,True,1,0.6554455445544555,0.6512059369202227,-0.0042396076342328115
PatientID_0014,4,5,True,2,0.5761396702230844,0.5885558583106267,0.012416188087542301
PatientID_0014,4,5,True,3,0.6679389312977099,0.7011596788581623,0.03322074756045246
PatientID_0014,4,5,True,4,0.5131707317073171,0.5607305936073059,0.04755986189998884
PatientID_0014,5,6,True,0,0.6751445086705202,0.6718296224588577,-0.0033148862116625377
PatientID_0014,5,6,True,1,0.5204545454545455,0.5375118708452041,0.01705732539065863
PatientID_0014,5,6,True,2,0.5842956120092379,0.5938104448742747,0.009514832865036849
PatientID_0014,5,6,True,3,0.5079726651480638,0.5214899713467048,0.013517306198641
PatientID_0014,5,6,True,4,0.46511627906976744,0.4853801169590643,0.020263837889296865
PatientID_0018,1,2,True,0,0.042105263157894736,0.04013377926421405,-0.001971483893680688
PatientID_0018,1,2,True,1,0.07054673721340388,0.06734006734006734,-0.0032066698733365373
PatientID_0018,1,2,True,2,0.02564102564102564,0.02460456942003515,-0.0010364562209904914
PatientID_0018,1,2,True,3,0.02460456942003515,0.02356902356902357,-0.0010355458510115795
PatientID_0018,1,2,True,4,0.007380073800738007,0.007067137809187279,-0.0003129359915507281
PatientID_0018,2,4,True,0,0.22698612862547288,0.1945031712473573,-0.03248295737811557
PatientID_0018,2,4,True,1,0.15714285714285714,0.13333333333333333,-0.023809523809523808
PatientID_0018,2,4,True,2,0.17037037037037037,0.14669421487603307,-0.023676155494337298
PatientID_0018,2,4,True,3,0.16647127784290738,0.1455260570304818,-0.020945220812425586
PatientID_0018,2,4,True,4,0.1016949152542373,0.08713272543059777,-0.01456218982363952
PatientID_0018,5,6,True,0,0.40684108184550116,0.4439212328767123,0.03708015103121115
PatientID_0018,5,6,True,1,0.40781140042223785,0.4455238825684946,0.037712482146256776
PatientID_0018,5,6,True,2,0.40841529572619417,0.4464476438672192,0.03803234814102502
PatientID_0018,5,6,True,3,0.42332994834209015,0.4623872043792499,0.03905725603715976
PatientID_0018,5,6,True,4,0.420722827765765,0.45986836481750576,0.039145537051740786
PatientID_0019,4,5,True,0,0.6182266009852216,0.6162120630042259,-0.002014537980995712
PatientID_0019,4,5,True,1,0.5366470092670598,0.5593688362919133,0.02272182702485348
PatientID_0019,4,5,True,2,0.6080338266384778,0.6014263074484945,-0.0066075191899833685
PatientID_0019,4,5,True,3,0.6535234899328859,0.6517295597484277,-0.00179393018445817
PatientID_0019,4,5,True,4,0.595,0.6081186572989852,0.013118657298985203
PatientID_0019,5,6,True,0,0.6514563106796116,0.6573991031390135,0.00594279245940188
PatientID_0019,5,6,True,1,0.7305101058710298,0.7075011096316023,-0.023008996239427537
PatientID_0019,5,6,True,2,0.7518002880460873,0.7313829787234043,-0.02041730932268304
PatientID_0019,5,6,True,3,0.6263580538497875,0.6257080610021787,-0.0006499928476088046
PatientID_0019,5,6,True,4,0.7049734427812651,0.7004895416110369,-0.004483901170228122
PatientID_0020,1,2,True,0,0.3448275862068966,0.3107471852610031,-0.034080400945893485
PatientID_0020,1,2,True,1,0.33485248260973854,0.29219039769214916,-0.04266208491758938
PatientID_0020,1,2,True,2,0.3464943766451304,0.30135858377933306,-0.04513579286579733
PatientID_0020,1,2,True,3,0.34494355032428536,0.30082644628099175,-0.04411710404329361
PatientID_0020,1,2,True,4,0.3306413301662708,0.3007764609726195,-0.029864869193651278
PatientID_0020,2,3,True,0,0.4674905964535196,0.5584232754575317,0.09093267900401208
PatientID_0020,2,3,True,1,0.38995726495726496,0.4601851851851852,0.07022792022792024
PatientID_0020,2,3,True,2,0.4853833425261997,0.5653846153846154,0.08000127285841568
PatientID_0020,2,3,True,3,0.5081081081081081,0.5726375176304654,0.0645294095223573
PatientID_0020,2,3,True,4,0.36644591611479027,0.44252044252044254,0.07607452640565227
PatientID_0020,3,4,True,0,0.30921645151606125,0.35473159933591586,0.04551514781985461
PatientID_0020,3,4,True,1,0.32124049151550615,0.3675559148477499,0.046315423332243755
PatientID_0020,3,4,True,2,0.27060561299852287,0.3006001091107474,0.029994496112224545
PatientID_0020,3,4,True,3,0.30472854640980734,0.33584499461786865,0.03111644820806131
PatientID_0020,3,4,True,4,0.3208843740663281,0.37482749102953355,0.05394311696320547
PatientID_0021,2,3,True,0,0.1847179243037372,0.20707964601769913,0.02236172171396192
PatientID_0021,2,3,True,1,0.27148014440433216,0.29223539941821436,0.0207552550138822
PatientID_0021,2,3,True,2,0.14947468958930277,0.16999556147359077,0.020520871884288
PatientID_0021,2,3,True,3,0.11982675649663138,0.14225005591590248,0.022423299419271098
PatientID_0021,2,3,True,4,0.24411340701585776,0.2587131367292225,0.014599729713364762
PatientID_0021,3,4,True,0,0.007275666936135812,0.006172839506172839,-0.001102827429962973
PatientID_0021,3,4,True,1,0.016467682173734045,0.013976240391334731,-0.0024914417823993142
PatientID_0021,3,4,True,2,0.019599836668027767,0.016643550624133148,-0.0029562860438946195
PatientID_0021,3,4,True,3,0.005801906340654786,0.004922644163150493,-0.0008792621775042938
PatientID_0021,3,4,True,4,0.02066115702479339,0.017537706068046298,-0.003123450956747091
PatientID_0021,4,5,True,0,0.03233256351039261,0.03452243958573072,0.002189876075338111
PatientID_0021,4,5,True,1,0.01596351197263398,0.020454545454545454,0.0044910334819114744
PatientID_0021,4,5,True,2,0.040586245772266064,0.04489337822671156,0.004307132454445493
PatientID_0021,4,5,True,3,0.006764374295377677,0.006741573033707865,-2.280126166981193e-05
PatientID_0021,4,5,True,4,0.026815642458100558,0.03121516164994426,0.004399519191843702
PatientID_0021,5,6,True,0,0.28401663695781343,0.3118549511854951,0.027838314227681682
PatientID_0021,5,6,True,1,0.3075103489059728,0.334258745141588,0.0267483962356152
PatientID_0021,5,6,True,2,0.35710005991611743,0.38416175231676497,0.02706169240064754
PatientID_0021,5,6,True,3,0.31422631422631425,0.34252297410192145,0.0282966598756072
PatientID_0021,5,6,True,4,0.2662298987492555,0.2931323283082077,0.026902429558952168
PatientID_0022,1,2,True,0,0.41073467834031213,0.4658186144412922,0.05508393610098006
PatientID_0022,1,2,True,1,0.3925709437164137,0.4449478930675125,0.05237694935109877
PatientID_0022,1,2,True,2,0.4258015700368864,0.48072026191342304,0.05491869187653664
PatientID_0022,1,2,True,3,0.4171325689377428,0.4721640091116173,0.05503144017387451
PatientID_0022,1,2,True,4,0.43152430391694196,0.48806606770124333,0.05654176378430137
PatientID_0024,2,3,True,0,0.4046547184235114,0.4613672496025437,0.0567125311790323
PatientID_0024,2,3,True,1,0.40081005822293475,0.4619393556538219,0.06112929743088713
PatientID_0024,2,3,True,2,0.428486646884273,0.49270535997462733,0.06421871309035432
PatientID_0024,2,3,True,3,0.34792959782331434,0.3967546929685014,0.04882509514518707
PatientID_0024,2,3,True,4,0.42277943051423716,0.4821499562693806,0.059370525755143455
PatientID_0025,1,2,True,0,0.7051775147928994,0.7333896213548093,0.028212106561909978
PatientID_0025,1,2,True,1,0.6597421731123388,0.6797647515026175,0.020022578390278656
PatientID_0025,1,2,True,2,0.6683880486905202,0.6787055016181229,0.010317452927602777
PatientID_0025,1,2,True,3,0.6383135549495098,0.6755987055016182,0.03728515055210835
PatientID_0025,1,2,True,4,0.7193215339233038,0.7387842299475627,0.019462696024258874
PatientID_0025,2,3,True,0,0.016182517575275234,0.016339147714727314,0.0001566301394520797
PatientID_0025,2,3,True,1,0.014289494575284467,0.013872068699768798,-0.0004174258755156694
PatientID_0025,2,3,True,2,0.015181781861765881,0.015290858725761773,0.00010907686399589181
PatientID_0025,2,3,True,3,0.010597430123195126,0.012567522875096462,0.001970092751901336
PatientID_0025,2,3,True,4,0.0074093675575549085,0.00969056271335756,0.0022811951558026518
PatientID_0026,1,2,True,0,0.13270142180094788,0.11914738568045181,-0.013554036120496063
PatientID_0026,1,2,True,1,0.1303088803088803,0.12189699888847721,-0.008411881420403083
PatientID_0026,1,2,True,2,0.1134314190792596,0.10482256596906278,-0.008608853110196824
PatientID_0026,1,2,True,3,0.13903487816531296,0.12322972227331248,-0.015805155892000475
PatientID_0026,1,2,True,4,0.11887779362815026,0.11393098411539164,-0.004946809512758624
PatientID_0029,1,3,True,0,0.0,0.0,0.0
PatientID_0029,1,3,True,1,0.0,0.0,0.0
PatientID_0029,1,3,True,2,0.0,0.0,0.0
PatientID_0029,1,3,True,3,0.0,0.0,0.0
PatientID_0029,1,3,True,4,0.0,0.0,0.0
PatientID_0031,2,3,True,0,0.4031372549019608,0.44300876788186433,0.039871512979903545
PatientID_0031,2,3,True,1,0.3794466403162055,0.42484876686831086,0.04540212655210535
PatientID_0031,2,3,True,2,0.2979274611398964,0.34468571428571426,0.046758253145817885
PatientID_0031,2,3,True,3,0.3581624708019725,0.407602473093657,0.04944000229168449
PatientID_0031,2,3,True,4,0.40258397932816536,0.4458133698380105,0.043229390509845145
PatientID_0031,3,4,True,0,0.4544938075218725,0.5488176563321072,0.0943238488102347
PatientID_0031,3,4,True,1,0.477051774813475,0.5837080414095995,0.10665626659612454
PatientID_0031,3,4,True,2,0.47912435116226587,0.5866026711185309,0.10747831995626506
PatientID_0031,3,4,True,3,0.4399134297756009,0.5269259142164612,0.0870124844408603
PatientID_0031,3,4,True,4,0.4757237291999088,0.5789861945410475,0.1032624653411387
PatientID_0031,4,5,True,0,0.6087782961810956,0.5707930859176411,-0.03798521026345447
PatientID_0031,4,5,True,1,0.6348275862068965,0.5892211007427157,-0.04560648546418078
PatientID_0031,4,5,True,2,0.6678794178794178,0.605384026537382,-0.062495391342035855
PatientID_0031,4,5,True,3,0.6794638996973628,0.609658331742699,-0.06980556795466375
PatientID_0031,4,5,True,4,0.5779840164990977,0.5504459485103422,-0.027538067988755466
PatientID_0032,1,2,True,0,0.023952095808383235,0.023346303501945526,-0.0006057923064377094
PatientID_0032,1,2,True,1,0.06134969325153374,0.059880239520958084,-0.001469453730575658
PatientID_0032,1,2,True,2,0.0594059405940594,0.058027079303675046,-0.0013788612903843575
PatientID_0032,1,2,True,3,0.046413502109704644,0.04536082474226804,-0.0010526773674366038
PatientID_0032,1,2,True,4,0.05194805194805195,0.05063291139240506,-0.001315140555646889
PatientID_0032,3,4,True,0,0.19247467438494936,0.16803760282021152,-0.024437071564737844
PatientID_0032,3,4,True,1,0.14225352112676057,0.12557077625570776,-0.016682744871052813
PatientID_0032,3,4,True,2,0.16062544420753375,0.1374133949191686,-0.02321204928836515
PatientID_0032,3,4,True,3,0.1489213639526792,0.12746756909193457,-0.021453794860744613
PatientID_0032,3,4,True,4,0.1371024734982332,0.12027491408934708,-0.016827559408886125
PatientID_0032,4,5,True,0,0.05968402574605032,0.06670544890440179,0.00702142315835147
PatientID_0032,4,5,True,1,0.050563982886036564,0.056512483065608674,0.00594850017957211
PatientID_0032,4,5,True,2,0.054284606436603336,0.06131893559583494,0.007034329159231606
PatientID_0032,4,5,True,3,0.05290799455358879,0.05883491387652409,0.005926919322935299
PatientID_0032,4,5,True,4,0.04354527938342967,0.04678811121764142,0.00324283183421175
PatientID_0032,5,6,True,0,0.40861421604591946,0.4673143421702618,0.05870012612434233
PatientID_0032,5,6,True,1,0.3828249365400336,0.4361636639717651,0.053338727431731514
PatientID_0032,5,6,True,2,0.40884215969319604,0.4658367229549283,0.056994563261732245
PatientID_0032,5,6,True,3,0.41516090173808295,0.4749087029666407,0.05974780122855772
PatientID_0032,5,6,True,4,0.40704146351986886,0.46526748971193416,0.058226026192065294
PatientID_0033,1,2,True,0,0.045633359559402044,0.05674846625766871,0.011115106698266666
PatientID_0033,1,2,True,1,0.037096774193548385,0.04399057344854674,0.006893799254998355
PatientID_0033,1,2,True,2,0.03228410008071025,0.04874213836477988,0.01645803828406963
PatientID_0033,1,2,True,3,0.03341288782816229,0.04021655065738593,0.006803662829223636
PatientID_0033,1,2,True,4,0.04376012965964344,0.04897314375987362,0.00521301410023018
PatientID_0033,2,3,True,0,0.45091830272324257,0.475177304964539,0.024259002241296457
PatientID_0033,2,3,True,1,0.32299741602067183,0.3627906976744186,0.03979328165374679
PatientID_0033,2,3,True,2,0.4072398190045249,0.42170542635658914,0.014465607352064258
PatientID_0033,2,3,True,3,0.5365239294710328,0.5217391304347826,-0.014784799036250185
PatientID_0033,2,3,True,4,0.5378258105530833,0.5101832993890021,-0.02764251116408123
PatientID_0033,3,4,True,0,0.5385906040268457,0.5570776255707762,0.01848702154393056
PatientID_0033,3,4,True,1,0.5201342281879194,0.5437928408225438,0.02365861263462432
PatientID_0033,3,4,True,2,0.515378221113882,0.5677517032551098,0.052373482141227834
PatientID_0033,3,4,True,3,0.4475639966969447,0.4917541229385307,0.044190126241586025
PatientID_0033,3,4,True,4,0.4172779136104319,0.4745011086474501,0.05722319503701817
PatientID_0033,4,5,True,0,0.659397049390635,0.6922209695603156,0.03282392016968061
PatientID_0033,4,5,True,1,0.6565079365079365,0.6911928651059086,0.03468492859797212
PatientID_0033,4,5,True,2,0.4772017489069332,0.5399780941949617,0.0627763452880285
PatientID_0033,4,5,True,3,0.6623959000640615,0.7072072072072072,0.04481130714314574
PatientID_0033,4,5,True,4,0.6044728434504792,0.6475869809203143,0.04311413746983506
PatientID_0034,1,2,True,0,0.045584045584045586,0.041237113402061855,-0.0043469321819837314
PatientID_0034,1,2,True,1,0.06528189910979229,0.05913978494623656,-0.006142114163555729
PatientID_0034,1,2,True,2,0.01098901098901099,0.009950248756218905,-0.0010387622327920846
PatientID_0034,1,2,True,3,0.07282913165266107,0.06582278481012659,-0.007006346842534483
PatientID_0034,1,2,True,4,0.01694915254237288,0.015384615384615385,-0.0015645371577574958
PatientID_0034,2,3,True,0,0.0,0.0,0.0
PatientID_0034,2,3,True,1,0.0,0.0,0.0
PatientID_0034,2,3,True,2,0.0,0.0,0.0
PatientID_0034,2,3,True,3,0.0,0.0,0.0
PatientID_0034,2,3,True,4,0.0,0.0,0.0
PatientID_0034,3,4,True,0,0.0,0.0,0.0
PatientID_0034,3,4,True,1,0.0,0.0,0.0
PatientID_0034,3,4,True,2,0.0,0.0,0.0
PatientID_0034,3,4,True,3,0.0,0.0,0.0
PatientID_0034,3,4,True,4,0.0,0.0,0.0
PatientID_0034,5,6,True,0,0.0,0.0,0.0
PatientID_0034,5,6,True,1,0.0,0.0,0.0
PatientID_0034,5,6,True,2,0.0,0.0,0.0
PatientID_0034,5,6,True,3,0.0,0.0,0.0
PatientID_0034,5,6,True,4,0.0,0.0,0.0
PatientID_0035,1,2,True,0,0.48672566371681414,0.43061489875534087,-0.05611076496147327
PatientID_0035,1,2,True,1,0.35453135386660756,0.32806397619490424,-0.026467377671703318
PatientID_0035,1,2,True,2,0.3616692426584235,0.34376736432672717,-0.01790187833169632
PatientID_0035,1,2,True,3,0.34328688343286884,0.3174485444094196,-0.02583833902344923
PatientID_0035,1,2,True,4,0.4816200748404138,0.41735918744228995,-0.06426088739812386
PatientID_0035,2,3,True,0,0.5195746737554374,0.5879752431476569,0.0684005693922195
PatientID_0035,2,3,True,1,0.48230731943771205,0.5861992456179277,0.10389192618021564
PatientID_0035,2,3,True,2,0.5359922178988327,0.6383262853327398,0.10233406743390716
PatientID_0035,2,3,True,3,0.5116726835138388,0.607583774250441,0.0959110907366022
PatientID_0035,2,3,True,4,0.5211200759373517,0.6337020169160703,0.11258194097871865
PatientID_0036,1,2,True,0,0.48012003000750186,0.5428943937418513,0.06277436373434947
PatientID_0036,1,2,True,1,0.5156984395563076,0.5789656973707121,0.06326725781440456
PatientID_0036,1,2,True,2,0.5160742905628358,0.5806169710740191,0.06454268051118328
PatientID_0036,1,2,True,3,0.40620328849028403,0.46608996539792386,0.059886676907639824
PatientID_0036,1,2,True,4,0.47985659024436267,0.5412587412587413,0.061402151014378625
PatientID_0036,2,3,True,0,0.7308098127143234,0.7712035171276791,0.04039370441335566
PatientID_0036,2,3,True,1,0.7849739222288242,0.8165810711665444,0.03160714893772021
PatientID_0036,2,3,True,2,0.6977081138040042,0.7180049996951405,0.020296885891136318
PatientID_0036,2,3,True,3,0.7700059669826957,0.7916999201915403,0.021693953208844596
PatientID_0036,2,3,True,4,0.7590075227662664,0.7890749114016864,0.030067388635420023
PatientID_0036,3,4,True,0,0.04605030109812257,0.03593476458122178,-0.010115536516900787
PatientID_0036,3,4,True,1,0.0480395619922289,0.03786416689642496,-0.010175395095803938
PatientID_0036,3,4,True,2,0.04362693078646386,0.034032376747608534,-0.009594554038855327
PatientID_0036,3,4,True,3,0.04097974564295808,0.03195885756267793,-0.009020888080280148
PatientID_0036,3,4,True,4,0.04759100011779951,0.037510342925439,-0.01008065719236051
PatientID_0036,4,5,True,0,0.09971014492753623,0.12632180623035152,0.026611661302815295
PatientID_0036,4,5,True,1,0.09754689754689755,0.12674055129298095,0.029193653746083403
PatientID_0036,4,5,True,2,0.09956331877729258,0.1279036420992257,0.02834032332193312
PatientID_0036,4,5,True,3,0.0943952802359882,0.12263876780005813,0.028243487564069927
PatientID_0036,4,5,True,4,0.10648148148148148,0.1345496009122007,0.028068119430719213
PatientID_0036,5,6,True,0,0.6964074220292144,0.736208142616237,0.039800720587022664
PatientID_0036,5,6,True,1,0.7391819018808365,0.7903672486453943,0.05118534676455777
PatientID_0036,5,6,True,2,0.6803934426229509,0.7209414024975984,0.04054795987464754
PatientID_0036,5,6,True,3,0.6697139872012537,0.7116740351296451,0.041960047928391364
PatientID_0036,5,6,True,4,0.6859623733719248,0.7238805970149254,0.03791822364300057
PatientID_0037,1,2,True,0,0.35201149425287354,0.43896848137535815,0.08695698712248462
PatientID_0037,1,2,True,1,0.33946251768033947,0.4304225352112676,0.09096001753092814
PatientID_0037,1,2,True,2,0.3971326164874552,0.4828767123287671,0.08574409584131193
PatientID_0037,1,2,True,3,0.29775280898876405,0.37988826815642457,0.08213545916766052
PatientID_0037,1,2,True,4,0.34097421203438394,0.42735042735042733,0.08637621531604339
PatientID_0037,2,3,True,0,0.4270833333333333,0.502534395365677,0.0754510620323437
PatientID_0037,2,3,True,1,0.5209222886421861,0.6168091168091168,0.09588682816693062
PatientID_0037,2,3,True,2,0.39184397163120566,0.4722427831236121,0.08039881149240646
PatientID_0037,2,3,True,3,0.3875432525951557,0.4564434845212383,0.06890023192608258
PatientID_0037,2,3,True,4,0.37847533632286995,0.4737631184407796,0.09528778211790967
PatientID_0037,3,4,True,0,0.36116152450090744,0.45246990452469904,0.0913083800237916
PatientID_0037,3,4,True,1,0.3597122302158273,0.4399671052631579,0.08025487504733059
PatientID_0037,3,4,True,2,0.40233497979344407,0.4922067268252666,0.08987174703182255
PatientID_0037,3,4,True,3,0.3219021490626429,0.3961554534057668,0.07425330434312388
PatientID_0037,3,4,True,4,0.34178321678321677,0.424750499001996,0.08296728221877925
PatientID_0038,1,2,True,0,0.3206813553045732,0.3233941046174817,0.002712749312908491
PatientID_0038,1,2,True,1,0.32767743112570696,0.3267359946326736,-0.0009414364930333541
PatientID_0038,1,2,True,2,0.3465364442032917,0.34413965087281795,-0.0023967933304737676
PatientID_0038,1,2,True,3,0.2563729060451566,0.2573627844712182,0.0009898784260615745
PatientID_0038,1,2,True,4,0.3241758241758242,0.32092944940225626,-0.0032463747735679283
PatientID_0038,2,3,True,0,0.4885640179203018,0.525096525096525,0.03653250717622325
PatientID_0038,2,3,True,1,0.5096470588235295,0.555014164305949,0.04536710548241951
PatientID_0038,2,3,True,2,0.4717202534616287,0.518928692507628,0.04720843904599925
PatientID_0038,2,3,True,3,0.4822447316334847,0.5233770602085436,0.041132328575058885
PatientID_0038,2,3,True,4,0.5182732111176819,0.5578851412944393,0.03961193017675746
PatientID_0038,3,4,True,0,0.505254424778761,0.5524413103632956,0.047186885584534544
PatientID_0038,3,4,True,1,0.5052592729285846,0.5524081851487803,0.04714891222019568
PatientID_0038,3,4,True,2,0.5055775790541164,0.5519550080342795,0.04637742898016317
PatientID_0038,3,4,True,3,0.490874821863651,0.5382663283023909,0.04739150643873985
PatientID_0038,3,4,True,4,0.5122253314372219,0.55902608077487,0.046800749337648107
PatientID_0038,5,6,True,0,0.5297491653111891,0.5722122937533768,0.04246312844218769
PatientID_0038,5,6,True,1,0.5188105236095638,0.559194373933669,0.040383850324105186
PatientID_0038,5,6,True,2,0.5230387118876327,0.563622754491018,0.04058404260338522
PatientID_0038,5,6,True,3,0.5200221757857478,0.5609806601234107,0.040958484337662915
PatientID_0038,5,6,True,4,0.5230096837775302,0.5632126508531002,0.04020296707557003
PatientID_0039,1,2,True,0,0.0,0.0,0.0
PatientID_0039,1,2,True,1,0.019704433497536946,0.018957345971563982,-0.0007470875259729635
PatientID_0039,1,2,True,2,0.0,0.0,0.0
PatientID_0039,1,2,True,3,0.009433962264150943,0.00909090909090909,-0.00034305317324185257
PatientID_0039,1,2,True,4,0.0196078431372549,0.018779342723004695,-0.0008285004142502064
PatientID_0039,2,3,True,0,0.29924242424242425,0.32786885245901637,0.028626428216592115
PatientID_0039,2,3,True,1,0.22265625,0.2589118198874296,0.03625556988742962
PatientID_0039,2,3,True,2,0.37721021611001965,0.4188679245283019,0.04165770841828226
PatientID_0039,2,3,True,3,0.2891089108910891,0.3155893536121673,0.02648044272107819
PatientID_0039,2,3,True,4,0.29141716566866266,0.3378119001919386,0.046394734523275916
PatientID_0039,3,4,True,0,0.12169312169312169,0.13333333333333333,0.011640211640211645
PatientID_0039,3,4,True,1,0.1925925925925926,0.16738197424892703,-0.02521061834366556
PatientID_0039,3,4,True,2,0.20095693779904306,0.17463617463617465,-0.02632076316286841
PatientID_0039,3,4,True,3,0.24242424242424243,0.21095334685598377,-0.03147089556825866
PatientID_0039,3,4,True,4,0.16103896103896104,0.14864864864864866,-0.01239031239031238
PatientID_0039,4,6,True,0,0.0975609756097561,0.10526315789473684,0.007702182284980735
PatientID_0039,4,6,True,1,0.17045454545454544,0.1956521739130435,0.025197628458498045
PatientID_0039,4,6,True,2,0.16149068322981366,0.16374269005847952,0.002252006828665859
PatientID_0039,4,6,True,3,0.19318181818181818,0.20652173913043478,0.013339920948616607
PatientID_0039,4,6,True,4,0.23809523809523808,0.24858757062146894,0.010492332526230858
PatientID_0041,1,2,True,0,0.0735632183908046,0.07142857142857142,-0.002134646962233172
PatientID_0041,1,2,True,1,0.03263403263403263,0.03829787234042553,0.005663839706392899
PatientID_0041,1,2,True,2,0.08391608391608392,0.08955223880597014,0.005636154889886225
PatientID_0041,1,2,True,3,0.045454545454545456,0.04979253112033195,0.004337985665786491
PatientID_0041,1,2,True,4,0.05466970387243736,0.05416666666666667,-0.00050303720577069
PatientID_0044,2,3,True,0,0.0,0.0,0.0
PatientID_0044,2,3,True,1,0.034129692832764506,0.05569620253164557,0.02156650969888106
PatientID_0044,2,3,True,2,0.021660649819494584,0.02680965147453083,0.005149001655036248
PatientID_0044,2,3,True,3,0.027303754266211604,0.05555555555555555,0.028251801289343948
PatientID_0044,2,3,True,4,0.05090909090909091,0.053763440860215055,0.002854349951124144
PatientID_0044,3,4,True,0,0.009237875288683603,0.00904977375565611,-0.00018810153302749322
PatientID_0044,3,4,True,1,0.0,0.0,0.0
PatientID_0044,3,4,True,2,0.004357298474945534,0.008528784648187633,0.004171486173242099
PatientID_0044,3,4,True,3,0.0502283105022831,0.07589285714285714,0.025664546640574035
PatientID_0044,3,4,True,4,0.004454342984409799,0.004357298474945534,-9.704450946426517e-05
PatientID_0044,4,5,True,0,0.10388761842535119,0.13424914142990946,0.030361523004558272
PatientID_0044,4,5,True,1,0.10390448531784446,0.1288135593220339,0.02490907400418943
PatientID_0044,4,5,True,2,0.0901077375122429,0.10444513521914828,0.014337397706905383
PatientID_0044,4,5,True,3,0.09174311926605505,0.10763454317897372,0.015891423912918673
PatientID_0044,4,5,True,4,0.11208292840945902,0.14493651285227624,0.03285358444281722
PatientID_0044,5,6,True,0,0.1469903558363818,0.13627992633517497,-0.01071042950120682
PatientID_0044,5,6,True,1,0.14933333333333335,0.1322543352601156,-0.01707899807321775
PatientID_0044,5,6,True,2,0.1424713031735314,0.13071895424836602,-0.011752348925165385
PatientID_0044,5,6,True,3,0.14839133289560077,0.14181486548107616,-0.006576467414524612
PatientID_0044,5,6,True,4,0.16974169741697417,0.147682273468437,-0.022059423948537188
PatientID_0045,1,2,True,0,0.2185053380782918,0.238971865230983,0.020466527152691177
PatientID_0045,1,2,True,1,0.3252204585537919,0.36132140399174123,0.03610094543794934
PatientID_0045,1,2,True,2,0.2771128037722162,0.306657223796034,0.029544420023817797
PatientID_0045,1,2,True,3,0.3486370157819225,0.38628411476557034,0.03764709898364782
PatientID_0045,1,2,True,4,0.25619249823071477,0.29015544041450775,0.03396294218379298
PatientID_0045,2,3,True,0,0.3252858958068615,0.3132824427480916,-0.01200345305876993
PatientID_0045,2,3,True,1,0.27066246056782334,0.27531837477258947,0.004655914204766132
PatientID_0045,2,3,True,2,0.34724434533290854,0.3355786895284752,-0.01166565580443335
PatientID_0045,2,3,True,3,0.3267766497461929,0.3176829268292683,-0.009093722916924618
PatientID_0045,2,3,True,4,0.32971938775510207,0.3187250996015936,-0.010994288153508447
PatientID_0045,3,4,True,0,0.39755351681957185,0.38694638694638694,-0.010607129873184906
PatientID_0045,3,4,True,1,0.4262295081967213,0.4113229347198151,-0.01490657347690616
PatientID_0045,3,4,True,2,0.3671497584541063,0.3578826237054085,-0.00926713474869778
PatientID_0045,3,4,True,3,0.37897310513447435,0.36480186480186483,-0.014171240332609525
PatientID_0045,3,4,True,4,0.2934131736526946,0.28636622932116373,-0.007046944331530858
PatientID_0051,1,3,True,0,0.4506795265234546,0.5188715702692258,0.0681920437457712
PatientID_0051,1,3,True,1,0.44904458598726116,0.5097186700767263,0.060674084089465175
PatientID_0051,1,3,True,2,0.4564449676280165,0.5183742371120633,0.06192926948404681
PatientID_0051,1,3,True,3,0.4063629790310918,0.4703330356003573,0.06397005656926547
PatientID_0051,1,3,True,4,0.4270024893835115,0.485466993928433,0.058464504544921525
PatientID_0051,3,4,True,0,0.5238366571699905,0.5134189031505251,-0.01041775401946543
PatientID_0051,3,4,True,1,0.5458373205741627,0.5290365894595502,-0.016800731114612444
PatientID_0051,3,4,True,2,0.5644731837200456,0.5407839866555463,-0.023689197064499345
PatientID_0051,3,4,True,3,0.5405822247927511,0.521136286777139,-0.01944593801561212
PatientID_0051,3,4,True,4,0.5612964728312678,0.5377926421404682,-0.023503830690799643
PatientID_0052,1,2,True,0,0.0008350730688935282,0.00564516129032258,0.004810088221429052
PatientID_0052,1,2,True,1,0.0851602023608769,0.10920945395273024,0.024049251591853338
PatientID_0052,1,2,True,2,0.017398869073510223,0.02526315789473684,0.007864288821226618
PatientID_0052,1,2,True,3,0.025477707006369428,0.027903159622486663,0.002425452616117235
PatientID_0052,1,2,True,4,0.013870827915041179,0.016778523489932886,0.0029076955748917072
PatientID_0053,4,5,True,0,0.0,0.0,0.0
PatientID_0053,4,5,True,1,0.0,0.0,0.0
PatientID_0053,4,5,True,2,0.0,0.0,0.0
PatientID_0053,4,5,True,3,0.0,0.0,0.0
PatientID_0053,4,5,True,4,0.0,0.0,0.0
PatientID_0053,5,6,True,0,0.12180746561886051,0.1446360153256705,0.02282854970680999
PatientID_0053,5,6,True,1,0.1542997542997543,0.17370441458733205,0.019404660287577757
PatientID_0053,5,6,True,2,0.14222222222222222,0.166988416988417,0.024766194766194766
PatientID_0053,5,6,True,3,0.09857072449482504,0.12138728323699421,0.022816558742169174
PatientID_0053,5,6,True,4,0.10344827586206896,0.1280693307655272,0.024621054903458242
PatientID_0054,1,2,True,0,0.45901909150757075,0.5627450980392157,0.10372600653164493
PatientID_0054,1,2,True,1,0.44534874257345164,0.5461865354506822,0.10083779287723055
PatientID_0054,1,2,True,2,0.4199706314243759,0.5102819113138414,0.09031127988946547
PatientID_0054,1,2,True,3,0.3796844181459566,0.4658380414312618,0.08615362328530518
PatientID_0054,1,2,True,4,0.4185514819955908,0.5117114420414578,0.09315996004586702
PatientID_0055,1,4,True,0,0.20448401971696614,0.21701172362185084,0.012527703904884696
PatientID_0055,1,4,True,1,0.2029078127496405,0.21670428893905191,0.013796476189411405
PatientID_0055,1,4,True,2,0.20105313547151749,0.21305928061160545,0.012006145140087965
PatientID_0055,1,4,True,3,0.217183008623443,0.231058705469142,0.013875696845699004
PatientID_0055,1,4,True,4,0.22759059122695485,0.23183347874859778,0.004242887521642924
PatientID_0055,4,5,True,0,0.5546930134086098,0.5819727130395884,0.02727969963097865
PatientID_0055,4,5,True,1,0.6358708460994579,0.6424731182795699,0.006602272180112001
PatientID_0055,4,5,True,2,0.594811320754717,0.6154190945764231,0.020607773821706088
PatientID_0055,4,5,True,3,0.4887640449438202,0.5090020004445432,0.02023795550072305
PatientID_0055,4,5,True,4,0.5116722248689852,0.5336048879837068,0.02193266311472153
PatientID_0055,5,6,True,0,0.5838881491344874,0.620344994357569,0.03645684522308157
PatientID_0055,5,6,True,1,0.6737516869095816,0.7082856675927439,0.03453398068316227
PatientID_0055,5,6,True,2,0.6066176470588235,0.6476683937823834,0.041050746723559906
PatientID_0055,5,6,True,3,0.6125148380532475,0.6524239934264585,0.03990915537321105
PatientID_0055,5,6,True,4,0.6457945506853952,0.6835027877992784,0.03770823711388327
PatientID_0059,2,3,True,0,0.0,0.0,0.0
PatientID_0059,2,3,True,1,0.0,0.0,0.0
PatientID_0059,2,3,True,2,0.0,0.0,0.0
PatientID_0059,2,3,True,3,0.0,0.0,0.0
PatientID_0059,2,3,True,4,0.0,0.0,0.0
PatientID_0064,1,2,True,0,0.6351780821917808,0.6167774246364249,-0.018400657555355915
PatientID_0064,1,2,True,1,0.5888623015009788,0.5810151993117293,-0.007847102189249555
PatientID_0064,1,2,True,2,0.6955301230835672,0.6621082621082621,-0.033421860975305084
PatientID_0064,1,2,True,3,0.6043539477959493,0.5928959146747929,-0.011458033121156452
PatientID_0064,1,2,True,4,0.6655773420479303,0.6387133831131534,-0.026863958934776888
PatientID_0065,1,2,True,0,0.17614590832733382,0.18177469504903132,0.005628786721697504
PatientID_0065,1,2,True,1,0.17609756097560975,0.1808458920758386,0.0047483311002288475
PatientID_0065,1,2,True,2,0.1839961667465261,0.19049892575793745,0.006502759011411341
PatientID_0065,1,2,True,3,0.17330436881486846,0.1784941063266779,0.005189737511809428
PatientID_0065,1,2,True,4,0.18032390621223107,0.18646109371235847,0.0061371875001274
PatientID_0065,2,3,True,0,0.7644431209053008,0.7487123881810789,-0.015730732724221874
PatientID_0065,2,3,True,1,0.6915971394517283,0.6856445709638064,-0.0059525684879219165
PatientID_0065,2,3,True,2,0.7099361354522501,0.7063277447268794,-0.0036083907253706693
PatientID_0065,2,3,True,3,0.7723420074349442,0.7546352686425768,-0.017706738792367394
PatientID_0065,2,3,True,4,0.7630366958847126,0.7520605323604919,-0.010976163524220706
PatientID_0065,3,4,True,0,0.5559235124452516,0.6199541513007076,0.06403063885545601
PatientID_0065,3,4,True,1,0.48739495798319327,0.5517104610808131,0.06431550309761985
PatientID_0065,3,4,True,2,0.5247745358090186,0.5869199564658157,0.06214542065679718
PatientID_0065,3,4,True,3,0.563950407968634,0.6297796660409051,0.06582925807227102
PatientID_0065,3,4,True,4,0.4752454343924839,0.5242030696576151,0.048957635265131194
PatientID_0065,4,5,True,0,0.7982716258578327,0.7284148809939276,-0.06985674486390514
PatientID_0065,4,5,True,1,0.7736590365562009,0.7192513368983957,-0.05440769965780523
PatientID_0065,4,5,True,2,0.7689158065341636,0.7168035952531423,-0.05211221128102128
PatientID_0065,4,5,True,3,0.7642151855635002,0.7191578947368421,-0.0450572908266581
PatientID_0065,4,5,True,4,0.7528813559322034,0.7164617104527669,-0.036419645479436547
PatientID_0066,1,2,True,0,0.0,0.0,0.0
PatientID_0066,1,2,True,1,0.0,0.0,0.0
PatientID_0066,1,2,True,2,0.0,0.0,0.0
PatientID_0066,1,2,True,3,0.0,0.0,0.0
PatientID_0066,1,2,True,4,0.0,0.0,0.0
PatientID_0066,2,3,True,0,0.0,0.0,0.0
PatientID_0066,2,3,True,1,0.0,0.0,0.0
PatientID_0066,2,3,True,2,0.0,0.0,0.0
PatientID_0066,2,3,True,3,0.0,0.0,0.0
PatientID_0066,2,3,True,4,0.0,0.0,0.0
PatientID_0066,3,5,True,0,0.0,0.0,0.0
PatientID_0066,3,5,True,1,0.0,0.0,0.0
PatientID_0066,3,5,True,2,0.0,0.0,0.0
PatientID_0066,3,5,True,3,0.0,0.0,0.0
PatientID_0066,3,5,True,4,0.0,0.0,0.0
PatientID_0067,1,2,True,0,0.13611281422440222,0.19712070874861573,0.06100789452421351
PatientID_0067,1,2,True,1,0.20753551575046325,0.2836484983314794,0.07611298258101618
PatientID_0067,1,2,True,2,0.1975609756097561,0.2833607907742998,0.08579981516454371
PatientID_0067,1,2,True,3,0.23228111971411555,0.3270575578267886,0.09477643811267303
PatientID_0067,1,2,True,4,0.16189896530736458,0.24615384615384617,0.08425488084648158
PatientID_0068,1,2,True,0,0.12416107382550336,0.13256484149855907,0.008403767673055715
PatientID_0068,1,2,True,1,0.14023372287145242,0.1410071942446043,0.0007734713731518961
PatientID_0068,1,2,True,2,0.13781512605042018,0.14182344428364688,0.004008318233226699
PatientID_0068,1,2,True,3,0.12802768166089964,0.13649851632047477,0.008470834659575127
PatientID_0068,1,2,True,4,0.03980099502487562,0.05714285714285714,0.01734186211798152
PatientID_0068,2,3,True,0,0.12348178137651822,0.13875123885034688,0.015269457473828657
PatientID_0068,2,3,True,1,0.10602910602910603,0.1079429735234216,0.0019138674943155604
PatientID_0068,2,3,True,2,0.09907120743034056,0.10931174089068826,0.0102405334603477
PatientID_0068,2,3,True,3,0.07226354941551541,0.075,0.002736450584484587
PatientID_0068,2,3,True,4,0.10548086866597725,0.11359026369168357,0.008109395025706317
PatientID_0068,3,4,True,0,0.5144694533762058,0.5314787701317716,0.01700931675556583
PatientID_0068,3,4,True,1,0.5718875502008032,0.5735186539868324,0.0016311037860292643
PatientID_0068,3,4,True,2,0.5547445255474452,0.5747973470891673,0.020052821541722055
PatientID_0068,3,4,True,3,0.5063091482649842,0.5136298421807748,0.007320693915790599
PatientID_0068,3,4,True,4,0.6052202283849919,0.637444279346211,0.03222405096121905
PatientID_0068,4,5,True,0,0.4928609201480698,0.6277128547579299,0.1348519346098601
PatientID_0068,4,5,True,1,0.45569620253164556,0.5738115095913261,0.11811530705968054
PatientID_0068,4,5,True,2,0.48796147672552165,0.6326013513513513,0.14463987462582967
PatientID_0068,4,5,True,3,0.4723726977248104,0.5788576300085252,0.1064849322837148
PatientID_0068,4,5,True,4,0.44609665427509293,0.5595637583892618,0.11346710411416883
PatientID_0069,2,3,True,0,0.30551181102362207,0.32753623188405795,0.022024420860435878
PatientID_0069,2,3,True,1,0.48881789137380194,0.4933920704845815,0.004574179110779564
PatientID_0069,2,3,True,2,0.37579617834394907,0.4093567251461988,0.033560546802249736
PatientID_0069,2,3,True,3,0.33495934959349594,0.3562874251497006,0.02132807555620464
PatientID_0069,2,3,True,4,0.42424242424242425,0.44052863436123346,0.016286210118809208
PatientID_0069,3,4,True,0,0.4942263279445728,0.5032258064516129,0.008999478507040082
PatientID_0069,3,4,True,1,0.46867749419953597,0.4535637149028078,-0.015113779296728191
PatientID_0069,3,4,True,2,0.37777777777777777,0.3900414937759336,0.012263715998155844
PatientID_0069,3,4,True,3,0.5278969957081545,0.5258964143426295,-0.002000581365525056
PatientID_0069,3,4,True,4,0.29107981220657275,0.30701754385964913,0.01593773165307638
PatientID_0069,4,5,True,0,0.24603174603174602,0.19808306709265175,-0.04794867893909427
PatientID_0069,4,5,True,1,0.1685823754789272,0.16615384615384615,-0.002428529325081058
PatientID_0069,4,5,True,2,0.13445378151260504,0.13559322033898305,0.0011394388263780142
PatientID_0069,4,5,True,3,0.15810276679841898,0.17142857142857143,0.013325804630152455
PatientID_0069,4,5,True,4,0.2,0.1864951768488746,-0.013504823151125417
PatientID_0069,5,6,True,0,0.3711340206185567,0.4,0.028865979381443307
PatientID_0069,5,6,True,1,0.21176470588235294,0.2909090909090909,0.07914438502673796
PatientID_0069,5,6,True,2,0.08823529411764706,0.16279069767441862,0.07455540355677155
PatientID_0069,5,6,True,3,0.16901408450704225,0.13636363636363635,-0.0326504481434059
PatientID_0069,5,6,True,4,0.25316455696202533,0.36363636363636365,0.11047180667433831
PatientID_0070,2,3,True,0,0.5847763347763347,0.542611894543225,-0.04216444023310972
PatientID_0070,2,3,True,1,0.6007563479200432,0.5278457772337821,-0.07291057068626106
PatientID_0070,2,3,True,2,0.5593098490294752,0.52527103374561,-0.03403881528386521
PatientID_0070,2,3,True,3,0.573749774327496,0.5320453848512726,-0.04170438947622335
PatientID_0070,2,3,True,4,0.6011787819253438,0.5445169118762324,-0.056661870049111385
PatientID_0070,3,4,True,0,0.4233069650781401,0.5121014855616759,0.08879452048353581
PatientID_0070,3,4,True,1,0.4813119755911518,0.5609756097560976,0.07966363416494582
PatientID_0070,3,4,True,2,0.3344880677444188,0.4064526858473308,0.07196461810291199
PatientID_0070,3,4,True,3,0.4447418738049713,0.5228023793787178,0.07806050557374644
PatientID_0070,3,4,True,4,0.4024483550114767,0.4795766495783033,0.07712829456682663
PatientID_0072,1,2,True,0,0.02631578947368421,0.027676027676027677,0.001360238202343468
PatientID_0072,1,2,True,1,0.03462749213011543,0.0332522303325223,-0.0013752617975931261
PatientID_0072,1,2,True,2,0.050393700787401574,0.04462474645030426,-0.005768954337097315
PatientID_0072,1,2,True,3,0.04142326075411577,0.04026294165981923,-0.0011603190942965427
PatientID_0072,1,2,True,4,0.0441408302679979,0.035728786033292735,-0.008412044234705165
PatientID_0072,2,3,True,0,0.0,0.0,0.0
PatientID_0072,2,3,True,1,0.0,0.009478672985781991,0.009478672985781991
PatientID_0072,2,3,True,2,0.019656019656019656,0.046948356807511735,0.02729233715149208
PatientID_0072,2,3,True,3,0.02304147465437788,0.04856512141280353,0.02552364675842565
PatientID_0072,2,3,True,4,0.00975609756097561,0.023529411764705882,0.013773314203730272
PatientID_0073,1,2,True,0,0.36281520511855475,0.3869132290184922,0.024098023899937426
PatientID_0073,1,2,True,1,0.31683168316831684,0.3348314606741573,0.017999777505840475
PatientID_0073,1,2,True,2,0.3738244514106583,0.3936249073387695,0.019800455928111194
PatientID_0073,1,2,True,3,0.5494163424124514,0.561119293078056,0.011702950665604561
PatientID_0073,1,2,True,4,0.3729077462047489,0.3961708394698085,0.023263093265059598
PatientID_0073,2,3,True,0,0.42302543507362783,0.4573804573804574,0.034355022306829575
PatientID_0073,2,3,True,1,0.35489667565139266,0.3787625418060201,0.023865866154627435
PatientID_0073,2,3,True,2,0.5172259507829977,0.535223009587328,0.017997058804330335
PatientID_0073,2,3,True,3,0.31529209621993126,0.356,0.04070790378006872
PatientID_0073,2,3,True,4,0.3706631532718489,0.40539436044135674,0.03473120716950784
PatientID_0073,3,4,True,0,0.10145911096029861,0.10883674488267599,0.007377633922377377
PatientID_0073,3,4,True,1,0.10995033396129474,0.11691584075256173,0.006965506791266993
PatientID_0073,3,4,True,2,0.11166637945890057,0.11667230300980724,0.005005923550906677
PatientID_0073,3,4,True,3,0.11560891938250428,0.11875525651808243,0.003146337135578145
PatientID_0073,3,4,True,4,0.09856970532483199,0.1089125655335701,0.010342860208738106
PatientID_0074,1,2,True,0,0.028021015761821366,0.02527646129541864,-0.002744554466402725
PatientID_0074,1,2,True,1,0.0673758865248227,0.07667731629392971,0.009301429769107014
PatientID_0074,1,2,True,2,0.15114235500878734,0.1494435612082671,-0.0016987938005202374
PatientID_0074,1,2,True,3,0.03747870528109029,0.046153846153846156,0.008675140872755865
PatientID_0074,1,2,True,4,0.03594771241830065,0.032448377581120944,-0.0034993348371797073
PatientID_0074,2,3,True,0,0.0,0.0,0.0
PatientID_0074,2,3,True,1,0.0,0.0,0.0
PatientID_0074,2,3,True,2,0.0,0.0,0.0
PatientID_0074,2,3,True,3,0.0,0.0,0.0
PatientID_0074,2,3,True,4,0.0,0.0,0.0
PatientID_0074,3,4,True,0,0.0,0.0,0.0
PatientID_0074,3,4,True,1,0.0,0.0,0.0
PatientID_0074,3,4,True,2,0.0,0.0,0.0
PatientID_0074,3,4,True,3,0.0,0.0,0.0
PatientID_0074,3,4,True,4,0.0,0.0,0.0
PatientID_0074,4,5,True,0,0.0,0.0,0.0
PatientID_0074,4,5,True,1,0.0,0.0,0.0
PatientID_0074,4,5,True,2,0.0,0.0,0.0
PatientID_0074,4,5,True,3,0.0,0.0,0.0
PatientID_0074,4,5,True,4,0.0,0.0,0.0
PatientID_0074,5,6,True,0,0.0,0.0,0.0
PatientID_0074,5,6,True,1,0.0,0.0,0.0
PatientID_0074,5,6,True,2,0.0,0.0,0.0
PatientID_0074,5,6,True,3,0.0,0.0,0.0
PatientID_0074,5,6,True,4,0.0,0.0,0.0
PatientID_0076,1,2,True,0,0.0,0.0,0.0
PatientID_0076,1,2,True,1,0.0,0.0,0.0
PatientID_0076,1,2,True,2,0.0,0.0,0.0
PatientID_0076,1,2,True,3,0.0,0.0,0.0
PatientID_0076,1,2,True,4,0.0,0.0,0.0
PatientID_0078,1,2,True,0,0.1918762088974855,0.27015406664278035,0.07827785774529486
PatientID_0078,1,2,True,1,0.20320437670965222,0.2894356005788712,0.08623122386921897
PatientID_0078,1,2,True,2,0.16467872258560984,0.21492324169939309,0.05024451911378325
PatientID_0078,1,2,True,3,0.20558572536850273,0.288496213487198,0.08291048811869528
PatientID_0078,1,2,True,4,0.21114599686028257,0.29734641948382406,0.0862004226235415
PatientID_0078,2,3,True,0,0.2420749279538905,0.23486238532110093,-0.007212542632789559
PatientID_0078,2,3,True,1,0.21380050053628888,0.23103369241347696,0.01723319187718808
PatientID_0078,2,3,True,2,0.23847262247838616,0.24763661517177774,0.009163992693391576
PatientID_0078,2,3,True,3,0.28992805755395684,0.28176158635001153,-0.008166471203945314
PatientID_0078,2,3,True,4,0.23809523809523808,0.2546285714285714,0.016533333333333344
PatientID_0079,1,2,True,0,0.44939338540801066,0.42977305189652437,-0.019620333511486288
PatientID_0079,1,2,True,1,0.4428642301967918,0.4322957813240638,-0.010568448872727954
PatientID_0079,1,2,True,2,0.44669545001660577,0.43108643933386204,-0.01560901068274373
PatientID_0079,1,2,True,3,0.44762374609439237,0.43065808072875766,-0.016965665365634708
PatientID_0079,1,2,True,4,0.44176042356055595,0.42502765049770896,-0.016732773062846984
PatientID_0079,3,4,True,0,0.28725961538461536,0.32536411101951085,0.038104495634895486
PatientID_0079,3,4,True,1,0.2796352583586626,0.3179544191217343,0.03831916076307168
PatientID_0079,3,4,True,2,0.27909774436090223,0.3139950508660984,0.03489730650519618
PatientID_0079,3,4,True,3,0.26058041112454655,0.30127142067440577,0.040691009549859214
PatientID_0079,3,4,True,4,0.2690909090909091,0.30905566325117695,0.039964754160267846
PatientID_0079,4,5,True,0,0.31215722120658135,0.35555555555555557,0.04339833434897422
PatientID_0079,4,5,True,1,0.20805212939259948,0.23529411764705882,0.027241988254459337
PatientID_0079,4,5,True,2,0.24735632183908046,0.2830948121645796,0.03573849032549914
PatientID_0079,4,5,True,3,0.1810205495266682,0.21284238886394252,0.03182183933727431
PatientID_0079,4,5,True,4,0.2401483541956421,0.27366997294860235,0.03352161875296025
PatientID_0079,5,6,True,0,0.4784696063224758,0.6580701975091207,0.17960059118664484
PatientID_0079,5,6,True,1,0.4363043155865342,0.5968962906888721,0.16059197510233786
PatientID_0079,5,6,True,2,0.4489191590168789,0.6279553622091923,0.17903620319231345
PatientID_0079,5,6,True,3,0.4774155392917868,0.6557975575978849,0.17838201830609812
PatientID_0079,5,6,True,4,0.4578970653295974,0.6347072128675547,0.17681014753795732
PatientID_0080,1,2,True,0,0.2134672735834249,0.21776061776061775,0.004293344177192848
PatientID_0080,1,2,True,1,0.21032804897190394,0.2116156935434044,0.0012876445715004625
PatientID_0080,1,2,True,2,0.1946131091390316,0.19825340891680712,0.003640299777775524
PatientID_0080,1,2,True,3,0.17654437127626216,0.18549382716049384,0.008949455884231683
PatientID_0080,1,2,True,4,0.21220570012391574,0.21795458009449778,0.005748879970582044
PatientID_0082,1,2,True,0,0.4688741721854305,0.47846543612015924,0.009591263934728755
PatientID_0082,1,2,True,1,0.39732142857142855,0.4125822970007315,0.015260868429302965
PatientID_0082,1,2,True,2,0.3717892903787549,0.398716119828816,0.026926829450061085
PatientID_0082,1,2,True,3,0.3671497584541063,0.3995672556797692,0.032417497225662895
PatientID_0082,1,2,True,4,0.47058823529411764,0.4773060029282577,0.006717767634140059
PatientID_0083,1,2,True,0,0.17324690630524456,0.1860999425617461,0.012853036256501554
PatientID_0083,1,2,True,1,0.1747498075442648,0.19365734659410772,0.01890753904984291
PatientID_0083,1,2,True,2,0.174496644295302,0.19360867127639694,0.01911202698109493
PatientID_0083,1,2,True,3,0.16160436137071651,0.18295691782121845,0.021352556450501936
PatientID_0083,1,2,True,4,0.18234723569350145,0.19731619731619732,0.01496896162269587
PatientID_0083,2,3,True,0,0.5693096008629989,0.5850776935918839,0.01576809272888502
PatientID_0083,2,3,True,1,0.6064116379310345,0.6182471448736045,0.011835506942570073
PatientID_0083,2,3,True,2,0.5840850949239262,0.6002823046323624,0.01619720970843619
PatientID_0083,2,3,True,3,0.5837268924571583,0.6091540241707379,0.025427131713579687
PatientID_0083,2,3,True,4,0.531795009390931,0.5547034764826176,0.02290846709168659
PatientID_0083,3,4,True,0,0.34396381769685724,0.412252712188896,0.06828889449203873
PatientID_0083,3,4,True,1,0.3702849232898835,0.43501270110076207,0.06472777781087857
PatientID_0083,3,4,True,2,0.4375866851595007,0.5007419970320118,0.06315531187251111
PatientID_0083,3,4,True,3,0.3674136321195145,0.4252811997857525,0.05786756766623802
PatientID_0083,3,4,True,4,0.3716146726088447,0.4351289037937539,0.06351423118490923
PatientID_0083,4,5,True,0,0.23383297644539613,0.23324508847707956,-0.000587887968316575
PatientID_0083,4,5,True,1,0.3349865381890322,0.3352233439358318,0.00023680574679962874
PatientID_0083,4,5,True,2,0.31844771008703093,0.31658081581511904,-0.0018668942719118897
PatientID_0083,4,5,True,3,0.4084647067177958,0.4093680709534368,0.0009033642356410243
PatientID_0083,4,5,True,4,0.369920993227991,0.3694933920704846,-0.0004276011575063965
PatientID_0083,5,6,True,0,0.4065778281825914,0.41095132743362833,0.004373499251036916
PatientID_0083,5,6,True,1,0.43946188340807174,0.4449303088275485,0.005468425419476786
PatientID_0083,5,6,True,2,0.5799021019291679,0.5811341942728804,0.0012320923437124653
PatientID_0083,5,6,True,3,0.313458262350937,0.32179451675436166,0.00833625440342467
PatientID_0083,5,6,True,4,0.316056338028169,0.3229881900576765,0.006931852029507468
PatientID_0084,1,2,True,0,0.584473049074819,0.6419035509944601,0.05743050191964105
PatientID_0084,1,2,True,1,0.5510368431648882,0.6132461161079313,0.062209272943043126
PatientID_0084,1,2,True,2,0.5452538631346578,0.6091839507291006,0.06393008759444274
PatientID_0084,1,2,True,3,0.5379213483146067,0.5979699111836143,0.060048562869007616
PatientID_0084,1,2,True,4,0.6397596394591888,0.7076060414217238,0.067846401962535
PatientID_0084,2,3,True,0,0.25348302448261867,0.24815229563269878,-0.005330728849919891
PatientID_0084,2,3,True,1,0.2737528884056001,0.2540218247271909,-0.019731063678409155
PatientID_0084,2,3,True,2,0.2612367202397167,0.24737850941481565,-0.013858210824901074
PatientID_0084,2,3,True,3,0.2771843330594358,0.25660206279043407,-0.020582270269001723
PatientID_0084,2,3,True,4,0.2872384078785392,0.2589406971480308,-0.028297710730508407
PatientID_0084,3,4,True,0,0.17774282343688558,0.20725581395348838,0.029512990516602805
PatientID_0084,3,4,True,1,0.18498922202625906,0.2064754856614246,0.021486263635165537
PatientID_0084,3,4,True,2,0.17139479905437352,0.1956845238095238,0.024289724755150288
PatientID_0084,3,4,True,3,0.17808489634748273,0.20402834763148078,0.025943451283998054
PatientID_0084,3,4,True,4,0.24701973812780925,0.2764738495656995,0.02945411143789023
PatientID_0084,4,5,True,0,0.12399390907113335,0.15647834610586348,0.032484437034730126
PatientID_0084,4,5,True,1,0.12689352360043907,0.17752970831832912,0.050636184717890054
PatientID_0084,4,5,True,2,0.12494558119286026,0.15820416889363975,0.033258587700779496
PatientID_0084,4,5,True,3,0.12712233347845014,0.1647352469245855,0.03761291344613535
PatientID_0084,4,5,True,4,0.11671785870996051,0.16076245279625967,0.044044594086299155
PatientID_0084,5,6,True,0,0.16872427983539096,0.15156794425087108,-0.01715633558451987
PatientID_0084,5,6,True,1,0.21770091556459817,0.2117039586919105,-0.00599695687268767
PatientID_0084,5,6,True,2,0.18789144050104384,0.1753764393268379,-0.012515001174205925
PatientID_0084,5,6,True,3,0.23092369477911648,0.20900594732370434,-0.02191774745541214
PatientID_0084,5,6,True,4,0.14504596527068436,0.12964563526361278,-0.015400330007071583
PatientID_0085,1,2,True,0,0.15593220338983052,0.2211690363349131,0.06523683294508259
PatientID_0085,1,2,True,1,0.21,0.2472952086553323,0.03729520865533231
PatientID_0085,1,2,True,2,0.16722408026755853,0.22945736434108527,0.06223328407352674
PatientID_0085,1,2,True,3,0.1694915254237288,0.24328593996840442,0.07379441454467561
PatientID_0085,1,2,True,4,0.20435510887772193,0.2616822429906542,0.05732713411293225
PatientID_0085,2,3,True,0,0.2140077821011673,0.25874125874125875,0.044733476640091446
PatientID_0085,2,3,True,1,0.19850187265917604,0.2080536912751678,0.009551818615991747
PatientID_0085,2,3,True,2,0.2057142857142857,0.21612349914236706,0.010409213428081349
PatientID_0085,2,3,True,3,0.13559322033898305,0.12903225806451613,-0.006560962274466925
PatientID_0085,2,3,True,4,0.2026266416510319,0.19594594594594594,-0.006680695705085948
PatientID_0085,3,4,True,0,0.05378973105134474,0.04670912951167728,-0.007080601539667462
PatientID_0085,3,4,True,1,0.04962779156327544,0.043010752688172046,-0.006617038875103391
PatientID_0085,3,4,True,2,0.019417475728155338,0.01694915254237288,-0.002468323185782457
PatientID_0085,3,4,True,3,0.05670103092783505,0.04899777282850779,-0.007703258099327259
PatientID_0085,3,4,True,4,0.00997506234413965,0.008695652173913044,-0.001279410170226607
PatientID_0087,1,2,True,0,0.014327855035819638,0.032754010695187165,0.018426155659367525
PatientID_0087,1,2,True,1,0.03493821900298253,0.054933875890132246,0.019995656887149715
PatientID_0087,1,2,True,2,0.004140786749482402,0.011830430496220835,0.007689643746738433
PatientID_0087,1,2,True,3,0.00848536274925753,0.02636916835699797,0.01788380560774044
PatientID_0087,1,2,True,4,0.039297658862876256,0.0537491705374917,0.014451511674615447
PatientID_0087,2,3,True,0,0.15555555555555556,0.16108905275099264,0.0055334971954370815
PatientID_0087,2,3,True,1,0.15165262475696695,0.14806505888951205,-0.0035875658674549005
PatientID_0087,2,3,True,2,0.11961414790996784,0.13043478260869565,0.010820634698727807
PatientID_0087,2,3,True,3,0.08620689655172414,0.08635578583765112,0.0001488892859269758
PatientID_0087,2,3,True,4,0.1831076724693746,0.1858902575587906,0.0027825850894160065
PatientID_0089,1,2,True,0,0.08294930875576037,0.11216566005176877,0.0292163512960084
PatientID_0089,1,2,True,1,0.08962048468221308,0.11749571183533447,0.027875227153121393
PatientID_0089,1,2,True,2,0.0925589836660617,0.13214739517153748,0.039588411505475776
PatientID_0089,1,2,True,3,0.07852193995381063,0.12629757785467127,0.047775637900860646
PatientID_0089,1,2,True,4,0.08360128617363344,0.109247311827957,0.025646025654323557
PatientID_0089,2,3,True,0,0.3315136476426799,0.31747333880229694,-0.014040308840382931
PatientID_0089,2,3,True,1,0.3458128078817734,0.33687653311529026,-0.008936274766483121
PatientID_0089,2,3,True,2,0.2831858407079646,0.31007751937984496,0.02689167867188036
PatientID_0089,2,3,True,3,0.3384615384615385,0.3345280764635603,-0.0039334619979781715
PatientID_0089,2,3,True,4,0.3191800878477306,0.3259199353012535,0.006739847453522907
PatientID_0089,3,4,True,0,0.0,0.0,0.0
PatientID_0089,3,4,True,1,0.0,0.0,0.0
PatientID_0089,3,4,True,2,0.0,0.0,0.0
PatientID_0089,3,4,True,3,0.0,0.0,0.0
PatientID_0089,3,4,True,4,0.0,0.0,0.0
PatientID_0089,5,6,True,0,0.06004618937644342,0.04887218045112782,-0.011174008925315601
PatientID_0089,5,6,True,1,0.05017103762827822,0.04077849860982391,-0.009392539018454313
PatientID_0089,5,6,True,2,0.0675990675990676,0.055133079847908745,-0.012465987751158855
PatientID_0089,5,6,True,3,0.032520325203252036,0.026490066225165563,-0.006030258978086473
PatientID_0089,5,6,True,4,0.03567447045707915,0.02901178603807797,-0.006662684419001183
PatientID_0090,1,2,True,0,0.21911828895678742,0.26471719892266254,0.04559890996587512
PatientID_0090,1,2,True,1,0.23476297968397292,0.283552369573875,0.04878938988990206
PatientID_0090,1,2,True,2,0.2779783393501805,0.3258964143426295,0.04791807499244899
PatientID_0090,1,2,True,3,0.24877832074633496,0.297922383379067,0.04914406263273205
PatientID_0090,1,2,True,4,0.2862351868732908,0.3440514469453376,0.05781626007204682
PatientID_0091,1,2,True,0,0.059764127053035236,0.07267504488330341,0.012910917830268175
PatientID_0091,1,2,True,1,0.060890945906855655,0.07422295599741584,0.013332010090560183
PatientID_0091,1,2,True,2,0.08338800204096508,0.097670380552742,0.014282378511776925
PatientID_0091,1,2,True,3,0.09231439146527325,0.10616537021031403,0.013850978745040779
PatientID_0091,1,2,True,4,0.11394324499963897,0.1280011467068014,0.014057901707162437
PatientID_0092,1,2,True,0,0.02335766423357664,0.023154848046309694,-0.0002028161872669465
PatientID_0092,1,2,True,1,0.02631578947368421,0.02604920405209841,-0.00026658542158580073
PatientID_0092,1,2,True,2,0.039942938659058486,0.039603960396039604,-0.0003389782630188812
PatientID_0092,1,2,True,3,0.03428571428571429,0.0339943342776204,-0.0002913800080938875
PatientID_0092,1,2,True,4,0.04052098408104197,0.040172166427546625,-0.00034881765349534244
PatientID_0093,1,2,True,0,0.8224657534246576,0.8431720293894097,0.020706275964752163
PatientID_0093,1,2,True,1,0.7368133369773162,0.7633973710819009,0.026584034104584653
PatientID_0093,1,2,True,2,0.8266666666666667,0.8439859084046301,0.017319241737963398
PatientID_0093,1,2,True,3,0.7431367219353086,0.760251572327044,0.017114850391735437
PatientID_0093,1,2,True,4,0.734142305570877,0.7529351710056151,0.018792865434738126
PatientID_0093,2,3,True,0,0.6980373610782691,0.7001542189909672,0.0021168579126981113
PatientID_0093,2,3,True,1,0.6931897963959748,0.680322510350839,-0.012867286045135762
PatientID_0093,2,3,True,2,0.7136128120584079,0.7134708205353225,-0.00014199152308536078
PatientID_0093,2,3,True,3,0.6447492904446547,0.6609423161602818,0.016193025715627085
PatientID_0093,2,3,True,4,0.6987666034155597,0.7022732288677996,0.0035066254522398976
PatientID_0093,3,4,True,0,0.28498293515358364,0.2834170854271357,-0.0015658497264479654
PatientID_0093,3,4,True,1,0.2671572822180387,0.26942134878642815,0.0022640665683894556
PatientID_0093,3,4,True,2,0.24811704614319108,0.24560210758902015,-0.0025149385541709257
PatientID_0093,3,4,True,3,0.27609949221103364,0.27299603007010725,-0.003103462140926383
PatientID_0093,3,4,True,4,0.27914922695823013,0.2793427230046948,0.00019349604646468066
PatientID_0094,1,2,True,0,0.33962264150943394,0.44111027756939236,0.10148763605995842
PatientID_0094,1,2,True,1,0.2921535893155259,0.372803666921314,0.08065007760578813
PatientID_0094,1,2,True,2,0.2787682333873582,0.38158871566443947,0.1028204822770813
PatientID_0094,1,2,True,3,0.23558897243107768,0.32238349885408707,0.08679452642300939
PatientID_0094,1,2,True,4,0.2808163265306122,0.37789395070948467,0.09707762417887245
PatientID_0094,2,3,True,0,0.34826883910386963,0.35179786200194363,0.003529022898073997
PatientID_0094,2,3,True,1,0.336734693877551,0.36062378167641324,0.02388908779886223
PatientID_0094,2,3,True,2,0.31451612903225806,0.329162656400385,0.014646527368126938
PatientID_0094,2,3,True,3,0.44984802431610943,0.4666021297192643,0.016754105403154862
PatientID_0094,2,3,True,4,0.37924151696606784,0.3908484270734032,0.011606910107335389
PatientID_0094,3,4,True,0,0.36235955056179775,0.3616734143049933,-0.0006861362568044704
PatientID_0094,3,4,True,1,0.49586776859504134,0.5013262599469496,0.0054584913519082345
PatientID_0094,3,4,True,2,0.5006915629322268,0.4973404255319149,-0.0033511374003119543
PatientID_0094,3,4,True,3,0.4218077474892396,0.43310344827586206,0.011295700786622453
PatientID_0094,3,4,True,4,0.4993103448275862,0.4960212201591512,-0.003289124668435006
PatientID_0094,4,5,True,0,0.14166031987814165,0.15384615384615385,0.012185833968012205
PatientID_0094,4,5,True,1,0.1910538286580743,0.21412639405204462,0.023072565393970318
PatientID_0094,4,5,True,2,0.203757225433526,0.21970233876683204,0.015945113333306032
PatientID_0094,4,5,True,3,0.1518987341772152,0.17251461988304093,0.02061588570582573
PatientID_0094,4,5,True,4,0.1620817843866171,0.16909620991253643,0.007014425525919327
PatientID_0094,5,6,True,0,0.2426339019444113,0.3639995560981023,0.121365654153691
PatientID_0094,5,6,True,1,0.20528697308883068,0.3193781232648529,0.1140911501760222
PatientID_0094,5,6,True,2,0.22840166369578135,0.34332485344541536,0.114923189749634
PatientID_0094,5,6,True,3,0.2253858116999641,0.3395385129862892,0.11415270128632507
PatientID_0094,5,6,True,4,0.21398684997011358,0.33091760508417883,0.11693075511406525
PatientID_0095,1,2,True,0,0.23628167262552463,0.31437481437481435,0.07809314174928972
PatientID_0095,1,2,True,1,0.2572491859202977,0.33520959857798843,0.07796041265769071
PatientID_0095,1,2,True,2,0.25933930225378204,0.3368731563421829,0.07753385408840086
PatientID_0095,1,2,True,3,0.25193678339014564,0.32865168539325845,0.07671490200311282
PatientID_0095,1,2,True,4,0.263577903463237,0.34213445751053917,0.07855655404730216
PatientID_0095,3,4,True,0,0.1451792473836562,0.11895674300254452,-0.026222504381111678
PatientID_0095,3,4,True,1,0.15452151009657594,0.12464766677106169,-0.02987384332551425
PatientID_0095,3,4,True,2,0.16508077008187652,0.13318570072761785,-0.031895069354258676
PatientID_0095,3,4,True,3,0.1460013074743953,0.12044817927170869,-0.025553128202686612
PatientID_0095,3,4,True,4,0.14698741999558596,0.12466466782389143,-0.02232275217169452
PatientID_0095,4,6,True,0,0.3833580980683507,0.44747252747252747,0.06411442940417678
PatientID_0095,4,6,True,1,0.36470014627011216,0.435197225834417,0.07049707956430484
PatientID_0095,4,6,True,2,0.2864007688611245,0.3717948717948718,0.08539410293374733
PatientID_0095,4,6,True,3,0.28347229033840116,0.36529284164859,0.08182055131018884
PatientID_0095,4,6,True,4,0.3141724479682854,0.3949322848405417,0.0807598368722563
PatientID_0097,1,2,True,0,0.0008841732979664014,0.0008237232289950577,-6.04500689713437e-05
PatientID_0097,1,2,True,1,0.006194690265486726,0.005770816158285243,-0.00042387410720148237
PatientID_0097,1,2,True,2,0.01600711427301023,0.014925373134328358,-0.0010817411386818705
PatientID_0097,1,2,True,3,0.004372540445999125,0.004073319755600814,-0.0002992206903983108
PatientID_0097,1,2,True,4,0.0017905102954341987,0.0016673614005835765,-0.0001231488948506222
PatientID_0097,2,3,True,0,0.4235048678720445,0.44481054365733114,0.021305675785286637
PatientID_0097,2,3,True,1,0.4451324389404885,0.46449511400651466,0.01936267506602618
PatientID_0097,2,3,True,2,0.4526606772633034,0.46335078534031415,0.010690108077010763
PatientID_0097,2,3,True,3,0.4227979274611399,0.4307692307692308,0.007971303308090871
PatientID_0097,2,3,True,4,0.34309918813978113,0.379806084921431,0.036706896781649845
PatientID_0097,3,4,True,0,0.45958219800181654,0.48008611410118407,0.020503916099367525
PatientID_0097,3,4,True,1,0.46115627822944893,0.4922879177377892,0.031131639508340248
PatientID_0097,3,4,True,2,0.4039162112932605,0.442573402417962,0.03865719112470151
PatientID_0097,3,4,True,3,0.31564563880665,0.3347732181425486,0.019127579335898648
PatientID_0097,3,4,True,4,0.4220141584836721,0.4354035922960398,0.013389433812367735
PatientID_0097,4,5,True,0,0.4681875261615739,0.4862139917695473,0.01802646560797344
PatientID_0097,4,5,True,1,0.4165166754896771,0.4360229047371161,0.019506229247439
PatientID_0097,4,5,True,2,0.47820177731312075,0.4961447517220109,0.017942974408890144
PatientID_0097,4,5,True,3,0.47717755443886095,0.49578102490224324,0.018603470463382288
PatientID_0097,4,5,True,4,0.4173710904480135,0.43544198608081436,0.018070895632800843
PatientID_0097,5,6,True,0,0.2969263921968924,0.28121365894914896,-0.015712733247743416
PatientID_0097,5,6,True,1,0.26282628262826285,0.24729942317776613,-0.015526859450496727
PatientID_0097,5,6,True,2,0.3001583352182764,0.28475005273149123,-0.015408282486785163
PatientID_0097,5,6,True,3,0.27431026684758025,0.2604935667580679,-0.013816700089512357
PatientID_0097,5,6,True,4,0.283355947535052,0.2730339447607,-0.010322002774352024
PatientID_0099,1,2,True,0,0.22853279242731575,0.27381703470031543,0.04528424227299968
PatientID_0099,1,2,True,1,0.18574805808848363,0.2247403210576015,0.03899226296911787
PatientID_0099,1,2,True,2,0.27153871940998997,0.3149015932521087,0.04336287384211873
PatientID_0099,1,2,True,3,0.17880121909922114,0.21730890713834491,0.03850768803912377
PatientID_0099,1,2,True,4,0.3002028397565923,0.34026465028355385,0.04006181052696156
PatientID_0103,1,2,True,0,0.07105719237435008,0.09915966386554621,0.02810247149119613
PatientID_0103,1,2,True,1,0.043859649122807015,0.050933786078098474,0.007074136955291459
PatientID_0103,1,2,True,2,0.07803223070398643,0.09695973705834018,0.01892750635435375
PatientID_0103,1,2,True,3,0.057441253263707574,0.0759493670886076,0.018508113824900023
PatientID_0103,1,2,True,4,0.05574912891986063,0.08094435075885328,0.025195221838992657
PatientID_0103,2,3,True,0,0.3391304347826087,0.39173927073249437,0.05260883594988569
PatientID_0103,2,3,True,1,0.34014060930699697,0.3956043956043956,0.05546378629739862
PatientID_0103,2,3,True,2,0.38453713123092575,0.4400785854616896,0.05554145423076384
PatientID_0103,2,3,True,3,0.3344594594594595,0.38514173998044965,0.050682280520990164
PatientID_0103,2,3,True,4,0.3563563563563564,0.41326037978757646,0.056904023431220085
PatientID_0103,4,5,True,0,0.006153846153846154,0.008708272859216255,0.002554426705370101
PatientID_0103,4,5,True,1,0.01228878648233487,0.02318840579710145,0.01089961931476658
PatientID_0103,4,5,True,2,0.018779342723004695,0.026785714285714284,0.008006371562709589
PatientID_0103,4,5,True,3,0.018461538461538463,0.020348837209302327,0.0018872987477638638
PatientID_0103,4,5,True,4,0.0187207488299532,0.029542097488921712,0.010821348658968513
PatientID_0103,5,6,True,0,0.30563978168587025,0.3668571428571429,0.06121736117127263
PatientID_0103,5,6,True,1,0.20872641509433962,0.24141749723145073,0.03269108213711111
PatientID_0103,5,6,True,2,0.1650602409638554,0.20838052095130238,0.043320279987446975
PatientID_0103,5,6,True,3,0.3269461077844311,0.3878241262683202,0.060878018483889074
PatientID_0103,5,6,True,4,0.12808460634547592,0.15011037527593818,0.022025768930462264
PatientID_0105,1,2,True,0,0.0,0.0,0.0
PatientID_0105,1,2,True,1,0.0,0.0,0.0
PatientID_0105,1,2,True,2,0.0,0.0,0.0
PatientID_0105,1,2,True,3,0.0,0.0,0.0
PatientID_0105,1,2,True,4,0.0,0.0,0.0
PatientID_0105,2,3,True,0,0.2823529411764706,0.2736842105263158,-0.008668730650154777
PatientID_0105,2,3,True,1,0.32,0.3373493975903614,0.017349397590361415
PatientID_0105,2,3,True,2,0.05263157894736842,0.047058823529411764,-0.005572755417956654
PatientID_0105,2,3,True,3,0.15584415584415584,0.13793103448275862,-0.017913121361397222
PatientID_0105,2,3,True,4,0.21428571428571427,0.21505376344086022,0.0007680491551459445
PatientID_0105,3,4,True,0,0.051111111111111114,0.0640176600441501,0.01290654893303899
PatientID_0105,3,4,True,1,0.08547008547008547,0.1016949152542373,0.016224829784151823
PatientID_0105,3,4,True,2,0.09395973154362416,0.10864745011086474,0.014687718567240576
PatientID_0105,3,4,True,3,0.06487695749440715,0.07769145394006659,0.012814496445659435
PatientID_0105,3,4,True,4,0.08587570621468926,0.10302351623740201,0.017147810022712748
PatientID_0105,4,5,True,0,0.4719191919191919,0.554290053151101,0.08237086123190912
PatientID_0105,4,5,True,1,0.47309236947791167,0.5621703089675961,0.08907793948968445
PatientID_0105,4,5,True,2,0.4937875751503006,0.5689525244913338,0.07516494934103324
PatientID_0105,4,5,True,3,0.48526443278159065,0.5595147839272175,0.07425035114562689
PatientID_0105,4,5,True,4,0.47438483259378783,0.5395384033295497,0.06515357073576189
PatientID_0105,5,6,True,0,0.3617121354656632,0.38018835019183816,0.018476214726174944
PatientID_0105,5,6,True,1,0.3773984696880518,0.39590364249970905,0.018505172811657256
PatientID_0105,5,6,True,2,0.36624691067435566,0.38440954043048287,0.018162629756127202
PatientID_0105,5,6,True,3,0.36065959952885746,0.3784790963083731,0.017819496779515664
PatientID_0105,5,6,True,4,0.36361494049723103,0.3822947000582411,0.01867975956101009
PatientID_0109,1,2,True,0,0.2178894472361809,0.2247391952309985,0.0068497479948176065
PatientID_0109,1,2,True,1,0.20103709613083368,0.20526471458148476,0.004227618450651088
PatientID_0109,1,2,True,2,0.19100565869155167,0.19823356231599606,0.007227903624444393
PatientID_0109,1,2,True,3,0.17850019944156362,0.18004338394793926,0.0015431845063756389
PatientID_0109,1,2,True,4,0.2092860708936595,0.21164856860809478,0.00236249771443528
PatientID_0109,2,3,True,0,0.7252943275062433,0.7107938320959452,-0.014500495410298186
PatientID_0109,2,3,True,1,0.6231436378757277,0.6155864901871292,-0.007557147688598498
PatientID_0109,2,3,True,2,0.6923580916076002,0.67383963829909,-0.018518453308510208
PatientID_0109,2,3,True,3,0.7010272336359293,0.6871306443284182,-0.013896589307511142
PatientID_0109,2,3,True,4,0.6284020160094871,0.6182936553138171,-0.010108360695670005
PatientID_0109,3,4,True,0,0.6451368859047709,0.6670383793327758,0.021901493428004848
PatientID_0109,3,4,True,1,0.5316479577398359,0.5560292890907406,0.0243813313509047
PatientID_0109,3,4,True,2,0.6154864954354099,0.6375087148501046,0.022022219414694733
PatientID_0109,3,4,True,3,0.47208961573001845,0.4981188164800966,0.02602920075007814
PatientID_0109,3,4,True,4,0.5909865555765953,0.6147834581569521,0.023796902580356827
PatientID_0110,1,2,True,0,0.03937270603937271,0.041191381495564006,0.0018186754561912988
PatientID_0110,1,2,True,1,0.04437086092715232,0.04454203262233375,0.000171171695181431
PatientID_0110,1,2,True,2,0.04051810029890402,0.04026423403586033,-0.0002538662630436894
PatientID_0110,1,2,True,3,0.0241773002014775,0.024180719058224626,3.418856747126192e-06
PatientID_0110,1,2,True,4,0.018078339471041177,0.019688790092092727,0.0016104506210515498
PatientID_0113,1,2,True,0,0.11631944444444445,0.1323024054982818,0.01598296105383734
PatientID_0113,1,2,True,1,0.1099290780141844,0.11754385964912281,0.007614781634938408
PatientID_0113,1,2,True,2,0.13356461405030357,0.1423670668953688,0.008802452845065228
PatientID_0113,1,2,True,3,0.13508771929824562,0.1422376409366869,0.007149921638441276
PatientID_0113,1,2,True,4,0.12078152753108348,0.13708260105448156,0.016301073523398074
PatientID_0113,2,3,True,0,0.5299334811529933,0.5657894736842105,0.035855992531217185
PatientID_0113,2,3,True,1,0.5761589403973509,0.6232980332829047,0.047139092885553735
PatientID_0113,2,3,True,2,0.4597315436241611,0.5020408163265306,0.04230927270236956
PatientID_0113,2,3,True,3,0.524731182795699,0.5627450980392157,0.038013915243516716
PatientID_0113,2,3,True,4,0.5997794928335171,0.638147961751384,0.03836846891786694
PatientID_0116,1,2,True,0,0.07838070628768304,0.10459721636440321,0.02621651007672017
PatientID_0116,1,2,True,1,0.05258583224684919,0.07834788162657015,0.025762049379720958
PatientID_0116,1,2,True,2,0.07659022068368672,0.09957627118644068,0.022986050502753957
PatientID_0116,1,2,True,3,0.06959547629404089,0.08569601364314645,0.016100537349105562
PatientID_0116,1,2,True,4,0.06023835319609967,0.085756739545744,0.02551838634964433
PatientID_0117,1,2,True,0,0.02191519771319676,0.01970865467009426,-0.002206543043102499
PatientID_0117,1,2,True,1,0.015481373971940009,0.013955516790231139,-0.0015258571817088704
PatientID_0117,1,2,True,2,0.005758157389635317,0.005199306759098787,-0.0005588506305365297
PatientID_0117,1,2,True,3,0.012345679012345678,0.011125374411638854,-0.0012203046007068247
PatientID_0117,1,2,True,4,0.00966183574879227,0.008718395815170008,-0.0009434399336222619
PatientID_0117,2,3,True,0,0.4519559437903532,0.46732954545454547,0.015373601664192271
PatientID_0117,2,3,True,1,0.3895809739524349,0.40987654320987654,0.020295569257441637
PatientID_0117,2,3,True,2,0.43968432919954903,0.46380885453267745,0.02412452533312842
PatientID_0117,2,3,True,3,0.46502835538752363,0.49346981997882106,0.028441464591297427
PatientID_0117,2,3,True,4,0.5087784833769144,0.504881450488145,-0.003897032888769414
PatientID_0118,1,2,True,0,0.12949101796407186,0.16116707189996526,0.0316760539358934
PatientID_0118,1,2,True,1,0.08204742190440346,0.10552061495457722,0.023473193050173757
PatientID_0118,1,2,True,2,0.07826747720364742,0.08975265017667844,0.011485172973031019
PatientID_0118,1,2,True,3,0.12331838565022421,0.14508851093370356,0.021770125283479352
PatientID_0118,1,2,True,4,0.0795198799699925,0.10386894388288602,0.024349063912893515
PatientID_0118,2,3,True,0,0.1537777777777778,0.16660630206446939,0.012828524286691595
PatientID_0118,2,3,True,1,0.17145382235969953,0.17906137184115523,0.0076075494814557
PatientID_0118,2,3,True,2,0.24630541871921183,0.24762600438276114,0.0013205856635493118
PatientID_0118,2,3,True,3,0.1958351794417368,0.21475054229934923,0.018915362857612417
PatientID_0118,2,3,True,4,0.2356687898089172,0.23581757508342602,0.00014878527450881696
PatientID_0121,2,3,True,0,0.15841584158415842,0.1881918819188192,0.029776040334660775
PatientID_0121,2,3,True,1,0.16417910447761194,0.22530329289428075,0.06112418841666881
PatientID_0121,2,3,True,2,0.2862595419847328,0.35879218472468916,0.07253264273995635
PatientID_0121,2,3,True,3,0.35363457760314343,0.3978102189781022,0.044175641374958774
PatientID_0121,2,3,True,4,0.12790697674418605,0.17625899280575538,0.04835201606156933
PatientID_0125,1,2,True,0,0.11732401397903146,0.11688954928182269,-0.00043446469720877234
PatientID_0125,1,2,True,1,0.11263736263736264,0.11200594721843637,-0.000631415418926265
PatientID_0125,1,2,True,2,0.11246276067527308,0.11230144070927225,-0.00016131996600082799
PatientID_0125,1,2,True,3,0.12067235323632715,0.12044295135000622,-0.0002294018863209235
PatientID_0125,1,2,True,4,0.1011653855690553,0.10134054851801746,0.00017516294896216533
PatientID_0132,1,2,True,0,0.15835777126099707,0.1757443718228032,0.01738660056180613
PatientID_0132,1,2,True,1,0.13988095238095238,0.15498154981549817,0.015100597434545782
PatientID_0132,1,2,True,2,0.15666178623718888,0.17403915881073242,0.017377372573543548
PatientID_0132,1,2,True,3,0.12912912912912913,0.14721189591078068,0.01808276678165155
PatientID_0132,1,2,True,4,0.1734019103600294,0.19068413391557495,0.017282223555545567
PatientID_0132,2,3,True,0,0.7095057034220532,0.7156414762741652,0.006135772852111976
PatientID_0132,2,3,True,1,0.6707224334600761,0.6868189806678383,0.016096547207762213
PatientID_0132,2,3,True,2,0.6814258911819887,0.7018396390142312,0.02041374783224248
PatientID_0132,2,3,True,3,0.6271829916476841,0.6474719101123596,0.02028891846467551
PatientID_0132,2,3,True,4,0.6354998099581908,0.6497890295358649,0.01428921957767415
PatientID_0135,1,2,True,0,0.008368200836820083,0.008064516129032258,-0.0003036847077878251
PatientID_0135,1,2,True,1,0.09205020920502092,0.08835341365461848,-0.0036967955504024486
PatientID_0135,1,2,True,2,0.06995884773662552,0.06759443339960239,-0.002364414337023127
PatientID_0135,1,2,True,3,0.08898305084745763,0.0860655737704918,-0.0029174770769658243
PatientID_0135,1,2,True,4,0.02012072434607646,0.019342359767891684,-0.0007783645781847745
PatientID_0135,2,3,True,0,0.34219769192172605,0.3877847794474067,0.045587087525680636
PatientID_0135,2,3,True,1,0.3174762143214822,0.3685741998060136,0.05109798548453137
PatientID_0135,2,3,True,2,0.3153061224489796,0.3595061728395062,0.0442000503905266
PatientID_0135,2,3,True,3,0.33131313131313134,0.36772616136919317,0.036413030056061835
PatientID_0135,2,3,True,4,0.33705583756345175,0.3705159705159705,0.03346013295251876
PatientID_0136,1,2,True,0,0.0411373260738052,0.04863404383068148,0.007496717756876277
PatientID_0136,1,2,True,1,0.056169704212727815,0.06700266824785057,0.01083296403512276
PatientID_0136,1,2,True,2,0.018094089264173704,0.02153754113072091,0.0034434518665472057
PatientID_0136,1,2,True,3,0.057733211789729566,0.06933976484775399,0.011606553058024424
PatientID_0136,1,2,True,4,0.04342507645259939,0.05157766990291262,0.00815259345031323
PatientID_0136,2,3,True,0,0.6244064577397911,0.6422915696320447,0.017885111892253613
PatientID_0136,2,3,True,1,0.6368182900690641,0.6537383177570093,0.016920027687945205
PatientID_0136,2,3,True,2,0.5857244486601849,0.603233686169594,0.017509237509409137
PatientID_0136,2,3,True,3,0.6246756310450577,0.641592408286078,0.016916777241020253
PatientID_0136,2,3,True,4,0.6215355584384951,0.6354275135948166,0.013891955156321578
PatientID_0138,1,2,True,0,0.08650260999254288,0.09455022980958634,0.008047619817043467
PatientID_0138,1,2,True,1,0.041635687732342004,0.03674540682414698,-0.004890280908195023
PatientID_0138,1,2,True,2,0.05143721633888049,0.0466977985323549,-0.004739417806525585
PatientID_0138,1,2,True,3,0.05491990846681922,0.05910006715916723,0.004180158692348009
PatientID_0138,1,2,True,4,0.07732342007434945,0.0824607329842932,0.00513731290994375
PatientID_0138,2,3,True,0,0.4166666666666667,0.46585594013096354,0.04918927346429686
PatientID_0138,2,3,True,1,0.43359375,0.4738292011019284,0.04023545110192839
PatientID_0138,2,3,True,2,0.35035035035035034,0.4199623352165725,0.06961198486622217
PatientID_0138,2,3,True,3,0.3631123919308357,0.4434389140271493,0.08032652209631358
PatientID_0138,2,3,True,4,0.3473170731707317,0.4161319890009166,0.0688149158301849
PatientID_0140,1,2,True,0,0.0,0.0,0.0
PatientID_0140,1,2,True,1,0.0,0.0,0.0
PatientID_0140,1,2,True,2,0.0,0.0,0.0
PatientID_0140,1,2,True,3,0.0,0.0,0.0
PatientID_0140,1,2,True,4,0.0,0.0,0.0
PatientID_0140,2,3,True,0,0.0,0.0,0.0
PatientID_0140,2,3,True,1,0.023255813953488372,0.01680672268907563,-0.006449091264412742
PatientID_0140,2,3,True,2,0.0,0.0,0.0
PatientID_0140,2,3,True,3,0.019801980198019802,0.014184397163120567,-0.005617583034899235
PatientID_0140,2,3,True,4,0.017543859649122806,0.012578616352201259,-0.0049652432969215475
PatientID_0142,1,2,True,0,0.19964797586120192,0.23063223508459482,0.0309842592233929
PatientID_0142,1,2,True,1,0.21413222095815954,0.2225950782997763,0.008462857341616753
PatientID_0142,1,2,True,2,0.23610761880814685,0.2593499554764025,0.023242336668255648
PatientID_0142,1,2,True,3,0.17125536751704976,0.19899385131358302,0.027738483796533264
PatientID_0142,1,2,True,4,0.19198178828885798,0.20483546004029551,0.012853671751437534
PatientID_0145,1,2,True,0,0.05539993775287893,0.07270524083611027,0.01730530308323134
PatientID_0145,1,2,True,1,0.06875,0.08275022817158503,0.014000228171585027
PatientID_0145,1,2,True,2,0.05177372962607862,0.06654228855721393,0.014768558931135316
PatientID_0145,1,2,True,3,0.05291005291005291,0.06852637962401456,0.015616326713961654
PatientID_0145,1,2,True,4,0.060587326120556416,0.07463135720734276,0.014044031086786347
PatientID_0147,1,2,True,0,0.02077294685990338,0.020510374433579774,-0.00026257242632360747
PatientID_0147,1,2,True,1,0.01646090534979424,0.016260162601626018,-0.0002007427481682221
PatientID_0147,1,2,True,2,0.009178743961352657,0.009067048437127178,-0.0001116955242254792
PatientID_0147,1,2,True,3,0.005863669679941363,0.005792903692976104,-7.076598696525906e-05
PatientID_0147,1,2,True,4,0.007823960880195598,0.007729468599033816,-9.449228116178206e-05
PatientID_0147,2,3,True,0,0.12511848341232226,0.13340349953953426,0.008285016127211997
PatientID_0147,2,3,True,1,0.12826603325415678,0.13810404013731187,0.009838006883155087
PatientID_0147,2,3,True,2,0.17065491183879095,0.18029130035428423,0.009636388515493283
PatientID_0147,2,3,True,3,0.1148989898989899,0.12460567823343849,0.009706688334448585
PatientID_0147,2,3,True,4,0.14172730148687124,0.1551224651040295,0.013395163617158257
PatientID_0149,1,2,True,0,0.6346135242333366,0.6038347285984337,-0.030778795634902933
PatientID_0149,1,2,True,1,0.6469966362325805,0.6164848918290721,-0.030511744403508456
PatientID_0149,1,2,True,2,0.6134981172154099,0.5920934411500449,-0.021404676065365003
PatientID_0149,1,2,True,3,0.5817372799380924,0.5518358531317494,-0.029901426806343
PatientID_0149,1,2,True,4,0.6433065530926338,0.6137223122636413,-0.02958424082899258
PatientID_0149,2,3,True,0,0.62792820200791,0.6016751338734038,-0.02625306813450623
PatientID_0149,2,3,True,1,0.6400246875482178,0.6145282493737824,-0.025496438174435476
PatientID_0149,2,3,True,2,0.634335295940502,0.6150405367626502,-0.019294759177851728
PatientID_0149,2,3,True,3,0.6691415313225058,0.6343981029432277,-0.03474342837927802
PatientID_0149,2,3,True,4,0.6214285714285714,0.592551106132736,-0.02887746529583546
PatientID_0149,3,4,True,0,0.23854796888504753,0.2705385039514795,0.03199053506643196
PatientID_0149,3,4,True,1,0.25594149908592323,0.288608527488719,0.032667028402795784
PatientID_0149,3,4,True,2,0.2713326941514861,0.2998165137614679,0.02848381960998181
PatientID_0149,3,4,True,3,0.2566074002883229,0.2858455882352941,0.029238187946971195
PatientID_0149,3,4,True,4,0.2677936797617904,0.29748115462401176,0.02968747486222134
PatientID_0150,1,2,True,0,0.13944954128440368,0.12181303116147309,-0.01763651012293059
PatientID_0150,1,2,True,1,0.17810760667903525,0.16905444126074498,-0.009053165418290265
PatientID_0150,1,2,True,2,0.16607773851590105,0.1646090534979424,-0.0014686850179586597
PatientID_0150,1,2,True,3,0.14882032667876588,0.1570827489481066,0.008262422269340708
PatientID_0150,1,2,True,4,0.16370106761565836,0.1574585635359116,-0.006242504079746775
PatientID_0150,2,3,True,0,0.38181818181818183,0.3881856540084388,0.006367472190256962
PatientID_0150,2,3,True,1,0.42424242424242425,0.45161290322580644,0.027370478983382185
PatientID_0150,2,3,True,2,0.4074074074074074,0.45689655172413796,0.04948914431673057
PatientID_0150,2,3,True,3,0.3684210526315789,0.36585365853658536,-0.002567394094993569
PatientID_0150,2,3,True,4,0.38181818181818183,0.3813559322033898,-0.00046224961479202076
PatientID_0150,3,4,True,0,0.215962441314554,0.1875,-0.028462441314554
PatientID_0150,3,4,True,1,0.2,0.19923371647509577,-0.0007662835249042377
PatientID_0150,3,4,True,2,0.29493087557603687,0.26356589147286824,-0.031364984103168625
PatientID_0150,3,4,True,3,0.45132743362831856,0.41198501872659177,-0.0393424149017268
PatientID_0150,3,4,True,4,0.1461187214611872,0.12307692307692308,-0.023041798384264123
PatientID_0150,4,6,True,0,0.2564102564102564,0.25287356321839083,-0.0035366931918655586
PatientID_0150,4,6,True,1,0.3431952662721893,0.2560553633217993,-0.08713990295039004
PatientID_0150,4,6,True,2,0.18518518518518517,0.24,0.054814814814814816
PatientID_0150,4,6,True,3,0.26993865030674846,0.2642857142857143,-0.005652936021034172
PatientID_0150,4,6,True,4,0.21839080459770116,0.18666666666666668,-0.031724137931034485
PatientID_0151,1,2,True,0,0.1310344827586207,0.15479876160990713,0.02376427885128643
PatientID_0151,1,2,True,1,0.16608996539792387,0.19937694704049844,0.03328698164257457
PatientID_0151,1,2,True,2,0.04844290657439446,0.07476635514018691,0.026323448565792447
PatientID_0151,1,2,True,3,0.11147540983606558,0.12462908011869436,0.013153670282628788
PatientID_0151,1,2,True,4,0.08904109589041095,0.08668730650154799,-0.0023537893888629646
PatientID_0152,1,2,True,0,0.08333333333333333,0.07655502392344497,-0.006778309409888356
PatientID_0152,1,2,True,1,0.15384615384615385,0.14018691588785046,-0.0136592379583034
PatientID_0152,1,2,True,2,0.0297029702970297,0.02702702702702703,-0.002675943270002673
PatientID_0152,1,2,True,3,0.0,0.0,0.0
PatientID_0152,1,2,True,4,0.07567567567567568,0.06930693069306931,-0.006368744982606367
PatientID_0152,2,3,True,0,0.015611448395490026,0.015450643776824034,-0.0001608046186659922
PatientID_0152,2,3,True,1,0.012738853503184714,0.012612612612612612,-0.00012624089057210186
PatientID_0152,2,3,True,2,0.019981834695731154,0.019748653500897665,-0.0002331811948334886
PatientID_0152,2,3,True,3,0.014109347442680775,0.01399825021872266,-0.00011109722395811518
PatientID_0152,2,3,True,4,0.014719411223551058,0.014558689717925387,-0.00016072150562567063
PatientID_0157,1,2,True,0,0.5938864628820961,0.6374006221914967,0.04351415930940061
PatientID_0157,1,2,True,1,0.6030423759507425,0.6468260794770342,0.043783703526291684
PatientID_0157,1,2,True,2,0.47610427226647356,0.5254470426409904,0.04934277037451684
PatientID_0157,1,2,True,3,0.5756325139063341,0.622275204359673,0.04664269045333891
PatientID_0157,1,2,True,4,0.47701773434672456,0.5205432353446794,0.043525500997954825
PatientID_0157,2,3,True,0,0.6847629388346,0.664695652173913,-0.020067286660687023
PatientID_0157,2,3,True,1,0.7034309322795043,0.6892382103990327,-0.014192721880471604
PatientID_0157,2,3,True,2,0.7121404016645558,0.6964689511219343,-0.015671450542621534
PatientID_0157,2,3,True,3,0.7116321009918846,0.6919743456404923,-0.019657755351392248
PatientID_0157,2,3,True,4,0.6564250858485451,0.6472120896300156,-0.009212996218529446
PatientID_0157,3,4,True,0,0.5834683954619124,0.5827781889958056,-0.0006902064661068463
PatientID_0157,3,4,True,1,0.6242523110386079,0.6138957816377171,-0.010356529400890824
PatientID_0157,3,4,True,2,0.6216216216216216,0.6140177690029615,-0.007603852618660145
PatientID_0157,3,4,True,3,0.5919524709694842,0.5893958076448829,-0.0025566633246013604
PatientID_0157,3,4,True,4,0.6762942779291553,0.6552153348269854,-0.021078943102169956
PatientID_0157,4,5,True,0,0.29822834645669294,0.27895595432300163,-0.019272392133691307
PatientID_0157,4,5,True,1,0.2410231185440236,0.22819885900570497,-0.012824259538318644
PatientID_0157,4,5,True,2,0.228035538005923,0.22558234572946465,-0.002453192276458349
PatientID_0157,4,5,True,3,0.29965156794425085,0.2777091058920478,-0.02194246205220307
PatientID_0157,4,5,True,4,0.282798833819242,0.2652156388553003,-0.017583194963941673
PatientID_0157,5,6,True,0,0.3524590163934426,0.3523809523809524,-7.806401249021988e-05
PatientID_0157,5,6,True,1,0.3252032520325203,0.31802120141342755,-0.007182050619092772
PatientID_0157,5,6,True,2,0.3613086770981508,0.34577114427860695,-0.015537532819543842
PatientID_0157,5,6,True,3,0.21895861148197596,0.22531939605110338,0.00636078456912742
PatientID_0157,5,6,True,4,0.33652530779753764,0.356718192627824,0.02019288483028636
PatientID_0159,1,2,True,0,0.08029878618113913,0.0812107788851975,0.0009119927040583675
PatientID_0159,1,2,True,1,0.0812043795620438,0.08585858585858586,0.004654206296542063
PatientID_0159,1,2,True,2,0.04631773969430292,0.059875867104782765,0.013558127410479848
PatientID_0159,1,2,True,3,0.05090909090909091,0.05164992826398852,0.0007408373548976124
PatientID_0159,1,2,True,4,0.06979990693345742,0.08076358296622614,0.010963676032768724
PatientID_0159,2,3,True,0,0.058426966292134834,0.04276315789473684,-0.01566380839739799
PatientID_0159,2,3,True,1,0.06571741511500548,0.048115477145148355,-0.017601937969857123
PatientID_0159,2,3,True,2,0.11123470522803114,0.08299430431244914,-0.028240400915581998
PatientID_0159,2,3,True,3,0.10256410256410256,0.07514944491887275,-0.02741465764522981
PatientID_0159,2,3,True,4,0.06313416009019165,0.046357615894039736,-0.01677654419615192
PatientID_0159,3,4,True,0,0.03361344537815126,0.02857142857142857,-0.0050420168067226885
PatientID_0159,3,4,True,1,0.17647058823529413,0.17391304347826086,-0.0025575447570332643
PatientID_0159,3,4,True,2,0.014925373134328358,0.012738853503184714,-0.002186519631143644
PatientID_0159,3,4,True,3,0.14492753623188406,0.17073170731707318,0.02580417108518912
PatientID_0159,3,4,True,4,0.07518796992481203,0.10191082802547771,0.026722858100665686
PatientID_0160,1,2,True,0,0.052980132450331126,0.047337278106508875,-0.005642854343822251
PatientID_0160,1,2,True,1,0.05333333333333334,0.047619047619047616,-0.00571428571428572
PatientID_0160,1,2,True,2,0.023121387283236993,0.02072538860103627,-0.002395998682200723
PatientID_0160,1,2,True,3,0.19101123595505617,0.1708542713567839,-0.020156964598272264
PatientID_0160,1,2,True,4,0.049689440993788817,0.0446927374301676,-0.004996703563621217
PatientID_0162,1,2,True,0,0.18810289389067525,0.20614546868922598,0.01804257479855073
PatientID_0162,1,2,True,1,0.13983739837398373,0.1486433346441211,0.008805936270137371
PatientID_0162,1,2,True,2,0.14314274290283888,0.1503293297171639,0.007186586814325019
PatientID_0162,1,2,True,3,0.20603621730382293,0.22126996493961823,0.015233747635795297
PatientID_0162,1,2,True,4,0.16329896907216496,0.1810207336523126,0.017721764580147653
PatientID_0162,2,3,True,0,0.22929936305732485,0.28864656831302116,0.05934720525569631
PatientID_0162,2,3,True,1,0.2222222222222222,0.2636065573770492,0.04138433515482698
PatientID_0162,2,3,True,2,0.21420921099607282,0.2686084142394822,0.054399203243409355
PatientID_0162,2,3,True,3,0.1913978494623656,0.244314489928525,0.052916640466159404
PatientID_0162,2,3,True,4,0.20540156361051884,0.27835051546391754,0.0729489518533987
PatientID_0162,3,4,True,0,0.4911072862880092,0.5037593984962406,0.012652112208231425
PatientID_0162,3,4,True,1,0.46075085324232085,0.45023948908994144,-0.01051136415237941
PatientID_0162,3,4,True,2,0.5386338185890257,0.5290728129910948,-0.009561005597930938
PatientID_0162,3,4,True,3,0.507361268403171,0.49522799575821846,-0.012133272644952509
PatientID_0162,3,4,True,4,0.49327354260089684,0.4858342077649528,-0.007439334835944056
PatientID_0162,4,5,True,0,0.49151172190784154,0.5297176820208024,0.038205960112960846
PatientID_0162,4,5,True,1,0.49432739059967584,0.5325884543761639,0.038261063776488025
PatientID_0162,4,5,True,2,0.4182572614107884,0.4253531882397862,0.0070959268289977895
PatientID_0162,4,5,True,3,0.5833681571249477,0.6412918108419838,0.05792365371703612
PatientID_0162,4,5,True,4,0.4376799670917318,0.4697885196374622,0.03210855254573042
PatientID_0162,5,6,True,0,0.6369313113291704,0.6664802907464356,0.029548979417265198
PatientID_0162,5,6,True,1,0.576,0.6036161335187761,0.02761613351877612
PatientID_0162,5,6,True,2,0.6333725029377203,0.6484547461368654,0.015082243199145084
PatientID_0162,5,6,True,3,0.6425050739344738,0.6630345954780714,0.020529521543597662
PatientID_0162,5,6,True,4,0.5501330967169477,0.564673157162726,0.01454006044577838
PatientID_0164,1,2,True,0,0.4258111556689756,0.4507845934379458,0.024973437768970208
PatientID_0164,1,2,True,1,0.39313116550968213,0.4125849124061495,0.01945374689646734
PatientID_0164,1,2,True,2,0.43283032756716966,0.4538904899135447,0.021060162346375033
PatientID_0164,1,2,True,3,0.40087783467446964,0.42120343839541546,0.02032560372094583
PatientID_0164,1,2,True,4,0.4436389996375498,0.4647037956722242,0.02106479603467437
PatientID_0164,2,3,True,0,0.5122072745391131,0.5643903960087309,0.05218312146961779
PatientID_0164,2,3,True,1,0.5155362512529235,0.5717421985259526,0.05620594727302919
PatientID_0164,2,3,True,2,0.5479497907949791,0.5989304812834224,0.050980690488443337
PatientID_0164,2,3,True,3,0.49825145711906743,0.5515407476927889,0.053289290573721504
PatientID_0164,2,3,True,4,0.5023364485981309,0.5562000313528767,0.05386358275474579
PatientID_0164,3,4,True,0,0.7648895292987512,0.7705199828104856,0.005630453511734412
PatientID_0164,3,4,True,1,0.7641963426371511,0.7729426971133132,0.008746354476162121
PatientID_0164,3,4,True,2,0.7677372962607862,0.7751072961373391,0.007369999876552846
PatientID_0164,3,4,True,3,0.7281693528987251,0.7428632985026392,0.014693945603914127
PatientID_0164,3,4,True,4,0.7648119216440332,0.7679569892473118,0.003145067603278595
PatientID_0164,4,5,True,0,0.7749352667011911,0.7976575121163166,0.022722245415125575
PatientID_0164,4,5,True,1,0.727329064242925,0.7527184857027789,0.0253894214598539
PatientID_0164,4,5,True,2,0.718289391737596,0.7453956688929366,0.02710627715534064
PatientID_0164,4,5,True,3,0.7728029987505206,0.7952492132778398,0.022446214527319208
PatientID_0164,4,5,True,4,0.7245745122457451,0.7523269931201942,0.027752480874449148
PatientID_0169,1,2,True,0,0.18115753957954842,0.19532253919300951,0.014164999613461099
PatientID_0169,1,2,True,1,0.1949064449064449,0.21244855967078188,0.01754211476433698
PatientID_0169,1,2,True,2,0.18191295282772998,0.19814241486068113,0.016229462032951142
PatientID_0169,1,2,True,3,0.21350078492935637,0.23154623154623155,0.018045446616875183
PatientID_0169,1,2,True,4,0.17473188595343972,0.1901061901061901,0.015374304152750373
PatientID_0169,2,3,True,0,0.6968058968058968,0.6963123644251626,-0.0004935323807341296
PatientID_0169,2,3,True,1,0.6953073364177131,0.6963727329580988,0.0010653965403856214
PatientID_0169,2,3,True,2,0.7425090549884754,0.7379729098552078,-0.004536145133267611
PatientID_0169,2,3,True,3,0.6129244971974942,0.6209262435677531,0.008001746370258855
PatientID_0169,2,3,True,4,0.7542132487902553,0.7452651515151515,-0.008948097275103817
PatientID_0169,3,4,True,0,0.7696802467131959,0.7743055555555556,0.004625308842359677
PatientID_0169,3,4,True,1,0.8016823034616629,0.8085574956740601,0.006875192212397185
PatientID_0169,3,4,True,2,0.7719412724306688,0.7859749325717912,0.014033660141122395
PatientID_0169,3,4,True,3,0.728947793761112,0.74410562716127,0.015157833400158083
PatientID_0169,3,4,True,4,0.7599151297535499,0.7671798127281384,0.007264682974588488
PatientID_0170,1,2,True,0,0.2259663032705649,0.2909090909090909,0.06494278763852598
PatientID_0170,1,2,True,1,0.30115830115830117,0.3660477453580902,0.06488944419978904
PatientID_0170,1,2,True,2,0.16403162055335968,0.20995475113122172,0.04592313057786204
PatientID_0170,1,2,True,3,0.25748502994011974,0.3241758241758242,0.06669079423570445
PatientID_0170,1,2,True,4,0.22812192723697147,0.2808280828082808,0.05270615557130934
PatientID_0171,1,2,True,0,0.5664607349850328,0.5759793370641412,0.009518602079108374
PatientID_0171,1,2,True,1,0.5237944363475064,0.5260002447081855,0.0022058083606790735
PatientID_0171,1,2,True,2,0.713015873015873,0.7181561848718891,0.005140311856016155
PatientID_0171,1,2,True,3,0.605798024848678,0.6123930835025537,0.006595058653875774
PatientID_0171,1,2,True,4,0.606951871657754,0.6152900688298918,0.008338197172137796
PatientID_0171,2,3,True,0,0.6700423584400409,0.7091072229699417,0.03906486452990077
PatientID_0171,2,3,True,1,0.6495254696881658,0.6797910807553235,0.03026561106715764
PatientID_0171,2,3,True,2,0.6928706441137983,0.7297997854844476,0.03692914137064929
PatientID_0171,2,3,True,3,0.6923900350330868,0.7281453240636914,0.03575528903060454
PatientID_0171,2,3,True,4,0.649922420480993,0.6805543138131426,0.03063189333214955
PatientID_0173,1,2,True,0,0.14035087719298245,0.18009478672985782,0.03974390953687537
PatientID_0173,1,2,True,1,0.20287081339712917,0.24022346368715083,0.03735265029002166
PatientID_0173,1,2,True,2,0.25318940137389595,0.28462273161413565,0.0314333302402397
PatientID_0173,1,2,True,3,0.16551724137931034,0.18618042226487524,0.020663180885564902
PatientID_0173,1,2,True,4,0.2202729044834308,0.2502369668246445,0.029964062341213737
PatientID_0186,1,2,False,0,0.0,0.0,0.0
PatientID_0186,1,2,False,1,0.0,0.0,0.0
PatientID_0186,1,2,False,2,0.0,0.0,0.0
PatientID_0186,1,2,False,3,0.0,0.0,0.0
PatientID_0186,1,2,False,4,0.0,0.0,0.0
PatientID_0186,2,3,False,0,0.06557377049180328,0.058786741713570984,-0.0067870287782322986
PatientID_0186,2,3,False,1,0.06304176516942474,0.056818181818181816,-0.0062235833512429214
PatientID_0186,2,3,False,2,0.05409705648369133,0.05736137667304015,0.0032643201893488225
PatientID_0186,2,3,False,3,0.02966432474629196,0.043668122270742356,0.014003797524450395
PatientID_0186,2,3,False,4,0.060795011691348405,0.051154086088583905,-0.0096409256027645
PatientID_0186,3,4,False,0,0.136986301369863,0.15384615384615385,0.01685985247629085
PatientID_0186,3,4,False,1,0.08163265306122448,0.09467455621301775,0.013041903151793266
PatientID_0186,3,4,False,2,0.06289308176100629,0.08648648648648649,0.023593404725480202
PatientID_0186,3,4,False,3,0.1456953642384106,0.17142857142857143,0.02573320719016084
PatientID_0186,3,4,False,4,0.13138686131386862,0.1518987341772152,0.020511872863346575
PatientID_0186,4,5,False,0,0.2014388489208633,0.21518987341772153,0.013751024496858222
PatientID_0186,4,5,False,1,0.16393442622950818,0.14705882352941177,-0.016875602700096415
PatientID_0186,4,5,False,2,0.2,0.21138211382113822,0.011382113821138212
PatientID_0186,4,5,False,3,0.1487603305785124,0.16176470588235295,0.013004375303840549
PatientID_0186,4,5,False,4,0.09009009009009009,0.08196721311475409,-0.008122876975335994
PatientID_0186,5,6,False,0,0.0,0.0,0.0
PatientID_0186,5,6,False,1,0.0,0.015748031496062992,0.015748031496062992
PatientID_0186,5,6,False,2,0.0,0.0,0.0
PatientID_0186,5,6,False,3,0.0,0.0,0.0
PatientID_0186,5,6,False,4,0.0,0.0,0.0
PatientID_0187,1,2,False,0,0.0,0.0,0.0
PatientID_0187,1,2,False,1,0.0,0.0,0.0
PatientID_0187,1,2,False,2,0.0,0.0,0.0
PatientID_0187,1,2,False,3,0.003734827264239029,0.009174311926605505,0.0054394846623664755
PatientID_0187,1,2,False,4,0.0,0.0,0.0
PatientID_0188,1,2,False,0,0.3207831325301205,0.3489965736661772,0.028213441136056727
PatientID_0188,1,2,False,1,0.2860727728983689,0.3082191780821918,0.02214640518382288
PatientID_0188,1,2,False,2,0.24245472837022133,0.2644749754661433,0.022020247095921958
PatientID_0188,1,2,False,3,0.24874371859296482,0.26477077715126257,0.016027058558297752
PatientID_0188,1,2,False,4,0.3256869170657928,0.3495575221238938,0.023870605058101013
PatientID_0189,1,2,False,0,0.06060606060606061,0.05,-0.010606060606060605
PatientID_0189,1,2,False,1,0.06060606060606061,0.15,0.08939393939393939
PatientID_0189,1,2,False,2,0.4,0.4090909090909091,0.009090909090909094
PatientID_0189,1,2,False,3,0.06060606060606061,0.08695652173913043,0.026350461133069825
PatientID_0189,1,2,False,4,0.14285714285714285,0.2631578947368421,0.12030075187969924
PatientID_0189,2,3,False,0,0.06177606177606178,0.08396946564885496,0.022193403872793185
PatientID_0189,2,3,False,1,0.0763888888888889,0.08275862068965517,0.006369731800766276
PatientID_0189,2,3,False,2,0.05263157894736842,0.05970149253731343,0.0070699135899450136
PatientID_0189,2,3,False,3,0.007751937984496124,0.007692307692307693,-5.963029218843119e-05
PatientID_0189,2,3,False,4,0.03636363636363636,0.04332129963898917,0.006957663275352806
PatientID_0189,3,4,False,0,0.1782608695652174,0.20421393841166938,0.025953068846451988
PatientID_0189,3,4,False,1,0.2570806100217865,0.31596091205211724,0.05888030203033073
PatientID_0189,3,4,False,2,0.22522522522522523,0.3076923076923077,0.08246708246708248
PatientID_0189,3,4,False,3,0.18625277161862527,0.22185430463576158,0.03560153301713631
PatientID_0189,3,4,False,4,0.21621621621621623,0.2953020134228188,0.07908579720660258
PatientID_0189,4,5,False,0,0.1806853582554517,0.20051413881748073,0.019828780562029025
PatientID_0189,4,5,False,1,0.23648648648648649,0.2548476454293629,0.018361158942876404
PatientID_0189,4,5,False,2,0.19435736677115986,0.23529411764705882,0.04093675087589896
PatientID_0189,4,5,False,3,0.22297297297297297,0.2562674094707521,0.033294436497779134
PatientID_0189,4,5,False,4,0.2392638036809816,0.27918781725888325,0.03992401357790165
PatientID_0189,5,6,False,0,0.32653061224489793,0.39039039039039036,0.06385977814549243
PatientID_0189,5,6,False,1,0.20279720279720279,0.24464831804281345,0.041851115245610665
PatientID_0189,5,6,False,2,0.25165562913907286,0.26744186046511625,0.0157862313260434
PatientID_0189,5,6,False,3,0.22875816993464052,0.2543352601156069,0.025577090180966405
PatientID_0189,5,6,False,4,0.21016949152542372,0.2710843373493976,0.06091484582397386
PatientID_0191,3,4,False,0,0.20271493212669683,0.2459016393442623,0.043186707217565456
PatientID_0191,3,4,False,1,0.20345140781108084,0.23625922887612796,0.03280782106504712
PatientID_0191,3,4,False,2,0.07400881057268723,0.09577015163607343,0.021761341063386203
PatientID_0191,3,4,False,3,0.20126926563916592,0.22532894736842105,0.024059681729255128
PatientID_0191,3,4,False,4,0.10582959641255606,0.11659919028340081,0.010769593870844751
PatientID_0196,1,2,False,0,0.0,0.0,0.0
PatientID_0196,1,2,False,1,0.0,0.0,0.0
PatientID_0196,1,2,False,2,0.0,0.0,0.0
PatientID_0196,1,2,False,3,0.0,0.0,0.0
PatientID_0196,1,2,False,4,0.0,0.0,0.0
PatientID_0197,1,2,False,0,0.0,0.0,0.0
PatientID_0197,1,2,False,1,0.0,0.0,0.0
PatientID_0197,1,2,False,2,0.0,0.0,0.0
PatientID_0197,1,2,False,3,0.0,0.0,0.0
PatientID_0197,1,2,False,4,0.0,0.0,0.0
PatientID_0198,1,2,False,0,0.30376811594202896,0.32844243792325056,0.024674321981221603
PatientID_0198,1,2,False,1,0.4014002333722287,0.4300341296928328,0.02863389632060409
PatientID_0198,1,2,False,2,0.38736102984201287,0.4127708095781072,0.025409779736094318
PatientID_0198,1,2,False,3,0.42924528301886794,0.4494252873563218,0.020180004337453872
PatientID_0198,1,2,False,4,0.2783132530120482,0.2984723854289072,0.020159132416859016
PatientID_0198,2,3,False,0,0.25357873210633947,0.3026415094339623,0.04906277732762282
PatientID_0198,2,3,False,1,0.25143325143325146,0.29540316503391106,0.043969913600659605
PatientID_0198,2,3,False,2,0.24759514847344208,0.28670520231213875,0.03911005383869667
PatientID_0198,2,3,False,3,0.21886484279297672,0.2569706103993971,0.0381057676064204
PatientID_0198,2,3,False,4,0.25844594594594594,0.30392537893509525,0.045479432989149304
PatientID_0198,3,4,False,0,0.4295190713101161,0.4206106870229008,-0.008908384287215299
PatientID_0198,3,4,False,1,0.3746397694524496,0.38149412210845657,0.006854352656006979
PatientID_0198,3,4,False,2,0.36829066886870354,0.36211487257512365,-0.006175796293579894
PatientID_0198,3,4,False,3,0.36467702371218313,0.38629518072289154,0.021618157010708405
PatientID_0198,3,4,False,4,0.3853516437786101,0.4001533154465312,0.014801671667921124
PatientID_0199,1,2,False,0,0.4387755102040816,0.44660194174757284,0.007826431543491219
PatientID_0199,1,2,False,1,0.3627450980392157,0.4,0.03725490196078435
PatientID_0199,1,2,False,2,0.31155778894472363,0.34285714285714286,0.031299353912419225
PatientID_0199,1,2,False,3,0.3229166666666667,0.35467980295566504,0.03176313628899835
PatientID_0199,1,2,False,4,0.5314009661835749,0.5205479452054794,-0.010853020978095484
PatientID_0199,2,3,False,0,0.1523809523809524,0.17194570135746606,0.01956474897651367
PatientID_0199,2,3,False,1,0.13861386138613863,0.16901408450704225,0.030400223120903624
PatientID_0199,2,3,False,2,0.23255813953488372,0.24778761061946902,0.015229471084585305
PatientID_0199,2,3,False,3,0.1891891891891892,0.21551724137931033,0.026328052190121132
PatientID_0199,2,3,False,4,0.19801980198019803,0.205607476635514,0.007587674655315985
PatientID_0201,1,2,False,0,0.2426470588235294,0.26573426573426573,0.02308720691073632
PatientID_0201,1,2,False,1,0.31386861313868614,0.32525951557093424,0.011390902432248107
PatientID_0201,1,2,False,2,0.21323529411764705,0.21678321678321677,0.0035479226655697194
PatientID_0201,1,2,False,3,0.199288256227758,0.19661016949152543,-0.002678086736232571
PatientID_0201,1,2,False,4,0.2962962962962963,0.33098591549295775,0.03468961919666147
PatientID_0201,2,3,False,0,0.23923444976076555,0.26046511627906976,0.021230666518304214
PatientID_0201,2,3,False,1,0.32989690721649484,0.3417085427135678,0.011811635497072981
PatientID_0201,2,3,False,2,0.20095693779904306,0.21395348837209302,0.012996550573049964
PatientID_0201,2,3,False,3,0.22857142857142856,0.23148148148148148,0.0029100529100529182
PatientID_0201,2,3,False,4,0.34951456310679613,0.3886255924170616,0.0391110293102655
PatientID_0201,3,4,False,0,0.0,0.0,0.0
PatientID_0201,3,4,False,1,0.07017543859649122,0.0594059405940594,-0.010769498002431821
PatientID_0201,3,4,False,2,0.026143790849673203,0.022222222222222223,-0.00392156862745098
PatientID_0201,3,4,False,3,0.08641975308641975,0.07407407407407407,-0.012345679012345678
PatientID_0201,3,4,False,4,0.049079754601226995,0.041884816753926704,-0.007194937847300291
PatientID_0201,4,5,False,0,0.2857142857142857,0.2748091603053435,-0.010905125408942173
PatientID_0201,4,5,False,1,0.23140495867768596,0.224,-0.007404958677685952
PatientID_0201,4,5,False,2,0.10606060606060606,0.10218978102189781,-0.0038708250387082532
PatientID_0201,4,5,False,3,0.2764227642276423,0.265625,-0.010797764227642281
PatientID_0201,4,5,False,4,0.24285714285714285,0.2328767123287671,-0.009980430528375744
PatientID_0201,5,6,False,0,0.02531645569620253,0.021739130434782608,-0.003577325261419923
PatientID_0201,5,6,False,1,0.0,0.017543859649122806,0.017543859649122806
PatientID_0201,5,6,False,2,0.02040816326530612,0.017699115044247787,-0.0027090482210583335
PatientID_0201,5,6,False,3,0.0,0.020202020202020204,0.020202020202020204
PatientID_0201,5,6,False,4,0.024691358024691357,0.043010752688172046,0.01831939466348069
PatientID_0204,1,2,False,0,0.1017364657814096,0.13721250245724395,0.03547603667583435
PatientID_0204,1,2,False,1,0.10295637792019847,0.13908205841446453,0.03612568049426605
PatientID_0204,1,2,False,2,0.1314297711526349,0.16666666666666666,0.03523689551403175
PatientID_0204,1,2,False,3,0.12241521918941274,0.15708888447007358,0.034673665280660834
PatientID_0204,1,2,False,4,0.13383521539104978,0.1746830348158583,0.04084781942480853
PatientID_0204,2,3,False,0,0.08311057108140947,0.07726787620064034,-0.005842694880769134
PatientID_0204,2,3,False,1,0.07938417127736348,0.07520067596113224,-0.004183495316231245
PatientID_0204,2,3,False,2,0.07280723185927193,0.07251662733319031,-0.00029060452608162257
PatientID_0204,2,3,False,3,0.0837772397094431,0.07743033397149543,-0.006346905737947675
PatientID_0204,2,3,False,4,0.08421559191530317,0.08240016902598775,-0.001815422889315424
PatientID_0204,3,4,False,0,0.024096385542168676,0.02553191489361702,0.001435529351448344
PatientID_0204,3,4,False,1,0.0227765726681128,0.029504741833508957,0.006728169165396158
PatientID_0204,3,4,False,2,0.021413276231263382,0.02392095683827353,0.0025076806070101487
PatientID_0204,3,4,False,3,0.026143790849673203,0.02857142857142857,0.002427637721755367
PatientID_0204,3,4,False,4,0.022604951560818085,0.027168234064785787,0.004563282503967703
PatientID_0204,4,5,False,0,0.38037518037518037,0.38914270357430797,0.008767523199127603
PatientID_0204,4,5,False,1,0.35853379152348225,0.3640724946695096,0.005538703146027335
PatientID_0204,4,5,False,2,0.35987168270632836,0.3742880390561432,0.014416356349814863
PatientID_0204,4,5,False,3,0.356234096692112,0.36464088397790057,0.008406787285788586
PatientID_0204,4,5,False,4,0.41966082207530897,0.43564356435643564,0.01598274228112667
PatientID_0204,5,6,False,0,0.26262626262626265,0.27483443708609273,0.012208174459830079
PatientID_0204,5,6,False,1,0.24864864864864866,0.25983471074380166,0.011186062095152993
PatientID_0204,5,6,False,2,0.2220609579100145,0.23227953410981697,0.01021857619980246
PatientID_0204,5,6,False,3,0.22404566535854442,0.23968565815324164,0.015639992794697216
PatientID_0204,5,6,False,4,0.20588235294117646,0.2235371466140697,0.017654793672893243
PatientID_0205,1,2,False,0,0.2224744608399546,0.24397005822012752,0.021495597380172926
PatientID_0205,1,2,False,1,0.2331737538721487,0.25254470426409903,0.01937095039195033
PatientID_0205,1,2,False,2,0.3087210922262469,0.3325170068027211,0.02379591457647423
PatientID_0205,1,2,False,3,0.3516732841747022,0.37562326869806095,0.023949984523358725
PatientID_0205,1,2,False,4,0.303954802259887,0.3277241379310345,0.023769335671147473
PatientID_0205,2,3,False,0,0.3036504424778761,0.3501683501683502,0.04651790769047409
PatientID_0205,2,3,False,1,0.38160043549265105,0.41579617834394905,0.034195742851298006
PatientID_0205,2,3,False,2,0.37537619699042407,0.4088114754098361,0.03343527841941202
PatientID_0205,2,3,False,3,0.2363032650802435,0.2717842323651452,0.035480967284901715
PatientID_0205,2,3,False,4,0.36353591160220994,0.39348500517063084,0.029949093568420904
PatientID_0205,3,4,False,0,0.050173010380622836,0.07695099818511797,0.026777987804495133
PatientID_0205,3,4,False,1,0.08646779074794639,0.10961887477313975,0.023151084025193364
PatientID_0205,3,4,False,2,0.0557006092254134,0.08841797588600658,0.03271736666059318
PatientID_0205,3,4,False,3,0.04722343681679055,0.0800587587219978,0.03283532190520725
PatientID_0205,3,4,False,4,0.11654615057422374,0.12,0.0034538494257762564
PatientID_0205,4,5,False,0,0.13943587014369346,0.15473684210526314,0.015300971961569682
PatientID_0205,4,5,False,1,0.12552742616033755,0.14084507042253522,0.015317644262197672
PatientID_0205,4,5,False,2,0.13333333333333333,0.151673640167364,0.01834030683403068
PatientID_0205,4,5,False,3,0.0968783638320775,0.10537519957424162,0.008496835742164116
PatientID_0205,4,5,False,4,0.14038763750654792,0.15647668393782382,0.0160890464312759
PatientID_0207,1,2,False,0,0.1584406294706724,0.23136746597537264,0.07292683650470025
PatientID_0207,1,2,False,1,0.20583497404689458,0.2854365786489551,0.07960160460206053
PatientID_0207,1,2,False,2,0.16164874551971326,0.23893229166666666,0.0772835461469534
PatientID_0207,1,2,False,3,0.15142294612493287,0.21731362676628227,0.0658906806413494
PatientID_0207,1,2,False,4,0.12880014391077532,0.1852274580140225,0.05642731410324717
PatientID_0207,2,3,False,0,0.022062134173795586,0.02563612014539889,0.003573985971603303
PatientID_0207,2,3,False,1,0.0173992673992674,0.02178564481618362,0.004386377416916221
PatientID_0207,2,3,False,2,0.015574896930829134,0.021404942595835766,0.005830045665006632
PatientID_0207,2,3,False,3,0.014760147601476014,0.020768025078369907,0.0060078774768938924
PatientID_0207,2,3,False,4,0.016095654173373188,0.02109787067786677,0.005002216504493583
PatientID_0207,3,4,False,0,0.1268882175226586,0.12571428571428572,-0.0011739318083728856
PatientID_0207,3,4,False,1,0.21511627906976744,0.2136986301369863,-0.0014176489327811237
PatientID_0207,3,4,False,2,0.1348973607038123,0.13850415512465375,0.0036067944208414415
PatientID_0207,3,4,False,3,0.16,0.1749271137026239,0.014927113702623895
PatientID_0207,3,4,False,4,0.18575851393188855,0.2046783625730994,0.01891984864121085
PatientID_0207,4,5,False,0,0.20930232558139536,0.2,-0.009302325581395349
PatientID_0207,4,5,False,1,0.18181818181818182,0.18133333333333335,-0.00048484848484847687
PatientID_0207,4,5,False,2,0.12269938650306748,0.1561712846347607,0.033471898131693226
PatientID_0207,4,5,False,3,0.14420062695924765,0.1432225063938619,-0.000978120565385765
PatientID_0207,4,5,False,4,0.10240963855421686,0.09336609336609336,-0.009043545188123503
PatientID_0207,5,6,False,0,0.203125,0.2328767123287671,0.02975171232876711
PatientID_0207,5,6,False,1,0.13114754098360656,0.17391304347826086,0.0427655024946543
PatientID_0207,5,6,False,2,0.23703703703703705,0.23529411764705882,-0.0017429193899782258
PatientID_0207,5,6,False,3,0.18333333333333332,0.1925925925925926,0.009259259259259273
PatientID_0207,5,6,False,4,0.16393442622950818,0.2074074074074074,0.04347298117789922
PatientID_0209,1,2,False,0,0.49580246913580245,0.5909293019119609,0.09512683277615847
PatientID_0209,1,2,False,1,0.4624726742773864,0.5392521320795977,0.07677945780221124
PatientID_0209,1,2,False,2,0.4828419526341228,0.5615484993475424,0.07870654671341959
PatientID_0209,1,2,False,3,0.4942418426103647,0.5848812095032397,0.09063936689287505
PatientID_0209,1,2,False,4,0.4963680387409201,0.5765883376849434,0.08022029894402333
PatientID_0209,2,3,False,0,0.6955009780482504,0.7017274472168906,0.006226469168640225
PatientID_0209,2,3,False,1,0.6281064438091049,0.6412095367319248,0.01310309292281997
PatientID_0209,2,3,False,2,0.6113518197573656,0.6342955457847448,0.022943726027379152
PatientID_0209,2,3,False,3,0.7024667103252565,0.7034110618616304,0.0009443515363738442
PatientID_0209,2,3,False,4,0.6479723899913719,0.6669204415683289,0.018948051576957003
PatientID_0209,3,4,False,0,0.5997425997425997,0.6056676272814602,0.005925027538860483
PatientID_0209,3,4,False,1,0.5973893012541592,0.6071172677334608,0.00972796647930152
PatientID_0209,3,4,False,2,0.5714285714285714,0.5932736511008952,0.021845079672323853
PatientID_0209,3,4,False,3,0.5511892450879007,0.5557163531114327,0.004527108023532067
PatientID_0209,3,4,False,4,0.54323499491353,0.5573225729883693,0.014087578074839291
PatientID_0209,4,5,False,0,0.4825855036084092,0.4826527479275407,6.724431913152085e-05
PatientID_0209,4,5,False,1,0.5345651481363491,0.5241809672386896,-0.010384180897659578
PatientID_0209,4,5,False,2,0.48818407960199006,0.47868453105968334,-0.009499548542306724
PatientID_0209,4,5,False,3,0.5255198487712666,0.5163479333744602,-0.009171915396806396
PatientID_0209,4,5,False,4,0.5015713387806411,0.494921514312096,-0.0066498244685450625
PatientID_0209,5,6,False,0,0.24056603773584906,0.23136888057374494,-0.00919715716210412
PatientID_0209,5,6,False,1,0.287598944591029,0.29347162904209884,0.0058726844510698095
PatientID_0209,5,6,False,2,0.2631578947368421,0.27378048780487807,0.01062259306803598
PatientID_0209,5,6,False,3,0.3534136546184739,0.3382899628252788,-0.015123691793195115
PatientID_0209,5,6,False,4,0.3134076325565687,0.3070669168230144,-0.006340715733554325
PatientID_0210,1,2,False,0,0.6818373367045933,0.6903679206283588,0.008530583923765489
PatientID_0210,1,2,False,1,0.7035940803382664,0.7072968490878938,0.003702768749627383
PatientID_0210,1,2,False,2,0.6708229426433915,0.6685690990623726,-0.0022538435810188773
PatientID_0210,1,2,False,3,0.6753574432296047,0.6870103092783505,0.011652866048745825
PatientID_0210,1,2,False,4,0.5744590581247349,0.5742821473158551,-0.00017691080887971555
PatientID_0210,2,3,False,0,0.7407083515522519,0.7350427350427351,-0.005665616509516802
PatientID_0210,2,3,False,1,0.5525394045534151,0.5680068434559452,0.015467438902530106
PatientID_0210,2,3,False,2,0.6500666963094709,0.6527596697088223,0.0026929733993513727
PatientID_0210,2,3,False,3,0.6402814423922604,0.6469072164948454,0.006625774102585025
PatientID_0210,2,3,False,4,0.6431718061674009,0.6503014642549526,0.007129658087551727
PatientID_0210,3,4,False,0,0.38687392055267705,0.40570522979397783,0.018831309241300775
PatientID_0210,3,4,False,1,0.3732876712328767,0.38344683080146674,0.010159159568590037
PatientID_0210,3,4,False,2,0.3183627060830017,0.34410844629822734,0.025745740215225632
PatientID_0210,3,4,False,3,0.4268502581755594,0.45602948920484465,0.02917923102928527
PatientID_0210,3,4,False,4,0.3373083475298126,0.3645833333333333,0.027274985803520724
PatientID_0210,4,6,False,0,0.3049932523616734,0.36961451247165533,0.06462126010998193
PatientID_0210,4,6,False,1,0.37670609645131936,0.43222604047346314,0.055519944022143775
PatientID_0210,4,6,False,2,0.36569872958257715,0.43730886850152906,0.0716101389189519
PatientID_0210,4,6,False,3,0.40343735866123925,0.4812144212523719,0.07777706259113265
PatientID_0210,4,6,False,4,0.4407087687414811,0.5225707727620506,0.08186200402056942
PatientID_0211,2,3,False,0,0.04020100502512563,0.03855421686746988,-0.0016467881576557458
PatientID_0211,2,3,False,1,0.12264150943396226,0.11738148984198646,-0.005260019591975806
PatientID_0211,2,3,False,2,0.05432098765432099,0.052132701421800945,-0.0021882862325200425
PatientID_0211,2,3,False,3,0.030379746835443037,0.02912621359223301,-0.0012535332432100262
PatientID_0211,2,3,False,4,0.1044776119402985,0.10023866348448687,-0.004238948455811631
PatientID_0212,1,2,False,0,0.6834042057435777,0.7219758288058543,0.03857162306227657
PatientID_0212,1,2,False,1,0.6336760178892955,0.6710522678902126,0.037376250000917044
PatientID_0212,1,2,False,2,0.6564707934754165,0.6942107593535533,0.03773996587813677
PatientID_0212,1,2,False,3,0.6334862651721935,0.6740902434306872,0.04060397825849371
PatientID_0212,1,2,False,4,0.6336254425163949,0.6725756571681025,0.03895021465170767
PatientID_0212,2,3,False,0,0.8800332855623874,0.8724240515949708,-0.007609233967416529
PatientID_0212,2,3,False,1,0.8080640324775679,0.8029639901200329,-0.005100042357534917
PatientID_0212,2,3,False,2,0.8555596601403768,0.8479524553184106,-0.007607204821966196
PatientID_0212,2,3,False,3,0.8307806038764525,0.8224826388888888,-0.008297964987563633
PatientID_0212,2,3,False,4,0.8114708603145235,0.8105665623913799,-0.0009042979231436155
PatientID_0213,2,3,False,0,0.0851063829787234,0.10458360232408005,0.01947721934535665
PatientID_0213,2,3,False,1,0.017518248175182483,0.03388704318936877,0.016368795014186286
PatientID_0213,2,3,False,2,0.07372605710155403,0.10657894736842105,0.032852890266867024
PatientID_0213,2,3,False,3,0.025631636763090444,0.04995004995004995,0.024318413186959507
PatientID_0213,2,3,False,4,0.06156101135947233,0.08597134288570477,0.024410331526232433
PatientID_0213,3,4,False,0,0.34514285714285714,0.42016806722689076,0.07502521008403362
PatientID_0213,3,4,False,1,0.23185011709601874,0.30257510729613735,0.0707249902001186
PatientID_0213,3,4,False,2,0.33178654292343385,0.41533546325878595,0.0835489203353521
PatientID_0213,3,4,False,3,0.3761904761904762,0.4388646288209607,0.06267415263048454
PatientID_0213,3,4,False,4,0.30073349633251834,0.33707865168539325,0.036345155352874914
PatientID_0213,4,5,False,0,0.3136593591905565,0.34375,0.030090640809443514
PatientID_0213,4,5,False,1,0.5487012987012987,0.5737704918032787,0.02506919310197997
PatientID_0213,4,5,False,2,0.5147540983606558,0.5489655172413793,0.03421141888072354
PatientID_0213,4,5,False,3,0.4812286689419795,0.556998556998557,0.07576988805657753
PatientID_0213,4,5,False,4,0.4171974522292994,0.4629878869448183,0.04579043471551891
PatientID_0214,2,3,False,0,0.08333333333333333,0.08563782337198929,0.0023044900386559597
PatientID_0214,2,3,False,1,0.11842686699072029,0.12406511218653761,0.005638245195817321
PatientID_0214,2,3,False,2,0.10568741603224362,0.1069995541685243,0.0013121381362806855
PatientID_0214,2,3,False,3,0.10752688172043011,0.11061552185548618,0.003088640135056067
PatientID_0214,2,3,False,4,0.1068090787716956,0.10810810810810811,0.001299029336412516
PatientID_0214,3,4,False,0,0.08441558441558442,0.0667565745111261,-0.017659009904458317
PatientID_0214,3,4,False,1,0.09911996294580824,0.07900067521944631,-0.02011928772636193
PatientID_0214,3,4,False,2,0.0970873786407767,0.07611990569215224,-0.020967472948624458
PatientID_0214,3,4,False,3,0.08066759388038942,0.06884913938575768,-0.011818454494631744
PatientID_0214,3,4,False,4,0.08229311141932501,0.07959527824620573,-0.0026978331731192795
PatientID_0214,4,5,False,0,0.0,0.0,0.0
PatientID_0214,4,5,False,1,0.0,0.0,0.0
PatientID_0214,4,5,False,2,0.0,0.0,0.0
PatientID_0214,4,5,False,3,0.0,0.0,0.0
PatientID_0214,4,5,False,4,0.0,0.0,0.0
PatientID_0214,5,6,False,0,0.0,0.0,0.0
PatientID_0214,5,6,False,1,0.0,0.0,0.0
PatientID_0214,5,6,False,2,0.0,0.0,0.0
PatientID_0214,5,6,False,3,0.0,0.0,0.0
PatientID_0214,5,6,False,4,0.0,0.0,0.0
PatientID_0215,1,2,False,0,0.3414071510957324,0.36056338028169016,0.019156229185957774
PatientID_0215,1,2,False,1,0.2538310412573674,0.2735781137508999,0.019747072493532525
PatientID_0215,1,2,False,2,0.41323585994613315,0.41745864132347765,0.004222781377344498
PatientID_0215,1,2,False,3,0.20890815924320064,0.25045110068567306,0.04154294144247242
PatientID_0215,1,2,False,4,0.2652899126290707,0.289559839941797,0.024269927312726314
PatientID_0215,2,3,False,0,0.3803680981595092,0.3792888334373051,-0.001079264722204154
PatientID_0215,2,3,False,1,0.32042022324359815,0.32552552552552555,0.005105302281927404
PatientID_0215,2,3,False,2,0.3293010752688172,0.336402701043585,0.007101625774767806
PatientID_0215,2,3,False,3,0.2496551724137931,0.2680931403398364,0.018437967926043297
PatientID_0215,2,3,False,4,0.391864406779661,0.3935643564356436,0.00169994965598258
PatientID_0215,3,4,False,0,0.20696517412935322,0.2127659574468085,0.005800783317455288
PatientID_0215,3,4,False,1,0.08571428571428572,0.08721506442021804,0.0015007787059323208
PatientID_0215,3,4,False,2,0.076,0.07968901846452867,0.0036890184645286678
PatientID_0215,3,4,False,3,0.18590998043052837,0.20532319391634982,0.01941321348582145
PatientID_0215,3,4,False,4,0.1510574018126888,0.16046966731898238,0.009412265506293566
PatientID_0215,4,5,False,0,0.43357933579335795,0.44522348816827345,0.011644152374915506
PatientID_0215,4,5,False,1,0.16073059360730593,0.1611785095320624,0.00044791592475645903
PatientID_0215,4,5,False,2,0.32299270072992703,0.3353500432152118,0.01235734248528475
PatientID_0215,4,5,False,3,0.3402714932126697,0.3587982832618026,0.01852679004913288
PatientID_0215,4,5,False,4,0.46619217081850534,0.47466216216216217,0.008469991343656835
PatientID_0215,5,6,False,0,0.40037243947858475,0.40480274442538594,0.004430304946801189
PatientID_0215,5,6,False,1,0.16619452313503305,0.1935483870967742,0.027353863961741137
PatientID_0215,5,6,False,2,0.36450381679389315,0.3884007029876977,0.023896886193804534
PatientID_0215,5,6,False,3,0.35371589840075257,0.37261698440207974,0.018901086001327172
PatientID_0215,5,6,False,4,0.23841059602649006,0.2682926829268293,0.029882086900339222
PatientID_0235,1,3,False,0,0.007017543859649123,0.012944983818770227,0.005927439959121104
PatientID_0235,1,3,False,1,0.0,0.0,0.0
PatientID_0235,1,3,False,2,0.0,0.0,0.0
PatientID_0235,1,3,False,3,0.0,0.0,0.0
PatientID_0235,1,3,False,4,0.0,0.0,0.0
PatientID_0236,1,3,False,0,0.0,0.0,0.0
PatientID_0236,1,3,False,1,0.0,0.0,0.0
PatientID_0236,1,3,False,2,0.0,0.0,0.0
PatientID_0236,1,3,False,3,0.0,0.0,0.0
PatientID_0236,1,3,False,4,0.0,0.0,0.0
PatientID_0238,1,3,True,0,0.24617586546202702,0.3075994134391443,0.0614235479771173
PatientID_0238,1,3,True,1,0.22623864760363277,0.28521889900303427,0.058980251399401495
PatientID_0238,1,3,True,2,0.23210450966356477,0.2919002846545329,0.05979577499096811
PatientID_0238,1,3,True,3,0.23637992831541219,0.2974792817679558,0.06109935345254361
PatientID_0238,1,3,True,4,0.23435251798561152,0.2952694507017848,0.06091693271617327
PatientID_0238,3,6,True,0,0.42260214430599824,0.4364230914350396,0.013820947129041361
PatientID_0238,3,6,True,1,0.3996294366278733,0.4159154752421282,0.016286038614254872
PatientID_0238,3,6,True,2,0.4396636706291679,0.43679704549269766,-0.0028666251364702355
PatientID_0238,3,6,True,3,0.4056115024157401,0.4309131515738907,0.025301649158150585
PatientID_0238,3,6,True,4,0.4262124109160438,0.4394600033540164,0.013247592437972633
PatientID_0239,3,6,True,0,0.0,0.0,0.0
PatientID_0239,3,6,True,1,0.0038314176245210726,0.003683241252302026,-0.00014817637221904668
PatientID_0239,3,6,True,2,0.011385199240986717,0.014466546112115732,0.003081346871129015
PatientID_0239,3,6,True,3,0.0,0.0,0.0
PatientID_0239,3,6,True,4,0.003992015968063872,0.0076481835564053535,0.0036561675883414815
PatientID_0250,1,2,True,0,0.06102051551814834,0.07233825776872134,0.011317742250572999
PatientID_0250,1,2,True,1,0.05226666666666667,0.056935817805383024,0.004669151138716354
PatientID_0250,1,2,True,2,0.07081545064377683,0.0811232449297972,0.01030779428602037
PatientID_0250,1,2,True,3,0.12906724511930587,0.1431578947368421,0.014090649617536227
PatientID_0250,1,2,True,4,0.09973474801061008,0.1183127572016461,0.018578009191036013
PatientID_0250,2,3,True,0,0.028745163073521283,0.027867095391211148,-0.0008780676823101352
PatientID_0250,2,3,True,1,0.04081632653061224,0.03955104222340994,-0.0012652843072023037
PatientID_0250,2,3,True,2,0.07547169811320754,0.07315761161915008,-0.0023140864940574685
PatientID_0250,2,3,True,3,0.031007751937984496,0.030042918454935622,-0.0009648334830488735
PatientID_0250,2,3,True,4,0.06691851052347544,0.06593406593406594,-0.0009844445894095083
PatientID_0251,1,2,True,0,0.06746031746031746,0.08239700374531835,0.014936686285000889
PatientID_0251,1,2,True,1,0.12024048096192384,0.15471698113207547,0.03447650017015162
PatientID_0251,1,2,True,2,0.11336032388663968,0.12927756653992395,0.015917242653284272
PatientID_0251,1,2,True,3,0.1702970297029703,0.1970260223048327,0.0267289926018624
PatientID_0251,1,2,True,4,0.09053497942386832,0.10097087378640776,0.010435894362539444
PatientID_0251,2,3,True,0,0.29625,0.31396786155747836,0.017717861557478343
PatientID_0251,2,3,True,1,0.2044334975369458,0.21559074299634592,0.011157245459400111
PatientID_0251,2,3,True,2,0.202275600505689,0.21638524077548468,0.014109640269795692
PatientID_0251,2,3,True,3,0.21052631578947367,0.22426470588235295,0.013738390092879277
PatientID_0251,2,3,True,4,0.2894409937888199,0.3060848186846958,0.016643824895875903
PatientID_0252,1,2,True,0,0.6366885050625373,0.6326697572947914,-0.004018747767745912
PatientID_0252,1,2,True,1,0.5433212996389891,0.556076054009369,0.012754754370379873
PatientID_0252,1,2,True,2,0.6128251663641864,0.6129121640343586,8.699767017217308e-05
PatientID_0252,1,2,True,3,0.6493034524530588,0.6427976686094921,-0.006505783843566704
PatientID_0252,1,2,True,4,0.6326592212496227,0.6307053941908713,-0.001953827058751356
PatientID_0252,2,3,True,0,0.1303809228863425,0.1465223194423847,0.016141396556042187
PatientID_0252,2,3,True,1,0.10453617956364777,0.11667418433318298,0.012138004769535207
PatientID_0252,2,3,True,2,0.1515574151557415,0.17420982341593708,0.022652408260195572
PatientID_0252,2,3,True,3,0.12492192379762648,0.1438182089998505,0.018896285202224028
PatientID_0252,2,3,True,4,0.09580463368816532,0.1055947202639868,0.009790086575821477
PatientID_0254,1,2,True,0,0.016304347826086956,0.0160857908847185,-0.0002185569413684571
PatientID_0254,1,2,True,1,0.01602136181575434,0.015810276679841896,-0.00021108513591244424
PatientID_0254,1,2,True,2,0.00517464424320828,0.00510204081632653,-7.260342688174964e-05
PatientID_0254,1,2,True,3,0.0,0.0,0.0
PatientID_0254,1,2,True,4,0.020356234096692113,0.020050125313283207,-0.00030610878340890657
PatientID_0254,2,3,True,0,0.3964809384164223,0.41774284110050536,0.021261902684083067
PatientID_0254,2,3,True,1,0.33118782913984784,0.38164521544487967,0.050457386305031826
PatientID_0254,2,3,True,2,0.4262686567164179,0.42514285714285716,-0.0011257995735607373
PatientID_0254,2,3,True,3,0.3902721482339317,0.4064230343300111,0.016150886096079398
PatientID_0254,2,3,True,4,0.4172494172494173,0.4517568321249303,0.03450741487551301
PatientID_0256,1,2,False,0,0.12996941896024464,0.14837244511733536,0.01840302615709072
PatientID_0256,1,2,False,1,0.16878267363704258,0.1819526627218935,0.013169989084850925
PatientID_0256,1,2,False,2,0.19467680608365018,0.20783132530120482,0.013154519217554644
PatientID_0256,1,2,False,3,0.1917808219178082,0.2079879427279578,0.016207120810149578
PatientID_0256,1,2,False,4,0.15603900975243812,0.17371937639198218,0.01768036663954406
PatientID_0256,2,3,False,0,0.4766069086139047,0.522633744855967,0.04602683624206233
PatientID_0256,2,3,False,1,0.35413899955732625,0.3833679833679834,0.02922898381065714
PatientID_0256,2,3,False,2,0.44152431011826543,0.4581788215904409,0.01665451147217545
PatientID_0256,2,3,False,3,0.4820333041191937,0.5138144329896908,0.031781128870497055
PatientID_0256,2,3,False,4,0.4125054277029961,0.44807849550286183,0.03557306779986574
PatientID_0256,3,4,False,0,0.21494464944649447,0.24334932402965548,0.02840467458316101
PatientID_0256,3,4,False,1,0.13179723502304147,0.14627775359164127,0.014480518568599804
PatientID_0256,3,4,False,2,0.186278964107224,0.1994840928632846,0.013205128756060613
PatientID_0256,3,4,False,3,0.15115207373271888,0.174140182847192,0.022988109114473104
PatientID_0256,3,4,False,4,0.2022883295194508,0.21722198182604932,0.014933652306598516
PatientID_0256,4,5,False,0,0.17190458159787958,0.1695928277923048,-0.0023117538055747733
PatientID_0256,4,5,False,1,0.10097232610321616,0.10475839173736629,0.0037860656341501264
PatientID_0256,4,5,False,2,0.1864730607565915,0.19072747832642292,0.004254417569831415
PatientID_0256,4,5,False,3,0.156437125748503,0.1587887740029542,0.002351648254451222
PatientID_0256,4,5,False,4,0.15401785714285715,0.15486238532110091,0.0008445281782437641
PatientID_0259,1,2,False,0,0.09067796610169492,0.11948790896159317,0.028809942859898255
PatientID_0259,1,2,False,1,0.09838882921589688,0.12896580140090647,0.030576972185009585
PatientID_0259,1,2,False,2,0.11516314779270634,0.15362614913176711,0.038463001339060776
PatientID_0259,1,2,False,3,0.11544991511035653,0.15798045602605862,0.04253054091570209
PatientID_0259,1,2,False,4,0.09991386735572783,0.12649855312112443,0.026584685765396604
PatientID_0264,1,2,False,0,0.0,0.0,0.0
PatientID_0264,1,2,False,1,0.0,0.0,0.0
PatientID_0264,1,2,False,2,0.0,0.0,0.0
PatientID_0264,1,2,False,3,0.0,0.0,0.0
PatientID_0264,1,2,False,4,0.0,0.0,0.0
PatientID_0267,1,2,True,0,0.39103248436785115,0.3666807373012523,-0.024351747066598872
PatientID_0267,1,2,True,1,0.39534171008274593,0.37851590106007066,-0.016825809022675275
PatientID_0267,1,2,True,2,0.4000606152447341,0.38232415046846596,-0.017736464776268113
PatientID_0267,1,2,True,3,0.4024777156670192,0.383939774153074,-0.018537941513945166
PatientID_0267,1,2,True,4,0.3919247115968427,0.372392552148957,-0.019532159447885722
PatientID_0270,1,3,False,0,0.0,0.0,0.0
PatientID_0270,1,3,False,1,0.0,0.0,0.0
PatientID_0270,1,3,False,2,0.0,0.0,0.0
PatientID_0270,1,3,False,3,0.0,0.0,0.0
PatientID_0270,1,3,False,4,0.0,0.0,0.0
PatientID_0270,3,6,False,0,0.42328042328042326,0.46397694524495675,0.040696521964533494
PatientID_0270,3,6,False,1,0.5392857142857143,0.5451895043731778,0.005903790087463556
PatientID_0270,3,6,False,2,0.5133689839572193,0.5109489051094891,-0.0024200788477302115
PatientID_0270,3,6,False,3,0.4783362218370884,0.4809052333804809,0.0025690115433925076
PatientID_0270,3,6,False,4,0.513911620294599,0.4913678618857902,-0.022543758408808845
PatientID_0271,1,3,False,0,0.0,0.0,0.0
PatientID_0271,1,3,False,1,0.0,0.0,0.0
PatientID_0271,1,3,False,2,0.0,0.0,0.0
PatientID_0271,1,3,False,3,0.0,0.0,0.0
PatientID_0271,1,3,False,4,0.0,0.0,0.0
PatientID_0272,1,3,True,0,0.15128205128205127,0.1563393708293613,0.005057319547310035
PatientID_0272,1,3,True,1,0.17532874139010646,0.19234360410831,0.017014862718203544
PatientID_0272,1,3,True,2,0.2368587713742875,0.2531884742560227,0.016329702881735186
PatientID_0272,1,3,True,3,0.23522167487684728,0.2654462242562929,0.030224549379445603
PatientID_0272,1,3,True,4,0.2700636942675159,0.2855787476280835,0.015515053360567577
PatientID_0272,3,6,True,0,0.3429286608260325,0.3810344827586207,0.03810582193258816
PatientID_0272,3,6,True,1,0.2159090909090909,0.2692913385826772,0.053382247673586264
PatientID_0272,3,6,True,2,0.2106537530266344,0.2616033755274262,0.0509496225007918
PatientID_0272,3,6,True,3,0.2924634420697413,0.32608695652173914,0.03362351445199785
PatientID_0272,3,6,True,4,0.30532544378698223,0.369281045751634,0.06395560196465178
PatientID_0274,1,3,True,0,0.2815450643776824,0.34627329192546585,0.06472822754778346
PatientID_0274,1,3,True,1,0.19327731092436976,0.25437928408225435,0.0611019731578846
PatientID_0274,1,3,True,2,0.27009113504556753,0.349063670411985,0.07897253536641746
PatientID_0274,1,3,True,3,0.26338147833474934,0.3271604938271605,0.06377901549241116
PatientID_0274,1,3,True,4,0.19121447028423771,0.22741433021806853,0.03619985993383082
PatientID_0275,1,3,False,0,0.0,0.0,0.0
PatientID_0275,1,3,False,1,0.0,0.0,0.0
PatientID_0275,1,3,False,2,0.0,0.0,0.0
PatientID_0275,1,3,False,3,0.0,0.0,0.0
PatientID_0275,1,3,False,4,0.0,0.0,0.0
