{
  "S1": {
    "rho_s": 0.6069190448666021,
    "aniso_ratio": 0.28219244586921083,
    "mu_r": 0.020191308803723915,
    "EC50": 0.05035973392247904,
    "D_white": 0.015483339738646169
  },
  "ST": {
    "rho_s": 0.6326882344933918,
    "aniso_ratio": 0.29708569252385775,
    "mu_r": 0.03164739557536187,
    "EC50": 0.06865600244249825,
    "D_white": 0.020730698578065403
  },
  "S1_conf": {
    "rho_s": 0.08904713816769838,
    "aniso_ratio": 0.060929676835097736,
    "mu_r": 0.022108064177170712,
    "EC50": 0.03693024438570717,
    "D_white": 0.01788331451490569
  },
  "ST_conf": {
    "rho_s": 0.06669900052956666,
    "aniso_ratio": 0.036853386142262,
    "mu_r": 0.004624956442717516,
    "EC50": 0.00989301065586458,
    "D_white": 0.003891865173213047
  },
  "n_samples": 500,
  "ttp_mean": 119.95163333333335,
  "ttp_std": 36.069345627539306
}