{
  "schema": "month10-spatial-v1",
  "cohort": {
    "per_patient": {
      "PAT_0000": {
        "dice_coefficient": 0.1922141119221411,
        "hausdorff_distance_mm": 22.47220505424423,
        "mean_surface_distance_mm": 8.04460901412088,
        "normalized_volume_difference": 0.75642965204236,
        "simulated_volume_mm3": 661.0,
        "observed_volume_mm3": 161.0,
        "meets_clinical_threshold": false,
        "hausdorff_distance_95_mm": 21.38207763316249
      },
      "PAT_0001": {
        "dice_coefficient": 0.21734985700667303,
        "hausdorff_distance_mm": 25.238858928247925,
        "mean_surface_distance_mm": 8.82229880833762,
        "normalized_volume_difference": 0.7970183486238532,
        "simulated_volume_mm3": 872.0,
        "observed_volume_mm3": 177.0,
        "meets_clinical_threshold": false,
        "hausdorff_distance_95_mm": 23.890360288231292
      },
      "PAT_0002": {
        "dice_coefficient": 0.21901140684410647,
        "hausdorff_distance_mm": 29.154759474226502,
        "mean_surface_distance_mm": 9.804643437207567,
        "normalized_volume_difference": 0.844463971880492,
        "simulated_volume_mm3": 1138.0,
        "observed_volume_mm3": 177.0,
        "meets_clinical_threshold": false,
        "hausdorff_distance_95_mm": 27.142791352277484
      },
      "PAT_0003": {
        "dice_coefficient": 0.2184873949579832,
        "hausdorff_distance_mm": 29.154759474226502,
        "mean_surface_distance_mm": 9.870539497952757,
        "normalized_volume_difference": 0.8436395759717314,
        "simulated_volume_mm3": 1132.0,
        "observed_volume_mm3": 177.0,
        "meets_clinical_threshold": false,
        "hausdorff_distance_95_mm": 27.142791352277484
      },
      "PAT_0004": {
        "dice_coefficient": 0.21558630735615442,
        "hausdorff_distance_mm": 30.23243291566195,
        "mean_surface_distance_mm": 10.084709334079683,
        "normalized_volume_difference": 0.8520066889632107,
        "simulated_volume_mm3": 1196.0,
        "observed_volume_mm3": 177.0,
        "meets_clinical_threshold": false,
        "hausdorff_distance_95_mm": 28.283679028445604
      },
      "PAT_0005": {
        "dice_coefficient": 0.17174515235457063,
        "hausdorff_distance_mm": 21.095023109728988,
        "mean_surface_distance_mm": 7.794349308307641,
        "normalized_volume_difference": 0.7130124777183601,
        "simulated_volume_mm3": 561.0,
        "observed_volume_mm3": 161.0,
        "meets_clinical_threshold": false,
        "hausdorff_distance_95_mm": 20.12461179749811
      },
      "PAT_0006": {
        "dice_coefficient": 0.22184300341296928,
        "hausdorff_distance_mm": 26.92582403567252,
        "mean_surface_distance_mm": 9.221022696554748,
        "normalized_volume_difference": 0.8221105527638191,
        "simulated_volume_mm3": 995.0,
        "observed_volume_mm3": 177.0,
        "meets_clinical_threshold": false,
        "hausdorff_distance_95_mm": 25.059928172283335
      },
      "PAT_0007": {
        "dice_coefficient": 0.22439893143365983,
        "hausdorff_distance_mm": 26.076809620810597,
        "mean_surface_distance_mm": 9.019485080511085,
        "normalized_volume_difference": 0.8128964059196617,
        "simulated_volume_mm3": 946.0,
        "observed_volume_mm3": 177.0,
        "meets_clinical_threshold": false,
        "hausdorff_distance_95_mm": 24.65723558962304
      }
    },
    "n_patients": 8,
    "dice_coefficient": {
      "mean": 0.21007952066103225,
      "std": 0.018383902529342272,
      "min": 0.17174515235457063,
      "max": 0.22439893143365983,
      "values": [
        0.1922141119221411,
        0.21734985700667303,
        0.21901140684410647,
        0.2184873949579832,
        0.21558630735615442,
        0.17174515235457063,
        0.22184300341296928,
        0.22439893143365983
      ]
    },
    "hausdorff_distance_mm": {
      "mean": 26.2938340766024,
      "std": 3.274889669173577,
      "min": 21.095023109728988,
      "max": 30.23243291566195,
      "values": [
        22.47220505424423,
        25.238858928247925,
        29.154759474226502,
        29.154759474226502,
        30.23243291566195,
        21.095023109728988,
        26.92582403567252,
        26.076809620810597
      ]
    },
    "hausdorff_distance_95_mm": {
      "mean": 24.710434401724854,
      "std": 2.8662076270459456,
      "values": [
        21.38207763316249,
        23.890360288231292,
        27.142791352277484,
        27.142791352277484,
        28.283679028445604,
        20.12461179749811,
        25.059928172283335,
        24.65723558962304
      ]
    },
    "mean_surface_distance_mm": {
      "mean": 9.082707147133998,
      "std": 0.8429823401836655,
      "values": [
        8.04460901412088,
        8.82229880833762,
        9.804643437207567,
        9.870539497952757,
        10.084709334079683,
        7.794349308307641,
        9.221022696554748,
        9.019485080511085
      ]
    },
    "meets_clinical_threshold": false
  }
}