PatientID,study,rater,region,spacing_mm,dice,assd_mm,hd95_mm,v_ai_mm3,v_rad_mm3,abs_ln_ratio,g2_dice,skip
UPENN-GBM-00468,1.3.6.1.4.1.14519.5.2.1.100424481917161675046096443427100804912,radiologist 11,core,1.00x0.98x0.98,0.9866259630760285,0.921147994919968,0.0,6477.37467658995,6643.3144872093035,0.025295722934763197,0.9844380403458213,
UPENN-GBM-00468,1.3.6.1.4.1.14519.5.2.1.100424481917161675046096443427100804912,radiologist 11,enhancing,1.00x0.98x0.98,0.9852232573080629,0.6203173839207885,0.0,5854.62354823111,6020.563358850463,0.02794913694012932,0.9828353464717101,
UPENN-GBM-00468,1.3.6.1.4.1.14519.5.2.1.100424481917161675046096443427100804912,radiologist 11,whole,1.00x0.98x0.98,0.9978289796204216,0.06939576989418424,0.0,40779.23162116994,40926.097890338795,0.0035950268660448373,0.9970913321698662,
UPENN-GBM-00452,1.3.6.1.4.1.14519.5.2.1.100734364523260523638353366574552358668,radiologist 3,core,5.00x0.47x0.47,1.0,0.0,0.0,11717.652177751683,11717.652177751683,0.0,1.0,
UPENN-GBM-00452,1.3.6.1.4.1.14519.5.2.1.100734364523260523638353366574552358668,radiologist 3,enhancing,5.00x0.47x0.47,1.0,0.0,0.0,9370.827182076393,9370.827182076393,0.0,1.0,
UPENN-GBM-00452,1.3.6.1.4.1.14519.5.2.1.100734364523260523638353366574552358668,radiologist 3,whole,5.00x0.47x0.47,1.0,0.0,0.0,25446.084218433385,25446.084218433385,0.0,1.0,
UPENN-GBM-00374,1.3.6.1.4.1.14519.5.2.1.101412501663533875921810253882765970323,radiologist 11,core,3.00x0.94x0.94,1.0,0.0,0.0,11862.631939157225,11862.631939157225,0.0,1.0,
UPENN-GBM-00374,1.3.6.1.4.1.14519.5.2.1.101412501663533875921810253882765970323,radiologist 11,enhancing,3.00x0.94x0.94,1.0,0.0,0.0,5959.001596464843,5959.001596464843,0.0,1.0,
UPENN-GBM-00374,1.3.6.1.4.1.14519.5.2.1.101412501663533875921810253882765970323,radiologist 11,whole,3.00x0.94x0.94,1.0,0.0,0.0,25001.439441451166,25001.439441451166,0.0,1.0,
UPENN-GBM-00272,1.3.6.1.4.1.14519.5.2.1.103030000830019583629496206966996313351,radiologist 11,core,0.90x0.90x0.90,1.0,0.0,0.0,17394.444224448252,17394.444224448252,0.0,1.0,
UPENN-GBM-00272,1.3.6.1.4.1.14519.5.2.1.103030000830019583629496206966996313351,radiologist 11,enhancing,0.90x0.90x0.90,1.0,0.0,0.0,8149.074818996779,8149.074818996779,0.0,1.0,
UPENN-GBM-00272,1.3.6.1.4.1.14519.5.2.1.103030000830019583629496206966996313351,radiologist 11,whole,0.90x0.90x0.90,1.0,0.0,0.0,31607.89629678589,31607.89629678589,0.0,1.0,
UPENN-GBM-00438,1.3.6.1.4.1.14519.5.2.1.105262577769244646588015926009408618699,radiologist 3,core,1.00x0.98x0.98,0.5902125556104795,5.178090565446891,15.569974740105538,569.3452122974397,1359.9435054206851,0.8707114875816392,0.547945205479452,
UPENN-GBM-00438,1.3.6.1.4.1.14519.5.2.1.105262577769244646588015926009408618699,radiologist 3,enhancing,1.00x0.98x0.98,0.5811015664477008,4.793102419317011,15.45190011088025,548.3643167018892,1338.9626098251347,0.892710543788406,0.5395348837209303,
UPENN-GBM-00438,1.3.6.1.4.1.14519.5.2.1.105262577769244646588015926009408618699,radiologist 3,whole,1.00x0.98x0.98,0.9891812424607962,0.07577747433752706,0.0,25025.44006012917,25572.850699758535,0.021638359329060948,0.989038521766364,
UPENN-GBM-00206,1.3.6.1.4.1.14519.5.2.1.106608545425140793824212759186466598851,radiologist 11,core,3.00x0.94x0.94,0.9944557922381091,0.8474333518162155,0.0,4493.023788867187,4543.1220588134765,0.011088529138668526,0.9964539007092199,
UPENN-GBM-00206,1.3.6.1.4.1.14519.5.2.1.106608545425140793824212759186466598851,radiologist 11,enhancing,3.00x0.94x0.94,0.9936348408710218,0.6671283833446803,0.0,3910.3018068603515,3960.4000768066403,0.012730490186147947,0.9959595959595959,
UPENN-GBM-00206,1.3.6.1.4.1.14519.5.2.1.106608545425140793824212759186466598851,radiologist 11,whole,3.00x0.94x0.94,0.8241050007056498,5.354523395246814,34.98079188399091,23095.302445239256,32954.11462045898,0.35548688832593794,0.8255052661542841,
UPENN-GBM-00468,1.3.6.1.4.1.14519.5.2.1.106730443038522358390908701054321756416,radiologist 11,core,1.00x0.98x0.98,0.9864537287893911,0.9350698080756841,0.0,6602.306373090727,6773.968246145231,0.025668028319784597,0.9865525672371638,
UPENN-GBM-00468,1.3.6.1.4.1.14519.5.2.1.106730443038522358390908701054321756416,radiologist 11,enhancing,1.00x0.98x0.98,0.9849516869950895,0.630537678514501,0.0,5934.732422323212,6106.394295377716,0.028514524949584296,0.9850543478260869,
UPENN-GBM-00468,1.3.6.1.4.1.14519.5.2.1.106730443038522358390908701054321756416,radiologist 11,whole,1.00x0.98x0.98,0.997814770322064,0.07140355597620683,0.0,41603.20861183156,41752.93591221799,0.003592475690221718,0.9975400964282201,
UPENN-GBM-00542,1.3.6.1.4.1.14519.5.2.1.107025290537379553014058321686308522775,radiologist 11,core,6.00x0.45x0.45,1.0,0.0,0.0,14084.062717905992,14084.062717905992,0.0,1.0,
UPENN-GBM-00542,1.3.6.1.4.1.14519.5.2.1.107025290537379553014058321686308522775,radiologist 11,enhancing,6.00x0.45x0.45,1.0,0.0,0.0,11230.91983197422,11230.91983197422,0.0,1.0,
UPENN-GBM-00542,1.3.6.1.4.1.14519.5.2.1.107025290537379553014058321686308522775,radiologist 11,whole,6.00x0.45x0.45,1.0,0.0,0.0,45709.625734080975,45709.625734080975,0.0,1.0,
UPENN-GBM-00322,1.3.6.1.4.1.14519.5.2.1.109908543027522473402326549995513754802,radiologist 11,core,1.00x0.98x0.98,1.0,0.0,0.0,14670.372009277344,14670.372009277344,0.0,1.0,
UPENN-GBM-00322,1.3.6.1.4.1.14519.5.2.1.109908543027522473402326549995513754802,radiologist 11,enhancing,1.00x0.98x0.98,1.0,0.0,0.0,9905.815124511719,9905.815124511719,0.0,1.0,
UPENN-GBM-00322,1.3.6.1.4.1.14519.5.2.1.109908543027522473402326549995513754802,radiologist 11,whole,1.00x0.98x0.98,1.0,0.0,0.0,28375.625610351562,28375.625610351562,0.0,1.0,
UPENN-GBM-00602,1.3.6.1.4.1.14519.5.2.1.111208087186347682391386729487071426455,radiologist 11,core,3.00x0.94x0.94,0.9854028900318393,0.13631255083959526,0.9375,54588.14604053612,53069.391651348626,0.028216420057713784,0.983739837398374,
UPENN-GBM-00602,1.3.6.1.4.1.14519.5.2.1.111208087186347682391386729487071426455,radiologist 11,enhancing,3.00x0.94x0.94,0.921929644106151,0.178812449517794,1.3258252147247767,27511.60294580273,23756.904594755855,0.14673463297995443,0.9223829522476279,
UPENN-GBM-00602,1.3.6.1.4.1.14519.5.2.1.111208087186347682391386729487071426455,radiologist 11,whole,3.00x0.94x0.94,0.9490026565806655,0.5166645030114136,4.192627457812105,140213.19818372166,152582.08158594137,0.08453858272872919,0.9490200249980055,
UPENN-GBM-00534,1.3.6.1.4.1.14519.5.2.1.112342643947187934860770726017186977247,radiologist 11,core,1.00x0.98x0.98,0.3263797555847821,8.568412331076475,19.241368117659185,16274.499242639542,83067.18037107468,1.6300502633486758,0.3257506824385805,
UPENN-GBM-00534,1.3.6.1.4.1.14519.5.2.1.112342643947187934860770726017186977247,radiologist 11,enhancing,1.00x0.98x0.98,0.3001964479811729,7.544985914821142,18.93726209144474,14417.68998243332,81218.00052744866,1.728680980341291,0.29956174271719516,
UPENN-GBM-00534,1.3.6.1.4.1.14519.5.2.1.112342643947187934860770726017186977247,radiologist 11,whole,1.00x0.98x0.98,0.7193318273689217,3.333395276456702,10.847342255209764,57761.35925162315,102666.19788853645,0.5751629012169034,0.7122082492366609,
UPENN-GBM-00142,1.3.6.1.4.1.14519.5.2.1.112818590309891494593870110248120633099,radiologist 3,core,3.00x0.94x0.94,1.0,0.0,0.0,65984.07741218261,65984.07741218261,0.0,1.0,
UPENN-GBM-00142,1.3.6.1.4.1.14519.5.2.1.112818590309891494593870110248120633099,radiologist 3,enhancing,3.00x0.94x0.94,1.0,0.0,0.0,45293.68558587304,45293.68558587304,0.0,1.0,
UPENN-GBM-00142,1.3.6.1.4.1.14519.5.2.1.112818590309891494593870110248120633099,radiologist 3,whole,3.00x0.94x0.94,1.0,0.0,0.0,114985.0002744404,114985.0002744404,0.0,1.0,
UPENN-GBM-00206,1.3.6.1.4.1.14519.5.2.1.113917389419354729544320148649259311090,radiologist 11,core,0.90x0.90x0.90,0.9936934023285899,1.7105036721650273,0.0,4437.33600826333,4493.660208205485,0.012613362569082725,0.9973045822102425,
UPENN-GBM-00206,1.3.6.1.4.1.14519.5.2.1.113917389419354729544320148649259311090,radiologist 11,enhancing,0.90x0.90x0.90,0.9926581325301205,1.2510479932339684,0.0,3807.660337115141,3863.9845370572953,0.014683998780834796,0.9968652037617555,
UPENN-GBM-00206,1.3.6.1.4.1.14519.5.2.1.113917389419354729544320148649259311090,radiologist 11,whole,0.90x0.90x0.90,0.8240598421969464,6.196245305668903,35.767244709196376,23228.67774024651,33147.51377108542,0.3555800896440361,0.8234952864394489,
UPENN-GBM-00050,1.3.6.1.4.1.14519.5.2.1.116116594301271152270407579118038769553,radiologist 11,core,3.00x0.94x0.94,1.0,0.0,0.0,4013.0975353183585,4013.0975353183585,0.0,1.0,
UPENN-GBM-00050,1.3.6.1.4.1.14519.5.2.1.116116594301271152270407579118038769553,radiologist 11,enhancing,3.00x0.94x0.94,1.0,0.0,0.0,3686.1434654238274,3686.1434654238274,0.0,1.0,
UPENN-GBM-00050,1.3.6.1.4.1.14519.5.2.1.116116594301271152270407579118038769553,radiologist 11,whole,3.00x0.94x0.94,1.0,0.0,0.0,12210.679820012692,12210.679820012692,0.0,1.0,
UPENN-GBM-00281,1.3.6.1.4.1.14519.5.2.1.116509290074550952470830368552123822541,radiologist 3,core,1.00x0.98x0.98,1.0,0.0,0.0,15909.194946289062,15909.194946289062,0.0,1.0,
UPENN-GBM-00281,1.3.6.1.4.1.14519.5.2.1.116509290074550952470830368552123822541,radiologist 3,enhancing,1.00x0.98x0.98,1.0,0.0,0.0,9998.321533203125,9998.321533203125,0.0,1.0,
UPENN-GBM-00281,1.3.6.1.4.1.14519.5.2.1.116509290074550952470830368552123822541,radiologist 3,whole,1.00x0.98x0.98,1.0,0.0,0.0,121708.86993408203,121708.86993408203,0.0,1.0,
UPENN-GBM-00251,1.3.6.1.4.1.14519.5.2.1.118358146490061980397503616234702312996,radiologist 11,core,1.00x0.98x0.98,0.9792912537244046,0.624628299627734,5.115387342707686,45226.82768528938,45039.896616220474,0.004141755175794826,0.978940532516931,
UPENN-GBM-00251,1.3.6.1.4.1.14519.5.2.1.118358146490061980397503616234702312996,radiologist 11,enhancing,1.00x0.98x0.98,0.9804846337204115,0.11578884879877202,0.9765625,37117.26196950913,37703.80588521004,0.015678897620800217,0.980782122905028,
UPENN-GBM-00251,1.3.6.1.4.1.14519.5.2.1.118358146490061980397503616234702312996,radiologist 11,whole,1.00x0.98x0.98,0.9942287946560291,0.07922592534747,0.0,80445.21333583833,81175.77047311784,0.009040436405314472,0.9936602931480448,
UPENN-GBM-00421,1.3.6.1.4.1.14519.5.2.1.119276576891944492532699106762423887779,radiologist 3,core,1.00x0.98x0.98,1.0,0.0,0.0,61002.90762113571,61002.90762113571,0.0,1.0,
UPENN-GBM-00421,1.3.6.1.4.1.14519.5.2.1.119276576891944492532699106762423887779,radiologist 3,enhancing,1.00x0.98x0.98,1.0,0.0,0.0,35130.602320604325,35130.602320604325,0.0,1.0,
UPENN-GBM-00421,1.3.6.1.4.1.14519.5.2.1.119276576891944492532699106762423887779,radiologist 3,whole,1.00x0.98x0.98,1.0,0.0,0.0,131369.0167403221,131369.0167403221,0.0,1.0,
UPENN-GBM-00459,1.3.6.1.4.1.14519.5.2.1.121833998580643282015613162169509452331,radiologist 3,core,3.00x0.94x0.94,1.0,0.0,0.0,3095.5167585175777,3095.5167585175777,0.0,1.0,
UPENN-GBM-00459,1.3.6.1.4.1.14519.5.2.1.121833998580643282015613162169509452331,radiologist 3,enhancing,3.00x0.94x0.94,1.0,0.0,0.0,2868.7582906874995,2868.7582906874995,0.0,1.0,
UPENN-GBM-00459,1.3.6.1.4.1.14519.5.2.1.121833998580643282015613162169509452331,radiologist 3,whole,3.00x0.94x0.94,1.0,0.0,0.0,11672.787640508786,11672.787640508786,0.0,1.0,
UPENN-GBM-00626,1.3.6.1.4.1.14519.5.2.1.122758792428430655085731574029718924742,radiologist 11,core,3.00x0.94x0.94,0.9950233750565526,0.05451372609282476,0.0,8785.572265230467,8698.5602950166,0.009953332058151782,0.9951132829853399,
UPENN-GBM-00626,1.3.6.1.4.1.14519.5.2.1.122758792428430655085731574029718924742,radiologist 11,enhancing,3.00x0.94x0.94,1.0,0.0,0.0,8690.650115906248,8690.650115906248,0.0,1.0,
UPENN-GBM-00626,1.3.6.1.4.1.14519.5.2.1.122758792428430655085731574029718924742,radiologist 11,whole,3.00x0.94x0.94,0.9990115321252059,0.015087061231913133,0.0,44057.06091828808,43970.04894807421,0.0019769363934559452,0.9990324566804468,
UPENN-GBM-00365,1.3.6.1.4.1.14519.5.2.1.123500464290500983439699313721912173462,radiologist 3,core,1.00x0.98x0.98,1.0,0.0,0.0,11991.535509929627,11991.535509929627,0.0,1.0,
UPENN-GBM-00365,1.3.6.1.4.1.14519.5.2.1.123500464290500983439699313721912173462,radiologist 3,enhancing,1.00x0.98x0.98,1.0,0.0,0.0,11137.040852947206,11137.040852947206,0.0,1.0,
UPENN-GBM-00365,1.3.6.1.4.1.14519.5.2.1.123500464290500983439699313721912173462,radiologist 3,whole,1.00x0.98x0.98,1.0,0.0,0.0,86128.48377387978,86128.48377387978,0.0,1.0,
UPENN-GBM-00032,1.3.6.1.4.1.14519.5.2.1.123595549575710861197663214387081999489,radiologist 11,core,1.00x0.98x0.98,1.0,0.0,0.0,44227.727915420546,44227.727915420546,0.0,1.0,
UPENN-GBM-00032,1.3.6.1.4.1.14519.5.2.1.123595549575710861197663214387081999489,radiologist 11,enhancing,1.00x0.98x0.98,1.0,0.0,0.0,30324.06987507821,30324.06987507821,0.0,1.0,
UPENN-GBM-00032,1.3.6.1.4.1.14519.5.2.1.123595549575710861197663214387081999489,radiologist 11,whole,1.00x0.98x0.98,1.0,0.0,0.0,147455.64159967427,147455.64159967427,0.0,1.0,
UPENN-GBM-00609,1.3.6.1.4.1.14519.5.2.1.123666421207846718982593705514079402252,radiologist 3,core,6.00x0.43x0.43,0.5040029112081513,4.41110194817505,12.805025403184336,1600.4898940579442,4491.1253813869735,1.0317935459158025,0.47785547785547783,
UPENN-GBM-00609,1.3.6.1.4.1.14519.5.2.1.123666421207846718982593705514079402252,radiologist 3,enhancing,6.00x0.43x0.43,0.43911290322580643,4.78529204763343,12.931238871347121,1272.411633226122,4225.115980712523,1.200132687894581,0.41475826972010177,
UPENN-GBM-00609,1.3.6.1.4.1.14519.5.2.1.123666421207846718982593705514079402252,radiologist 3,whole,6.00x0.43x0.43,0.8285616836867765,1.3855926156124831,9.695451098557927,22886.783810528043,32357.82684704129,0.3462963166240494,0.8245367770915216,
UPENN-GBM-00334,1.3.6.1.4.1.14519.5.2.1.124328688712887164208625514155996381754,radiologist 3,core,3.00x0.94x0.94,0.9978314350797266,0.281698564370029,0.0,72188.29456106835,72502.06499911229,0.0043371366392681975,0.9975073154871572,
UPENN-GBM-00334,1.3.6.1.4.1.14519.5.2.1.124328688712887164208625514155996381754,radiologist 3,enhancing,3.00x0.94x0.94,0.9960408557074891,0.16252887708704822,0.0,39469.15703428417,39782.92747232812,0.00791832995800294,0.9954319761668322,
UPENN-GBM-00334,1.3.6.1.4.1.14519.5.2.1.124328688712887164208625514155996381754,radiologist 3,whole,3.00x0.94x0.94,0.9985349698991715,0.15849667989358496,0.0,106929.8012137324,107243.57165177635,0.002930062297935414,0.9983118027011156,
UPENN-GBM-00049,1.3.6.1.4.1.14519.5.2.1.131439821223709162744453994571238450810,radiologist 3,core,1.00x0.98x0.98,1.0,0.0,0.0,19866.047097768733,19866.047097768733,0.0,1.0,
UPENN-GBM-00049,1.3.6.1.4.1.14519.5.2.1.131439821223709162744453994571238450810,radiologist 3,enhancing,1.00x0.98x0.98,1.0,0.0,0.0,13231.315704212155,13231.315704212155,0.0,1.0,
UPENN-GBM-00049,1.3.6.1.4.1.14519.5.2.1.131439821223709162744453994571238450810,radiologist 3,whole,1.00x0.98x0.98,1.0,0.0,0.0,45049.79755193699,45049.79755193699,0.0,1.0,
UPENN-GBM-00459,1.3.6.1.4.1.14519.5.2.1.131865842405857780952405458553076758666,radiologist 3,core,3.00x0.94x0.94,1.0,0.0,0.0,3111.3371167382807,3111.3371167382807,0.0,1.0,
UPENN-GBM-00459,1.3.6.1.4.1.14519.5.2.1.131865842405857780952405458553076758666,radiologist 3,enhancing,3.00x0.94x0.94,1.0,0.0,0.0,2924.1295444599605,2924.1295444599605,0.0,1.0,
UPENN-GBM-00459,1.3.6.1.4.1.14519.5.2.1.131865842405857780952405458553076758666,radiologist 3,whole,3.00x0.94x0.94,1.0,0.0,0.0,11693.881451469724,11693.881451469724,0.0,1.0,
UPENN-GBM-00418,1.3.6.1.4.1.14519.5.2.1.136678340655163387151719209414420876714,radiologist 11,core,1.00x0.98x0.98,0.994065429882306,0.05591303583575182,0.0,19110.734856328963,19135.530460214613,0.001296628946873223,0.99408014571949,
UPENN-GBM-00418,1.3.6.1.4.1.14519.5.2.1.136678340655163387151719209414420876714,radiologist 11,enhancing,1.00x0.98x0.98,0.9960559340265328,0.018315514160922763,0.0,15895.889444847107,16021.77481842041,0.007888172849006257,0.9964893329732649,
UPENN-GBM-00418,1.3.6.1.4.1.14519.5.2.1.136678340655163387151719209414420876714,radiologist 11,whole,1.00x0.98x0.98,0.997301698622321,0.0639603372516633,0.0,40107.84296211243,40122.148118200304,0.0003566037100801605,0.9973725696269049,
UPENN-GBM-00239,1.3.6.1.4.1.14519.5.2.1.136705490578105064454957276212826697166,radiologist 3,core,3.00x0.94x0.94,1.0,0.0,0.0,31582.708461263665,31582.708461263665,0.0,1.0,
UPENN-GBM-00239,1.3.6.1.4.1.14519.5.2.1.136705490578105064454957276212826697166,radiologist 3,enhancing,3.00x0.94x0.94,1.0,0.0,0.0,21386.487588020504,21386.487588020504,0.0,1.0,
UPENN-GBM-00239,1.3.6.1.4.1.14519.5.2.1.136705490578105064454957276212826697166,radiologist 3,whole,3.00x0.94x0.94,0.9948565923071222,0.6873268937630157,0.0,88485.90025476267,89400.84430519334,0.010286906098537283,0.9960149008056831,
UPENN-GBM-00587,1.3.6.1.4.1.14519.5.2.1.137090793582764916751762114486682379192,radiologist 3,core,1.00x0.98x0.98,1.0,0.0,0.0,14494.937825307836,14494.937825307836,0.0,1.0,
UPENN-GBM-00587,1.3.6.1.4.1.14519.5.2.1.137090793582764916751762114486682379192,radiologist 3,enhancing,1.00x0.98x0.98,1.0,0.0,0.0,12425.458577928535,12425.458577928535,0.0,1.0,
UPENN-GBM-00587,1.3.6.1.4.1.14519.5.2.1.137090793582764916751762114486682379192,radiologist 3,whole,1.00x0.98x0.98,0.9887163148811894,0.22064820012458966,1.0000028899999993,35514.934180831886,36325.55969247816,0.02256832808164638,0.9883241758241759,
UPENN-GBM-00534,1.3.6.1.4.1.14519.5.2.1.137367742252726768500679014108895217360,radiologist 11,core,1.00x0.98x0.98,0.32723373141603707,8.667775018058967,19.271639057622846,16069.458672046661,81753.96704220772,1.6267938415506134,0.3269069572506287,
UPENN-GBM-00534,1.3.6.1.4.1.14519.5.2.1.137367742252726768500679014108895217360,radiologist 11,enhancing,1.00x0.98x0.98,0.3020882843707337,7.617012677675319,18.93726209144474,14308.017119092941,79996.3401975441,1.7211608682306645,0.301834304094584,
UPENN-GBM-00534,1.3.6.1.4.1.14519.5.2.1.137367742252726768500679014108895217360,radiologist 11,whole,1.00x0.98x0.98,0.7186101637520257,3.335195490422816,10.783618033281211,56733.29536744118,100978.18947016716,0.5765432894097693,0.7126944094157209,
UPENN-GBM-00605,1.3.6.1.4.1.14519.5.2.1.138077745964476711140435954364206442396,radiologist 3,core,3.00x0.94x0.94,1.0,0.0,0.0,24611.203938673825,24611.203938673825,0.0,1.0,
UPENN-GBM-00605,1.3.6.1.4.1.14519.5.2.1.138077745964476711140435954364206442396,radiologist 3,enhancing,3.00x0.94x0.94,1.0,0.0,0.0,15564.595762801755,15564.595762801755,0.0,1.0,
UPENN-GBM-00605,1.3.6.1.4.1.14519.5.2.1.138077745964476711140435954364206442396,radiologist 3,whole,3.00x0.94x0.94,1.0,0.0,0.0,101002.44033370896,101002.44033370896,0.0,1.0,
UPENN-GBM-00603,1.3.6.1.4.1.14519.5.2.1.140710462632687885722121469307355410313,radiologist 3,core,1.00x0.98x0.98,0.5861640562782054,4.41158179714777,11.351221231046445,126980.19485256198,52644.88175752641,0.8804621069829829,0.580289774568347,
UPENN-GBM-00603,1.3.6.1.4.1.14519.5.2.1.140710462632687885722121469307355410313,radiologist 3,enhancing,1.00x0.98x0.98,,,,,,,,empty rad
UPENN-GBM-00603,1.3.6.1.4.1.14519.5.2.1.140710462632687885722121469307355410313,radiologist 3,whole,1.00x0.98x0.98,0.6686045771465188,2.735923863266678,9.916281828949778,149464.08551441197,75268.96294903757,0.6859882620926537,0.6647970479704797,
UPENN-GBM-00350,1.3.6.1.4.1.14519.5.2.1.14501108556332197258885152055933617436,radiologist 11,core,3.00x0.94x0.94,0.9928098526375738,0.13114015793137035,0.0,18399.07661067773,18639.018710358396,0.012956684424234668,0.9925925925925926,
UPENN-GBM-00350,1.3.6.1.4.1.14519.5.2.1.14501108556332197258885152055933617436,radiologist 11,enhancing,3.00x0.94x0.94,0.9913267496779734,0.09778381082073137,0.0,15232.36824016699,15472.310339847654,0.015629343481606772,0.9908906882591093,
UPENN-GBM-00350,1.3.6.1.4.1.14519.5.2.1.14501108556332197258885152055933617436,radiologist 11,whole,3.00x0.94x0.94,0.96358502859625,1.2379075038507819,12.336607087472492,70189.65597251953,75494.7494291953,0.07286216049675907,0.9656195370027018,
UPENN-GBM-00365,1.3.6.1.4.1.14519.5.2.1.147283991244649969202797008578687346012,radiologist 3,core,3.00x0.94x0.94,1.0,0.0,0.0,11912.72974018945,11912.72974018945,0.0,1.0,
UPENN-GBM-00365,1.3.6.1.4.1.14519.5.2.1.147283991244649969202797008578687346012,radiologist 3,enhancing,3.00x0.94x0.94,1.0,0.0,0.0,11090.071112712889,11090.071112712889,0.0,1.0,
UPENN-GBM-00365,1.3.6.1.4.1.14519.5.2.1.147283991244649969202797008578687346012,radiologist 3,whole,3.00x0.94x0.94,1.0,0.0,0.0,86315.87445215623,86315.87445215623,0.0,1.0,
UPENN-GBM-00397,1.3.6.1.4.1.14519.5.2.1.150510601581127919879032514337328507010,radiologist 3,core,1.00x0.98x0.98,1.0,0.0,0.0,5321.518064689622,5321.518064689622,0.0,1.0,
UPENN-GBM-00397,1.3.6.1.4.1.14519.5.2.1.150510601581127919879032514337328507010,radiologist 3,enhancing,1.00x0.98x0.98,1.0,0.0,0.0,3.814708290100088,3.814708290100088,0.0,1.0,
UPENN-GBM-00397,1.3.6.1.4.1.14519.5.2.1.150510601581127919879032514337328507010,radiologist 3,whole,1.00x0.98x0.98,1.0,0.0,0.0,23864.81506286615,23864.81506286615,0.0,1.0,
UPENN-GBM-00334,1.3.6.1.4.1.14519.5.2.1.150754084899013255790530251427248529985,radiologist 3,core,1.00x0.98x0.98,0.9981824938346677,0.45719098966158206,0.0,70446.21799327851,70702.75712578774,0.003635016333219256,0.9984646005117999,
UPENN-GBM-00334,1.3.6.1.4.1.14519.5.2.1.150754084899013255790530251427248529985,radiologist 3,enhancing,1.00x0.98x0.98,0.9966801189726882,0.23153464243272212,0.0,38508.52651148796,38765.06564399719,0.006639786448407733,0.997186034392913,
UPENN-GBM-00334,1.3.6.1.4.1.14519.5.2.1.150754084899013255790530251427248529985,radiologist 3,whole,1.00x0.98x0.98,0.9987777338549547,0.24453367414378857,0.0,104815.78601000785,105072.32514251709,0.002444533507415414,0.9989665071770335,
UPENN-GBM-00365,1.3.6.1.4.1.14519.5.2.1.150911593222559962817158825656190444854,radiologist 3,core,1.00x0.98x0.98,1.0,0.0,0.0,11623.416159934968,11623.416159934968,0.0,1.0,
UPENN-GBM-00365,1.3.6.1.4.1.14519.5.2.1.150911593222559962817158825656190444854,radiologist 3,enhancing,1.00x0.98x0.98,1.0,0.0,0.0,10786.087690257998,10786.087690257998,0.0,1.0,
UPENN-GBM-00365,1.3.6.1.4.1.14519.5.2.1.150911593222559962817158825656190444854,radiologist 3,whole,1.00x0.98x0.98,1.0,0.0,0.0,84335.57087753275,84335.57087753275,0.0,1.0,
UPENN-GBM-00518,1.3.6.1.4.1.14519.5.2.1.153536285695013699735715835487703412171,radiologist 11,core,1.00x0.98x0.98,0.9817664700167551,0.286880840481304,1.953125,66597.17732856749,68868.8361153221,0.03354157548560334,0.980806023575881,
UPENN-GBM-00518,1.3.6.1.4.1.14519.5.2.1.153536285695013699735715835487703412171,radiologist 11,enhancing,1.00x0.98x0.98,0.9702395298924583,0.158988441336407,0.0,40405.390208740224,42687.53944329261,0.05494386425584541,0.9686460328662163,
UPENN-GBM-00518,1.3.6.1.4.1.14519.5.2.1.153536285695013699735715835487703412171,radiologist 11,whole,1.00x0.98x0.98,0.9572448452397727,0.4630105304709657,3.2460358815131496,194369.8778283977,211724.8931942081,0.08552482777423114,0.9559334356571613,
UPENN-GBM-00319,1.3.6.1.4.1.14519.5.2.1.154091008912156280304932980365320854204,radiologist 11,core,5.00x0.43x0.43,0.9925496501279467,0.1113018818567296,0.0,101966.53613667793,101889.9035838719,0.0007518286547214723,0.9924186115653337,
UPENN-GBM-00319,1.3.6.1.4.1.14519.5.2.1.154091008912156280304932980365320854204,radiologist 11,enhancing,5.00x0.43x0.43,0.9939787366911578,0.05324174334248911,0.0,59517.6415847542,60238.7262081458,0.01204267215724069,0.9937083176041274,
UPENN-GBM-00319,1.3.6.1.4.1.14519.5.2.1.154091008912156280304932980365320854204,radiologist 11,whole,5.00x0.43x0.43,0.9972963933329617,0.10459804224125407,0.0,165977.79982392502,165277.9507272146,0.004225436912856688,0.9971609924985574,
UPENN-GBM-00494,1.3.6.1.4.1.14519.5.2.1.158800788694716943215663927566056349348,radiologist 3,core,3.00x0.49x0.49,0.9674152659134748,2.2767669279879548,32.40294985921595,10044.521743406487,10721.166161925503,0.06519254776241552,0.9750093248787766,
UPENN-GBM-00494,1.3.6.1.4.1.14519.5.2.1.158800788694716943215663927566056349348,radiologist 3,enhancing,3.00x0.49x0.49,0.9657643312101911,2.052774951682496,29.908813529544386,9543.83348446007,10220.477902979086,0.06849810772654939,0.9737769080234834,
UPENN-GBM-00494,1.3.6.1.4.1.14519.5.2.1.158800788694716943215663927566056349348,radiologist 3,whole,3.00x0.49x0.49,0.9914196296012323,0.06604008660657142,0.0,50868.496571073316,51748.99263787766,0.017161161956484768,0.9926499032882011,
UPENN-GBM-00239,1.3.6.1.4.1.14519.5.2.1.159624532452664397017643772778330873306,radiologist 3,core,1.00x0.98x0.98,1.0,0.0,0.0,31367.392592420558,31367.392592420558,0.0,1.0,
UPENN-GBM-00239,1.3.6.1.4.1.14519.5.2.1.159624532452664397017643772778330873306,radiologist 3,enhancing,1.00x0.98x0.98,1.0,0.0,0.0,21398.606153316483,21398.606153316483,0.0,1.0,
UPENN-GBM-00239,1.3.6.1.4.1.14519.5.2.1.159624532452664397017643772778330873306,radiologist 3,whole,1.00x0.98x0.98,0.9948131887052342,1.0276013263668662,0.0,88163.63064664835,89082.97534456247,0.01037371561826233,0.9962935507783544,
UPENN-GBM-00438,1.3.6.1.4.1.14519.5.2.1.159765772605131994986773675994275277413,radiologist 3,core,3.00x0.94x0.94,0.6008010680907877,6.173822479247509,15.848266804754001,593.2634332763671,1381.644617941406,0.845391282116622,0.6007326007326007,
UPENN-GBM-00438,1.3.6.1.4.1.14519.5.2.1.159765772605131994986773675994275277413,radiologist 3,enhancing,3.00x0.94x0.94,0.5875862068965517,5.926489067135898,15.795643882628967,561.6227168349608,1350.0039014999998,0.8770324593300827,0.5917602996254682,
UPENN-GBM-00438,1.3.6.1.4.1.14519.5.2.1.159765772605131994986773675994275277413,radiologist 3,whole,3.00x0.94x0.94,0.9882674804019572,0.09644590967602402,0.0,24764.134068140622,25352.124048676753,0.023466115955002417,0.9863572212639172,
UPENN-GBM-00062,1.3.6.1.4.1.14519.5.2.1.162811584928645372538128142285091117376,radiologist 11,core,3.00x0.94x0.94,0.9617761501487755,0.2569261702569968,1.3258252147247767,5539.76210361621,5980.09540742578,0.07648496400264228,0.9607708189951824,
UPENN-GBM-00062,1.3.6.1.4.1.14519.5.2.1.162811584928645372538128142285091117376,radiologist 11,enhancing,3.00x0.94x0.94,0.948631190402953,0.22851660556947875,1.3258252147247767,4065.832062720702,4506.165366530273,0.10282812899231611,0.9465791940018744,
UPENN-GBM-00062,1.3.6.1.4.1.14519.5.2.1.162811584928645372538128142285091117376,radiologist 11,whole,3.00x0.94x0.94,1.0,0.0,0.0,60845.09771682421,60845.09771682421,0.0,1.0,
UPENN-GBM-00605,1.3.6.1.4.1.14519.5.2.1.163361386591256241932853302561736393068,radiologist 3,core,3.00x0.94x0.94,1.0,0.0,0.0,24645.481381485348,24645.481381485348,0.0,1.0,
UPENN-GBM-00605,1.3.6.1.4.1.14519.5.2.1.163361386591256241932853302561736393068,radiologist 3,enhancing,3.00x0.94x0.94,1.0,0.0,0.0,15683.248449457029,15683.248449457029,0.0,1.0,
UPENN-GBM-00605,1.3.6.1.4.1.14519.5.2.1.163361386591256241932853302561736393068,radiologist 3,whole,3.00x0.94x0.94,1.0,0.0,0.0,100978.70979637791,100978.70979637791,0.0,1.0,
UPENN-GBM-00338,1.3.6.1.4.1.14519.5.2.1.164828588903758070097348383113558492688,radiologist 11,core,1.00x0.98x0.98,0.9951953931278511,0.06505946239771877,0.0,54718.1757131958,55246.51281137467,0.009609287685810385,0.9958841577490084,
UPENN-GBM-00338,1.3.6.1.4.1.14519.5.2.1.164828588903758070097348383113558492688,radiologist 11,enhancing,1.00x0.98x0.98,0.9930895371857608,0.038049729139695,0.0,38031.687975225446,38560.97875047684,0.013821145638563124,0.9941245593419507,
UPENN-GBM-00338,1.3.6.1.4.1.14519.5.2.1.164828588903758070097348383113558492688,radiologist 11,whole,1.00x0.98x0.98,0.9993720668914006,0.007513254480201834,0.0,173029.4459765053,173246.88434904098,0.0012558663822614226,0.9994584540039085,
UPENN-GBM-00603,1.3.6.1.4.1.14519.5.2.1.164905043253166695041598476172193803283,radiologist 3,core,3.00x0.94x0.94,0.591896186440678,4.20303713188054,10.575068948714952,126175.26698921775,53037.75093490721,0.8666680064566694,0.5876073939078365,
UPENN-GBM-00603,1.3.6.1.4.1.14519.5.2.1.164905043253166695041598476172193803283,radiologist 3,enhancing,3.00x0.94x0.94,,,,,,,,empty rad
UPENN-GBM-00603,1.3.6.1.4.1.14519.5.2.1.164905043253166695041598476172193803283,radiologist 3,whole,3.00x0.94x0.94,0.6729235763178322,2.6964013677454717,9.375,148568.98405062302,75621.31229496092,0.6753112373191119,0.667549853576907,
UPENN-GBM-00338,1.3.6.1.4.1.14519.5.2.1.165685621770764149430697307539715583577,radiologist 11,core,3.00x0.94x0.94,0.9951307735114079,0.06366660177656315,0.0,56581.51117634471,57135.223714069325,0.009738529942462952,0.9946236559139785,
UPENN-GBM-00338,1.3.6.1.4.1.14519.5.2.1.165685621770764149430697307539715583577,radiologist 11,enhancing,3.00x0.94x0.94,0.9930523390458545,0.04114711528743612,0.0,39571.98936271874,40125.70190044335,0.013895545490462137,0.992381324477437,
UPENN-GBM-00338,1.3.6.1.4.1.14519.5.2.1.165685621770764149430697307539715583577,radiologist 11,whole,3.00x0.94x0.94,0.9994193695382151,0.006832030490802942,0.0,179271.02590426753,179479.3272875068,0.00116126105406925,0.9993460062783397,
UPENN-GBM-00264,1.3.6.1.4.1.14519.5.2.1.167069353003833837616027272080544573323,radiologist 11,core,3.00x0.94x0.94,0.9990393852065321,0.0044964028776978415,0.0,8242.406632986327,8226.586274765623,0.0019212301778938723,1.0,
UPENN-GBM-00264,1.3.6.1.4.1.14519.5.2.1.167069353003833837616027272080544573323,radiologist 11,enhancing,3.00x0.94x0.94,0.9987990392313851,0.0031546344447843377,0.0,6594.452651663085,6578.6322934423815,0.0024019226919999265,1.0,
UPENN-GBM-00264,1.3.6.1.4.1.14519.5.2.1.167069353003833837616027272080544573323,radiologist 11,whole,3.00x0.94x0.94,0.8470772698319369,1.272048332927261,4.8930009472792015,22791.862743292964,31021.085744428707,0.30826358353468625,0.8548409893992933,
UPENN-GBM-00195,1.3.6.1.4.1.14519.5.2.1.170498522334219374555352966092408183809,radiologist 11,core,3.00x0.94x0.94,0.9870990990990991,0.21562333161642358,0.0,18056.302182562496,18528.276202813475,0.025803233370619703,0.9846552842014265,
UPENN-GBM-00195,1.3.6.1.4.1.14519.5.2.1.170498522334219374555352966092408183809,radiologist 11,enhancing,3.00x0.94x0.94,0.9860276325033175,0.16591745281278056,0.0,16653.563753660153,17125.537773911128,0.027946553729167222,0.9833215879727507,
UPENN-GBM-00195,1.3.6.1.4.1.14519.5.2.1.170498522334219374555352966092408183809,radiologist 11,whole,3.00x0.94x0.94,0.9996352515361522,0.004416477651477179,0.0,140938.29793550388,140988.3957365361,0.0003553959428745368,0.99960665318049,
UPENN-GBM-00605,1.3.6.1.4.1.14519.5.2.1.170593879881955389930994349194687258543,radiologist 3,core,1.00x1.02x1.02,1.0,0.0,0.0,23952.39466167365,23952.39466167365,0.0,1.0,
UPENN-GBM-00605,1.3.6.1.4.1.14519.5.2.1.170593879881955389930994349194687258543,radiologist 3,enhancing,1.00x1.02x1.02,1.0,0.0,0.0,15181.574636342655,15181.574636342655,0.0,1.0,
UPENN-GBM-00605,1.3.6.1.4.1.14519.5.2.1.170593879881955389930994349194687258543,radiologist 3,whole,1.00x1.02x1.02,1.0,0.0,0.0,98804.01479082443,98804.01479082443,0.0,1.0,
UPENN-GBM-00251,1.3.6.1.4.1.14519.5.2.1.170943077557236472346694128511610000556,radiologist 11,core,3.00x0.94x0.94,0.9781419166057059,0.39459296198535865,3.0000367499999996,45120.08396425781,44990.88316281738,0.002867595234976715,0.9765880378125276,
UPENN-GBM-00251,1.3.6.1.4.1.14519.5.2.1.170943077557236472346694128511610000556,radiologist 11,enhancing,3.00x0.94x0.94,0.9787625654820897,0.10405929100809741,0.9375,36954.06596301269,37539.424696069334,0.015716025014857093,0.9752876011930124,
UPENN-GBM-00251,1.3.6.1.4.1.14519.5.2.1.170943077557236472346694128511610000556,radiologist 11,whole,3.00x0.94x0.94,0.9931837777163215,0.07892775740866076,0.0,80581.74883308104,81501.97494946289,0.011355069867985994,0.9921290260273311,
UPENN-GBM-00609,1.3.6.1.4.1.14519.5.2.1.171186890041545874143752536245410384766,radiologist 3,core,6.00x0.43x0.43,0.4785137924563708,4.496045356844084,12.73757619788227,1489.6526437769232,4416.864423698689,1.0868870701412205,0.44168734491315137,
UPENN-GBM-00609,1.3.6.1.4.1.14519.5.2.1.171186890041545874143752536245410384766,radiologist 3,enhancing,6.00x0.43x0.43,0.4382247101159536,4.730382439796771,12.778121214842248,1291.2539657738955,4252.825293282778,1.1919697242471516,0.4031413612565445,
UPENN-GBM-00609,1.3.6.1.4.1.14519.5.2.1.171186890041545874143752536245410384766,radiologist 3,whole,6.00x0.43x0.43,0.8266915311955244,1.365213796666086,9.454969767497532,22601.932077305817,32078.516976333118,0.35015116024198667,0.8319496135127398,
UPENN-GBM-00322,1.3.6.1.4.1.14519.5.2.1.172017482924755576225231634779290478815,radiologist 11,core,3.00x0.98x0.98,1.0,0.0,0.0,14036.178588867188,14036.178588867188,0.0,1.0,
UPENN-GBM-00322,1.3.6.1.4.1.14519.5.2.1.172017482924755576225231634779290478815,radiologist 11,enhancing,3.00x0.98x0.98,1.0,0.0,0.0,9535.789489746094,9535.789489746094,0.0,1.0,
UPENN-GBM-00322,1.3.6.1.4.1.14519.5.2.1.172017482924755576225231634779290478815,radiologist 11,whole,3.00x0.98x0.98,1.0,0.0,0.0,27048.110961914062,27048.110961914062,0.0,1.0,
UPENN-GBM-00625,1.3.6.1.4.1.14519.5.2.1.173244047862019350245381752041768634773,radiologist 11,core,3.00x0.47x0.47,0.9099320031211682,2.3341086050511084,14.474860313065205,5380.8837890625,6446.1181640625,0.18062548086091917,0.9156118143459916,
UPENN-GBM-00625,1.3.6.1.4.1.14519.5.2.1.173244047862019350245381752041768634773,radiologist 11,enhancing,3.00x0.47x0.47,0.909750921478834,2.3254049279557374,14.461796750354335,5369.0185546875,6434.2529296875,0.18099061213881965,0.9156118143459916,
UPENN-GBM-00625,1.3.6.1.4.1.14519.5.2.1.173244047862019350245381752041768634773,radiologist 11,whole,3.00x0.47x0.47,0.9851938918630608,0.20436003510348158,0.0,67316.0888671875,66157.2509765625,0.017364771287576145,0.9849915274751876,
UPENN-GBM-00195,1.3.6.1.4.1.14519.5.2.1.173446042225141871022941403231392954346,radiologist 11,core,1.00x0.98x0.98,0.9866624741241516,0.2812187437025024,0.0,17954.87824442864,18440.299874343877,0.026676633658607157,0.9857045609257998,
UPENN-GBM-00195,1.3.6.1.4.1.14519.5.2.1.173446042225141871022941403231392954346,radiologist 11,enhancing,1.00x0.98x0.98,0.9856938081452542,0.21074410285521936,0.0,16722.72746672631,17208.149096641544,0.02861433595400807,0.984712448434846,
UPENN-GBM-00195,1.3.6.1.4.1.14519.5.2.1.173446042225141871022941403231392954346,radiologist 11,whole,1.00x0.98x0.98,0.9995165570750013,0.011451067025271183,0.0,141008.78458940508,141084.12507813456,0.000534153734027646,0.9994323342415985,
UPENN-GBM-00226,1.3.6.1.4.1.14519.5.2.1.174376608798743680561395348699413084155,radiologist 3,core,1.00x0.98x0.98,1.0,0.0,0.0,31368.346269493104,31368.346269493104,0.0,1.0,
UPENN-GBM-00226,1.3.6.1.4.1.14519.5.2.1.174376608798743680561395348699413084155,radiologist 3,enhancing,1.00x0.98x0.98,1.0,0.0,0.0,16965.915120220183,16965.915120220183,0.0,1.0,
UPENN-GBM-00226,1.3.6.1.4.1.14519.5.2.1.174376608798743680561395348699413084155,radiologist 3,whole,1.00x0.98x0.98,1.0,0.0,0.0,63265.02963716507,63265.02963716507,0.0,1.0,
UPENN-GBM-00494,1.3.6.1.4.1.14519.5.2.1.174512271748905818367222280638774173548,radiologist 3,core,5.00x0.43x0.43,0.9847724993161302,0.8919557295907787,0.0,9970.60224517822,10278.95235164947,0.03045735563114199,0.9890710382513661,
UPENN-GBM-00494,1.3.6.1.4.1.14519.5.2.1.174512271748905818367222280638774173548,radiologist 3,enhancing,5.00x0.43x0.43,0.9841751160807354,0.8417511548356691,0.0,9588.39582577972,9896.745932250973,0.03165241022052868,0.988673139158576,
UPENN-GBM-00494,1.3.6.1.4.1.14519.5.2.1.174512271748905818367222280638774173548,radiologist 3,whole,5.00x0.43x0.43,0.9812109655184479,0.1420644725738485,0.4296875,51779.737789380626,53762.77979147718,0.03758249193454914,0.985579089680036,
UPENN-GBM-00587,1.3.6.1.4.1.14519.5.2.1.174891096817225609251228448134165694702,radiologist 3,core,3.00x0.94x0.94,1.0,0.0,0.0,14596.917184968748,14596.917184968748,0.0,1.0,
UPENN-GBM-00587,1.3.6.1.4.1.14519.5.2.1.174891096817225609251228448134165694702,radiologist 3,enhancing,3.00x0.94x0.94,1.0,0.0,0.0,12461.168825173825,12461.168825173825,0.0,1.0,
UPENN-GBM-00587,1.3.6.1.4.1.14519.5.2.1.174891096817225609251228448134165694702,radiologist 3,whole,3.00x0.94x0.94,0.9894166330977405,0.14514437266077634,0.0,35619.53653391308,36381.550454876946,0.021167524136372674,0.9894174238375201,
UPENN-GBM-00048,1.3.6.1.4.1.14519.5.2.1.175593157825048168227942014219581694734,radiologist 11,core,1.00x0.98x0.98,0.996582848254896,0.16804306252693602,0.0,40605.66239397049,40329.09604293823,0.006834330091613175,0.997086247086247,
UPENN-GBM-00048,1.3.6.1.4.1.14519.5.2.1.175593157825048168227942014219581694734,radiologist 11,enhancing,1.00x0.98x0.98,1.0,0.0,0.0,36784.27836436272,36784.27836436272,0.0,1.0,
UPENN-GBM-00048,1.3.6.1.4.1.14519.5.2.1.175593157825048168227942014219581694734,radiologist 11,whole,1.00x0.98x0.98,0.9991108058551902,0.05783362408809181,0.0,155653.44971509933,155376.8833640671,0.001778388758323824,0.9992261659100289,
UPENN-GBM-00281,1.3.6.1.4.1.14519.5.2.1.176917454627433446638502683401140071746,radiologist 3,core,5.00x0.86x0.86,1.0,0.0,0.0,15542.266845703125,15542.266845703125,0.0,1.0,
UPENN-GBM-00281,1.3.6.1.4.1.14519.5.2.1.176917454627433446638502683401140071746,radiologist 3,enhancing,5.00x0.86x0.86,1.0,0.0,0.0,9833.465576171875,9833.465576171875,0.0,1.0,
UPENN-GBM-00281,1.3.6.1.4.1.14519.5.2.1.176917454627433446638502683401140071746,radiologist 3,whole,5.00x0.86x0.86,1.0,0.0,0.0,119862.6708984375,119862.6708984375,0.0,1.0,
UPENN-GBM-00245,1.3.6.1.4.1.14519.5.2.1.179275596036665425752853688586469918153,radiologist 3,core,3.00x0.94x0.94,1.0,0.0,0.0,3883.8979431826165,3883.8979431826165,0.0,1.0,
UPENN-GBM-00245,1.3.6.1.4.1.14519.5.2.1.179275596036665425752853688586469918153,radiologist 3,enhancing,3.00x0.94x0.94,1.0,0.0,0.0,3680.870012683593,3680.870012683593,0.0,1.0,
UPENN-GBM-00245,1.3.6.1.4.1.14519.5.2.1.179275596036665425752853688586469918153,radiologist 3,whole,3.00x0.94x0.94,0.9955604208477772,0.26202823751450616,0.0,21581.605339409176,21774.08636442773,0.008879216640800264,0.9971890372452565,
UPENN-GBM-00281,1.3.6.1.4.1.14519.5.2.1.179351638702352589409371467009564080878,radiologist 3,core,5.00x0.43x0.43,1.0,0.0,0.0,15623.504638671875,15623.504638671875,0.0,1.0,
UPENN-GBM-00281,1.3.6.1.4.1.14519.5.2.1.179351638702352589409371467009564080878,radiologist 3,enhancing,5.00x0.43x0.43,1.0,0.0,0.0,9744.842529296875,9744.842529296875,0.0,1.0,
UPENN-GBM-00281,1.3.6.1.4.1.14519.5.2.1.179351638702352589409371467009564080878,radiologist 3,whole,5.00x0.43x0.43,1.0,0.0,0.0,117399.68872070312,117399.68872070312,0.0,1.0,
UPENN-GBM-00494,1.3.6.1.4.1.14519.5.2.1.180844761426958604194776363054726924999,radiologist 3,core,5.00x0.43x0.43,0.9850692245045697,0.8842400234802036,0.0,10049.997781575014,10354.655072399904,0.02986377028022596,0.9884169884169884,
UPENN-GBM-00494,1.3.6.1.4.1.14519.5.2.1.180844761426958604194776363054726924999,radiologist 3,enhancing,5.00x0.43x0.43,0.984669701756016,0.8320909872831457,0.0,9784.115055036928,10088.772345861818,0.03066299875786386,0.9879711307137129,
UPENN-GBM-00494,1.3.6.1.4.1.14519.5.2.1.180844761426958604194776363054726924999,radiologist 3,whole,5.00x0.43x0.43,0.9795529280067166,0.14447698577960785,0.4296875,51702.18866080705,53860.639406105816,0.04089984446203196,0.9847974237998951,
UPENN-GBM-00062,1.3.6.1.4.1.14519.5.2.1.183809303176126505813754720042406022832,radiologist 11,core,1.00x0.98x0.98,0.9687633718442448,0.3749578892798991,2.1836601342771385,5397.812230491638,5745.904361963272,0.06249358716162713,0.974124809741248,
UPENN-GBM-00062,1.3.6.1.4.1.14519.5.2.1.183809303176126505813754720042406022832,radiologist 11,enhancing,1.00x0.98x0.98,0.9577790630422209,0.27603534977003624,1.3977410691593068,3948.223080253601,4296.315211725235,0.08449210322307828,0.9661354581673307,
UPENN-GBM-00062,1.3.6.1.4.1.14519.5.2.1.183809303176126505813754720042406022832,radiologist 11,whole,1.00x0.98x0.98,1.0,0.0,0.0,59709.72151079178,59709.72151079178,0.0,1.0,
UPENN-GBM-00224,1.3.6.1.4.1.14519.5.2.1.184436673974652024450104821162556781795,radiologist 11,core,1.00x0.98x0.98,0.9994918200864797,0.01167905999809736,0.0,53457.41462331773,53511.77421645166,0.0010163599145311339,0.9993807090880942,
UPENN-GBM-00224,1.3.6.1.4.1.14519.5.2.1.184436673974652024450104821162556781795,radiologist 11,enhancing,1.00x0.98x0.98,0.9984705787651936,0.005996703533759081,0.0,17744.115611400608,17798.475204534534,0.0030588448546254826,0.9981078524124882,
UPENN-GBM-00224,1.3.6.1.4.1.14519.5.2.1.184436673974652024450104821162556781795,radiologist 11,whole,1.00x0.98x0.98,1.0,0.0,0.0,111735.66684824946,111735.66684824946,0.0,1.0,
UPENN-GBM-00032,1.3.6.1.4.1.14519.5.2.1.184853184439969972439132522987653090456,radiologist 11,core,1.00x0.98x0.98,1.0,0.0,0.0,43628.818713874825,43628.818713874825,0.0,1.0,
UPENN-GBM-00032,1.3.6.1.4.1.14519.5.2.1.184853184439969972439132522987653090456,radiologist 11,enhancing,1.00x0.98x0.98,1.0,0.0,0.0,29875.841650991446,29875.841650991446,0.0,1.0,
UPENN-GBM-00032,1.3.6.1.4.1.14519.5.2.1.184853184439969972439132522987653090456,radiologist 11,whole,1.00x0.98x0.98,1.0,0.0,0.0,145518.72346537592,145518.72346537592,0.0,1.0,
UPENN-GBM-00075,1.3.6.1.4.1.14519.5.2.1.185273311571390948347228311092673418121,radiologist 3,core,1.00x0.98x0.98,1.0,0.0,0.0,21136.344958372214,21136.344958372214,0.0,1.0,
UPENN-GBM-00075,1.3.6.1.4.1.14519.5.2.1.185273311571390948347228311092673418121,radiologist 3,enhancing,1.00x0.98x0.98,1.0,0.0,0.0,11548.075671205575,11548.075671205575,0.0,1.0,
UPENN-GBM-00075,1.3.6.1.4.1.14519.5.2.1.185273311571390948347228311092673418121,radiologist 3,whole,1.00x0.98x0.98,1.0,0.0,0.0,32256.21962401405,32256.21962401405,0.0,1.0,
UPENN-GBM-00048,1.3.6.1.4.1.14519.5.2.1.186016234265644222673833764877283775208,radiologist 11,core,3.00x0.94x0.94,0.9966178861788618,0.13095764870891094,0.0,40676.77771179785,40402.55816930566,0.006764253433763343,0.9958689595542319,
UPENN-GBM-00048,1.3.6.1.4.1.14519.5.2.1.186016234265644222673833764877283775208,radiologist 11,enhancing,3.00x0.94x0.94,1.0,0.0,0.0,36835.0673905371,36835.0673905371,0.0,1.0,
UPENN-GBM-00048,1.3.6.1.4.1.14519.5.2.1.186016234265644222673833764877283775208,radiologist 11,whole,3.00x0.94x0.94,0.9991226738202493,0.04305431830304316,0.0,156418.51845446188,156144.2989119697,0.001754652809687568,0.9989152097681576,
UPENN-GBM-00226,1.3.6.1.4.1.14519.5.2.1.186677336719129318722142771278755458982,radiologist 3,core,0.90x0.90x0.90,1.0,0.0,0.0,30971.252757276467,30971.252757276467,0.0,1.0,
UPENN-GBM-00226,1.3.6.1.4.1.14519.5.2.1.186677336719129318722142771278755458982,radiologist 3,enhancing,0.90x0.90x0.90,1.0,0.0,0.0,16878.132316562293,16878.132316562293,0.0,1.0,
UPENN-GBM-00226,1.3.6.1.4.1.14519.5.2.1.186677336719129318722142771278755458982,radiologist 3,whole,0.90x0.90x0.90,1.0,0.0,0.0,62244.43339555527,62244.43339555527,0.0,1.0,
UPENN-GBM-00019,1.3.6.1.4.1.14519.5.2.1.187454276847125780898232340466181630642,radiologist 3,core,1.00x0.98x0.98,1.0,0.0,0.0,11669.192659416201,11669.192659416201,0.0,1.0,
UPENN-GBM-00019,1.3.6.1.4.1.14519.5.2.1.187454276847125780898232340466181630642,radiologist 3,enhancing,1.00x0.98x0.98,1.0,0.0,0.0,11164.697488050464,11164.697488050464,0.0,1.0,
UPENN-GBM-00019,1.3.6.1.4.1.14519.5.2.1.187454276847125780898232340466181630642,radiologist 3,whole,1.00x0.98x0.98,0.9978182841860792,0.032560913206791206,0.0,54084.9341370392,54321.44605102541,0.004363438551003896,0.9980433473810957,
UPENN-GBM-00299,1.3.6.1.4.1.14519.5.2.1.190396945558832174258693632988993034647,radiologist 3,core,1.00x0.49x0.49,1.0,0.0,0.0,40767.66132851606,40767.66132851606,0.0,1.0,
UPENN-GBM-00299,1.3.6.1.4.1.14519.5.2.1.190396945558832174258693632988993034647,radiologist 3,enhancing,1.00x0.49x0.49,1.0,0.0,0.0,6635.902953100656,6635.902953100656,0.0,1.0,
UPENN-GBM-00299,1.3.6.1.4.1.14519.5.2.1.190396945558832174258693632988993034647,radiologist 3,whole,1.00x0.49x0.49,1.0,0.0,0.0,85362.65532351164,85362.65532351164,0.0,1.0,
UPENN-GBM-00435,1.3.6.1.4.1.14519.5.2.1.190578278618855249269020467099218798819,radiologist 3,core,3.00x0.94x0.94,0.994535519125683,0.028854241956572782,0.0,5038.784093293944,5094.155347066406,0.010929070532190317,0.9900687547746372,
UPENN-GBM-00435,1.3.6.1.4.1.14519.5.2.1.190578278618855249269020467099218798819,radiologist 3,enhancing,3.00x0.94x0.94,0.805111821086262,0.5209904232010762,2.8125,4930.67831211914,3322.2752263476555,0.39482670990310864,0.7730769230769231,
UPENN-GBM-00435,1.3.6.1.4.1.14519.5.2.1.190578278618855249269020467099218798819,radiologist 3,whole,3.00x0.94x0.94,1.0,0.0,0.0,72860.65978544822,72860.65978544822,0.0,1.0,
UPENN-GBM-00251,1.3.6.1.4.1.14519.5.2.1.192670434702696248323866177447100594733,radiologist 11,core,1.00x0.98x0.98,0.9792525106118646,0.6326950396322676,5.27653535477803,46151.927029056584,45963.10028293613,0.004099809034870882,0.9779471821399401,
UPENN-GBM-00251,1.3.6.1.4.1.14519.5.2.1.192670434702696248323866177447100594733,radiologist 11,enhancing,1.00x0.98x0.98,0.9803518877966314,0.11583251455713847,0.9765625,37776.79326931002,38378.5593137646,0.015803973037410882,0.9786906854130053,
UPENN-GBM-00251,1.3.6.1.4.1.14519.5.2.1.192670434702696248323866177447100594733,radiologist 11,whole,1.00x0.98x0.98,0.9942209907038358,0.07980386989669914,0.0,82062.38725716597,82795.7598216439,0.00889707199980062,0.9939759036144579,
UPENN-GBM-00435,1.3.6.1.4.1.14519.5.2.1.194447608311891313374214344105123975250,radiologist 3,core,3.00x0.94x0.94,0.9929039301310044,0.041756478490635046,0.0,4796.205267243163,4864.76015286621,0.014192377956505296,0.9953271028037384,
UPENN-GBM-00435,1.3.6.1.4.1.14519.5.2.1.194447608311891313374214344105123975250,radiologist 3,enhancing,3.00x0.94x0.94,0.7967534663510315,0.5497374392845832,2.9646353064078554,4690.736212438475,3106.063663998046,0.4122333234543032,0.7898338220918866,
UPENN-GBM-00435,1.3.6.1.4.1.14519.5.2.1.194447608311891313374214344105123975250,radiologist 3,whole,3.00x0.94x0.94,1.0,0.0,0.0,73451.28649235448,73451.28649235448,0.0,1.0,
UPENN-GBM-00206,1.3.6.1.4.1.14519.5.2.1.194621040791287270767151800027244365307,radiologist 11,core,1.00x0.98x0.98,0.9938726762903728,1.70733162970273,0.0,4563.344792032239,4619.611739311215,0.012254800785928274,0.9947183098591549,
UPENN-GBM-00206,1.3.6.1.4.1.14519.5.2.1.194621040791287270767151800027244365307,radiologist 11,enhancing,1.00x0.98x0.98,0.9929026825454108,1.2600307115116054,0.0,3935.8252783107732,3992.0922255897494,0.014194873253363247,0.9939271255060729,
UPENN-GBM-00206,1.3.6.1.4.1.14519.5.2.1.194621040791287270767151800027244365307,radiologist 11,whole,1.00x0.98x0.98,0.824062180943912,6.264164426476747,36.17759226749424,23861.95403164862,34051.03987450597,0.355575262735429,0.8333333333333334,
UPENN-GBM-00626,1.3.6.1.4.1.14519.5.2.1.197845956354714973248516869861649849171,radiologist 11,core,3.00x0.94x0.94,0.9950678175092479,0.05114323790908499,0.0,8595.72796658203,8511.35272273828,0.009864444970914016,0.9950203712086917,
UPENN-GBM-00626,1.3.6.1.4.1.14519.5.2.1.197845956354714973248516869861649849171,radiologist 11,enhancing,3.00x0.94x0.94,1.0,0.0,0.0,8500.805817257811,8500.805817257811,0.0,1.0,
UPENN-GBM-00626,1.3.6.1.4.1.14519.5.2.1.197845956354714973248516869861649849171,radiologist 11,whole,3.00x0.94x0.94,0.9990239736472885,0.014188742286342662,0.0,43266.04300725292,43181.66776340917,0.0019520533252829937,0.9990175939983924,
UPENN-GBM-00251,1.3.6.1.4.1.14519.5.2.1.199525120034928159421075413490262763757,radiologist 11,core,0.90x0.90x0.90,0.9780536246276067,0.6163529197369847,5.1498057827146555,43881.480965924835,43797.31396648624,0.0019198946645364165,0.976252319109462,
UPENN-GBM-00251,1.3.6.1.4.1.14519.5.2.1.199525120034928159421075413490262763757,radiologist 11,enhancing,0.90x0.90x0.90,0.9788389475582631,0.11679877398407679,0.896875,35884.164864095685,36532.83122183795,0.01791523377481083,0.9751545812254075,
UPENN-GBM-00251,1.3.6.1.4.1.14519.5.2.1.199525120034928159421075413490262763757,radiologist 11,whole,0.90x0.90x0.90,0.9931306104232519,0.08768385042350242,0.0,78424.05288207259,79273.70422985357,0.010775797766107296,0.9921113689095128,
UPENN-GBM-00049,1.3.6.1.4.1.14519.5.2.1.200243175393844983069088677590501035934,radiologist 3,core,3.00x0.94x0.94,1.0,0.0,0.0,19543.41585530859,19543.41585530859,0.0,1.0,
UPENN-GBM-00049,1.3.6.1.4.1.14519.5.2.1.200243175393844983069088677590501035934,radiologist 3,enhancing,3.00x0.94x0.94,1.0,0.0,0.0,12835.583969730467,12835.583969730467,0.0,1.0,
UPENN-GBM-00049,1.3.6.1.4.1.14519.5.2.1.200243175393844983069088677590501035934,radiologist 3,whole,3.00x0.94x0.94,1.0,0.0,0.0,44399.83534640331,44399.83534640331,0.0,1.0,
UPENN-GBM-00602,1.3.6.1.4.1.14519.5.2.1.200934547735293308194204853400283018395,radiologist 11,core,3.00x0.94x0.94,0.9849635328204616,0.12590375949149255,0.9375,53557.1860298203,52006.790924191395,0.02937567604049764,0.9853394481617923,
UPENN-GBM-00602,1.3.6.1.4.1.14519.5.2.1.200934547735293308194204853400283018395,radiologist 11,enhancing,3.00x0.94x0.94,0.9232204883612422,0.1612207188574479,0.9375,27290.117930712884,23569.697022477536,0.14656279360566257,0.9283265814895606,
UPENN-GBM-00602,1.3.6.1.4.1.14519.5.2.1.200934547735293308194204853400283018395,radiologist 11,whole,3.00x0.94x0.94,0.9483912044512932,0.4928873848047641,4.003910840675047,136790.72735530956,148959.21955340035,0.08522035381117964,0.9471437678427894,
UPENN-GBM-00075,1.3.6.1.4.1.14519.5.2.1.20102762028063566904290459828127584439,radiologist 3,core,1.00x0.98x0.98,1.0,0.0,0.0,21455.8267776681,21455.8267776681,0.0,1.0,
UPENN-GBM-00075,1.3.6.1.4.1.14519.5.2.1.20102762028063566904290459828127584439,radiologist 3,enhancing,1.00x0.98x0.98,1.0,0.0,0.0,11745.486825218255,11745.486825218255,0.0,1.0,
UPENN-GBM-00075,1.3.6.1.4.1.14519.5.2.1.20102762028063566904290459828127584439,radiologist 3,whole,1.00x0.98x0.98,1.0,0.0,0.0,32764.52950366989,32764.52950366989,0.0,1.0,
UPENN-GBM-00264,1.3.6.1.4.1.14519.5.2.1.201289935108064999781806796409659793276,radiologist 11,core,3.00x0.94x0.94,0.9985219247823944,0.00748081595344216,0.0,8039.378702487304,8015.648165156249,0.002956152587987395,0.99812382739212,
UPENN-GBM-00264,1.3.6.1.4.1.14519.5.2.1.201289935108064999781806796409659793276,radiologist 11,enhancing,3.00x0.94x0.94,0.9982039513071244,0.004296516956920257,0.0,6618.1831889941395,6594.452651663085,0.0035921012482106186,0.9977753058954394,
UPENN-GBM-00264,1.3.6.1.4.1.14519.5.2.1.201289935108064999781806796409659793276,radiologist 11,whole,3.00x0.94x0.94,0.8508145887680267,1.1518728373289693,4.8930009472792015,22789.226016922847,30781.14364474804,0.3006144020110982,0.8478900883218842,
UPENN-GBM-00050,1.3.6.1.4.1.14519.5.2.1.201467662052329474197372276140977949583,radiologist 11,core,1.00x0.98x0.98,1.0,0.0,0.0,3844.2722793483736,3844.2722793483736,0.0,1.0,
UPENN-GBM-00050,1.3.6.1.4.1.14519.5.2.1.201467662052329474197372276140977949583,radiologist 11,enhancing,1.00x0.98x0.98,1.0,0.0,0.0,3519.06839761734,3519.06839761734,0.0,1.0,
UPENN-GBM-00050,1.3.6.1.4.1.14519.5.2.1.201467662052329474197372276140977949583,radiologist 11,whole,1.00x0.98x0.98,1.0,0.0,0.0,12023.960530395509,12023.960530395509,0.0,1.0,
UPENN-GBM-00020,1.3.6.1.4.1.14519.5.2.1.201935082677996306211343787893205549410,radiologist 3,core,3.00x0.94x0.94,1.0,0.0,0.0,12817.126885139645,12817.126885139645,0.0,1.0,
UPENN-GBM-00020,1.3.6.1.4.1.14519.5.2.1.201935082677996306211343787893205549410,radiologist 3,enhancing,3.00x0.94x0.94,1.0,0.0,0.0,9423.660046798826,9423.660046798826,0.0,1.0,
UPENN-GBM-00020,1.3.6.1.4.1.14519.5.2.1.201935082677996306211343787893205549410,radiologist 3,whole,3.00x0.94x0.94,1.0,0.0,0.0,33067.18540763964,33067.18540763964,0.0,1.0,
UPENN-GBM-00142,1.3.6.1.4.1.14519.5.2.1.204363826238190553310503434151497650900,radiologist 3,core,3.00x0.94x0.94,1.0,0.0,0.0,65190.42277477733,65190.42277477733,0.0,1.0,
UPENN-GBM-00142,1.3.6.1.4.1.14519.5.2.1.204363826238190553310503434151497650900,radiologist 3,enhancing,3.00x0.94x0.94,1.0,0.0,0.0,44766.3403118496,44766.3403118496,0.0,1.0,
UPENN-GBM-00142,1.3.6.1.4.1.14519.5.2.1.204363826238190553310503434151497650900,radiologist 3,whole,3.00x0.94x0.94,1.0,0.0,0.0,113097.1041934365,113097.1041934365,0.0,1.0,
UPENN-GBM-00409,1.3.6.1.4.1.14519.5.2.1.204709526582422754623325706244836061975,radiologist 11,core,1.00x0.98x0.98,0.9999415421189033,0.0029770297111204108,0.0,24472.307358064634,24469.44632684706,0.00011691576232650227,0.999833582958895,
UPENN-GBM-00409,1.3.6.1.4.1.14519.5.2.1.204709526582422754623325706244836061975,radiologist 11,enhancing,1.00x0.98x0.98,1.0,0.0,0.0,21217.40750953673,21217.40750953673,0.0,1.0,
UPENN-GBM-00409,1.3.6.1.4.1.14519.5.2.1.204709526582422754623325706244836061975,radiologist 11,whole,1.00x0.98x0.98,0.9999834207428613,0.0024663125754564113,0.0,86284.88681377405,86282.02578255648,3.315851428050845e-05,0.9999535423925667,
UPENN-GBM-00334,1.3.6.1.4.1.14519.5.2.1.209121896030001262332067104787616291635,radiologist 3,core,1.00x0.98x0.98,0.9981470451988618,0.47180385766781263,0.0,71921.55642447472,72188.58600478173,0.0037059138436265336,0.9978778063219033,
UPENN-GBM-00334,1.3.6.1.4.1.14519.5.2.1.209121896030001262332067104787616291635,radiologist 3,enhancing,1.00x0.98x0.98,0.9966021066938499,0.23883094519331244,0.0,39159.88795202255,39426.91753232956,0.006795812766471579,0.9960474308300395,
UPENN-GBM-00334,1.3.6.1.4.1.14519.5.2.1.209121896030001262332067104787616291635,radiologist 3,whole,1.00x0.98x0.98,0.9987554781186385,0.25136943383111376,0.0,107148.48012940407,107415.50970971107,0.0024890450477632964,0.9985742158187003,
UPENN-GBM-00603,1.3.6.1.4.1.14519.5.2.1.209163115414508239301715738023453276551,radiologist 3,core,3.00x0.94x0.94,0.5915034105618338,4.276046542051498,11.022706202202578,127675.56429381443,53617.830736332995,0.8676107165434526,0.5823217644041716,
UPENN-GBM-00603,1.3.6.1.4.1.14519.5.2.1.209163115414508239301715738023453276551,radiologist 3,enhancing,3.00x0.94x0.94,,,,,,,,empty rad
UPENN-GBM-00603,1.3.6.1.4.1.14519.5.2.1.209163115414508239301715738023453276551,radiologist 3,whole,3.00x0.94x0.94,0.6733649685001915,2.682578064587923,9.32613374235544,150572.8960919121,76689.18647485839,0.6746866125879553,0.6648430554605758,
UPENN-GBM-00142,1.3.6.1.4.1.14519.5.2.1.210978769642095091804412080602241163143,radiologist 3,core,1.00x0.98x0.98,1.0,0.0,0.0,64279.74204233171,64279.74204233171,0.0,1.0,
UPENN-GBM-00142,1.3.6.1.4.1.14519.5.2.1.210978769642095091804412080602241163143,radiologist 3,enhancing,1.00x0.98x0.98,1.0,0.0,0.0,44003.613803377164,44003.613803377164,0.0,1.0,
UPENN-GBM-00142,1.3.6.1.4.1.14519.5.2.1.210978769642095091804412080602241163143,radiologist 3,whole,1.00x0.98x0.98,1.0,0.0,0.0,112262.09659228328,112262.09659228328,0.0,1.0,
UPENN-GBM-00322,1.3.6.1.4.1.14519.5.2.1.211963003897604560530787607786563773610,radiologist 11,core,1.00x0.98x0.98,1.0,0.0,0.0,14258.384704589844,14258.384704589844,0.0,1.0,
UPENN-GBM-00322,1.3.6.1.4.1.14519.5.2.1.211963003897604560530787607786563773610,radiologist 11,enhancing,1.00x0.98x0.98,1.0,0.0,0.0,9646.415710449219,9646.415710449219,0.0,1.0,
UPENN-GBM-00322,1.3.6.1.4.1.14519.5.2.1.211963003897604560530787607786563773610,radiologist 11,whole,1.00x0.98x0.98,1.0,0.0,0.0,27596.473693847656,27596.473693847656,0.0,1.0,
UPENN-GBM-00399,1.3.6.1.4.1.14519.5.2.1.213854833833852247909095200775020660962,radiologist 11,core,3.00x0.94x0.94,0.9980255763798184,0.0899118728387492,0.0,43339.8713456162,43463.79748501171,0.0028553222521825934,0.9984096130058314,
UPENN-GBM-00399,1.3.6.1.4.1.14519.5.2.1.213854833833852247909095200775020660962,radiologist 11,enhancing,3.00x0.94x0.94,0.997206146477749,0.048110646437950697,0.0,26351.443342951166,26499.10001967773,0.00558772158307145,0.9978326831382748,
UPENN-GBM-00399,1.3.6.1.4.1.14519.5.2.1.213854833833852247909095200775020660962,radiologist 11,whole,3.00x0.94x0.94,0.9981095084722028,0.04560152667511539,0.0,75196.79934937206,75434.1047226826,0.0031508218196882095,0.9985165481610313,
UPENN-GBM-00319,1.3.6.1.4.1.14519.5.2.1.214068955463279982829113087029142761915,radiologist 11,core,5.00x0.43x0.43,0.9945653166730604,0.07499988883674752,0.0,101182.66821701155,100983.23892296213,0.0019729276964612543,0.9947881259913891,
UPENN-GBM-00319,1.3.6.1.4.1.14519.5.2.1.214068955463279982829113087029142761915,radiologist 11,enhancing,5.00x0.43x0.43,0.9962435303101594,0.03654341614905319,0.0,59623.819218160155,60073.45841354007,0.007512974718504507,0.9971361293196717,
UPENN-GBM-00319,1.3.6.1.4.1.14519.5.2.1.214068955463279982829113087029142761915,radiologist 11,whole,5.00x0.43x0.43,0.9978331192683756,0.08059757188942493,0.0,164550.4031174418,163964.1179242873,0.0035693144627820697,0.997730303952079,
UPENN-GBM-00272,1.3.6.1.4.1.14519.5.2.1.21949601618960429008847613412721375214,radiologist 11,core,3.00x0.94x0.94,1.0,0.0,0.0,17634.425963343747,17634.425963343747,0.0,1.0,
UPENN-GBM-00272,1.3.6.1.4.1.14519.5.2.1.21949601618960429008847613412721375214,radiologist 11,enhancing,3.00x0.94x0.94,1.0,0.0,0.0,8152.757936402342,8152.757936402342,0.0,1.0,
UPENN-GBM-00272,1.3.6.1.4.1.14519.5.2.1.21949601618960429008847613412721375214,radiologist 11,whole,3.00x0.94x0.94,1.0,0.0,0.0,31854.291277385735,31854.291277385735,0.0,1.0,
UPENN-GBM-00374,1.3.6.1.4.1.14519.5.2.1.220265357533921954975681495143164329587,radiologist 11,core,3.00x0.94x0.94,1.0,0.0,0.0,11361.65392883496,11361.65392883496,0.0,1.0,
UPENN-GBM-00374,1.3.6.1.4.1.14519.5.2.1.220265357533921954975681495143164329587,radiologist 11,enhancing,3.00x0.94x0.94,1.0,0.0,0.0,5919.450700913085,5919.450700913085,0.0,1.0,
UPENN-GBM-00374,1.3.6.1.4.1.14519.5.2.1.220265357533921954975681495143164329587,radiologist 11,whole,3.00x0.94x0.94,1.0,0.0,0.0,25051.537242483395,25051.537242483395,0.0,1.0,
UPENN-GBM-00602,1.3.6.1.4.1.14519.5.2.1.220426067967243463212024062328997069245,radiologist 11,core,1.00x0.98x0.98,0.9855223065678004,0.16397730239494196,1.3810679320049757,54901.281711120595,53392.564582386,0.027865198288182607,0.9852431862671285,
UPENN-GBM-00602,1.3.6.1.4.1.14519.5.2.1.220426067967243463212024062328997069245,radiologist 11,enhancing,1.00x0.98x0.98,0.9237651717942136,0.2273650412889152,1.3810679320049757,27862.629350891108,24152.825538768764,0.1428849683841412,0.924317617866005,
UPENN-GBM-00602,1.3.6.1.4.1.14519.5.2.1.220426067967243463212024062328997069245,radiologist 11,whole,1.00x0.98x0.98,0.9481671227028391,0.5577964586823412,4.367320268554277,141102.24494251248,153761.35440320964,0.08591698471043303,0.9460131755186836,
UPENN-GBM-00101,1.3.6.1.4.1.14519.5.2.1.220667391441358537549327761236221381132,radiologist 3,core,0.90x0.90x0.90,1.0,0.0,0.0,23844.337496241416,23844.337496241416,0.0,1.0,
UPENN-GBM-00101,1.3.6.1.4.1.14519.5.2.1.220667391441358537549327761236221381132,radiologist 3,enhancing,0.90x0.90x0.90,1.0,0.0,0.0,15237.085107003399,15237.085107003399,0.0,1.0,
UPENN-GBM-00101,1.3.6.1.4.1.14519.5.2.1.220667391441358537549327761236221381132,radiologist 3,whole,0.90x0.90x0.90,1.0,0.0,0.0,72962.75032699016,72962.75032699016,0.0,1.0,
UPENN-GBM-00386,1.3.6.1.4.1.14519.5.2.1.220678898344091666423423980264817930607,radiologist 11,core,3.00x0.94x0.94,1.0,0.0,0.0,17273.194450637693,17273.194450637693,0.0,1.0,
UPENN-GBM-00386,1.3.6.1.4.1.14519.5.2.1.220678898344091666423423980264817930607,radiologist 11,enhancing,3.00x0.94x0.94,1.0,0.0,0.0,16919.87311704199,16919.87311704199,0.0,1.0,
UPENN-GBM-00386,1.3.6.1.4.1.14519.5.2.1.220678898344091666423423980264817930607,radiologist 11,whole,3.00x0.94x0.94,1.0,0.0,0.0,40621.40645802538,40621.40645802538,0.0,1.0,
UPENN-GBM-00350,1.3.6.1.4.1.14519.5.2.1.22073253682943851918385025228045005975,radiologist 11,core,3.00x0.94x0.94,0.9913990825688074,0.1755418608385477,0.0,18267.24029217187,18520.36602370312,0.01376168507268149,0.9911690496215307,
UPENN-GBM-00350,1.3.6.1.4.1.14519.5.2.1.22073253682943851918385025228045005975,radiologist 11,enhancing,3.00x0.94x0.94,0.9897260273972602,0.12987851963960778,0.0,15271.919135718746,15525.044867249997,0.016438726343159835,0.989388580090955,
UPENN-GBM-00350,1.3.6.1.4.1.14519.5.2.1.22073253682943851918385025228045005975,radiologist 11,whole,3.00x0.94x0.94,0.962102554677449,1.2629688051796544,12.50641292818611,69013.67601144726,74450.60578662889,0.0758312078999369,0.9634733158355205,
UPENN-GBM-00421,1.3.6.1.4.1.14519.5.2.1.221427877107139182688357725363255997044,radiologist 3,core,1.00x0.98x0.98,1.0,0.0,0.0,62208.35544080735,62208.35544080735,0.0,1.0,
UPENN-GBM-00421,1.3.6.1.4.1.14519.5.2.1.221427877107139182688357725363255997044,radiologist 3,enhancing,1.00x0.98x0.98,1.0,0.0,0.0,35836.32335427284,35836.32335427284,0.0,1.0,
UPENN-GBM-00421,1.3.6.1.4.1.14519.5.2.1.221427877107139182688357725363255997044,radiologist 3,whole,1.00x0.98x0.98,1.0,0.0,0.0,134066.9691784954,134066.9691784954,0.0,1.0,
UPENN-GBM-00452,1.3.6.1.4.1.14519.5.2.1.221479432687864757292510917078912248261,radiologist 3,core,5.00x0.47x0.47,1.0,0.0,0.0,11777.810687342244,11777.810687342244,0.0,1.0,
UPENN-GBM-00452,1.3.6.1.4.1.14519.5.2.1.221479432687864757292510917078912248261,radiologist 3,enhancing,5.00x0.47x0.47,1.0,0.0,0.0,9493.87556757874,9493.87556757874,0.0,1.0,
UPENN-GBM-00452,1.3.6.1.4.1.14519.5.2.1.221479432687864757292510917078912248261,radiologist 3,whole,5.00x0.47x0.47,1.0,0.0,0.0,24979.373137653947,24979.373137653947,0.0,1.0,
UPENN-GBM-00452,1.3.6.1.4.1.14519.5.2.1.221869112753026148017441576170968835318,radiologist 3,core,5.00x0.47x0.47,1.0,0.0,0.0,11825.049364662991,11825.049364662991,0.0,1.0,
UPENN-GBM-00452,1.3.6.1.4.1.14519.5.2.1.221869112753026148017441576170968835318,radiologist 3,enhancing,5.00x0.47x0.47,1.0,0.0,0.0,9545.508540464207,9545.508540464207,0.0,1.0,
UPENN-GBM-00452,1.3.6.1.4.1.14519.5.2.1.221869112753026148017441576170968835318,radiologist 3,whole,5.00x0.47x0.47,1.0,0.0,0.0,24577.295093482015,24577.295093482015,0.0,1.0,
UPENN-GBM-00397,1.3.6.1.4.1.14519.5.2.1.222202092177705407089817668539929790632,radiologist 3,core,3.00x0.94x0.94,1.0,0.0,0.0,5278.726192974608,5278.726192974608,0.0,1.0,
UPENN-GBM-00397,1.3.6.1.4.1.14519.5.2.1.222202092177705407089817668539929790632,radiologist 3,enhancing,3.00x0.94x0.94,,,,,,,,empty ai
UPENN-GBM-00397,1.3.6.1.4.1.14519.5.2.1.222202092177705407089817668539929790632,radiologist 3,whole,3.00x0.94x0.94,1.0,0.0,0.0,24416.086187285153,24416.086187285153,0.0,1.0,
UPENN-GBM-00101,1.3.6.1.4.1.14519.5.2.1.225874677152262530886904861535271161138,radiologist 3,core,1.00x0.98x0.98,1.0,0.0,0.0,23828.575334110265,23828.575334110265,0.0,1.0,
UPENN-GBM-00101,1.3.6.1.4.1.14519.5.2.1.225874677152262530886904861535271161138,radiologist 3,enhancing,1.00x0.98x0.98,1.0,0.0,0.0,15173.955900945668,15173.955900945668,0.0,1.0,
UPENN-GBM-00101,1.3.6.1.4.1.14519.5.2.1.225874677152262530886904861535271161138,radiologist 3,whole,1.00x0.98x0.98,1.0,0.0,0.0,72971.55488132479,72971.55488132479,0.0,1.0,
UPENN-GBM-00231,1.3.6.1.4.1.14519.5.2.1.226836156579841792701743409916098169699,radiologist 3,core,3.00x0.94x0.94,1.0,0.0,0.0,53069.391651348626,53069.391651348626,0.0,1.0,
UPENN-GBM-00231,1.3.6.1.4.1.14519.5.2.1.226836156579841792701743409916098169699,radiologist 3,enhancing,3.00x0.94x0.94,1.0,0.0,0.0,44196.80741590429,44196.80741590429,0.0,1.0,
UPENN-GBM-00231,1.3.6.1.4.1.14519.5.2.1.226836156579841792701743409916098169699,radiologist 3,whole,3.00x0.94x0.94,1.0,0.0,0.0,180425.91205437886,180425.91205437886,0.0,1.0,
UPENN-GBM-00487,1.3.6.1.4.1.14519.5.2.1.228664347538289689457657608292151099690,radiologist 11,core,5.00x0.43x0.43,0.8716103719361237,2.0115767926899526,10.085709355796766,56167.80958517852,71397.06590542124,0.23991296512474464,0.8755966406863633,
UPENN-GBM-00487,1.3.6.1.4.1.14519.5.2.1.228664347538289689457657608292151099690,radiologist 11,enhancing,5.00x0.43x0.43,0.7789688491136626,2.4309763501079344,12.904539365546922,30370.786509608486,44746.79077795307,0.3875385513843689,0.7831600831600831,
UPENN-GBM-00487,1.3.6.1.4.1.14519.5.2.1.228664347538289689457657608292151099690,radiologist 11,whole,5.00x0.43x0.43,0.9770126654787904,0.2540677718417855,1.823009670246568,164375.68343953477,170934.82773026265,0.039127798741432934,0.9772263450834879,
UPENN-GBM-00357,1.3.6.1.4.1.14519.5.2.1.230062660120543345861884465131038138656,radiologist 11,core,1.00x0.98x0.98,0.9910976673089551,0.11406053746477252,0.9765625,43902.39715576172,44691.08581542969,0.017805135753431733,0.9911737089201877,
UPENN-GBM-00357,1.3.6.1.4.1.14519.5.2.1.230062660120543345861884465131038138656,radiologist 11,enhancing,1.00x0.98x0.98,0.9745041502839668,0.09672272598643597,0.9765625,26591.30096435547,27982.711791992188,0.05100275259680953,0.9746332518337408,
UPENN-GBM-00357,1.3.6.1.4.1.14519.5.2.1.230062660120543345861884465131038138656,radiologist 11,whole,1.00x0.98x0.98,0.9977433176280438,0.0233322362086574,0.0,124807.35778808594,125371.93298339844,0.0045133724055458485,0.9974676883612326,
UPENN-GBM-00299,1.3.6.1.4.1.14519.5.2.1.231050040679819662796681777038955393902,radiologist 3,core,3.00x0.45x0.45,1.0,0.0,0.0,39081.11870040575,39081.11870040575,0.0,1.0,
UPENN-GBM-00299,1.3.6.1.4.1.14519.5.2.1.231050040679819662796681777038955393902,radiologist 3,enhancing,3.00x0.45x0.45,1.0,0.0,0.0,6226.46279658699,6226.46279658699,0.0,1.0,
UPENN-GBM-00299,1.3.6.1.4.1.14519.5.2.1.231050040679819662796681777038955393902,radiologist 3,whole,3.00x0.45x0.45,1.0,0.0,0.0,82276.4854480264,82276.4854480264,0.0,1.0,
UPENN-GBM-00319,1.3.6.1.4.1.14519.5.2.1.231082494526574604701262264321659443198,radiologist 11,core,1.00x0.49x0.49,0.9938014955605307,0.23574455678827747,0.9765624,101833.08423186143,101679.30427983507,0.001511259166276774,0.9936907265584699,
UPENN-GBM-00319,1.3.6.1.4.1.14519.5.2.1.231082494526574604701262264321659443198,radiologist 11,enhancing,1.00x0.49x0.49,0.9953176804386636,0.07715922278707522,0.0,59555.99518818423,60103.40413369205,0.009149515498223708,0.9955686853766618,
UPENN-GBM-00319,1.3.6.1.4.1.14519.5.2.1.231082494526574604701262264321659443198,radiologist 11,whole,1.00x0.49x0.49,0.9976163292624612,0.2468865123645658,0.0,165599.31224614434,164972.0330929949,0.003795125711192138,0.9975487792920874,
UPENN-GBM-00334,1.3.6.1.4.1.14519.5.2.1.231317875087686300645987461733006118779,radiologist 3,core,3.00x0.94x0.94,0.9982046678635548,0.2516349158588875,0.0,72567.98315836523,72829.01906900683,0.003590668130728596,0.9983328851841893,
UPENN-GBM-00334,1.3.6.1.4.1.14519.5.2.1.231317875087686300645987461733006118779,radiologist 3,enhancing,3.00x0.94x0.94,0.9967334279209423,0.14311688243845533,0.0,39825.115094249995,40086.151004891595,0.006533167395554052,0.9969236876054381,
UPENN-GBM-00334,1.3.6.1.4.1.14519.5.2.1.231317875087686300645987461733006118779,radiologist 3,whole,3.00x0.94x0.94,0.9987858272931307,0.1394302642870207,0.0,107364.86106480173,107625.89697544333,0.002428346607040972,0.9988683240243857,
UPENN-GBM-00421,1.3.6.1.4.1.14519.5.2.1.234968440640644342589217139905596132155,radiologist 3,core,3.00x0.94x0.94,1.0,0.0,0.0,61604.47491141796,61604.47491141796,0.0,1.0,
UPENN-GBM-00421,1.3.6.1.4.1.14519.5.2.1.234968440640644342589217139905596132155,radiologist 3,enhancing,3.00x0.94x0.94,1.0,0.0,0.0,34709.86593622265,34709.86593622265,0.0,1.0,
UPENN-GBM-00421,1.3.6.1.4.1.14519.5.2.1.234968440640644342589217139905596132155,radiologist 3,whole,3.00x0.94x0.94,1.0,0.0,0.0,133848.14072625877,133848.14072625877,0.0,1.0,
UPENN-GBM-00319,1.3.6.1.4.1.14519.5.2.1.235394789418940990885285634636491802853,radiologist 11,core,3.00x0.45x0.45,0.9939569077542415,0.13066298795000533,0.0,100027.85500359918,99861.34575960704,0.0016660157914492831,0.9945463954460412,
UPENN-GBM-00319,1.3.6.1.4.1.14519.5.2.1.235394789418940990885285634636491802853,radiologist 11,enhancing,3.00x0.45x0.45,0.9955736061486261,0.05144321712467596,0.0,58628.20755371304,59148.32188312849,0.008832281152102517,0.9964031218187988,
UPENN-GBM-00319,1.3.6.1.4.1.14519.5.2.1.235394789418940990885285634636491802853,radiologist 11,whole,3.00x0.45x0.45,0.9977074360031413,0.1386433395383137,0.0,162610.50573008557,161980.19255555532,0.003883746331214991,0.9978494623655914,
UPENN-GBM-00050,1.3.6.1.4.1.14519.5.2.1.235806657061876199053707698725324690686,radiologist 11,core,1.00x0.98x0.98,1.0,0.0,0.0,3877.6509768867495,3877.6509768867495,0.0,1.0,
UPENN-GBM-00050,1.3.6.1.4.1.14519.5.2.1.235806657061876199053707698725324690686,radiologist 11,enhancing,1.00x0.98x0.98,1.0,0.0,0.0,3553.400772228241,3553.400772228241,0.0,1.0,
UPENN-GBM-00050,1.3.6.1.4.1.14519.5.2.1.235806657061876199053707698725324690686,radiologist 11,whole,1.00x0.98x0.98,1.0,0.0,0.0,12344.396026763916,12344.396026763916,0.0,1.0,
UPENN-GBM-00281,1.3.6.1.4.1.14519.5.2.1.238121097790546433379141284755094992482,radiologist 3,core,3.00x0.90x0.90,1.0,0.0,0.0,15318.850708007812,15318.850708007812,0.0,1.0,
UPENN-GBM-00281,1.3.6.1.4.1.14519.5.2.1.238121097790546433379141284755094992482,radiologist 3,enhancing,3.00x0.90x0.90,1.0,0.0,0.0,9725.0244140625,9725.0244140625,0.0,1.0,
UPENN-GBM-00281,1.3.6.1.4.1.14519.5.2.1.238121097790546433379141284755094992482,radiologist 3,whole,3.00x0.90x0.90,1.0,0.0,0.0,119431.82373046875,119431.82373046875,0.0,1.0,
UPENN-GBM-00245,1.3.6.1.4.1.14519.5.2.1.238242911662617715902365891330012843298,radiologist 3,core,1.00x0.98x0.98,1.0,0.0,0.0,3679.286145801542,3679.286145801542,0.0,1.0,
UPENN-GBM-00245,1.3.6.1.4.1.14519.5.2.1.238242911662617715902365891330012843298,radiologist 3,enhancing,1.00x0.98x0.98,1.0,0.0,0.0,3501.9022103118873,3501.9022103118873,0.0,1.0,
UPENN-GBM-00245,1.3.6.1.4.1.14519.5.2.1.238242911662617715902365891330012843298,radiologist 3,whole,1.00x0.98x0.98,0.9960130645342944,0.3469294384108343,0.0,21084.84639645575,21253.64723829268,0.007973913181779676,0.9934223639625274,
UPENN-GBM-00048,1.3.6.1.4.1.14519.5.2.1.239107610139543978759834717490403649883,radiologist 11,core,3.00x0.94x0.94,0.9961476408415924,0.16098156167914043,0.0,40194.2567860664,39885.75980076269,0.007704756431551572,0.995811008280565,
UPENN-GBM-00048,1.3.6.1.4.1.14519.5.2.1.239107610139543978759834717490403649883,radiologist 11,enhancing,3.00x0.94x0.94,1.0,0.0,0.0,36289.26503192284,36289.26503192284,0.0,1.0,
UPENN-GBM-00048,1.3.6.1.4.1.14519.5.2.1.239107610139543978759834717490403649883,radiologist 11,whole,3.00x0.94x0.94,0.9989986391763165,0.052091807076334574,0.0,154193.121398083,153884.62441277926,0.0020027223167594266,0.9988960488819286,
UPENN-GBM-00409,1.3.6.1.4.1.14519.5.2.1.243387936529242483556329910065392744146,radiologist 11,core,3.00x0.94x0.94,0.9998935264054515,0.004179472021792569,0.0,24766.77079451074,24761.497341770504,0.00021294718990182542,0.999682640431609,
UPENN-GBM-00409,1.3.6.1.4.1.14519.5.2.1.243387936529242483556329910065392744146,radiologist 11,enhancing,3.00x0.94x0.94,1.0,0.0,0.0,21354.8468715791,21354.8468715791,0.0,1.0,
UPENN-GBM-00409,1.3.6.1.4.1.14519.5.2.1.243387936529242483556329910065392744146,radiologist 11,whole,3.00x0.94x0.94,0.9999692402337742,0.002665683639673457,0.0,85722.61101887986,85717.33756613963,6.151953247104275e-05,0.9999079952157512,
UPENN-GBM-00085,1.3.6.1.4.1.14519.5.2.1.245267659042876446387273382124653136356,radiologist 11,core,1.00x0.98x0.98,1.0,0.0,0.0,18088.836414483743,18088.836414483743,0.0,1.0,
UPENN-GBM-00085,1.3.6.1.4.1.14519.5.2.1.245267659042876446387273382124653136356,radiologist 11,enhancing,1.00x0.98x0.98,1.0,0.0,0.0,9213.356791315511,9213.356791315511,0.0,1.0,
UPENN-GBM-00085,1.3.6.1.4.1.14519.5.2.1.245267659042876446387273382124653136356,radiologist 11,whole,1.00x0.98x0.98,1.0,0.0,0.0,56398.76233283265,56398.76233283265,0.0,1.0,
UPENN-GBM-00435,1.3.6.1.4.1.14519.5.2.1.245674869048131561607828983624433127137,radiologist 3,core,1.00x0.98x0.98,0.9963256623477084,0.024810712089507733,0.0,4913.344277648914,4949.584006404864,0.007348708375744757,0.9958298582151793,
UPENN-GBM-00435,1.3.6.1.4.1.14519.5.2.1.245674869048131561607828983624433127137,radiologist 3,enhancing,1.00x0.98x0.98,0.8004299534217126,0.43958426829523795,2.1942431600972,4789.366258220661,3195.7718700313485,0.40456945198022,0.8008213552361396,
UPENN-GBM-00435,1.3.6.1.4.1.14519.5.2.1.245674869048131561607828983624433127137,radiologist 3,whole,1.00x0.98x0.98,1.0,0.0,0.0,72735.9966444109,72735.9966444109,0.0,1.0,
UPENN-GBM-00421,1.3.6.1.4.1.14519.5.2.1.245938489992504478167577329671992523455,radiologist 3,core,3.00x0.94x0.94,1.0,0.0,0.0,62474.59461355663,62474.59461355663,0.0,1.0,
UPENN-GBM-00421,1.3.6.1.4.1.14519.5.2.1.245938489992504478167577329671992523455,radiologist 3,enhancing,3.00x0.94x0.94,1.0,0.0,0.0,36257.62431548144,36257.62431548144,0.0,1.0,
UPENN-GBM-00421,1.3.6.1.4.1.14519.5.2.1.245938489992504478167577329671992523455,radiologist 3,whole,3.00x0.94x0.94,1.0,0.0,0.0,133523.82338273435,133523.82338273435,0.0,1.0,
UPENN-GBM-00224,1.3.6.1.4.1.14519.5.2.1.247588264528245532561823286274822181408,radiologist 11,core,3.00x0.94x0.94,0.9995464636096723,0.005480782275648995,0.0,55205.14001114354,55255.23781217577,0.0009070728428490166,0.9993656164093889,
UPENN-GBM-00224,1.3.6.1.4.1.14519.5.2.1.247588264528245532561823286274822181408,radiologist 11,enhancing,3.00x0.94x0.94,0.9986278616306781,0.00403571683732896,0.0,18230.32612299023,18280.423924022456,0.0027442784609205853,0.9980481457384516,
UPENN-GBM-00224,1.3.6.1.4.1.14519.5.2.1.247588264528245532561823286274822181408,radiologist 11,whole,3.00x0.94x0.94,1.0,0.0,0.0,114665.95638365623,114665.95638365623,0.0,1.0,
UPENN-GBM-00542,1.3.6.1.4.1.14519.5.2.1.249816629205919312369764980285204302958,radiologist 11,core,3.00x0.94x0.94,1.0,0.0,0.0,13497.40228862988,13497.40228862988,0.0,1.0,
UPENN-GBM-00542,1.3.6.1.4.1.14519.5.2.1.249816629205919312369764980285204302958,radiologist 11,enhancing,3.00x0.94x0.94,1.0,0.0,0.0,11037.336585310544,11037.336585310544,0.0,1.0,
UPENN-GBM-00542,1.3.6.1.4.1.14519.5.2.1.249816629205919312369764980285204302958,radiologist 11,whole,3.00x0.94x0.94,1.0,0.0,0.0,45045.83330708202,45045.83330708202,0.0,1.0,
UPENN-GBM-00494,1.3.6.1.4.1.14519.5.2.1.252194123267570947332389257446804274462,radiologist 3,core,5.00x0.43x0.43,0.9489822433954093,2.750071855219143,33.10304323501449,10114.67970578612,11202.220112268053,0.10212417811927438,0.9558769002595476,
UPENN-GBM-00494,1.3.6.1.4.1.14519.5.2.1.252194123267570947332389257446804274462,radiologist 3,enhancing,5.00x0.43x0.43,0.9468842997565154,2.507034255014151,32.626132695472954,9693.696322631824,10781.236729113756,0.1063314726978682,0.9539651837524178,
UPENN-GBM-00494,1.3.6.1.4.1.14519.5.2.1.252194123267570947332389257446804274462,radiologist 3,whole,5.00x0.43x0.43,0.9900413179362221,0.053482967599115534,0.0,51764.33836285394,52805.71831065667,0.01991802260391494,0.9909747292418772,
UPENN-GBM-00438,1.3.6.1.4.1.14519.5.2.1.253130557037421198014512019772419857717,radiologist 3,core,1.00x0.98x0.98,0.5869676757311442,5.086522276199982,15.353894698225593,545.5032854843141,1313.213328866959,0.878523507348857,0.5674418604651162,
UPENN-GBM-00438,1.3.6.1.4.1.14519.5.2.1.253130557037421198014512019772419857717,radiologist 3,enhancing,1.00x0.98x0.98,0.5774278215223098,4.686832967312426,15.27459825949893,524.5223898887635,1292.2324332714084,0.9016384550872847,0.5674418604651162,
UPENN-GBM-00438,1.3.6.1.4.1.14519.5.2.1.253130557037421198014512019772419857717,radiologist 3,whole,1.00x0.98x0.98,0.9891260260743602,0.07594649186793968,0.0,24419.855119075783,24956.77531090737,0.02174880509520386,0.9888511875908871,
UPENN-GBM-00468,1.3.6.1.4.1.14519.5.2.1.256546468917283783614318297332360655347,radiologist 11,core,3.00x0.94x0.94,0.9827788649706458,0.834263293498832,0.0,6634.003547214843,6839.668204083983,0.030530747056058037,0.9800884955752213,
UPENN-GBM-00468,1.3.6.1.4.1.14519.5.2.1.256546468917283783614318297332360655347,radiologist 11,enhancing,3.00x0.94x0.94,0.980836236933798,0.6259967037301135,0.0,5951.091417354491,6156.756074223632,0.03397539328546202,0.9780487804878049,
UPENN-GBM-00468,1.3.6.1.4.1.14519.5.2.1.256546468917283783614318297332360655347,radiologist 11,whole,3.00x0.94x0.94,0.9972056147647518,0.07180387207812601,0.0,40481.659960409175,40666.23080631738,0.004549007064715263,0.9963885192929101,
UPENN-GBM-00142,1.3.6.1.4.1.14519.5.2.1.257724203603353650533391036042749123393,radiologist 3,core,1.00x0.98x0.98,1.0,0.0,0.0,65563.3913819504,65563.3913819504,0.0,1.0,
UPENN-GBM-00142,1.3.6.1.4.1.14519.5.2.1.257724203603353650533391036042749123393,radiologist 3,enhancing,1.00x0.98x0.98,1.0,0.0,0.0,44916.28276178361,44916.28276178361,0.0,1.0,
UPENN-GBM-00142,1.3.6.1.4.1.14519.5.2.1.257724203603353650533391036042749123393,radiologist 3,whole,1.00x0.98x0.98,1.0,0.0,0.0,114549.01421219828,114549.01421219828,0.0,1.0,
UPENN-GBM-00542,1.3.6.1.4.1.14519.5.2.1.260083132855923508474183326127194464091,radiologist 11,core,1.00x0.98x0.98,1.0,0.0,0.0,13449.707753820423,13449.707753820423,0.0,1.0,
UPENN-GBM-00542,1.3.6.1.4.1.14519.5.2.1.260083132855923508474183326127194464091,radiologist 11,enhancing,1.00x0.98x0.98,1.0,0.0,0.0,10873.82598093033,10873.82598093033,0.0,1.0,
UPENN-GBM-00542,1.3.6.1.4.1.14519.5.2.1.260083132855923508474183326127194464091,radiologist 11,whole,1.00x0.98x0.98,1.0,0.0,0.0,44014.10425117494,44014.10425117494,0.0,1.0,
UPENN-GBM-00239,1.3.6.1.4.1.14519.5.2.1.261712204267499898765346220431806063121,radiologist 3,core,1.00x0.98x0.98,1.0,0.0,0.0,31779.381087751368,31779.381087751368,0.0,1.0,
UPENN-GBM-00239,1.3.6.1.4.1.14519.5.2.1.261712204267499898765346220431806063121,radiologist 3,enhancing,1.00x0.98x0.98,1.0,0.0,0.0,21710.458556032165,21710.458556032165,0.0,1.0,
UPENN-GBM-00239,1.3.6.1.4.1.14519.5.2.1.261712204267499898765346220431806063121,radiologist 3,whole,1.00x0.98x0.98,0.9950112657389,1.0074636532125854,0.0,89494.96383989327,90392.37396513933,0.009977551294750711,0.9963532864893712,
UPENN-GBM-00418,1.3.6.1.4.1.14519.5.2.1.2620148488938276170744496959195804725,radiologist 11,core,3.00x0.94x0.94,0.9939377789620945,0.05163946332738974,0.0,19791.268134099606,19788.63140772949,0.00013323562740373093,0.9949670925280681,
UPENN-GBM-00418,1.3.6.1.4.1.14519.5.2.1.2620148488938276170744496959195804725,radiologist 11,enhancing,3.00x0.94x0.94,0.9963979828704074,0.009596014841253869,0.0,16410.984927609374,16529.637614264644,0.007204065415741009,0.9971711456859972,
UPENN-GBM-00418,1.3.6.1.4.1.14519.5.2.1.2620148488938276170744496959195804725,radiologist 11,whole,3.00x0.94x0.94,0.997237656770916,0.06598126956574744,0.0,41528.44032934569,41515.25669749511,0.00031751071865420484,0.997686684556306,
UPENN-GBM-00357,1.3.6.1.4.1.14519.5.2.1.263834958298564719249736697435223699935,radiologist 11,core,5.00x0.43x0.43,0.9895778998291962,0.0806978292725082,0.0,44659.55352783203,45600.250244140625,0.020844955091005417,0.9908608233962921,
UPENN-GBM-00357,1.3.6.1.4.1.14519.5.2.1.263834958298564719249736697435223699935,radiologist 11,enhancing,5.00x0.43x0.43,0.9729538169107106,0.06654770654812328,0.0,27879.33349609375,29429.31365966797,0.054105561420608676,0.976024112892177,
UPENN-GBM-00357,1.3.6.1.4.1.14519.5.2.1.263834958298564719249736697435223699935,radiologist 11,whole,5.00x0.43x0.43,0.9978887447759043,0.017447645820188477,0.0,127845.20721435547,128386.17706298828,0.004222516722012199,0.9979812809689851,
UPENN-GBM-00399,1.3.6.1.4.1.14519.5.2.1.265839034132223735696675190881541416257,radiologist 11,core,1.00x0.98x0.98,0.9977247755296833,0.14131758406177541,0.0,42887.811628522846,43039.44628305432,0.0035293762566131273,0.997773690833414,
UPENN-GBM-00399,1.3.6.1.4.1.14519.5.2.1.265839034132223735696675190881541416257,radiologist 11,enhancing,1.00x0.98x0.98,0.9966898257611582,0.06612052520766966,0.0,26130.75178718565,26304.321014385205,0.006620372658121373,0.9966640190627483,
UPENN-GBM-00399,1.3.6.1.4.1.14519.5.2.1.265839034132223735696675190881541416257,radiologist 11,whole,1.00x0.98x0.98,0.9980781386677223,0.05927964085340355,0.0,74560.38088415141,74803.56853764529,0.0032563127759197416,0.9979973297730307,
UPENN-GBM-00625,1.3.6.1.4.1.14519.5.2.1.266269753995623486914919304116782060511,radiologist 11,core,3.00x0.94x0.94,0.9162759544541192,2.143821173571473,13.774869221479948,5410.546875,6399.31640625,0.16784099943594125,0.9257362355953905,
UPENN-GBM-00625,1.3.6.1.4.1.14519.5.2.1.266269753995623486914919304116782060511,radiologist 11,enhancing,3.00x0.94x0.94,0.9155975692099932,2.1079413212941263,13.6875,5363.0859375,6351.85546875,0.16920742600636604,0.9250645994832042,
UPENN-GBM-00625,1.3.6.1.4.1.14519.5.2.1.266269753995623486914919304116782060511,radiologist 11,whole,3.00x0.94x0.94,0.9861065102593581,0.1802027836092504,0.0,68190.8203125,67122.94921875,0.015783955580288098,0.9873923212961379,
UPENN-GBM-00195,1.3.6.1.4.1.14519.5.2.1.268635728901877115250486576843806495724,radiologist 11,core,1.00x0.98x0.98,0.9866931373075065,0.28246350776584683,0.48828125,17537.167686662677,18010.19151463509,0.02661529640570404,0.985453705841607,
UPENN-GBM-00195,1.3.6.1.4.1.14519.5.2.1.268635728901877115250486576843806495724,radiologist 11,enhancing,1.00x0.98x0.98,0.9857093465483462,0.21144444664170264,0.0,16313.600002613071,16786.623830585482,0.028583252793030027,0.9844329132690882,
UPENN-GBM-00195,1.3.6.1.4.1.14519.5.2.1.268635728901877115250486576843806495724,radiologist 11,whole,1.00x0.98x0.98,0.9995183294695733,0.011848111799533384,0.0,137570.7787429524,137640.39716924672,0.0005059273305202436,0.9995348566777138,
UPENN-GBM-00534,1.3.6.1.4.1.14519.5.2.1.268986559795510712133078148331182756443,radiologist 11,core,3.00x0.94x0.94,0.32660862178806543,8.484157174432552,18.76504390409748,16292.332240954098,83038.42357410057,1.628608852835506,0.33927309835936886,
UPENN-GBM-00534,1.3.6.1.4.1.14519.5.2.1.268986559795510712133078148331182756443,radiologist 11,enhancing,3.00x0.94x0.94,0.3020850525389228,7.450196125143763,18.44218168638529,14549.456110306637,81306.09434893358,1.7206673628019216,0.31663554436957053,
UPENN-GBM-00534,1.3.6.1.4.1.14519.5.2.1.268986559795510712133078148331182756443,radiologist 11,whole,3.00x0.94x0.94,0.7216650526073897,3.425857760571139,10.631847361154039,58063.351396350576,102573.92925029881,0.5690491196604451,0.7221379276589497,
UPENN-GBM-00386,1.3.6.1.4.1.14519.5.2.1.269321642152237586812721225644691716352,radiologist 11,core,1.00x0.98x0.98,1.0,0.0,0.0,16891.52830856322,16891.52830856322,0.0,1.0,
UPENN-GBM-00386,1.3.6.1.4.1.14519.5.2.1.269321642152237586812721225644691716352,radiologist 11,enhancing,1.00x0.98x0.98,1.0,0.0,0.0,16552.972947816837,16552.972947816837,0.0,1.0,
UPENN-GBM-00386,1.3.6.1.4.1.14519.5.2.1.269321642152237586812721225644691716352,radiologist 11,whole,1.00x0.98x0.98,1.0,0.0,0.0,39570.92277028081,39570.92277028081,0.0,1.0,
UPENN-GBM-00502,1.3.6.1.4.1.14519.5.2.1.274309049162691820671434880758127212911,radiologist 11,core,3.00x0.94x0.94,1.0,0.0,0.0,26549.197820709956,26549.197820709956,0.0,1.0,
UPENN-GBM-00502,1.3.6.1.4.1.14519.5.2.1.274309049162691820671434880758127212911,radiologist 11,enhancing,3.00x0.94x0.94,1.0,0.0,0.0,26064.040168608393,26064.040168608393,0.0,1.0,
UPENN-GBM-00502,1.3.6.1.4.1.14519.5.2.1.274309049162691820671434880758127212911,radiologist 11,whole,3.00x0.94x0.94,1.0,0.0,0.0,58593.33339674413,58593.33339674413,0.0,1.0,
UPENN-GBM-00625,1.3.6.1.4.1.14519.5.2.1.275750760719304014930814577116300121200,radiologist 11,core,1.00x0.49x0.49,0.9116376748424931,2.482651737171813,14.048970532808642,5485.295126001035,6548.641771020578,0.1771867666451748,0.906959706959707,
UPENN-GBM-00625,1.3.6.1.4.1.14519.5.2.1.275750760719304014930814577116300121200,radiologist 11,enhancing,1.00x0.49x0.49,0.9111695347355003,2.439576419809395,13.944396836031354,5453.585461474668,6516.93210649421,0.17813045418358373,0.9061345158906134,
UPENN-GBM-00625,1.3.6.1.4.1.14519.5.2.1.275750760719304014930814577116300121200,radiologist 11,whole,1.00x0.49x0.49,0.9859246419502639,0.214888664053758,0.0,69216.23719780346,68055.13895537182,0.01691723309450868,0.9851494224775408,
UPENN-GBM-00350,1.3.6.1.4.1.14519.5.2.1.276476135644560327756973787234534374203,radiologist 11,core,1.00x0.98x0.98,0.9921635434412266,0.2621716059625744,0.0,18073.13420142174,18314.414500770574,0.013261890084020839,0.9936801166747691,
UPENN-GBM-00350,1.3.6.1.4.1.14519.5.2.1.276476135644560327756973787234534374203,radiologist 11,enhancing,1.00x0.98x0.98,0.9905424640202436,0.17521148434096653,0.0,14954.610174264912,15195.890473613743,0.016005402559279826,0.9924154025670945,
UPENN-GBM-00350,1.3.6.1.4.1.14519.5.2.1.276476135644560327756973787234534374203,radiologist 11,whole,1.00x0.98x0.98,0.96399044397917,1.4600756745928993,13.125363365609523,68497.8557341099,73615.28690527918,0.0720502650584838,0.9648798521256932,
UPENN-GBM-00459,1.3.6.1.4.1.14519.5.2.1.280917425453862769822752334983057801830,radiologist 3,core,1.00x0.98x0.98,1.0,0.0,0.0,3333.1013684749637,3333.1013684749637,0.0,1.0,
UPENN-GBM-00459,1.3.6.1.4.1.14519.5.2.1.280917425453862769822752334983057801830,radiologist 3,enhancing,1.00x0.98x0.98,1.0,0.0,0.0,3100.404162778858,3100.404162778858,0.0,1.0,
UPENN-GBM-00459,1.3.6.1.4.1.14519.5.2.1.280917425453862769822752334983057801830,radiologist 3,whole,1.00x0.98x0.98,1.0,0.0,0.0,11569.056566801084,11569.056566801084,0.0,1.0,
UPENN-GBM-00085,1.3.6.1.4.1.14519.5.2.1.281380322757390554511934647560572717715,radiologist 11,core,1.00x0.98x0.98,1.0,0.0,0.0,18678.71914247508,18678.71914247508,0.0,1.0,
UPENN-GBM-00085,1.3.6.1.4.1.14519.5.2.1.281380322757390554511934647560572717715,radiologist 11,enhancing,1.00x0.98x0.98,1.0,0.0,0.0,9451.893465795492,9451.893465795492,0.0,1.0,
UPENN-GBM-00085,1.3.6.1.4.1.14519.5.2.1.281380322757390554511934647560572717715,radiologist 11,whole,1.00x0.98x0.98,1.0,0.0,0.0,57434.248015746925,57434.248015746925,0.0,1.0,
UPENN-GBM-00226,1.3.6.1.4.1.14519.5.2.1.282552607538502510059822769047952942992,radiologist 3,core,1.00x0.98x0.98,1.0,0.0,0.0,31962.487085676195,31962.487085676195,0.0,1.0,
UPENN-GBM-00226,1.3.6.1.4.1.14519.5.2.1.282552607538502510059822769047952942992,radiologist 3,enhancing,1.00x0.98x0.98,1.0,0.0,0.0,17338.80285557747,17338.80285557747,0.0,1.0,
UPENN-GBM-00226,1.3.6.1.4.1.14519.5.2.1.282552607538502510059822769047952942992,radiologist 3,whole,1.00x0.98x0.98,1.0,0.0,0.0,64397.9979993248,64397.9979993248,0.0,1.0,
UPENN-GBM-00487,1.3.6.1.4.1.14519.5.2.1.283753713494734087076766075289559972791,radiologist 11,core,5.00x0.43x0.43,0.8776971333727178,2.019248536088523,10.886826252233712,57850.30443210322,73450.78080089904,0.23875681687145292,0.8843798775363189,
UPENN-GBM-00487,1.3.6.1.4.1.14519.5.2.1.283753713494734087076766075289559972791,radiologist 11,enhancing,5.00x0.43x0.43,0.7841264412741841,2.397232992197801,15.229521509444385,30717.997301289986,44885.30572144303,0.3792617602626626,0.7914348693187782,
UPENN-GBM-00487,1.3.6.1.4.1.14519.5.2.1.283753713494734087076766075289559972791,radiologist 11,whole,5.00x0.43x0.43,0.9774221654589438,0.2577404461880582,1.823009670246568,167075.80140463237,174193.62263410309,0.04171984423837462,0.9782881584453019,
UPENN-GBM-00438,1.3.6.1.4.1.14519.5.2.1.285285711137206695617282750282736771341,radiologist 3,core,3.00x0.94x0.94,0.6494178525226391,5.043748636259773,15.175351550178652,661.818318899414,1376.3711652011716,0.7322146487508548,0.6779661016949152,
UPENN-GBM-00438,1.3.6.1.4.1.14519.5.2.1.285285711137206695617282750282736771341,radiologist 3,enhancing,3.00x0.94x0.94,0.6457516339869281,4.8797242903651465,15.157386683722054,651.2714134189451,1365.824259720703,0.7405869056315059,0.6752136752136753,
UPENN-GBM-00438,1.3.6.1.4.1.14519.5.2.1.285285711137206695617282750282736771341,radiologist 3,whole,3.00x0.94x0.94,0.9901270874908098,0.07407379987214749,0.0,24856.419491094723,25352.124048676753,0.019746466626729738,0.9927323333848771,
UPENN-GBM-00019,1.3.6.1.4.1.14519.5.2.1.285813418609727093163919296679659266657,radiologist 3,core,3.00x0.94x0.94,1.0,0.0,0.0,11330.013212393553,11330.013212393553,0.0,1.0,
UPENN-GBM-00019,1.3.6.1.4.1.14519.5.2.1.285813418609727093163919296679659266657,radiologist 3,enhancing,3.00x0.94x0.94,1.0,0.0,0.0,10834.30865481152,10834.30865481152,0.0,1.0,
UPENN-GBM-00019,1.3.6.1.4.1.14519.5.2.1.285813418609727093163919296679659266657,radiologist 3,whole,3.00x0.94x0.94,0.998458248371214,0.014874338749652364,0.0,52934.918606472645,53098.39564141991,0.0030835057007359374,0.9988249118683902,
UPENN-GBM-00374,1.3.6.1.4.1.14519.5.2.1.286915940574711309710666019193569580492,radiologist 11,core,1.00x0.98x0.98,1.0,0.0,0.0,11438.402807865146,11438.402807865146,0.0,1.0,
UPENN-GBM-00374,1.3.6.1.4.1.14519.5.2.1.286915940574711309710666019193569580492,radiologist 11,enhancing,1.00x0.98x0.98,1.0,0.0,0.0,5876.558120899202,5876.558120899202,0.0,1.0,
UPENN-GBM-00374,1.3.6.1.4.1.14519.5.2.1.286915940574711309710666019193569580492,radiologist 11,whole,1.00x0.98x0.98,1.0,0.0,0.0,24382.661713247304,24382.661713247304,0.0,1.0,
UPENN-GBM-00374,1.3.6.1.4.1.14519.5.2.1.28771267833032817714574056966500860087,radiologist 11,core,1.00x0.98x0.98,1.0,0.0,0.0,11646.3044096756,11646.3044096756,0.0,1.0,
UPENN-GBM-00374,1.3.6.1.4.1.14519.5.2.1.28771267833032817714574056966500860087,radiologist 11,enhancing,1.00x0.98x0.98,1.0,0.0,0.0,6020.563358850481,6020.563358850481,0.0,1.0,
UPENN-GBM-00374,1.3.6.1.4.1.14519.5.2.1.28771267833032817714574056966500860087,radiologist 11,whole,1.00x0.98x0.98,1.0,0.0,0.0,24955.821633834847,24955.821633834847,0.0,1.0,
UPENN-GBM-00239,1.3.6.1.4.1.14519.5.2.1.289310847593499842223093512755326112494,radiologist 3,core,3.00x0.94x0.94,1.0,0.0,0.0,32191.792252760737,32191.792252760737,0.0,1.0,
UPENN-GBM-00239,1.3.6.1.4.1.14519.5.2.1.289310847593499842223093512755326112494,radiologist 3,enhancing,3.00x0.94x0.94,1.0,0.0,0.0,22275.064374749996,22275.064374749996,0.0,1.0,
UPENN-GBM-00239,1.3.6.1.4.1.14519.5.2.1.289310847593499842223093512755326112494,radiologist 3,whole,3.00x0.94x0.94,0.998772970288352,0.08408205333801239,0.0,90141.76441519627,90363.24943028612,0.002454060654909291,0.998606999825875,
UPENN-GBM-00625,1.3.6.1.4.1.14519.5.2.1.291926665498185564224111563700015436283,radiologist 11,core,1.00x0.49x0.49,0.9105510603523074,2.5009553510519935,13.994200659274142,5379.437298559627,6436.346643261787,0.17937731036878438,0.9018492176386913,
UPENN-GBM-00625,1.3.6.1.4.1.14519.5.2.1.291926665498185564224111563700015436283,radiologist 11,enhancing,1.00x0.49x0.49,0.9100793119535894,2.4598651210233164,13.886750988886638,5348.442889624081,6405.35223432624,0.18032845760965316,0.9014285714285715,
UPENN-GBM-00625,1.3.6.1.4.1.14519.5.2.1.291926665498185564224111563700015436283,radiologist 11,whole,1.00x0.49x0.49,0.9858357741713671,0.21677056446876816,0.0,68019.13775730053,66859.23160752024,0.01719971482019634,0.9843107956667911,
UPENN-GBM-00020,1.3.6.1.4.1.14519.5.2.1.293027665420064897939985045929196241393,radiologist 3,core,1.00x0.98x0.98,1.0,0.0,0.0,13278.999557838431,13278.999557838431,0.0,1.0,
UPENN-GBM-00020,1.3.6.1.4.1.14519.5.2.1.293027665420064897939985045929196241393,radiologist 3,enhancing,1.00x0.98x0.98,1.0,0.0,0.0,9820.012815790169,9820.012815790169,0.0,1.0,
UPENN-GBM-00020,1.3.6.1.4.1.14519.5.2.1.293027665420064897939985045929196241393,radiologist 3,whole,1.00x0.98x0.98,1.0,0.0,0.0,34358.12389185903,34358.12389185903,0.0,1.0,
UPENN-GBM-00386,1.3.6.1.4.1.14519.5.2.1.293156376139880915783296745221770478419,radiologist 11,core,3.00x0.94x0.94,1.0,0.0,0.0,17257.37409241699,17257.37409241699,0.0,1.0,
UPENN-GBM-00386,1.3.6.1.4.1.14519.5.2.1.293156376139880915783296745221770478419,radiologist 11,enhancing,3.00x0.94x0.94,1.0,0.0,0.0,16948.87710711328,16948.87710711328,0.0,1.0,
UPENN-GBM-00386,1.3.6.1.4.1.14519.5.2.1.293156376139880915783296745221770478419,radiologist 11,whole,3.00x0.94x0.94,1.0,0.0,0.0,40692.59807001855,40692.59807001855,0.0,1.0,
UPENN-GBM-00338,1.3.6.1.4.1.14519.5.2.1.294988522309811269958947707822943085412,radiologist 11,core,3.00x0.94x0.94,0.9949825220555014,0.06683574563694951,0.0,55162.95238922167,55719.3016533164,0.010035040100558106,0.9946797190891679,
UPENN-GBM-00338,1.3.6.1.4.1.14519.5.2.1.294988522309811269958947707822943085412,radiologist 11,enhancing,3.00x0.94x0.94,0.9927345908517242,0.04191167677671688,0.0,38369.6421379453,38931.26485478027,0.014531073980064915,0.9922589725545391,
UPENN-GBM-00338,1.3.6.1.4.1.14519.5.2.1.294988522309811269958947707822943085412,radiologist 11,whole,3.00x0.94x0.94,0.9992717010332741,0.009265694674794068,0.0,173652.1620095478,173905.28774107908,0.0014565981909877399,0.9990944489721996,
UPENN-GBM-00101,1.3.6.1.4.1.14519.5.2.1.295426039371046499556009350329453873822,radiologist 3,core,1.00x0.98x0.98,1.0,0.0,0.0,24204.32410068512,24204.32410068512,0.0,1.0,
UPENN-GBM-00101,1.3.6.1.4.1.14519.5.2.1.295426039371046499556009350329453873822,radiologist 3,enhancing,1.00x0.98x0.98,1.0,0.0,0.0,15433.35606467247,15433.35606467247,0.0,1.0,
UPENN-GBM-00101,1.3.6.1.4.1.14519.5.2.1.295426039371046499556009350329453873822,radiologist 3,whole,1.00x0.98x0.98,1.0,0.0,0.0,74094.98647275925,74094.98647275925,0.0,1.0,
UPENN-GBM-00272,1.3.6.1.4.1.14519.5.2.1.296774046910970086926806642340987471392,radiologist 11,core,1.00x0.98x0.98,1.0,0.0,0.0,18075.041555566775,18075.041555566775,0.0,1.0,
UPENN-GBM-00272,1.3.6.1.4.1.14519.5.2.1.296774046910970086926806642340987471392,radiologist 11,enhancing,1.00x0.98x0.98,1.0,0.0,0.0,8458.161956224436,8458.161956224436,0.0,1.0,
UPENN-GBM-00272,1.3.6.1.4.1.14519.5.2.1.296774046910970086926806642340987471392,radiologist 11,whole,1.00x0.98x0.98,1.0,0.0,0.0,32697.772108592966,32697.772108592966,0.0,1.0,
UPENN-GBM-00226,1.3.6.1.4.1.14519.5.2.1.297269016873279544283068820255874274689,radiologist 3,core,3.00x0.94x0.94,1.0,0.0,0.0,31991.40104863183,31991.40104863183,0.0,1.0,
UPENN-GBM-00226,1.3.6.1.4.1.14519.5.2.1.297269016873279544283068820255874274689,radiologist 3,enhancing,3.00x0.94x0.94,1.0,0.0,0.0,17431.398032844725,17431.398032844725,0.0,1.0,
UPENN-GBM-00226,1.3.6.1.4.1.14519.5.2.1.297269016873279544283068820255874274689,radiologist 3,whole,3.00x0.94x0.94,1.0,0.0,0.0,64599.79606787108,64599.79606787108,0.0,1.0,
UPENN-GBM-00609,1.3.6.1.4.1.14519.5.2.1.298601975435508887405649808218690309925,radiologist 3,core,6.00x0.43x0.43,0.5118937857274571,4.281766926571992,12.653660133802907,1602.7066390635646,4407.997443676208,1.0117266424889806,0.47294117647058825,
UPENN-GBM-00609,1.3.6.1.4.1.14519.5.2.1.298601975435508887405649808218690309925,radiologist 3,enhancing,6.00x0.43x0.43,0.44357816988100124,4.647322158289232,12.766141887425233,1262.43628070083,4139.771297996137,1.1875971341197356,0.4089121887287025,
UPENN-GBM-00609,1.3.6.1.4.1.14519.5.2.1.298601975435508887405649808218690309925,radiologist 3,whole,6.00x0.43x0.43,0.8285096843253287,1.3698633217903007,9.542438652315171,22733.828405140233,32145.01932650173,0.3464034655259369,0.8279280555162158,
UPENN-GBM-00020,1.3.6.1.4.1.14519.5.2.1.299765099515151706457065089228567233426,radiologist 3,core,1.00x0.98x0.98,1.0,0.0,0.0,13121.642840871802,13121.642840871802,0.0,1.0,
UPENN-GBM-00020,1.3.6.1.4.1.14519.5.2.1.299765099515151706457065089228567233426,radiologist 3,enhancing,1.00x0.98x0.98,1.0,0.0,0.0,9672.192869548791,9672.192869548791,0.0,1.0,
UPENN-GBM-00020,1.3.6.1.4.1.14519.5.2.1.299765099515151706457065089228567233426,radiologist 3,whole,1.00x0.98x0.98,1.0,0.0,0.0,34064.39135352132,34064.39135352132,0.0,1.0,
UPENN-GBM-00195,1.3.6.1.4.1.14519.5.2.1.301118194871230739378228526082717749200,radiologist 11,core,3.00x0.94x0.94,0.9838674355792394,0.252147044490272,0.0,17768.899008219723,18351.615536015623,0.03226792838224837,0.9810656098634962,
UPENN-GBM-00195,1.3.6.1.4.1.14519.5.2.1.301118194871230739378228526082717749200,radiologist 11,enhancing,3.00x0.94x0.94,0.9827141181071568,0.19820942397195027,0.0,16563.91505707617,17146.631584872066,0.03457520777055998,0.9796978281397545,
UPENN-GBM-00195,1.3.6.1.4.1.14519.5.2.1.301118194871230739378228526082717749200,radiologist 11,whole,3.00x0.94x0.94,0.9995004853774163,0.004760052070120458,0.0,139846.69321827535,139917.88483026854,0.0005089394377687883,0.9994314305208096,
UPENN-GBM-00231,1.3.6.1.4.1.14519.5.2.1.304030087014213672948591103185436625527,radiologist 3,core,1.00x0.98x0.98,1.0,0.0,0.0,51882.8937765789,51882.8937765789,0.0,1.0,
UPENN-GBM-00231,1.3.6.1.4.1.14519.5.2.1.304030087014213672948591103185436625527,radiologist 3,enhancing,1.00x0.98x0.98,1.0,0.0,0.0,43325.549404811856,43325.549404811856,0.0,1.0,
UPENN-GBM-00231,1.3.6.1.4.1.14519.5.2.1.304030087014213672948591103185436625527,radiologist 3,whole,1.00x0.98x0.98,1.0,0.0,0.0,174935.8464444828,174935.8464444828,0.0,1.0,
UPENN-GBM-00542,1.3.6.1.4.1.14519.5.2.1.307704972781219536912587157639171679160,radiologist 11,core,1.00x0.98x0.98,1.0,0.0,0.0,13749.16235459328,13749.16235459328,0.0,1.0,
UPENN-GBM-00542,1.3.6.1.4.1.14519.5.2.1.307704972781219536912587157639171679160,radiologist 11,enhancing,1.00x0.98x0.98,1.0,0.0,0.0,11103.662155408862,11103.662155408862,0.0,1.0,
UPENN-GBM-00542,1.3.6.1.4.1.14519.5.2.1.307704972781219536912587157639171679160,radiologist 11,whole,1.00x0.98x0.98,1.0,0.0,0.0,45049.79755193712,45049.79755193712,0.0,1.0,
UPENN-GBM-00365,1.3.6.1.4.1.14519.5.2.1.308172370582921372811972903186273351071,radiologist 3,core,3.00x0.94x0.94,1.0,0.0,0.0,11986.558078552733,11986.558078552733,0.0,1.0,
UPENN-GBM-00365,1.3.6.1.4.1.14519.5.2.1.308172370582921372811972903186273351071,radiologist 3,enhancing,3.00x0.94x0.94,1.0,0.0,0.0,11095.344565453122,11095.344565453122,0.0,1.0,
UPENN-GBM-00365,1.3.6.1.4.1.14519.5.2.1.308172370582921372811972903186273351071,radiologist 3,whole,3.00x0.94x0.94,1.0,0.0,0.0,87270.36939813866,87270.36939813866,0.0,1.0,
UPENN-GBM-00338,1.3.6.1.4.1.14519.5.2.1.309363679732481071251616442694314444687,radiologist 11,core,1.00x0.98x0.98,0.9951882106857876,0.06483970838748984,0.0,55129.21053145409,55662.31601499557,0.009623652902043643,0.9955456570155902,
UPENN-GBM-00338,1.3.6.1.4.1.14519.5.2.1.309363679732481071251616442694314444687,radiologist 11,enhancing,1.00x0.98x0.98,0.9930812947862614,0.03799986238902276,0.0,38328.28154478073,38862.340705394745,0.013837631225761983,0.9936210929194131,
UPENN-GBM-00338,1.3.6.1.4.1.14519.5.2.1.309363679732481071251616442694314444687,radiologist 11,whole,1.00x0.98x0.98,0.9993585351672858,0.007851262090188162,0.0,174577.2638652134,174801.37797725678,0.0012829298413937658,0.9994400895856663,
UPENN-GBM-00418,1.3.6.1.4.1.14519.5.2.1.309933317101905107112794558978128178185,radiologist 11,core,3.00x0.94x0.94,0.99398608014055,0.057407960290583954,0.0,19524.95877071777,19495.95478064648,0.0014865872053218935,0.9960348929421095,
UPENN-GBM-00418,1.3.6.1.4.1.14519.5.2.1.309933317101905107112794558978128178185,radiologist 11,enhancing,3.00x0.94x0.94,0.996850012115338,0.008897504598230289,0.0,16271.238429993162,16374.070758427732,0.00629999660645764,0.9976314542870678,
UPENN-GBM-00418,1.3.6.1.4.1.14519.5.2.1.309933317101905107112794558978128178185,radiologist 11,whole,3.00x0.94x0.94,0.9973988815190532,0.07027176978951688,0.0,40573.94538336327,40521.21085596093,0.0013005594237931988,0.9982808022922636,
UPENN-GBM-00245,1.3.6.1.4.1.14519.5.2.1.312816009249839847139169402047299449419,radiologist 3,core,3.00x0.94x0.94,1.0,0.0,0.0,3549.0336941777337,3549.0336941777337,0.0,1.0,
UPENN-GBM-00245,1.3.6.1.4.1.14519.5.2.1.312816009249839847139169402047299449419,radiologist 3,enhancing,3.00x0.94x0.94,1.0,0.0,0.0,3377.6464801201164,3377.6464801201164,0.0,1.0,
UPENN-GBM-00245,1.3.6.1.4.1.14519.5.2.1.312816009249839847139169402047299449419,radiologist 3,whole,3.00x0.94x0.94,0.9984434344063259,0.10013845184784319,0.0,21141.272035599606,21207.190194852534,0.0031131337016166998,0.9991044241447251,
UPENN-GBM-00264,1.3.6.1.4.1.14519.5.2.1.314740259873001127245313633450687633456,radiologist 11,core,1.00x0.98x0.98,0.9985061620814142,0.015277813635418021,0.0,7672.332048463823,7649.443798723223,0.0029876780595589313,0.9978858350951374,
UPENN-GBM-00264,1.3.6.1.4.1.14519.5.2.1.314740259873001127245313633450687633456,radiologist 11,enhancing,1.00x0.98x0.98,0.9981801637852593,0.010054597605928995,0.0,6299.990741100313,6277.102491359712,0.0036396764474497336,0.9974326059050064,
UPENN-GBM-00264,1.3.6.1.4.1.14519.5.2.1.314740259873001127245313633450687633456,radiologist 11,whole,1.00x0.98x0.98,0.8453734130618255,1.3076734843979867,5.1152897977912914,22448.604610166556,30660.717881679542,0.31175383063743844,0.8425232931113487,
UPENN-GBM-00019,1.3.6.1.4.1.14519.5.2.1.315366602425727612431650054502740864789,radiologist 3,core,0.90x0.90x0.90,1.0,0.0,0.0,11354.681451793798,11354.681451793798,0.0,1.0,
UPENN-GBM-00019,1.3.6.1.4.1.14519.5.2.1.315366602425727612431650054502740864789,radiologist 3,enhancing,0.90x0.90x0.90,1.0,0.0,0.0,10830.396415371686,10830.396415371686,0.0,1.0,
UPENN-GBM-00019,1.3.6.1.4.1.14519.5.2.1.315366602425727612431650054502740864789,radiologist 3,whole,0.90x0.90x0.90,0.9980462682342545,0.026383789911270276,0.0,52344.502172287175,52549.43679287759,0.003907468503186791,0.997671530580565,
UPENN-GBM-00206,1.3.6.1.4.1.14519.5.2.1.315692173031714613925123672171716474203,radiologist 11,core,1.00x0.98x0.98,0.994034938219003,1.6389660099977443,0.0,4449.857220401761,4503.2631364631625,0.011930265064082977,0.9973094170403587,
UPENN-GBM-00206,1.3.6.1.4.1.14519.5.2.1.315692173031714613925123672171716474203,radiologist 11,enhancing,1.00x0.98x0.98,0.9930778739184178,1.1945006513542884,0.0,3830.9208003330205,3884.326716394422,0.013844473289130405,0.9968976215098242,
UPENN-GBM-00206,1.3.6.1.4.1.14519.5.2.1.315692173031714613925123672171716474203,radiologist 11,whole,1.00x0.98x0.98,0.82401390740772,6.335152007339567,36.075220068752415,23280.211017408354,33224.20185262678,0.35567489467264,0.8320852534562212,
UPENN-GBM-00418,1.3.6.1.4.1.14519.5.2.1.318781125788230099599850337574980152984,radiologist 11,core,1.00x0.98x0.98,0.9940611269373762,0.05658384739933927,0.0,19738.254370050432,19764.95732808113,0.0013519387892773024,0.9951881014873141,
UPENN-GBM-00418,1.3.6.1.4.1.14519.5.2.1.318781125788230099599850337574980152984,radiologist 11,enhancing,1.00x0.98x0.98,0.9960414920974313,0.018353270183247103,0.0,16437.57802204132,16568.23178097725,0.007917057158170896,0.9971465629053178,
UPENN-GBM-00418,1.3.6.1.4.1.14519.5.2.1.318781125788230099599850337574980152984,radiologist 11,whole,1.00x0.98x0.98,0.9973371450967734,0.06428170148655904,0.0,41359.06728126526,41371.46508320809,0.000299715272736638,0.9979781641730692,
UPENN-GBM-00231,1.3.6.1.4.1.14519.5.2.1.319239712900225017875950767004394625623,radiologist 3,core,1.00x0.98x0.98,1.0,0.0,0.0,52534.255217113496,52534.255217113496,0.0,1.0,
UPENN-GBM-00231,1.3.6.1.4.1.14519.5.2.1.319239712900225017875950767004394625623,radiologist 3,enhancing,1.00x0.98x0.98,1.0,0.0,0.0,43863.42327371598,43863.42327371598,0.0,1.0,
UPENN-GBM-00231,1.3.6.1.4.1.14519.5.2.1.319239712900225017875950767004394625623,radiologist 3,whole,1.00x0.98x0.98,1.0,0.0,0.0,176914.72636997222,176914.72636997222,0.0,1.0,
UPENN-GBM-00435,1.3.6.1.4.1.14519.5.2.1.319934576262064397482574253359519870857,radiologist 3,core,1.00x0.98x0.98,0.9962926829268293,0.026609574648919807,0.0,4869.475132312762,4905.714861068713,0.007414668116026178,0.9961508852963818,
UPENN-GBM-00435,1.3.6.1.4.1.14519.5.2.1.319934576262064397482574253359519870857,radiologist 3,enhancing,1.00x0.98x0.98,0.7989919596783871,0.4603338891871861,2.22569032806445,4772.20007091521,3174.790974435798,0.40756563401177687,0.8034026465028355,
UPENN-GBM-00435,1.3.6.1.4.1.14519.5.2.1.319934576262064397482574253359519870857,radiologist 3,whole,1.00x0.98x0.98,1.0,0.0,0.0,73949.07388066273,73949.07388066273,0.0,1.0,
UPENN-GBM-00518,1.3.6.1.4.1.14519.5.2.1.320206425191282885419928809314731489589,radiologist 11,core,3.00x0.94x0.94,0.9814161190304401,0.22083665501599078,0.9375,66448.14125332324,68765.82373265624,0.034285060788723176,0.9819266537989121,
UPENN-GBM-00518,1.3.6.1.4.1.14519.5.2.1.320206425191282885419928809314731489589,radiologist 11,enhancing,3.00x0.94x0.94,0.9698425744452172,0.1408795341994378,0.0,40542.30466692187,42867.89732536523,0.05577724309644389,0.9703781312505952,
UPENN-GBM-00518,1.3.6.1.4.1.14519.5.2.1.320206425191282885419928809314731489589,radiologist 11,whole,3.00x0.94x0.94,0.9570519652488454,0.46622680847292886,3.2799183709469304,195339.2364037617,212865.55658593064,0.08592305573855971,0.9575655840099938,
UPENN-GBM-00587,1.3.6.1.4.1.14519.5.2.1.322367416101586643006664937094356303695,radiologist 3,core,3.00x0.94x0.94,1.0,0.0,0.0,14346.428179807615,14346.428179807615,0.0,1.0,
UPENN-GBM-00587,1.3.6.1.4.1.14519.5.2.1.322367416101586643006664937094356303695,radiologist 3,enhancing,3.00x0.94x0.94,1.0,0.0,0.0,12324.059053927733,12324.059053927733,0.0,1.0,
UPENN-GBM-00587,1.3.6.1.4.1.14519.5.2.1.322367416101586643006664937094356303695,radiologist 3,whole,3.00x0.94x0.94,0.9892203189604253,0.16917253041445743,0.0,35326.85990683007,36096.78400690429,0.021560197214281686,0.9893788220148053,
UPENN-GBM-00299,1.3.6.1.4.1.14519.5.2.1.323046391453303093040806000863624689437,radiologist 3,core,4.00x0.43x0.43,1.0,0.0,0.0,40217.32348427006,40217.32348427006,0.0,1.0,
UPENN-GBM-00299,1.3.6.1.4.1.14519.5.2.1.323046391453303093040806000863624689437,radiologist 3,enhancing,4.00x0.43x0.43,1.0,0.0,0.0,6520.449667877722,6520.449667877722,0.0,1.0,
UPENN-GBM-00299,1.3.6.1.4.1.14519.5.2.1.323046391453303093040806000863624689437,radiologist 3,whole,4.00x0.43x0.43,1.0,0.0,0.0,84836.80047362737,84836.80047362737,0.0,1.0,
UPENN-GBM-00605,1.3.6.1.4.1.14519.5.2.1.324674571393698939582530018032052739247,radiologist 3,core,1.00x0.98x0.98,1.0,0.0,0.0,24735.52223008156,24735.52223008156,0.0,1.0,
UPENN-GBM-00605,1.3.6.1.4.1.14519.5.2.1.324674571393698939582530018032052739247,radiologist 3,enhancing,1.00x0.98x0.98,1.0,0.0,0.0,15841.529851713181,15841.529851713181,0.0,1.0,
UPENN-GBM-00605,1.3.6.1.4.1.14519.5.2.1.324674571393698939582530018032052739247,radiologist 3,whole,1.00x0.98x0.98,1.0,0.0,0.0,101059.25202133179,101059.25202133179,0.0,1.0,
UPENN-GBM-00075,1.3.6.1.4.1.14519.5.2.1.325823026408261500441029607877852159323,radiologist 3,core,3.00x0.94x0.94,1.0,0.0,0.0,21452.405747273435,21452.405747273435,0.0,1.0,
UPENN-GBM-00075,1.3.6.1.4.1.14519.5.2.1.325823026408261500441029607877852159323,radiologist 3,enhancing,3.00x0.94x0.94,1.0,0.0,0.0,11593.685849405272,11593.685849405272,0.0,1.0,
UPENN-GBM-00075,1.3.6.1.4.1.14519.5.2.1.325823026408261500441029607877852159323,radiologist 3,whole,3.00x0.94x0.94,1.0,0.0,0.0,32874.70438262109,32874.70438262109,0.0,1.0,
UPENN-GBM-00602,1.3.6.1.4.1.14519.5.2.1.325933106985606289737422404526052319664,radiologist 11,core,1.00x0.98x0.98,0.9856200396376503,0.15931474324699849,1.3810679320049757,53424.98960285187,51957.28058823586,0.027856752799397987,0.9865513173417224,
UPENN-GBM-00602,1.3.6.1.4.1.14519.5.2.1.325933106985606289737422404526052319664,radiologist 11,enhancing,1.00x0.98x0.98,0.9250867139194692,0.22496382006132534,1.3810679320049757,27071.077380695344,23519.583962612152,0.14063246842872731,0.9269635627530365,
UPENN-GBM-00602,1.3.6.1.4.1.14519.5.2.1.325933106985606289737422404526052319664,radiologist 11,whole,1.00x0.98x0.98,0.9481094274246913,0.5650854930247091,4.388486320194403,137234.130736351,149564.22160702705,0.08603742590162311,0.9468485955697648,
UPENN-GBM-00518,1.3.6.1.4.1.14519.5.2.1.328272318837051245784327878105527978263,radiologist 11,core,3.00x0.94x0.94,0.9810741891784206,0.2190622721510916,0.9375,65019.03556071971,67334.0813136826,0.034986435488093895,0.9796903514452228,
UPENN-GBM-00518,1.3.6.1.4.1.14519.5.2.1.328272318837051245784327878105527978263,radiologist 11,enhancing,3.00x0.94x0.94,0.9691271674420118,0.14075249665625364,0.0,39366.324705849605,41684.00718518261,0.057206786562951674,0.9670518575112215,
UPENN-GBM-00518,1.3.6.1.4.1.14519.5.2.1.328272318837051245784327878105527978263,radiologist 11,whole,3.00x0.94x0.94,0.9569616230103027,0.4545029588445831,3.1430810155125126,190543.03113651852,207676.47908954,0.08610342554591748,0.9559802616119684,
UPENN-GBM-00518,1.3.6.1.4.1.14519.5.2.1.332120363483964434879722766613863699022,radiologist 11,core,1.00x0.98x0.98,0.9818224584151065,0.2877701270809627,1.953125,63789.55202705382,65955.35265875814,0.03338862263781183,0.982,
UPENN-GBM-00518,1.3.6.1.4.1.14519.5.2.1.332120363483964434879722766613863699022,radiologist 11,enhancing,1.00x0.98x0.98,0.9704020202745562,0.15905943391184715,0.0,38754.57519619941,40928.00524448394,0.054565735126660055,0.9705762157744177,
UPENN-GBM-00518,1.3.6.1.4.1.14519.5.2.1.332120363483964434879722766613863699022,radiologist 11,whole,1.00x0.98x0.98,0.9571798426974564,0.46248029144560576,3.15495266786705,185992.7784233379,202625.86024524685,0.08565337827233636,0.9557933150866716,
UPENN-GBM-00386,1.3.6.1.4.1.14519.5.2.1.333926362609011436567753088349281633766,radiologist 11,core,1.00x0.98x0.98,1.0,0.0,0.0,17300.655772676455,17300.655772676455,0.0,1.0,
UPENN-GBM-00386,1.3.6.1.4.1.14519.5.2.1.333926362609011436567753088349281633766,radiologist 11,enhancing,1.00x0.98x0.98,1.0,0.0,0.0,16945.887901697148,16945.887901697148,0.0,1.0,
UPENN-GBM-00386,1.3.6.1.4.1.14519.5.2.1.333926362609011436567753088349281633766,radiologist 11,whole,1.00x0.98x0.98,1.0,0.0,0.0,40544.62706132886,40544.62706132886,0.0,1.0,
UPENN-GBM-00299,1.3.6.1.4.1.14519.5.2.1.336040701125561280559620108512225704921,radiologist 3,core,5.00x0.43x0.43,1.0,0.0,0.0,38752.08887325842,38752.08887325842,0.0,1.0,
UPENN-GBM-00299,1.3.6.1.4.1.14519.5.2.1.336040701125561280559620108512225704921,radiologist 3,enhancing,5.00x0.43x0.43,1.0,0.0,0.0,6344.895853852215,6344.895853852215,0.0,1.0,
UPENN-GBM-00299,1.3.6.1.4.1.14519.5.2.1.336040701125561280559620108512225704921,radiologist 3,whole,5.00x0.43x0.43,1.0,0.0,0.0,83158.04533905842,83158.04533905842,0.0,1.0,
UPENN-GBM-00032,1.3.6.1.4.1.14519.5.2.1.336143103236111061421181086686658946646,radiologist 11,core,3.00x0.94x0.94,1.0,0.0,0.0,44125.615803911125,44125.615803911125,0.0,1.0,
UPENN-GBM-00032,1.3.6.1.4.1.14519.5.2.1.336143103236111061421181086686658946646,radiologist 11,enhancing,3.00x0.94x0.94,1.0,0.0,0.0,30143.05586317968,30143.05586317968,0.0,1.0,
UPENN-GBM-00032,1.3.6.1.4.1.14519.5.2.1.336143103236111061421181086686658946646,radiologist 11,whole,3.00x0.94x0.94,1.0,0.0,0.0,147522.2036816865,147522.2036816865,0.0,1.0,
UPENN-GBM-00062,1.3.6.1.4.1.14519.5.2.1.337477238530397568632405173579855531922,radiologist 11,core,1.00x0.98x0.98,0.9676928281461434,0.394470005325675,2.2256903280644544,5455.986531915665,5820.291173620224,0.0646368382759662,0.9600626468285043,
UPENN-GBM-00062,1.3.6.1.4.1.14519.5.2.1.337477238530397568632405173579855531922,radiologist 11,enhancing,1.00x0.98x0.98,0.9563029055136124,0.28891634181809756,1.566786610716814,3986.3701631546023,4350.674804859162,0.08744987732553139,0.9477993858751279,
UPENN-GBM-00062,1.3.6.1.4.1.14519.5.2.1.337477238530397568632405173579855531922,radiologist 11,whole,1.00x0.98x0.98,1.0,0.0,0.0,60820.75530028343,60820.75530028343,0.0,1.0,
UPENN-GBM-00062,1.3.6.1.4.1.14519.5.2.1.337502837598632829270099571923085452625,radiologist 11,core,0.90x0.90x0.90,0.9691186899619625,0.3908503193079484,2.5430678805136147,5449.281621497664,5796.5681963642655,0.061782264734698715,0.9678832116788321,
UPENN-GBM-00062,1.3.6.1.4.1.14519.5.2.1.337502837598632829270099571923085452625,radiologist 11,enhancing,0.90x0.90x0.90,0.9583152032025063,0.2891365445125519,1.7462030415563004,3991.9830505543023,4339.269625420904,0.08341793228952088,0.9565217391304348,
UPENN-GBM-00062,1.3.6.1.4.1.14519.5.2.1.337502837598632829270099571923085452625,radiologist 11,whole,0.90x0.90x0.90,1.0,0.0,0.0,60211.80682572351,60211.80682572351,0.0,1.0,
UPENN-GBM-00085,1.3.6.1.4.1.14519.5.2.1.34101234958665307733220128436791953431,radiologist 11,core,3.00x0.94x0.94,1.0,0.0,0.0,18765.58157612402,18765.58157612402,0.0,1.0,
UPENN-GBM-00085,1.3.6.1.4.1.14519.5.2.1.34101234958665307733220128436791953431,radiologist 11,enhancing,3.00x0.94x0.94,1.0,0.0,0.0,9508.035290642576,9508.035290642576,0.0,1.0,
UPENN-GBM-00085,1.3.6.1.4.1.14519.5.2.1.34101234958665307733220128436791953431,radiologist 11,whole,3.00x0.94x0.94,1.0,0.0,0.0,57944.6987096953,57944.6987096953,0.0,1.0,
UPENN-GBM-00534,1.3.6.1.4.1.14519.5.2.1.3480024937642475234490319478870873771,radiologist 11,core,3.00x0.94x0.94,0.3265991442344148,8.557969980548421,19.120449515142717,15981.198529280271,81382.55941366698,1.6277480528767112,0.33882276210663625,
UPENN-GBM-00534,1.3.6.1.4.1.14519.5.2.1.3480024937642475234490319478870873771,radiologist 11,enhancing,3.00x0.94x0.94,0.3025408043075888,7.433902846050611,18.811074423440314,14304.24055788574,79716.14834775291,1.717916143607354,0.31616221229238683,
UPENN-GBM-00534,1.3.6.1.4.1.14519.5.2.1.3480024937642475234490319478870873771,radiologist 11,whole,3.00x0.94x0.94,0.7185604664410414,3.4218395748177266,10.521750773055816,56621.06207189647,100754.58805491796,0.5763067013958182,0.7226086080032255,
UPENN-GBM-00224,1.3.6.1.4.1.14519.5.2.1.34916325102937210531906910801458643339,radiologist 11,core,3.00x0.94x0.94,0.9994964149540778,0.006205878958770996,0.0,54949.37755324218,55004.748807014636,0.0010071701769830644,0.999503369989358,
UPENN-GBM-00224,1.3.6.1.4.1.14519.5.2.1.34916325102937210531906910801458643339,radiologist 11,enhancing,3.00x0.94x0.94,0.9984761628328859,0.004606172454983786,0.0,18140.677426406248,18196.04868017871,0.0030476766932124575,0.9984858317110101,
UPENN-GBM-00224,1.3.6.1.4.1.14519.5.2.1.34916325102937210531906910801458643339,radiologist 11,whole,3.00x0.94x0.94,1.0,0.0,0.0,114365.36957746287,114365.36957746287,0.0,1.0,
UPENN-GBM-00502,1.3.6.1.4.1.14519.5.2.1.35544548390079657568154749120045914171,radiologist 11,core,1.00x0.98x0.98,1.0,0.0,0.0,26613.31238588336,26613.31238588336,0.0,1.0,
UPENN-GBM-00502,1.3.6.1.4.1.14519.5.2.1.35544548390079657568154749120045914171,radiologist 11,enhancing,1.00x0.98x0.98,1.0,0.0,0.0,26111.678245735195,26111.678245735195,0.0,1.0,
UPENN-GBM-00502,1.3.6.1.4.1.14519.5.2.1.35544548390079657568154749120045914171,radiologist 11,whole,1.00x0.98x0.98,1.0,0.0,0.0,58224.84630887038,58224.84630887038,0.0,1.0,
UPENN-GBM-00357,1.3.6.1.4.1.14519.5.2.1.37948547241649836743331084497720015593,radiologist 11,core,1.00x0.98x0.98,0.9909428174677195,0.11631188174374883,0.9765625,45597.076416015625,46430.58776855469,0.018114860411493936,0.9902544667027612,
UPENN-GBM-00357,1.3.6.1.4.1.14519.5.2.1.37948547241649836743331084497720015593,radiologist 11,enhancing,1.00x0.98x0.98,0.9747921921820244,0.09493365876500387,0.9765625,27456.283569335938,28876.304626464844,0.05042629830074764,0.9739952718676123,
UPENN-GBM-00357,1.3.6.1.4.1.14519.5.2.1.37948547241649836743331084497720015593,radiologist 11,whole,1.00x0.98x0.98,0.9976510514693896,0.02493996000147409,0.0,128399.84893798828,129004.47845458984,0.004697905701557846,0.9975716367168529,
UPENN-GBM-00459,1.3.6.1.4.1.14519.5.2.1.39639710327250470167121820184970892002,radiologist 3,core,1.00x0.98x0.98,1.0,0.0,0.0,3071.793850603096,3071.793850603096,0.0,1.0,
UPENN-GBM-00459,1.3.6.1.4.1.14519.5.2.1.39639710327250470167121820184970892002,radiologist 3,enhancing,1.00x0.98x0.98,1.0,0.0,0.0,2859.1238634300157,2859.1238634300157,0.0,1.0,
UPENN-GBM-00459,1.3.6.1.4.1.14519.5.2.1.39639710327250470167121820184970892002,radiologist 3,whole,1.00x0.98x0.98,1.0,0.0,0.0,11452.70796395299,11452.70796395299,0.0,1.0,
UPENN-GBM-00399,1.3.6.1.4.1.14519.5.2.1.40087932897629797235689938977309653845,radiologist 11,core,1.00x0.98x0.98,0.9975643068518097,0.13997198426341087,0.0,41820.64698436734,41969.42060768125,0.003551107760863409,0.9978135559530908,
UPENN-GBM-00399,1.3.6.1.4.1.14519.5.2.1.40087932897629797235689938977309653845,radiologist 11,enhancing,1.00x0.98x0.98,0.9965477989885984,0.06466094875598945,0.0,25465.085190563186,25641.515448980314,0.0069044294511778435,0.9968918697857027,
UPENN-GBM-00399,1.3.6.1.4.1.14519.5.2.1.40087932897629797235689938977309653845,radiologist 11,whole,1.00x0.98x0.98,0.9979694766489815,0.059144766875307606,0.0,72678.77602005954,72919.10264233584,0.0033012409623630946,0.9980121542568297,
UPENN-GBM-00603,1.3.6.1.4.1.14519.5.2.1.40641765339737787177617120684665634663,radiologist 3,core,1.00x0.98x0.98,0.5870197731726144,4.399666318994551,11.298545622185914,124815.34789793017,51854.28346440317,0.8783978844408917,0.5797238063816751,
UPENN-GBM-00603,1.3.6.1.4.1.14519.5.2.1.40641765339737787177617120684665634663,radiologist 3,enhancing,1.00x0.98x0.98,,,,,,,,empty rad
UPENN-GBM-00603,1.3.6.1.4.1.14519.5.2.1.40641765339737787177617120684665634663,radiologist 3,whole,1.00x0.98x0.98,0.6690638476049054,2.7243187771102915,9.869723745309713,146869.13020007138,74060.65409814837,0.6846575120550108,0.6644139070361192,
UPENN-GBM-00487,1.3.6.1.4.1.14519.5.2.1.42272834353561093003236157898196452708,radiologist 11,core,5.00x0.43x0.43,0.8663027687273446,2.1761713369174744,11.096790956746522,57007.21014272767,73933.7362372007,0.25999148222271784,0.8774698795180723,
UPENN-GBM-00487,1.3.6.1.4.1.14519.5.2.1.42272834353561093003236157898196452708,radiologist 11,enhancing,5.00x0.43x0.43,0.7679456935149969,2.6635916182274566,15.610281072044287,30202.721711507336,46519.78205462455,0.43194559943962013,0.781047797954498,
UPENN-GBM-00487,1.3.6.1.4.1.14519.5.2.1.42272834353561093003236157898196452708,radiologist 11,whole,5.00x0.43x0.43,0.9757431583442605,0.28609100646993135,2.1484375,164888.1887304476,172440.9468824768,0.044787240809403696,0.9782378044467498,
UPENN-GBM-00587,1.3.6.1.4.1.14519.5.2.1.44338270760322761977644372973313032994,radiologist 3,core,1.00x0.98x0.98,1.0,0.0,0.0,14254.61120303153,14254.61120303153,0.0,1.0,
UPENN-GBM-00587,1.3.6.1.4.1.14519.5.2.1.44338270760322761977644372973313032994,radiologist 3,enhancing,1.00x0.98x0.98,1.0,0.0,0.0,12225.186392698279,12225.186392698279,0.0,1.0,
UPENN-GBM-00587,1.3.6.1.4.1.14519.5.2.1.44338270760322761977644372973313032994,radiologist 3,whole,1.00x0.98x0.98,0.9888207133706426,0.2201965102698422,0.9765625,34964.66250998495,35755.26080310819,0.022359504760266165,0.9881746868048238,
UPENN-GBM-00452,1.3.6.1.4.1.14519.5.2.1.46158254444073294312378282572169764696,radiologist 3,core,5.00x0.47x0.47,1.0,0.0,0.0,11937.63943499794,11937.63943499794,0.0,1.0,
UPENN-GBM-00452,1.3.6.1.4.1.14519.5.2.1.46158254444073294312378282572169764696,radiologist 3,enhancing,5.00x0.47x0.47,1.0,0.0,0.0,9603.494808629646,9603.494808629646,0.0,1.0,
UPENN-GBM-00452,1.3.6.1.4.1.14519.5.2.1.46158254444073294312378282572169764696,radiologist 3,whole,5.00x0.47x0.47,1.0,0.0,0.0,25536.09142296946,25536.09142296946,0.0,1.0,
UPENN-GBM-00502,1.3.6.1.4.1.14519.5.2.1.47007197701237101585504096441745510239,radiologist 11,core,1.00x0.98x0.98,1.0,0.0,0.0,27423.93789752961,27423.93789752961,0.0,1.0,
UPENN-GBM-00502,1.3.6.1.4.1.14519.5.2.1.47007197701237101585504096441745510239,radiologist 11,enhancing,1.00x0.98x0.98,1.0,0.0,0.0,26891.786091060647,26891.786091060647,0.0,1.0,
UPENN-GBM-00502,1.3.6.1.4.1.14519.5.2.1.47007197701237101585504096441745510239,radiologist 11,whole,1.00x0.98x0.98,1.0,0.0,0.0,59892.8275087166,59892.8275087166,0.0,1.0,
UPENN-GBM-00397,1.3.6.1.4.1.14519.5.2.1.47690305720200695278845486948503918835,radiologist 3,core,3.00x0.94x0.94,1.0,0.0,0.0,5415.835964220702,5415.835964220702,0.0,1.0,
UPENN-GBM-00397,1.3.6.1.4.1.14519.5.2.1.47690305720200695278845486948503918835,radiologist 3,enhancing,3.00x0.94x0.94,,,,,,,,empty ai
UPENN-GBM-00397,1.3.6.1.4.1.14519.5.2.1.47690305720200695278845486948503918835,radiologist 3,whole,3.00x0.94x0.94,1.0,0.0,0.0,24394.992376324215,24394.992376324215,0.0,1.0,
UPENN-GBM-00409,1.3.6.1.4.1.14519.5.2.1.55588231629027403122334768826356106413,radiologist 11,core,1.00x0.98x0.98,0.9999602385685885,0.0022545210177909473,0.0,23985.932051076878,23984.02469693183,7.952286286490885e-05,0.9998286203941731,
UPENN-GBM-00409,1.3.6.1.4.1.14519.5.2.1.55588231629027403122334768826356106413,radiologist 11,enhancing,1.00x0.98x0.98,1.0,0.0,0.0,20745.337358636847,20745.337358636847,0.0,1.0,
UPENN-GBM-00409,1.3.6.1.4.1.14519.5.2.1.55588231629027403122334768826356106413,radiologist 11,whole,1.00x0.98x0.98,0.9999886765105535,0.0018019577321125777,0.0,84222.08330590244,84220.1759517574,2.264697889408386e-05,0.9999523968201076,
UPENN-GBM-00020,1.3.6.1.4.1.14519.5.2.1.55782407145615329703863824171592534231,radiologist 3,core,3.00x0.94x0.94,1.0,0.0,0.0,13645.058965356442,13645.058965356442,0.0,1.0,
UPENN-GBM-00020,1.3.6.1.4.1.14519.5.2.1.55782407145615329703863824171592534231,radiologist 3,enhancing,3.00x0.94x0.94,1.0,0.0,0.0,10035.380564666013,10035.380564666013,0.0,1.0,
UPENN-GBM-00020,1.3.6.1.4.1.14519.5.2.1.55782407145615329703863824171592534231,radiologist 3,whole,3.00x0.94x0.94,1.0,0.0,0.0,35184.47668284374,35184.47668284374,0.0,1.0,
UPENN-GBM-00468,1.3.6.1.4.1.14519.5.2.1.59633086027238600082866012273272684613,radiologist 11,core,3.00x0.94x0.94,0.9840127897681854,0.7464436882860833,0.0,6510.077407819334,6684.101348247069,0.02638042668010408,0.9761904761904762,
UPENN-GBM-00468,1.3.6.1.4.1.14519.5.2.1.59633086027238600082866012273272684613,radiologist 11,enhancing,3.00x0.94x0.94,0.9824715162138475,0.5653701822997709,0.0,5929.997606393554,6104.021546821288,0.02892401456101871,0.9742014742014742,
UPENN-GBM-00468,1.3.6.1.4.1.14519.5.2.1.59633086027238600082866012273272684613,radiologist 11,whole,3.00x0.94x0.94,0.9975821734300464,0.057335595455556304,0.0,40270.7218507998,40428.92543300683,0.003920804865943608,0.9959592072349432,
UPENN-GBM-00322,1.3.6.1.4.1.14519.5.2.1.60332176822726694618199648883260429838,radiologist 11,core,5.00x0.43x0.43,1.0,0.0,0.0,14482.48291015625,14482.48291015625,0.0,1.0,
UPENN-GBM-00322,1.3.6.1.4.1.14519.5.2.1.60332176822726694618199648883260429838,radiologist 11,enhancing,5.00x0.43x0.43,1.0,0.0,0.0,9772.537231445312,9772.537231445312,0.0,1.0,
UPENN-GBM-00322,1.3.6.1.4.1.14519.5.2.1.60332176822726694618199648883260429838,radiologist 11,whole,5.00x0.43x0.43,1.0,0.0,0.0,28063.04168701172,28063.04168701172,0.0,1.0,
UPENN-GBM-00050,1.3.6.1.4.1.14519.5.2.1.62656596471938320815457659572552767153,radiologist 11,core,3.00x0.94x0.94,1.0,0.0,0.0,3970.9099133964837,3970.9099133964837,0.0,1.0,
UPENN-GBM-00050,1.3.6.1.4.1.14519.5.2.1.62656596471938320815457659572552767153,radiologist 11,enhancing,3.00x0.94x0.94,1.0,0.0,0.0,3601.7682215800774,3601.7682215800774,0.0,1.0,
UPENN-GBM-00050,1.3.6.1.4.1.14519.5.2.1.62656596471938320815457659572552767153,radiologist 11,whole,3.00x0.94x0.94,1.0,0.0,0.0,12126.304576168943,12126.304576168943,0.0,1.0,
UPENN-GBM-00350,1.3.6.1.4.1.14519.5.2.1.63514285960154677902832327437030291497,radiologist 11,core,1.00x0.98x0.98,0.9920771262275326,0.26554403945256866,0.0,18470.817540664677,18723.54196488381,0.013589604280854633,0.9924385633270322,
UPENN-GBM-00350,1.3.6.1.4.1.14519.5.2.1.63514285960154677902832327437030291497,radiologist 11,enhancing,1.00x0.98x0.98,0.9904218716096835,0.17882351973316657,0.0,15256.925806255344,15509.650230474475,0.01642887451968067,0.9909655561829475,
UPENN-GBM-00350,1.3.6.1.4.1.14519.5.2.1.63514285960154677902832327437030291497,radiologist 11,whole,1.00x0.98x0.98,0.9635799722563928,1.496456202896412,13.368276164659754,70220.19652709008,75528.36311276437,0.07287228660606655,0.9639644867405559,
UPENN-GBM-00264,1.3.6.1.4.1.14519.5.2.1.64892933845952071033126326429206896863,radiologist 11,core,1.00x0.98x0.98,0.9984953355401746,0.01563101089017576,0.0,7934.593243408205,7910.7513165950795,0.0030093311907094062,0.998452810727179,
UPENN-GBM-00264,1.3.6.1.4.1.14519.5.2.1.64892933845952071033126326429206896863,radiologist 11,enhancing,1.00x0.98x0.98,0.9981586506592031,0.010410036020188003,0.0,6485.957770242692,6462.115843429567,0.0036827028437483164,0.9981167608286252,
UPENN-GBM-00264,1.3.6.1.4.1.14519.5.2.1.64892933845952071033126326429206896863,radiologist 11,whole,1.00x0.98x0.98,0.8450109147243152,1.3352985210233785,5.1152897977912914,22888.249740600593,31284.42268711091,0.3124966288262192,0.8431899641577061,
UPENN-GBM-00085,1.3.6.1.4.1.14519.5.2.1.66045079891277288086085855884681485743,radiologist 11,core,0.90x0.90x0.90,1.0,0.0,0.0,18007.008664528432,18007.008664528432,0.0,1.0,
UPENN-GBM-00085,1.3.6.1.4.1.14519.5.2.1.66045079891277288086085855884681485743,radiologist 11,enhancing,0.90x0.90x0.90,1.0,0.0,0.0,9291.300799802717,9291.300799802717,0.0,1.0,
UPENN-GBM-00085,1.3.6.1.4.1.14519.5.2.1.66045079891277288086085855884681485743,radiologist 11,whole,0.90x0.90x0.90,1.0,0.0,0.0,55923.74075255681,55923.74075255681,0.0,1.0,
UPENN-GBM-00272,1.3.6.1.4.1.14519.5.2.1.66816971823563668087106991989004701575,radiologist 11,core,1.00x0.98x0.98,1.0,0.0,0.0,17432.26320868494,17432.26320868494,0.0,1.0,
UPENN-GBM-00272,1.3.6.1.4.1.14519.5.2.1.66816971823563668087106991989004701575,radiologist 11,enhancing,1.00x0.98x0.98,1.0,0.0,0.0,8053.8028774738395,8053.8028774738395,0.0,1.0,
UPENN-GBM-00272,1.3.6.1.4.1.14519.5.2.1.66816971823563668087106991989004701575,radiologist 11,whole,1.00x0.98x0.98,1.0,0.0,0.0,31785.103150186573,31785.103150186573,0.0,1.0,
UPENN-GBM-00397,1.3.6.1.4.1.14519.5.2.1.68461027443021798581277147405500813260,radiologist 3,core,1.00x0.98x0.98,1.0,0.0,0.0,5282.417304716097,5282.417304716097,0.0,1.0,
UPENN-GBM-00397,1.3.6.1.4.1.14519.5.2.1.68461027443021798581277147405500813260,radiologist 3,enhancing,1.00x0.98x0.98,1.0,0.0,0.0,2.861031217575066,2.861031217575066,0.0,1.0,
UPENN-GBM-00397,1.3.6.1.4.1.14519.5.2.1.68461027443021798581277147405500813260,radiologist 3,whole,1.00x0.98x0.98,1.0,0.0,0.0,23558.684722585618,23558.684722585618,0.0,1.0,
UPENN-GBM-00032,1.3.6.1.4.1.14519.5.2.1.71885227204420437104898618559273913993,radiologist 11,core,3.00x0.94x0.94,1.0,0.0,0.0,44623.95708786327,44623.95708786327,0.0,1.0,
UPENN-GBM-00032,1.3.6.1.4.1.14519.5.2.1.71885227204420437104898618559273913993,radiologist 11,enhancing,3.00x0.94x0.94,1.0,0.0,0.0,30237.9780125039,30237.9780125039,0.0,1.0,
UPENN-GBM-00032,1.3.6.1.4.1.14519.5.2.1.71885227204420437104898618559273913993,radiologist 11,whole,3.00x0.94x0.94,1.0,0.0,0.0,150124.65260899215,150124.65260899215,0.0,1.0,
UPENN-GBM-00399,1.3.6.1.4.1.14519.5.2.1.75026279568106058014228497204148342646,radiologist 11,core,3.00x0.94x0.94,0.9977971518103689,0.09644868740313317,0.0,42432.83747429589,42551.490160951165,0.0027923445899570498,0.9982722560698373,
UPENN-GBM-00399,1.3.6.1.4.1.14519.5.2.1.75026279568106058014228497204148342646,radiologist 11,enhancing,3.00x0.94x0.94,0.9970001034447088,0.05067899331580152,0.0,25412.76875518945,25565.698884656245,0.005999811108817661,0.997733796646019,
UPENN-GBM-00399,1.3.6.1.4.1.14519.5.2.1.75026279568106058014228497204148342646,radiologist 11,whole,3.00x0.94x0.94,0.9981082913945105,0.04280235210998202,0.0,73767.69365676855,73978.63176637792,0.0028554111559343505,0.9984784091505325,
UPENN-GBM-00487,1.3.6.1.4.1.14519.5.2.1.75253296255959223936025422102160997010,radiologist 11,core,5.00x0.43x0.43,0.8796923122703129,1.8164545554545921,10.012216659079867,55300.70603893137,68828.9988531174,0.21883947521561944,0.8871426803613415,
UPENN-GBM-00487,1.3.6.1.4.1.14519.5.2.1.75253296255959223936025422102160997010,radiologist 11,enhancing,5.00x0.43x0.43,0.7872626126990216,2.224101211869666,11.674491052641063,29896.141969916225,42311.69807139958,0.3473341570056477,0.7997007268063275,
UPENN-GBM-00487,1.3.6.1.4.1.14519.5.2.1.75253296255959223936025422102160997010,radiologist 11,whole,5.00x0.43x0.43,0.9775644777400601,0.2575850548699503,1.7716469485075885,162695.03545852326,168638.2499671991,0.035878387679911576,0.9791099427283824,
UPENN-GBM-00231,1.3.6.1.4.1.14519.5.2.1.75561624951275555216521952372599493076,radiologist 3,core,3.00x0.94x0.94,1.0,0.0,0.0,52660.69906398046,52660.69906398046,0.0,1.0,
UPENN-GBM-00231,1.3.6.1.4.1.14519.5.2.1.75561624951275555216521952372599493076,radiologist 3,enhancing,3.00x0.94x0.94,1.0,0.0,0.0,43674.73559462109,43674.73559462109,0.0,1.0,
UPENN-GBM-00231,1.3.6.1.4.1.14519.5.2.1.75561624951275555216521952372599493076,radiologist 3,whole,3.00x0.94x0.94,1.0,0.0,0.0,178137.23356511715,178137.23356511715,0.0,1.0,
UPENN-GBM-00101,1.3.6.1.4.1.14519.5.2.1.76596309729375990736167629794834527631,radiologist 3,core,3.00x0.94x0.94,1.0,0.0,0.0,23767.451500236322,23767.451500236322,0.0,1.0,
UPENN-GBM-00101,1.3.6.1.4.1.14519.5.2.1.76596309729375990736167629794834527631,radiologist 3,enhancing,3.00x0.94x0.94,1.0,0.0,0.0,14929.144707603513,14929.144707603513,0.0,1.0,
UPENN-GBM-00101,1.3.6.1.4.1.14519.5.2.1.76596309729375990736167629794834527631,radiologist 3,whole,3.00x0.94x0.94,1.0,0.0,0.0,73039.9571786162,73039.9571786162,0.0,1.0,
UPENN-GBM-00049,1.3.6.1.4.1.14519.5.2.1.81342570854415868210472816901906509733,radiologist 3,core,3.00x0.94x0.94,1.0,0.0,0.0,19960.018621787105,19960.018621787105,0.0,1.0,
UPENN-GBM-00049,1.3.6.1.4.1.14519.5.2.1.81342570854415868210472816901906509733,radiologist 3,enhancing,3.00x0.94x0.94,1.0,0.0,0.0,13072.889343041013,13072.889343041013,0.0,1.0,
UPENN-GBM-00049,1.3.6.1.4.1.14519.5.2.1.81342570854415868210472816901906509733,radiologist 3,whole,3.00x0.94x0.94,1.0,0.0,0.0,44824.34829199218,44824.34829199218,0.0,1.0,
UPENN-GBM-00245,1.3.6.1.4.1.14519.5.2.1.81635381853942880852293496841161878335,radiologist 3,core,1.00x0.98x0.98,1.0,0.0,0.0,3830.920800333024,3830.920800333024,0.0,1.0,
UPENN-GBM-00245,1.3.6.1.4.1.14519.5.2.1.81635381853942880852293496841161878335,radiologist 3,enhancing,1.00x0.98x0.98,1.0,0.0,0.0,3645.907448263169,3645.907448263169,0.0,1.0,
UPENN-GBM-00245,1.3.6.1.4.1.14519.5.2.1.81635381853942880852293496841161878335,radiologist 3,whole,1.00x0.98x0.98,0.9957354663366993,0.3870989712838076,0.0,21488.251798133857,21672.311473131183,0.008529119031074941,0.994343891402715,
UPENN-GBM-00048,1.3.6.1.4.1.14519.5.2.1.836286115110495067684520813372959900,radiologist 11,core,1.00x0.98x0.98,0.9966019243838752,0.16779777994664793,0.0,40128.823857707976,39857.02589203835,0.006796177390630838,0.9971665654725764,
UPENN-GBM-00048,1.3.6.1.4.1.14519.5.2.1.836286115110495067684520813372959900,radiologist 11,enhancing,1.00x0.98x0.98,1.0,0.0,0.0,36352.262650508885,36352.262650508885,0.0,1.0,
UPENN-GBM-00048,1.3.6.1.4.1.14519.5.2.1.836286115110495067684520813372959900,radiologist 11,whole,1.00x0.98x0.98,0.9991156620898302,0.05673170944596641,0.0,153809.03825683595,153537.2402911663,0.0017686762814062922,0.9992531740104555,
UPENN-GBM-00626,1.3.6.1.4.1.14519.5.2.1.8380604820720122181186008058134198684,radiologist 11,core,1.00x0.98x0.98,0.9964260185847034,0.05596777859431279,0.0,8703.256963863381,8641.267954149256,0.007147993265287151,0.9960369881109643,
UPENN-GBM-00626,1.3.6.1.4.1.14519.5.2.1.8380604820720122181186008058134198684,radiologist 11,enhancing,1.00x0.98x0.98,1.0,0.0,0.0,8636.49956878663,8636.49956878663,0.0,1.0,
UPENN-GBM-00626,1.3.6.1.4.1.14519.5.2.1.8380604820720122181186008058134198684,radiologist 11,whole,1.00x0.98x0.98,0.9992954464159901,0.013671026509780934,0.0,44022.6873448277,43960.69833511357,0.0014091074011781982,0.9991910112359551,
UPENN-GBM-00357,1.3.6.1.4.1.14519.5.2.1.85613150013774262565833979170998963899,radiologist 11,core,3.00x0.98x0.98,0.9938740178452523,0.06357704862138132,0.0,42703.62854003906,43230.05676269531,0.012252117575452503,0.9933591588267847,
UPENN-GBM-00357,1.3.6.1.4.1.14519.5.2.1.85613150013774262565833979170998963899,radiologist 11,enhancing,3.00x0.98x0.98,0.9809452040047368,0.05678640325486019,0.0,26069.64111328125,27082.443237304688,0.03811420533917517,0.9822327509623927,
UPENN-GBM-00357,1.3.6.1.4.1.14519.5.2.1.85613150013774262565833979170998963899,radiologist 11,whole,3.00x0.98x0.98,0.9980303718984185,0.021226889712144165,0.0,122500.41961669922,122983.93249511719,0.003939261297204201,0.9979015642884396,
UPENN-GBM-00626,1.3.6.1.4.1.14519.5.2.1.88175825918843447713352124487541500776,radiologist 11,core,1.00x0.98x0.98,0.9962437629646241,0.058872849049211674,0.0,8537.317153244028,8473.42078938485,0.007512509403009519,0.9967727063162748,
UPENN-GBM-00626,1.3.6.1.4.1.14519.5.2.1.88175825918843447713352124487541500776,radiologist 11,enhancing,1.00x0.98x0.98,1.0,0.0,0.0,8467.6987269497,8467.6987269497,0.0,1.0,
UPENN-GBM-00626,1.3.6.1.4.1.14519.5.2.1.88175825918843447713352124487541500776,radiologist 11,whole,1.00x0.98x0.98,0.9992473178677751,0.014936034439380835,0.0,42477.730487337154,42413.83412347798,0.0015053645487281334,0.9993265993265993,
UPENN-GBM-00049,1.3.6.1.4.1.14519.5.2.1.89961112526898448453580586982515069050,radiologist 3,core,1.00x0.98x0.98,1.0,0.0,0.0,19580.89765308375,19580.89765308375,0.0,1.0,
UPENN-GBM-00049,1.3.6.1.4.1.14519.5.2.1.89961112526898448453580586982515069050,radiologist 3,enhancing,1.00x0.98x0.98,1.0,0.0,0.0,13043.441320924725,13043.441320924725,0.0,1.0,
UPENN-GBM-00049,1.3.6.1.4.1.14519.5.2.1.89961112526898448453580586982515069050,radiologist 3,whole,1.00x0.98x0.98,1.0,0.0,0.0,44411.78759041775,44411.78759041775,0.0,1.0,
UPENN-GBM-00609,1.3.6.1.4.1.14519.5.2.1.91009194933595700982766610390227632744,radiologist 3,core,6.00x0.57x0.57,0.47164549116826776,4.549775121352828,12.58537583312487,1584.2578942332423,4774.44885289446,1.1031624516375593,0.4690781796966161,
UPENN-GBM-00609,1.3.6.1.4.1.14519.5.2.1.91009194933595700982766610390227632744,radiologist 3,enhancing,6.00x0.57x0.57,0.4285240464344942,4.956938827884708,12.671543329924436,1357.653842197393,4583.313261177265,1.2166640620649511,0.41825095057034223,
UPENN-GBM-00609,1.3.6.1.4.1.14519.5.2.1.91009194933595700982766610390227632744,radiologist 3,whole,6.00x0.57x0.57,0.820385288966725,1.4317453009756516,10.018625560600835,23076.174377320272,33180.74462810145,0.36316905356817175,0.8118438761776582,
UPENN-GBM-00075,1.3.6.1.4.1.14519.5.2.1.91435106676838146491907195522948567936,radiologist 3,core,3.00x0.94x0.94,1.0,0.0,0.0,21542.054443857418,21542.054443857418,0.0,1.0,
UPENN-GBM-00075,1.3.6.1.4.1.14519.5.2.1.91435106676838146491907195522948567936,radiologist 3,enhancing,3.00x0.94x0.94,1.0,0.0,0.0,12036.65587958496,12036.65587958496,0.0,1.0,
UPENN-GBM-00075,1.3.6.1.4.1.14519.5.2.1.91435106676838146491907195522948567936,radiologist 3,whole,3.00x0.94x0.94,1.0,0.0,0.0,32964.35307920507,32964.35307920507,0.0,1.0,
UPENN-GBM-00019,1.3.6.1.4.1.14519.5.2.1.93192875982781130454025316406367394157,radiologist 3,core,1.00x0.98x0.98,1.0,0.0,0.0,11443.17119322777,11443.17119322777,0.0,1.0,
UPENN-GBM-00019,1.3.6.1.4.1.14519.5.2.1.93192875982781130454025316406367394157,radiologist 3,enhancing,1.00x0.98x0.98,1.0,0.0,0.0,10939.629698934557,10939.629698934557,0.0,1.0,
UPENN-GBM-00019,1.3.6.1.4.1.14519.5.2.1.93192875982781130454025316406367394157,radiologist 3,whole,1.00x0.98x0.98,0.9978533255490187,0.033683736892274226,0.0,52974.85402462007,53202.78284495355,0.004293355496866895,0.9979969183359014,
UPENN-GBM-00502,1.3.6.1.4.1.14519.5.2.1.93857187328639226107980261433802087367,radiologist 11,core,3.00x0.94x0.94,1.0,0.0,0.0,27084.453273843745,27084.453273843745,0.0,1.0,
UPENN-GBM-00502,1.3.6.1.4.1.14519.5.2.1.93857187328639226107980261433802087367,radiologist 11,enhancing,3.00x0.94x0.94,1.0,0.0,0.0,26599.29562174218,26599.29562174218,0.0,1.0,
UPENN-GBM-00502,1.3.6.1.4.1.14519.5.2.1.93857187328639226107980261433802087367,radiologist 11,whole,3.00x0.94x0.94,1.0,0.0,0.0,59249.87826290331,59249.87826290331,0.0,1.0,
UPENN-GBM-00409,1.3.6.1.4.1.14519.5.2.1.94338563276952435723260979757287684530,radiologist 11,core,3.00x0.94x0.94,0.9997805333040711,0.006363679175183212,0.0,24033.76086361816,24023.21395813769,0.0004389333989049089,1.0,
UPENN-GBM-00409,1.3.6.1.4.1.14519.5.2.1.94338563276952435723260979757287684530,radiologist 11,enhancing,3.00x0.94x0.94,1.0,0.0,0.0,20869.689219477536,20869.689219477536,0.0,1.0,
UPENN-GBM-00409,1.3.6.1.4.1.14519.5.2.1.94338563276952435723260979757287684530,radiologist 11,whole,3.00x0.94x0.94,0.9999376985857579,0.004225828213751406,0.0,84649.46338624218,84638.9164807617,0.00012460282864549597,1.0,
UPENN-GBM-00224,1.3.6.1.4.1.14519.5.2.1.95744072180076041865003985998102740025,radiologist 11,core,1.00x0.98x0.98,0.999469191343468,0.011998089123494319,0.0,54768.72059803964,54826.89489946367,0.0010616174127703348,0.9992464204973625,
UPENN-GBM-00224,1.3.6.1.4.1.14519.5.2.1.95744072180076041865003985998102740025,radiologist 11,enhancing,1.00x0.98x0.98,0.998404686560138,0.006116875392406722,0.0,18203.78796035767,18261.962261781697,0.003190629586469683,0.9977324263038548,
UPENN-GBM-00224,1.3.6.1.4.1.14519.5.2.1.95744072180076041865003985998102740025,radiologist 11,whole,1.00x0.98x0.98,1.0,0.0,0.0,114495.60829613688,114495.60829613688,0.0,1.0,
