patient_id,dataset,eligible,reason_excluded,n_scans,n_forecast_pairs,n_primary_pairs,scan_ids,scan_days,radiation_end_day,treatment_known,segment_available,molecular_available,fold,age,sex,primary_diagnosis,who_grade,mgmt_code,progression,died,is_gbm
PatientID_0003,MU,True,,3.0,2.0,2.0,"1,2,5","90,146,286",65.0,True,True,False,0,57.0,Female,GBM,4,4.0,1.0,0.0,True
PatientID_0004,MU,False,no pair in primary window with non-empty input core,1.0,0.0,0.0,1,67,,True,True,False,2,67.0,Female,GBM,4,4.0,0.0,0.0,True
PatientID_0005,MU,True,,2.0,1.0,1.0,"3,4","133,176",51.0,True,True,False,2,49.0,Male,GBM,4,4.0,1.0,1.0,True
PatientID_0006,MU,True,,4.0,3.0,3.0,"2,4,5,6","175,217,259,450",59.0,True,True,False,1,60.0,Male,GBM,4,4.0,1.0,1.0,True
PatientID_0007,MU,False,missing scan day,5.0,2.0,2.0,"2,3,4,5,6","0,,178,264,366",,True,True,False,3,79.0,Male,GBM,4,4.0,0.0,1.0,True
PatientID_0008,MU,True,,2.0,1.0,1.0,"4,6","181,294",51.0,True,True,False,1,50.0,Male,GBM,4,4.0,1.0,1.0,True
PatientID_0009,MU,False,no pair in primary window with non-empty input core,1.0,0.0,0.0,2,97,67.0,True,True,False,3,27.0,Male,GBM,4,4.0,1.0,0.0,True
PatientID_0010,MU,True,,3.0,2.0,2.0,"1,4,5","84,217,259",59.0,True,True,False,2,61.0,Male,GBM,4,4.0,1.0,1.0,True
PatientID_0011,MU,True,,2.0,1.0,1.0,"1,2","92,162",,True,True,False,4,67.0,Male,GBM,4,4.0,0.0,1.0,True
PatientID_0012,MU,True,,2.0,1.0,1.0,"2,3","99,176",,True,True,False,3,53.0,Male,GBM,4,4.0,1.0,1.0,True
PatientID_0013,MU,True,,5.0,4.0,3.0,"1,2,4,5,6","70,168,253,308,311",63.0,True,True,False,1,46.0,Female,GBM,4,4.0,0.0,1.0,True
PatientID_0014,MU,True,,6.0,5.0,5.0,"1,2,3,4,5,6","84,126,246,316,351,442",61.0,True,True,False,1,53.0,Female,GBM,4,0.0,1.0,1.0,True
PatientID_0015,MU,False,no pair in primary window with non-empty input core,1.0,0.0,0.0,1,42,,True,True,False,0,38.0,Female,GBM,4,1.0,0.0,0.0,True
PatientID_0018,MU,True,,5.0,4.0,3.0,"1,2,4,5,6","102,194,320,324,382",53.0,True,True,False,0,53.0,Male,GBM,4,0.0,1.0,1.0,True
PatientID_0019,MU,True,,3.0,2.0,2.0,"4,5,6","268,317,379",84.0,True,True,False,0,54.0,Female,GBM,4,0.0,1.0,0.0,True
PatientID_0020,MU,True,,4.0,3.0,3.0,"1,2,3,4","97,173,304,401",,True,True,False,0,56.0,Male,GBM,4,0.0,0.0,0.0,True
PatientID_0021,MU,True,,5.0,4.0,4.0,"2,3,4,5,6","83,175,267,330,456",69.0,True,True,False,4,58.0,Male,GBM,4,0.0,1.0,0.0,True
PatientID_0022,MU,True,,3.0,2.0,1.0,"1,2,3","95,147,156",67.0,True,True,False,3,53.0,Male,GBM,4,4.0,1.0,0.0,True
PatientID_0023,MU,False,no pair in primary window with non-empty input core,1.0,0.0,0.0,2,100,,True,True,False,2,66.0,Male,GBM,4,1.0,0.0,1.0,True
PatientID_0024,MU,True,,2.0,1.0,1.0,"2,3","92,215",73.0,True,True,False,4,78.0,Female,GBM,4,2.0,1.0,0.0,True
PatientID_0025,MU,True,,3.0,2.0,2.0,"1,2,3","99,213,291",79.0,True,True,False,0,58.0,Female,GBM,4,0.0,1.0,1.0,True
PatientID_0026,MU,True,,2.0,1.0,1.0,"1,2","71,182",44.0,True,True,False,1,57.0,Male,GBM,4,1.0,1.0,1.0,True
PatientID_0027,MU,False,no pair in primary window with non-empty input core,1.0,0.0,0.0,1,13,,True,True,False,0,82.0,Female,GBM,4,4.0,0.0,1.0,True
PatientID_0029,MU,True,,3.0,2.0,1.0,"1,3,4","88,271,728",56.0,True,True,False,1,69.0,Male,GBM,4,1.0,1.0,1.0,True
PatientID_0030,MU,False,no pair in primary window with non-empty input core,3.0,2.0,0.0,"1,3,4","191,509,512",63.0,True,True,False,2,69.0,Female,GBM,4,4.0,1.0,1.0,True
PatientID_0031,MU,True,,4.0,3.0,3.0,"2,3,4,5","510,588,673,816",,True,True,False,1,53.0,Male,GBM,4,0.0,1.0,1.0,True
PatientID_0032,MU,True,,6.0,5.0,4.0,"1,2,3,4,5,6","91,154,158,290,366,480",56.0,True,True,False,4,60.0,Female,GBM,4,0.0,1.0,1.0,True
PatientID_0033,MU,True,,5.0,4.0,4.0,"1,2,3,4,5","89,160,341,451,611",61.0,True,True,False,4,53.0,Male,GBM,4,1.0,1.0,1.0,True
PatientID_0034,MU,True,,6.0,5.0,5.0,"1,2,3,4,5,6","113,175,217,295,377,640",,True,True,False,3,53.0,Male,GBM,4,1.0,1.0,1.0,True
PatientID_0035,MU,True,,3.0,2.0,2.0,"1,2,3","64,155,260",46.0,True,True,False,3,54.0,Male,GBM,4,0.0,1.0,1.0,True
PatientID_0036,MU,True,,6.0,5.0,5.0,"1,2,3,4,5,6","78,156,219,317,408,484",59.0,True,True,False,3,55.0,Female,GBM,4,2.0,1.0,1.0,True
PatientID_0037,MU,True,,4.0,3.0,3.0,"1,2,3,4","77,182,280,371",78.0,True,True,False,1,87.0,Male,GBM,4,1.0,1.0,0.0,True
PatientID_0038,MU,True,,6.0,5.0,4.0,"1,2,3,4,5,6","102,194,255,320,324,382",53.0,True,True,False,4,53.0,Male,GBM,4,0.0,1.0,1.0,True
PatientID_0039,MU,True,,5.0,4.0,4.0,"1,2,3,4,6","99,197,259,351,414",57.0,True,True,False,4,66.0,Female,GBM,4,0.0,1.0,1.0,True
PatientID_0040,MU,False,no pair in primary window with non-empty input core,1.0,0.0,0.0,1,16,,True,True,False,0,46.0,Female,GBM,4,0.0,0.0,0.0,True
PatientID_0041,MU,True,,2.0,1.0,1.0,"1,2","91,182",59.0,True,True,False,0,74.0,Female,GBM,4,0.0,1.0,0.0,True
PatientID_0042,MU,False,no pair in primary window with non-empty input core,1.0,0.0,0.0,1,388,,True,True,False,1,69.0,Female,GBM,4,1.0,1.0,1.0,True
PatientID_0043,MU,False,no pair in primary window with non-empty input core,1.0,0.0,0.0,1,55,27.0,True,True,False,0,85.0,Male,GBM,4,0.0,1.0,1.0,True
PatientID_0044,MU,True,,6.0,5.0,4.0,"1,2,3,4,5,6","21,86,184,269,357,477",,True,True,False,1,50.0,Female,GBM,4,2.0,0.0,1.0,True
PatientID_0045,MU,True,,4.0,3.0,3.0,"1,2,3,4","98,168,198,249",59.0,True,True,False,4,64.0,Male,GBM,4,0.0,1.0,0.0,True
PatientID_0046,MU,False,no pair in primary window with non-empty input core,1.0,0.0,0.0,1,25,,True,True,False,1,44.0,Male,GBM,4,4.0,0.0,0.0,True
PatientID_0047,MU,False,no pair in primary window with non-empty input core,1.0,0.0,0.0,1,58,36.0,True,True,False,2,71.0,Male,GBM,4,0.0,1.0,1.0,True
PatientID_0049,MU,False,no pair in primary window with non-empty input core,1.0,0.0,0.0,1,76,57.0,True,True,False,1,73.0,Female,GBM,4,4.0,1.0,0.0,True
PatientID_0051,MU,True,,3.0,2.0,2.0,"1,3,4","99,189,276",38.0,True,True,False,2,58.0,Female,GBM,4,1.0,1.0,1.0,True
PatientID_0052,MU,True,,2.0,1.0,1.0,"1,2","104,174",66.0,True,True,False,4,58.0,Female,GBM,4,1.0,1.0,1.0,True
PatientID_0053,MU,True,,5.0,4.0,3.0,"1,3,4,5,6","179,330,491,560,651",86.0,True,True,False,3,37.0,Female,GBM,4,1.0,1.0,0.0,True
PatientID_0054,MU,True,,2.0,1.0,1.0,"1,2","98,175",71.0,True,True,False,3,65.0,Female,GBM,4,1.0,1.0,1.0,True
PatientID_0055,MU,True,,4.0,3.0,3.0,"1,4,5,6","93,275,339,381",62.0,True,True,False,4,63.0,Male,GBM,4,0.0,1.0,1.0,True
PatientID_0056,MU,False,no pair in primary window with non-empty input core,1.0,0.0,0.0,2,188,66.0,True,True,False,4,66.0,Male,GBM,4,0.0,1.0,1.0,True
PatientID_0057,MU,False,no pair in primary window with non-empty input core,1.0,0.0,0.0,1,9,,True,True,False,1,85.0,Male,GBM,4,0.0,1.0,0.0,True
PatientID_0058,MU,False,no pair in primary window with non-empty input core,1.0,0.0,0.0,1,41,76.0,True,True,False,1,55.0,Male,GBM,4,2.0,1.0,1.0,True
PatientID_0059,MU,True,,3.0,2.0,1.0,"1,2,3","46,1155,1332",9.0,True,True,False,4,52.0,Female,GBM,4,1.0,1.0,0.0,True
PatientID_0060,MU,False,no pair in primary window with non-empty input core,2.0,1.0,0.0,"1,2","8,11",,True,True,False,2,65.0,Male,GBM,4,0.0,1.0,1.0,True
PatientID_0061,MU,False,no pair in primary window with non-empty input core,1.0,0.0,0.0,2,62,46.0,True,True,False,2,73.0,Female,GBM,4,1.0,1.0,0.0,True
PatientID_0062,MU,False,no pair in primary window with non-empty input core,2.0,1.0,0.0,"1,2","8,11",,True,True,False,3,65.0,Male,GBM,4,0.0,1.0,1.0,True
PatientID_0063,MU,False,no pair in primary window with non-empty input core,1.0,0.0,0.0,1,53,-701.0,True,True,False,0,60.0,Male,GBM,4,0.0,1.0,1.0,True
PatientID_0064,MU,True,,2.0,1.0,1.0,"1,2","56,140",107.0,True,True,False,2,64.0,Male,GBM,4,0.0,1.0,1.0,True
PatientID_0065,MU,True,,5.0,4.0,4.0,"1,2,3,4,5","62,76,139,219,346",41.0,True,True,False,3,63.0,Female,GBM,4,1.0,1.0,1.0,True
PatientID_0066,MU,True,,5.0,4.0,3.0,"1,2,3,5,6","44,107,215,385,579",,True,True,False,1,53.0,Female,GBM,4,0.0,0.0,0.0,True
PatientID_0067,MU,True,,2.0,1.0,1.0,"1,2","100,203",64.0,True,True,False,0,42.0,Male,GBM,4,1.0,1.0,0.0,True
PatientID_0068,MU,True,,5.0,4.0,4.0,"1,2,3,4,5","13,90,111,159,348",61.0,True,True,False,1,78.0,Female,GBM,4,0.0,1.0,1.0,True
PatientID_0069,MU,True,,5.0,4.0,4.0,"2,3,4,5,6","125,176,226,328,470",55.0,True,True,False,3,72.0,Male,GBM,4,1.0,1.0,0.0,True
PatientID_0070,MU,True,,4.0,3.0,2.0,"1,2,3,4","169,172,274,420",85.0,True,True,False,0,40.0,Male,GBM,4,0.0,1.0,0.0,True
PatientID_0071,MU,False,no pair in primary window with non-empty input core,1.0,0.0,0.0,1,0,,True,True,False,0,70.0,Male,GBM,4,1.0,0.0,0.0,True
PatientID_0072,MU,True,,3.0,2.0,2.0,"1,2,3","44,147,233",43.0,True,True,False,3,54.0,Male,GBM,4,0.0,1.0,1.0,True
PatientID_0073,MU,True,,4.0,3.0,3.0,"1,2,3,4","92,135,190,232",53.0,True,True,False,0,63.0,Male,GBM,4,1.0,1.0,1.0,True
PatientID_0074,MU,True,,6.0,5.0,5.0,"1,2,3,4,5,6","34,115,198,344,584,687",,True,True,False,4,44.0,Male,GBM,4,0.0,1.0,1.0,True
PatientID_0076,MU,True,,2.0,1.0,1.0,"1,2","36,77",56.0,True,True,False,2,73.0,Male,GBM,4,0.0,1.0,1.0,True
PatientID_0077,MU,False,no pair in primary window with non-empty input core,1.0,0.0,0.0,1,0,,True,True,False,1,86.0,Male,GBM,4,0.0,0.0,0.0,True
PatientID_0078,MU,True,,3.0,2.0,2.0,"1,2,3","-1,102,268",,True,True,False,1,65.0,Female,GBM,4,0.0,1.0,1.0,True
PatientID_0079,MU,True,,6.0,5.0,4.0,"1,2,3,4,5,6","68,93,105,156,210,429",57.0,True,True,False,0,69.0,Male,GBM,4,0.0,1.0,1.0,True
PatientID_0080,MU,True,,2.0,1.0,1.0,"1,2","71,102",44.0,True,True,False,2,78.0,Male,GBM,4,1.0,1.0,1.0,True
PatientID_0081,MU,False,non-increasing scan days,2.0,0.0,0.0,"1,2","24,-965",,True,True,False,2,50.0,Male,GBM,4,0.0,1.0,0.0,True
PatientID_0082,MU,True,,2.0,1.0,1.0,"1,2","79,207",73.0,True,True,False,2,57.0,Male,GBM,4,1.0,1.0,0.0,True
PatientID_0083,MU,True,,6.0,5.0,5.0,"1,2,3,4,5,6","36,75,113,193,207,225",29.0,True,True,False,2,71.0,Male,GBM,4,1.0,1.0,1.0,True
PatientID_0084,MU,True,,6.0,5.0,5.0,"1,2,3,4,5,6","-4,97,188,277,372,463",69.0,True,True,False,2,69.0,Male,GBM,4,0.0,1.0,1.0,True
PatientID_0085,MU,True,,4.0,3.0,3.0,"1,2,3,4","68,141,202,335",39.0,True,True,False,2,37.0,Male,GBM,4,0.0,1.0,0.0,True
PatientID_0086,MU,False,no pair in primary window with non-empty input core,1.0,0.0,0.0,1,0,,True,True,False,1,81.0,Male,GBM,4,0.0,0.0,0.0,True
PatientID_0087,MU,True,,3.0,2.0,2.0,"1,2,3","129,258,309",,True,True,False,1,61.0,Female,GBM,4,0.0,1.0,1.0,True
PatientID_0088,MU,False,no pair in primary window with non-empty input core,2.0,1.0,0.0,"1,2","0,11",,True,True,False,3,78.0,Female,GBM,4,1.0,0.0,1.0,True
PatientID_0089,MU,True,,6.0,5.0,4.0,"1,2,3,4,5,6","114,203,294,371,469,568",91.0,True,True,False,3,48.0,Male,GBM,4,0.0,1.0,1.0,True
PatientID_0090,MU,True,,2.0,1.0,1.0,"1,2","70,161",45.0,True,True,False,0,69.0,Male,GBM,4,0.0,1.0,1.0,True
PatientID_0091,MU,True,,2.0,1.0,1.0,"1,2","24,57",,True,True,False,3,76.0,Male,GBM,4,0.0,1.0,1.0,True
PatientID_0092,MU,True,,2.0,1.0,1.0,"1,2","53,88",26.0,True,True,False,4,54.0,Male,GBM,4,0.0,1.0,0.0,True
PatientID_0093,MU,True,,4.0,3.0,3.0,"1,2,3,4","109,172,229,265",21.0,True,True,False,3,61.0,Female,GBM,4,0.0,1.0,0.0,True
PatientID_0094,MU,True,,6.0,5.0,5.0,"1,2,3,4,5,6","179,270,313,350,397,651",48.0,True,True,False,4,52.0,Female,GBM,4,0.0,1.0,1.0,True
PatientID_0095,MU,True,,5.0,4.0,3.0,"1,2,3,4,6","70,150,157,267,388",44.0,True,True,False,1,59.0,Male,GBM,4,1.0,1.0,1.0,True
PatientID_0097,MU,True,,6.0,5.0,5.0,"1,2,3,4,5,6","85,154,196,254,275,311",59.0,True,True,False,3,67.0,Male,GBM,4,0.0,1.0,1.0,True
PatientID_0099,MU,True,,2.0,1.0,1.0,"1,2","0,49",,True,True,False,1,63.0,Male,GBM,4,1.0,0.0,1.0,True
PatientID_0101,MU,False,no pair in primary window with non-empty input core,1.0,0.0,0.0,1,0,,True,True,False,0,76.0,Male,GBM,4,1.0,0.0,0.0,True
PatientID_0103,MU,True,,6.0,5.0,4.0,"1,2,3,4,5,6","70,138,182,190,305,378",40.0,True,True,False,2,46.0,Female,GBM,4,0.0,1.0,1.0,True
PatientID_0105,MU,True,,6.0,5.0,5.0,"1,2,3,4,5,6","82,173,274,372,467,499",43.0,True,True,False,4,63.0,Male,GBM,4,0.0,1.0,0.0,True
PatientID_0106,MU,False,no pair in primary window with non-empty input core,1.0,0.0,0.0,2,43,,True,True,False,4,52.0,Female,GBM,4,0.0,0.0,1.0,True
PatientID_0108,MU,False,no pair in primary window with non-empty input core,1.0,0.0,0.0,1,0,,True,True,False,3,66.0,Male,GBM,4,0.0,0.0,1.0,True
PatientID_0109,MU,True,,4.0,3.0,3.0,"1,2,3,4","99,130,176,199",47.0,True,True,False,4,59.0,Female,GBM,4,0.0,1.0,1.0,True
PatientID_0110,MU,True,,3.0,2.0,1.0,"1,2,3","70,150,157",44.0,True,True,False,4,60.0,Male,GBM,4,1.0,1.0,1.0,True
PatientID_0111,MU,False,no pair in primary window with non-empty input core,1.0,0.0,0.0,1,0,,True,True,False,0,79.0,Male,GBM,4,1.0,0.0,1.0,True
PatientID_0112,MU,False,no pair in primary window with non-empty input core,1.0,0.0,0.0,1,0,,True,True,False,2,65.0,Male,GBM,4,0.0,0.0,1.0,True
PatientID_0113,MU,True,,3.0,2.0,2.0,"1,2,3","79,121,186",40.0,True,True,False,2,70.0,Male,GBM,4,0.0,1.0,1.0,True
PatientID_0114,MU,False,no pair in primary window with non-empty input core,2.0,1.0,0.0,"1,2","29,37",4.0,True,True,False,0,77.0,Male,GBM,4,1.0,1.0,1.0,True
PatientID_0115,MU,False,no pair in primary window with non-empty input core,1.0,0.0,0.0,1,3,54.0,True,True,False,4,23.0,Female,GBM,4,1.0,1.0,0.0,True
PatientID_0116,MU,True,,2.0,1.0,1.0,"1,2","84,133",46.0,True,True,False,0,81.0,Male,GBM,4,1.0,1.0,1.0,True
PatientID_0117,MU,True,,3.0,2.0,2.0,"1,2,3","85,154,196",59.0,True,True,False,1,68.0,Male,GBM,4,0.0,1.0,1.0,True
PatientID_0118,MU,True,,3.0,2.0,2.0,"1,2,3","91,181,280",50.0,True,True,False,2,66.0,Male,GBM,4,1.0,1.0,0.0,True
PatientID_0120,MU,False,no pair in primary window with non-empty input core,1.0,0.0,0.0,1,5,,True,True,False,3,70.0,Male,GBM,4,1.0,0.0,0.0,True
PatientID_0121,MU,True,,3.0,2.0,2.0,"1,2,3","179,270,313",48.0,True,True,False,1,52.0,Female,GBM,4,0.0,1.0,1.0,True
PatientID_0123,MU,False,no pair in primary window with non-empty input core,2.0,1.0,0.0,"1,2","91,103",42.0,True,True,False,4,69.0,Male,GBM,4,0.0,1.0,1.0,True
PatientID_0124,MU,False,no pair in primary window with non-empty input core,1.0,0.0,0.0,1,100,19.0,True,True,False,2,84.0,Male,GBM,4,1.0,1.0,1.0,True
PatientID_0125,MU,True,,2.0,1.0,1.0,"1,2","84,102",30.0,True,True,False,1,76.0,Male,GBM,4,0.0,1.0,1.0,True
PatientID_0126,MU,False,no pair in primary window with non-empty input core,1.0,0.0,0.0,1,3,,True,True,False,0,69.0,Female,GBM,4,1.0,0.0,0.0,True
PatientID_0130,MU,False,no pair in primary window with non-empty input core,1.0,0.0,0.0,1,4,,True,True,False,3,58.0,Male,GBM,4,0.0,1.0,0.0,True
PatientID_0132,MU,True,,3.0,2.0,2.0,"1,2,3","79,121,186",40.0,True,True,False,2,70.0,Male,GBM,4,0.0,1.0,1.0,True
PatientID_0133,MU,False,no pair in primary window with non-empty input core,1.0,0.0,0.0,1,-11,,True,True,False,1,64.0,Male,GBM,4,0.0,1.0,0.0,True
PatientID_0135,MU,True,,3.0,2.0,2.0,"1,2,3","64,117,182",49.0,True,True,False,3,64.0,Male,GBM,4,0.0,1.0,1.0,True
PatientID_0136,MU,True,,3.0,2.0,2.0,"1,2,3","15,69,90",71.0,True,True,False,2,51.0,Female,GBM,4,0.0,1.0,0.0,True
PatientID_0138,MU,True,,3.0,2.0,2.0,"1,2,3","-29,39,97",31.0,True,True,False,3,65.0,Male,GBM,4,0.0,1.0,1.0,True
PatientID_0139,MU,False,no pair in primary window with non-empty input core,1.0,0.0,0.0,1,5,,True,True,False,0,68.0,Male,GBM,4,1.0,1.0,1.0,True
PatientID_0140,MU,True,,3.0,2.0,2.0,"1,2,3","464,573,674",55.0,True,True,False,1,74.0,Male,GBM,4,0.0,1.0,0.0,True
PatientID_0141,MU,False,no pair in primary window with non-empty input core,1.0,0.0,0.0,1,6,,True,True,False,3,80.0,Male,GBM,4,1.0,0.0,1.0,True
PatientID_0142,MU,True,,2.0,1.0,1.0,"1,2","19,128",38.0,True,True,False,0,72.0,Male,GBM,4,0.0,1.0,0.0,True
PatientID_0143,MU,False,no pair in primary window with non-empty input core,1.0,0.0,0.0,1,3,,True,True,False,3,81.0,Female,GBM,4,1.0,0.0,1.0,True
PatientID_0144,MU,False,no pair in primary window with non-empty input core,1.0,0.0,0.0,1,6,,True,True,False,0,58.0,Female,GBM,4,2.0,0.0,0.0,True
PatientID_0145,MU,True,,2.0,1.0,1.0,"1,2","90,230",69.0,True,True,False,4,70.0,Male,GBM,4,0.0,1.0,1.0,True
PatientID_0147,MU,True,,3.0,2.0,2.0,"1,2,3","15,65,189",43.0,True,True,False,0,71.0,Female,GBM,4,1.0,1.0,0.0,True
PatientID_0148,MU,False,no pair in primary window with non-empty input core,2.0,1.0,0.0,"1,2","10,20",,True,True,False,0,61.0,Female,GBM,4,0.0,1.0,0.0,True
PatientID_0149,MU,True,,4.0,3.0,3.0,"1,2,3,4","52,97,169,232",34.0,True,True,False,2,47.0,Female,GBM,4,0.0,1.0,1.0,True
PatientID_0150,MU,True,,5.0,4.0,4.0,"1,2,3,4,6","102,193,235,328,543",56.0,True,True,False,1,59.0,Female,GBM,4,1.0,1.0,0.0,True
PatientID_0151,MU,True,,2.0,1.0,1.0,"1,2","4,63",18.0,True,True,False,3,70.0,Male,GBM,4,2.0,1.0,0.0,True
PatientID_0152,MU,True,,3.0,2.0,2.0,"1,2,3","104,150,248",66.0,True,True,False,2,59.0,Female,GBM,4,0.0,1.0,0.0,True
PatientID_0155,MU,False,no pair in primary window with non-empty input core,1.0,0.0,0.0,1,8,,True,True,False,4,58.0,Female,GBM,4,1.0,0.0,0.0,True
PatientID_0156,MU,False,no pair in primary window with non-empty input core,3.0,2.0,0.0,"1,2,3","80,136,220",60.0,True,True,False,0,66.0,Female,GBM,4,0.0,1.0,0.0,True
PatientID_0157,MU,True,,6.0,5.0,5.0,"1,2,3,4,5,6","11,64,90,152,250,334",34.0,True,True,False,2,62.0,Female,GBM,4,1.0,1.0,0.0,True
PatientID_0158,MU,False,no pair in primary window with non-empty input core,1.0,0.0,0.0,1,69,45.0,True,True,False,2,64.0,Male,GBM,4,0.0,1.0,1.0,True
PatientID_0159,MU,True,,4.0,3.0,3.0,"1,2,3,4","88,193,291,382",55.0,True,True,False,1,85.0,Male,GBM,4,1.0,1.0,0.0,True
PatientID_0160,MU,True,,2.0,1.0,1.0,"1,2","40,90",62.0,True,True,False,3,69.0,Male,GBM,4,1.0,1.0,1.0,True
PatientID_0161,MU,False,no pair in primary window with non-empty input core,1.0,0.0,0.0,1,142,62.0,True,True,False,4,78.0,Female,GBM,4,1.0,1.0,1.0,True
PatientID_0162,MU,True,,6.0,5.0,5.0,"1,2,3,4,5,6","90,152,208,264,348,404",62.0,True,True,False,2,66.0,Male,GBM,4,1.0,1.0,0.0,True
PatientID_0164,MU,True,,5.0,4.0,4.0,"1,2,3,4,5","8,29,84,147,164",46.0,True,True,False,1,78.0,Male,GBM,4,0.0,1.0,1.0,True
PatientID_0165,MU,False,no pair in primary window with non-empty input core,1.0,0.0,0.0,1,5,,True,True,False,4,62.0,Male,GBM,4,0.0,0.0,0.0,True
PatientID_0168,MU,False,no pair in primary window with non-empty input core,1.0,0.0,0.0,1,7,,True,True,False,0,82.0,Male,GBM,4,0.0,0.0,0.0,True
PatientID_0169,MU,True,,4.0,3.0,3.0,"1,2,3,4","78,106,147,172",58.0,True,True,False,2,77.0,Male,GBM,4,1.0,1.0,0.0,True
PatientID_0170,MU,True,,2.0,1.0,1.0,"1,2","87,178",57.0,True,True,False,0,61.0,Male,GBM,4,1.0,1.0,0.0,True
PatientID_0171,MU,True,,3.0,2.0,2.0,"1,2,3","45,79,153",29.0,True,True,False,0,68.0,Female,GBM,4,1.0,1.0,0.0,True
PatientID_0173,MU,True,,2.0,1.0,1.0,"1,2","21,46",,True,True,False,2,38.0,Female,GBM,4,0.0,0.0,0.0,True
PatientID_0174,MU,False,no pair in primary window with non-empty input core,1.0,0.0,0.0,1,2,,True,True,False,2,82.0,Female,GBM,4,0.0,0.0,1.0,True
PatientID_0186,MU,True,,6.0,5.0,5.0,"1,2,3,4,5,6","1,37,138,222,354,508",109.0,True,True,False,0,39.0,Female,Astrocytoma,2,4.0,0.0,0.0,False
PatientID_0187,MU,True,,2.0,1.0,1.0,"1,2","69,146",,True,True,False,3,48.0,Male,Astrocytoma,2,2.0,0.0,0.0,False
PatientID_0188,MU,True,,2.0,1.0,1.0,"1,2","19,45",70.0,True,True,False,1,63.0,Female,Astrocytoma,3,1.0,1.0,0.0,False
PatientID_0189,MU,True,,6.0,5.0,5.0,"1,2,3,4,5,6","323,505,529,673,753,855",615.0,True,True,False,1,64.0,Male,Pilocytic astrocytoma,1,4.0,1.0,1.0,False
PatientID_0191,MU,True,,3.0,2.0,1.0,"2,3,4","172,255,388",84.0,True,True,False,0,34.0,Male,Astrocytoma,3,2.0,1.0,1.0,False
PatientID_0192,MU,False,no pair in primary window with non-empty input core,3.0,2.0,0.0,"1,2,3","451,659,981",,True,True,False,4,53.0,Female,Astrocytoma,2,1.0,1.0,0.0,False
PatientID_0195,MU,False,no pair in primary window with non-empty input core,3.0,2.0,0.0,"1,2,3","88,227,303",199.0,True,True,False,0,38.0,Female,Astrocytoma,2,0.0,0.0,0.0,False
PatientID_0196,MU,True,,3.0,2.0,1.0,"1,2,3","79,182,436",,True,True,False,1,30.0,Male,Astrocytoma,2,1.0,0.0,0.0,False
PatientID_0197,MU,True,,3.0,2.0,1.0,"1,2,3","6,62,147",,True,True,False,3,31.0,Female,Astrocytoma,2,1.0,0.0,0.0,False
PatientID_0198,MU,True,,4.0,3.0,3.0,"1,2,3,4","88,110,186,237",73.0,True,True,False,3,31.0,Female,Diffuse glioma,4,0.0,1.0,0.0,False
PatientID_0199,MU,True,,3.0,2.0,2.0,"1,2,3","82,111,146",75.0,True,True,False,1,23.0,Female,Diffuse glioma,4,2.0,1.0,0.0,False
PatientID_0200,MU,False,no pair in primary window with non-empty input core,1.0,0.0,0.0,1,7,,True,True,False,1,65.0,Male,Diffuse glioma,4,0.0,0.0,0.0,False
PatientID_0201,MU,True,,6.0,5.0,5.0,"1,2,3,4,5,6","96,138,169,299,348,443",,True,True,False,4,45.0,Male,Diffuse glioma,4,4.0,1.0,0.0,False
PatientID_0202,MU,False,no pair in primary window with non-empty input core,3.0,2.0,0.0,"1,2,3","81,103,130",,True,True,False,1,32.0,Male,Astrocytoma,2,0.0,0.0,0.0,False
PatientID_0203,MU,False,no pair in primary window with non-empty input core,1.0,0.0,0.0,1,4,65.0,True,True,False,4,30.0,Female,Astrocytoma,3 vs 4,4.0,1.0,0.0,False
PatientID_0204,MU,True,,6.0,5.0,5.0,"1,2,3,4,5,6","3,80,136,227,288,340",54.0,True,True,False,2,24.0,Female,Diffuse glioma,4,1.0,1.0,0.0,False
PatientID_0205,MU,True,,5.0,4.0,4.0,"1,2,3,4,5","21,44,127,232,288",91.0,True,True,False,4,24.0,Female,Astrocytoma,2,0.0,1.0,0.0,False
PatientID_0206,MU,False,no pair in primary window with non-empty input core,1.0,0.0,0.0,1,4,,True,True,False,0,49.0,Male,Pilocytic astrocytoma,1,4.0,0.0,0.0,False
PatientID_0207,MU,True,,6.0,5.0,5.0,"1,2,3,4,5,6","-6,136,200,298,389,500",74.0,True,True,False,3,35.0,Male,Diffuse glioma,4,2.0,1.0,0.0,False
PatientID_0208,MU,False,no pair in primary window with non-empty input core,2.0,1.0,0.0,"1,2","111,482",,True,True,False,3,20.0,Male,Pilocytic astrocytoma,1,4.0,0.0,0.0,False
PatientID_0209,MU,True,,6.0,5.0,5.0,"1,2,3,4,5,6","11,108,192,241,255,318",72.0,True,True,False,3,45.0,Male,Diffuse glioma,4,1.0,1.0,0.0,False
PatientID_0210,MU,True,,5.0,4.0,4.0,"1,2,3,4,6","90,114,136,219,461",69.0,True,True,False,4,26.0,Female,Astrocytoma,2,0.0,1.0,1.0,False
PatientID_0211,MU,True,,3.0,2.0,1.0,"1,2,3","-2,11,31",,True,True,False,3,79.0,Female,Astrocytoma,2,0.0,1.0,0.0,False
PatientID_0212,MU,True,,3.0,2.0,2.0,"1,2,3","-2,52,103",,True,True,False,0,72.0,Male,Astrocytoma,2,0.0,0.0,1.0,False
PatientID_0213,MU,True,,5.0,4.0,3.0,"1,2,3,4,5","0,3,48,99,218",161.0,True,True,False,3,31.0,Male,Astrocytoma,2,1.0,1.0,0.0,False
PatientID_0214,MU,True,,6.0,5.0,5.0,"1,2,3,4,5,6","24,120,135,233,324,423",197.0,True,True,False,1,30.0,Male,Astrocytoma,2,0.0,1.0,0.0,False
PatientID_0215,MU,True,,6.0,5.0,5.0,"1,2,3,4,5,6","54,110,166,188,236,292",46.0,True,True,False,2,29.0,Female,Diffuse glioma,4,1.0,1.0,0.0,False
PatientID_0216,MU,False,no pair in primary window with non-empty input core,1.0,0.0,0.0,1,149,65.0,True,True,False,1,19.0,Female,Astrocytoma,2,0.0,0.0,0.0,False
PatientID_0220,MU,False,missing scan day,2.0,0.0,0.0,"1,6","192,",155.0,True,True,False,4,33.0,Female,Astrocytoma,2,0.0,1.0,0.0,False
PatientID_0235,MU,True,,3.0,2.0,1.0,"1,3,6","107,290,694",,True,True,False,4,32.0,Female,Astrocytoma,2,4.0,1.0,0.0,False
PatientID_0236,MU,True,,3.0,2.0,1.0,"1,3,6","105,231,498",153.0,True,True,False,0,25.0,Male,Astrocytoma,2,4.0,1.0,0.0,False
PatientID_0237,MU,False,no pair in primary window with non-empty input core,2.0,1.0,0.0,"1,3","-2,9",,True,True,False,3,71.0,Male,Diffuse glioma,4,0.0,0.0,0.0,False
PatientID_0238,MU,True,,3.0,2.0,2.0,"1,3,6","85,177,379",84.0,True,True,False,3,54.0,Female,GBM,4,0.0,1.0,0.0,True
PatientID_0239,MU,True,,3.0,2.0,1.0,"1,3,6","63,246,533",37.0,True,True,False,4,78.0,Female,GBM,4,4.0,1.0,1.0,True
PatientID_0240,MU,False,no pair in primary window with non-empty input core,3.0,2.0,0.0,"1,3,6","62,244,326",,True,True,False,0,72.0,Male,Astrocytoma,2,0.0,1.0,0.0,False
PatientID_0242,MU,True,,3.0,2.0,1.0,"1,3,6","105,350,1210",47.0,True,True,False,2,28.0,Female,Oligodendro-glioma,2,1.0,1.0,0.0,False
PatientID_0244,MU,False,no pair in primary window with non-empty input core,1.0,0.0,0.0,1,-17,,True,True,False,4,47.0,Female,Astrocytoma,2,0.0,0.0,0.0,False
PatientID_0249,MU,True,,2.0,1.0,1.0,"1,3","52,234",,True,True,False,2,48.0,Male,Astrocytoma,2,2.0,1.0,0.0,False
PatientID_0250,MU,True,,3.0,2.0,2.0,"1,2,3","104,174,188",66.0,True,True,False,3,59.0,Female,GBM,4,1.0,1.0,1.0,True
PatientID_0251,MU,True,,3.0,2.0,2.0,"1,2,3","13,90,111",61.0,True,True,False,0,78.0,Female,GBM,4,0.0,1.0,1.0,True
PatientID_0252,MU,True,,3.0,2.0,2.0,"1,2,3","92,135,190",53.0,True,True,False,1,63.0,Male,GBM,4,1.0,1.0,1.0,True
PatientID_0254,MU,True,,4.0,3.0,2.0,"1,2,3,4","70,138,182,190",40.0,True,True,False,0,46.0,Female,GBM,4,0.0,1.0,1.0,True
PatientID_0255,MU,False,no pair in primary window with non-empty input core,2.0,1.0,0.0,"1,2","-58,-2",,True,True,False,0,62.0,Female,Glioma w/ GBM features,4,4.0,0.0,1.0,True
PatientID_0256,MU,True,,5.0,4.0,4.0,"1,2,3,4,5","88,110,186,237,260",73.0,True,True,False,4,31.0,Female,Diffuse glioma,4,0.0,1.0,0.0,False
PatientID_0258,MU,False,missing scan day,1.0,0.0,0.0,1,,65.0,True,True,False,3,30.0,Female,Astrocytoma,3 vs 4,4.0,1.0,0.0,False
PatientID_0259,MU,True,,2.0,1.0,1.0,"1,2","43,176",,True,True,False,2,43.0,Male,Astrocytoma,2,0.0,1.0,1.0,False
PatientID_0260,MU,False,no pair in primary window with non-empty input core,2.0,1.0,0.0,"1,2","92,176",63.0,True,True,False,4,69.0,Female,GBM,4,0.0,1.0,0.0,True
PatientID_0261,MU,False,no pair in primary window with non-empty input core,1.0,0.0,0.0,1,78,,True,True,False,4,61.0,Female,Astrocytoma,2,4.0,0.0,0.0,False
PatientID_0264,MU,True,,2.0,1.0,1.0,"1,2","26,141",220.0,True,True,False,4,36.0,Male,Astrocytoma,2,1.0,1.0,0.0,False
PatientID_0265,MU,False,no pair in primary window with non-empty input core,2.0,1.0,0.0,"1,2","155,526",103.0,True,True,False,1,52.0,Male,Oligodendro-glioma,2,1.0,1.0,0.0,False
PatientID_0267,MU,True,,2.0,1.0,1.0,"1,2","90,152",62.0,True,True,False,4,66.0,Male,GBM,4,1.0,1.0,0.0,True
PatientID_0268,MU,False,no pair in primary window with non-empty input core,3.0,2.0,0.0,"1,3,6","-20,20,139",,True,True,False,2,62.0,Male,GBM,4,0.0,0.0,0.0,True
PatientID_0270,MU,True,,3.0,2.0,2.0,"1,3,6","97,293,426",,True,True,False,3,28.0,Male,Oligodendro-glioma,2,1.0,1.0,0.0,False
PatientID_0271,MU,True,,3.0,2.0,1.0,"1,3,6","42,192,381",,True,True,False,1,30.0,Female,Astrocytoma,2,4.0,0.0,0.0,False
PatientID_0272,MU,True,,3.0,2.0,2.0,"1,3,6","89,208,376",62.0,True,True,False,1,56.0,Female,GBM,4,0.0,0.0,0.0,True
PatientID_0273,MU,False,no pair in primary window with non-empty input core,1.0,0.0,0.0,1,87,59.0,True,True,False,1,29.0,Male,GBM,4,0.0,1.0,0.0,True
PatientID_0274,MU,True,,2.0,1.0,1.0,"1,3","87,232",57.0,True,True,False,4,61.0,Male,GBM,4,1.0,1.0,0.0,True
PatientID_0275,MU,True,,3.0,2.0,1.0,"1,3,6","104,236,319",112.0,True,True,False,1,43.0,Female,Oligodendro-glioma,2,1.0,0.0,0.0,False
Patient-001,LUMIERE,False,fewer than 3 rated follow-up scans,4.0,2.0,,"week-000-1,week-000-2,week-044,week-056","0,0,308,392",,False,False,True,-1,,,,,,,,
Patient-002,LUMIERE,True,,6.0,4.0,,"week-000,week-003,week-021,week-037,week-040-2,week-047","0,21,147,259,280,329",,False,False,True,-1,,,,,,,,
Patient-003,LUMIERE,True,,5.0,3.0,,"week-000-1,week-000-2,week-014,week-027,week-038","0,0,98,189,266",,False,False,True,-1,,,,,,,,
Patient-004,LUMIERE,True,,8.0,6.0,,"week-000-1,week-000-2,week-020,week-038,week-041,week-057,week-071,week-086","0,0,140,266,287,399,497,602",,False,False,True,-1,,,,,,,,
Patient-005,LUMIERE,False,fewer than 3 rated follow-up scans,3.0,1.0,,"week-000-1,week-000-2,week-015","0,0,105",,False,False,True,-1,,,,,,,,
Patient-006,LUMIERE,True,,14.0,12.0,,"week-000,week-001,week-015,week-027,week-039,week-053,week-067,week-083,week-097,week-112,week-114,week-121,week-131,week-135","0,7,105,189,273,371,469,581,679,784,798,847,917,945",,False,False,True,-1,,,,,,,,
Patient-007,LUMIERE,True,,10.0,8.0,,"week-000,week-001,week-015,week-028,week-041,week-055,week-064,week-075,week-089,week-105","0,7,105,196,287,385,448,525,623,735",,False,False,False,-1,,,,,,,,
Patient-008,LUMIERE,True,,5.0,3.0,,"week-000,week-002,week-017,week-066,week-085","0,14,119,462,595",,False,False,True,-1,,,,,,,,
Patient-009,LUMIERE,True,,7.0,5.0,,"week-000-1,week-000-2,week-014,week-015,week-024,week-026,week-066","0,0,98,105,168,182,462",,False,False,True,-1,,,,,,,,
Patient-010,LUMIERE,False,fewer than 3 rated follow-up scans,5.0,3.0,,"week-000,week-001,week-001,week-002,week-015","0,7,7,14,105",,False,False,True,-1,,,,,,,,
Patient-011,LUMIERE,False,fewer than 3 rated follow-up scans,5.0,3.0,,"week-000,week-003,week-021,week-024,week-028","0,21,147,168,196",,False,False,True,-1,,,,,,,,
Patient-012,LUMIERE,True,,7.0,5.0,,"week-000-1,week-000-2,week-016,week-022,week-048,week-073,week-084","0,0,112,154,336,511,588",,False,False,False,-1,,,,,,,,
Patient-013,LUMIERE,False,fewer than 3 rated follow-up scans,4.0,2.0,,"week-000,week-002,week-017,week-030","0,14,119,210",,False,False,True,-1,,,,,,,,
Patient-014,LUMIERE,False,fewer than 3 rated follow-up scans,3.0,1.0,,"week-000,week-001,week-012","0,7,84",,False,False,True,-1,,,,,,,,
Patient-015,LUMIERE,True,,14.0,12.0,,"week-000-1,week-000-2,week-021,week-037,week-056,week-078,week-083,week-084,week-099,week-111,week-126,week-140,week-145,week-146","0,0,147,259,392,546,581,588,693,777,882,980,1015,1022",,False,False,True,-1,,,,,,,,
Patient-016,LUMIERE,False,fewer than 3 rated follow-up scans,2.0,0.0,,"week-000-1,week-000-2","0,0",,False,False,False,-1,,,,,,,,
Patient-017,LUMIERE,False,fewer than 3 rated follow-up scans,4.0,2.0,,"week-000,week-001,week-016,week-035","0,7,112,245",,False,False,False,-1,,,,,,,,
Patient-018,LUMIERE,True,,6.0,4.0,,"week-000,week-003,week-017,week-034,week-063,week-082","0,21,119,238,441,574",,False,False,True,-1,,,,,,,,
Patient-019,LUMIERE,True,,12.0,10.0,,"week-000,week-005,week-015,week-022,week-031,week-055,week-061,week-075,week-090,week-117,week-137,week-138","0,35,105,154,217,385,427,525,630,819,959,966",,False,False,True,-1,,,,,,,,
Patient-020,LUMIERE,False,fewer than 3 rated follow-up scans,2.0,0.0,,"week-000,week-000-1","0,0",,False,False,False,-1,,,,,,,,
Patient-021,LUMIERE,False,fewer than 3 rated follow-up scans,4.0,2.0,,"week-000-1,week-000-2,week-022,week-035","0,0,154,245",,False,False,True,-1,,,,,,,,
Patient-022,LUMIERE,True,,6.0,4.0,,"week-000,week-001,week-037,week-039,week-045,week-053","0,7,259,273,315,371",,False,False,True,-1,,,,,,,,
Patient-023,LUMIERE,True,,14.0,12.0,,"week-000,week-001,week-024,week-039,week-046,week-059,week-070,week-084,week-097,week-099,week-111,week-115,week-116,week-127","0,7,168,273,322,413,490,588,679,693,777,805,812,889",,False,False,True,-1,,,,,,,,
Patient-024,LUMIERE,True,,6.0,4.0,,"week-000,week-001,week-015,week-031,week-043,week-060","0,7,105,217,301,420",,False,False,True,-1,,,,,,,,
Patient-025,LUMIERE,True,,7.0,5.0,,"week-000,week-002,week-019,week-030,week-043,week-055,week-070","0,14,133,210,301,385,490",,False,False,True,-1,,,,,,,,
Patient-026,LUMIERE,False,fewer than 3 rated follow-up scans,3.0,1.0,,"week-000,week-002,week-069","0,14,483",,False,False,False,-1,,,,,,,,
Patient-027,LUMIERE,False,fewer than 3 rated follow-up scans,3.0,1.0,,"week-000-1,week-000-2,week-014","0,0,98",,False,False,True,-1,,,,,,,,
Patient-028,LUMIERE,True,,6.0,4.0,,"week-000-1,week-000-2,week-015,week-030,week-038,week-046","0,0,105,210,266,322",,False,False,True,-1,,,,,,,,
Patient-029,LUMIERE,True,,14.0,12.0,,"week-000-1,week-000-2,week-010,week-022,week-033,week-045,week-059,week-100,week-112,week-152,week-165,week-207,week-223,week-240","0,0,70,154,231,315,413,700,784,1064,1155,1449,1561,1680",,False,False,True,-1,,,,,,,,
Patient-030,LUMIERE,True,,8.0,6.0,,"week-000,week-001,week-017,week-025,week-041,week-052,week-067,week-085","0,7,119,175,287,364,469,595",,False,False,True,-1,,,,,,,,
Patient-031,LUMIERE,True,,18.0,16.0,,"week-000,week-002,week-015,week-018,week-032,week-046,week-059,week-074,week-087,week-105,week-123,week-142,week-148,week-151,week-165,week-170,week-184,week-190","0,14,105,126,224,322,413,518,609,735,861,994,1036,1057,1155,1190,1288,1330",,False,False,True,-1,,,,,,,,
Patient-032,LUMIERE,True,,13.0,11.0,,"week-000-1,week-000-2,week-013,week-027,week-040,week-044,week-046,week-055,week-067,week-069,week-075,week-085,week-096","0,0,91,189,280,308,322,385,469,483,525,595,672",,False,False,True,-1,,,,,,,,
Patient-033,LUMIERE,True,,10.0,8.0,,"week-000,week-002,week-006,week-011,week-031,week-049,week-063,week-076,week-084,week-088","0,14,42,77,217,343,441,532,588,616",,False,False,True,-1,,,,,,,,
Patient-034,LUMIERE,True,,7.0,5.0,,"week-000-1,week-000-2,week-014,week-028,week-040,week-044,week-058","0,0,98,196,280,308,406",,False,False,True,-1,,,,,,,,
Patient-035,LUMIERE,True,,7.0,5.0,,"week-000-1,week-000-2,week-008,week-019,week-024,week-036,week-050","0,0,56,133,168,252,350",,False,False,True,-1,,,,,,,,
Patient-036,LUMIERE,False,fewer than 3 rated follow-up scans,3.0,1.0,,"week-000,week-002,week-005","0,14,35",,False,False,False,-1,,,,,,,,
Patient-037,LUMIERE,True,,8.0,6.0,,"week-000-1,week-000-2,week-002,week-015,week-025,week-029,week-037,week-049","0,0,14,105,175,203,259,343",,False,False,False,-1,,,,,,,,
Patient-038,LUMIERE,False,fewer than 3 rated follow-up scans,3.0,1.0,,"week-000,week-002,week-023","0,14,161",,False,False,True,-1,,,,,,,,
Patient-039,LUMIERE,False,fewer than 3 rated follow-up scans,4.0,2.0,,"week-000-1,week-000-2,week-017,week-044","0,0,119,308",,False,False,False,-1,,,,,,,,
Patient-040,LUMIERE,False,fewer than 3 rated follow-up scans,4.0,2.0,,"week-000,week-001,week-015,week-028","0,7,105,196",,False,False,True,-1,,,,,,,,
Patient-041,LUMIERE,True,,5.0,3.0,,"week-000,week-002,week-020,week-038,week-051","0,14,140,266,357",,False,False,True,-1,,,,,,,,
Patient-042,LUMIERE,True,,14.0,12.0,,"week-000-1,week-000-2,week-004,week-010,week-010,week-022,week-035,week-055,week-060,week-061-1,week-061-2,week-078,week-081,week-082","0,0,28,70,70,154,245,385,420,427,427,546,567,574",,False,False,True,-1,,,,,,,,
Patient-043,LUMIERE,True,,12.0,10.0,,"week-000,week-018,week-030,week-041,week-053,week-067,week-070,week-084,week-098,week-106,week-106,week-116","0,126,210,287,371,469,490,588,686,742,742,812",,False,False,True,-1,,,,,,,,
Patient-044,LUMIERE,False,fewer than 3 rated follow-up scans,2.0,0.0,,"week-000-1,week-000-2","0,0",,False,False,True,-1,,,,,,,,
Patient-045,LUMIERE,False,fewer than 3 rated follow-up scans,4.0,2.0,,"week-000-1,week-000-2,week-017,week-028","0,0,119,196",,False,False,True,-1,,,,,,,,
Patient-046,LUMIERE,False,fewer than 3 rated follow-up scans,4.0,2.0,,"week-000,week-001,week-016,week-064","0,7,112,448",,False,False,True,-1,,,,,,,,
Patient-047,LUMIERE,False,fewer than 3 rated follow-up scans,2.0,0.0,,"week-000-1,week-000-2","0,0",,False,False,True,-1,,,,,,,,
Patient-048,LUMIERE,True,,6.0,4.0,,"week-000-1,week-000-2,week-013,week-023,week-045,week-049","0,0,91,161,315,343",,False,False,True,-1,,,,,,,,
Patient-049,LUMIERE,True,,5.0,3.0,,"week-000,week-003,week-019,week-029,week-046","0,21,133,203,322",,False,False,True,-1,,,,,,,,
Patient-050,LUMIERE,False,fewer than 3 rated follow-up scans,5.0,3.0,,"week-000,week-001,week-048,week-051,week-061","0,7,336,357,427",,False,False,True,-1,,,,,,,,
Patient-051,LUMIERE,True,,10.0,8.0,,"week-000-1,week-000-2,week-012,week-023,week-036,week-050,week-064,week-077,week-089,week-103","0,0,84,161,252,350,448,539,623,721",,False,False,True,-1,,,,,,,,
Patient-052,LUMIERE,True,,8.0,6.0,,"week-000,week-002,week-089,week-115,week-119,week-133,week-148,week-168","0,14,623,805,833,931,1036,1176",,False,False,True,-1,,,,,,,,
Patient-053,LUMIERE,False,fewer than 3 rated follow-up scans,2.0,0.0,,"week-000-1,week-000-2","0,0",,False,False,True,-1,,,,,,,,
Patient-054,LUMIERE,True,,10.0,8.0,,"week-000,week-002,week-014,week-026,week-028,week-036,week-043,week-053,week-066,week-077","0,14,98,182,196,252,301,371,462,539",,False,False,True,-1,,,,,,,,
Patient-055,LUMIERE,True,,9.0,7.0,,"week-000-1,week-000-3,week-017,week-039,week-054,week-067,week-084,week-099,week-118","0,0,119,273,378,469,588,693,826",,False,False,True,-1,,,,,,,,
Patient-056,LUMIERE,False,fewer than 3 rated follow-up scans,2.0,0.0,,"week-000-1,week-000-2","0,0",,False,False,True,-1,,,,,,,,
Patient-057,LUMIERE,False,fewer than 3 rated follow-up scans,2.0,0.0,,"week-000-1,week-000-2","0,0",,False,False,True,-1,,,,,,,,
Patient-058,LUMIERE,True,,5.0,3.0,,"week-000,week-002,week-015,week-027,week-036","0,14,105,189,252",,False,False,True,-1,,,,,,,,
Patient-059,LUMIERE,True,,12.0,10.0,,"week-000,week-001,week-014,week-024,week-040,week-055,week-068,week-084,week-100,week-116,week-136,week-148","0,7,98,168,280,385,476,588,700,812,952,1036",,False,False,True,-1,,,,,,,,
Patient-060,LUMIERE,True,,8.0,5.0,,"week-000,week-001,week-031,week-052,week-065,week-069,week-070,week-088","0,7,217,364,455,483,490,616",,False,False,True,-1,,,,,,,,
Patient-061,LUMIERE,True,,6.0,4.0,,"week-000-1,week-000-2,week-022,week-027,week-034,week-054","0,0,154,189,238,378",,False,False,True,-1,,,,,,,,
Patient-062,LUMIERE,True,,8.0,6.0,,"week-000-1,week-000-2,week-015,week-030,week-042,week-050,week-057,week-064","0,0,105,210,294,350,399,448",,False,False,True,-1,,,,,,,,
Patient-063,LUMIERE,True,,12.0,10.0,,"week-000,week-002,week-015,week-034,week-047,week-077,week-091,week-105,week-118,week-130,week-168,week-178","0,14,105,238,329,539,637,735,826,910,1176,1246",,False,False,True,-1,,,,,,,,
Patient-064,LUMIERE,True,,6.0,4.0,,"week-000,week-002,week-020,week-033,week-049,week-062","0,14,140,231,343,434",,False,False,True,-1,,,,,,,,
Patient-065,LUMIERE,True,,8.0,6.0,,"week-000-1,week-000-2,week-014,week-021,week-025,week-029,week-079,week-102","0,0,98,147,175,203,553,714",,False,False,True,-1,,,,,,,,
Patient-066,LUMIERE,True,,10.0,8.0,,"week-000,week-001,week-016,week-031,week-046,week-050,week-068,week-084,week-101,week-128","0,7,112,217,322,350,476,588,707,896",,False,False,True,-1,,,,,,,,
Patient-067,LUMIERE,True,,21.0,19.0,,"week-000-1,week-000-2,week-013,week-019-1,week-019-2,week-033,week-042,week-053,week-059,week-068,week-073,week-077,week-079,week-092,week-109,week-124,week-136,week-152,week-156,week-157,week-167","0,0,91,133,133,231,294,371,413,476,511,539,553,644,763,868,952,1064,1092,1099,1169",,False,False,True,-1,,,,,,,,
Patient-068,LUMIERE,True,,7.0,5.0,,"week-000,week-000-1,week-004,week-010,week-022,week-035,week-047","0,0,28,70,154,245,329",,False,False,True,-1,,,,,,,,
Patient-069,LUMIERE,False,fewer than 3 rated follow-up scans,2.0,0.0,,"week-000,week-001","0,7",,False,False,True,-1,,,,,,,,
Patient-070,LUMIERE,True,,6.0,4.0,,"week-000,week-004,week-005,week-019,week-044,week-061","0,28,35,133,308,427",,False,False,True,-1,,,,,,,,
Patient-071,LUMIERE,True,,8.0,6.0,,"week-000,week-000-2,week-024,week-027,week-037,week-052,week-058,week-062","0,0,168,189,259,364,406,434",,False,False,True,-1,,,,,,,,
Patient-072,LUMIERE,True,,13.0,11.0,,"week-000-1,week-000-2,week-013,week-021,week-029,week-037,week-046,week-055,week-064,week-073,week-078,week-090,week-105","0,0,91,147,203,259,322,385,448,511,546,630,735",,False,False,True,-1,,,,,,,,
Patient-073,LUMIERE,True,,17.0,15.0,,"week-000,week-001,week-015,week-032,week-046,week-060,week-087,week-100,week-119,week-135,week-155,week-169,week-186,week-202,week-216,week-228,week-242","0,7,105,224,322,420,609,700,833,945,1085,1183,1302,1414,1512,1596,1694",,False,False,True,-1,,,,,,,,
Patient-074,LUMIERE,True,,5.0,3.0,,"week-000-1,week-000-2,week-011,week-026,week-039","0,0,77,182,273",,False,False,True,-1,,,,,,,,
Patient-075,LUMIERE,True,,5.0,3.0,,"week-000,week-002,week-020,week-032,week-044","0,14,140,224,308",,False,False,True,-1,,,,,,,,
Patient-076,LUMIERE,False,fewer than 3 rated follow-up scans,2.0,0.0,,"week-000,week-001","0,7",,False,False,True,-1,,,,,,,,
Patient-077,LUMIERE,True,,8.0,6.0,,"week-000,week-001,week-014,week-026,week-048,week-062,week-070,week-083","0,7,98,182,336,434,490,581",,False,False,True,-1,,,,,,,,
Patient-078,LUMIERE,True,,17.0,15.0,,"week-000,week-001,week-005,week-019,week-029,week-037,week-039,week-041,week-045,week-056,week-062,week-076,week-088,week-106,week-113,week-116,week-119","0,7,35,133,203,259,273,287,315,392,434,532,616,742,791,812,833",,False,False,False,-1,,,,,,,,
Patient-079,LUMIERE,False,fewer than 3 rated follow-up scans,3.0,1.0,,"week-000,week-014,week-053","0,98,371",,False,False,True,-1,,,,,,,,
Patient-080,LUMIERE,False,fewer than 3 rated follow-up scans,3.0,1.0,,"week-000,week-001,week-018","0,7,126",,False,False,True,-1,,,,,,,,
Patient-081,LUMIERE,False,fewer than 3 rated follow-up scans,3.0,1.0,,"week-000-1,week-000-2,week-006","0,0,42",,False,False,True,-1,,,,,,,,
Patient-082,LUMIERE,False,fewer than 3 rated follow-up scans,4.0,2.0,,"week-000-1,week-000-2,week-003,week-042","0,0,21,294",,False,False,True,-1,,,,,,,,
Patient-083,LUMIERE,False,fewer than 3 rated follow-up scans,3.0,1.0,,"week-000,week-002,week-022","0,14,154",,False,False,True,-1,,,,,,,,
Patient-084,LUMIERE,False,fewer than 3 rated follow-up scans,3.0,1.0,,"week-000-1,week-000-2,week-012","0,0,84",,False,False,True,-1,,,,,,,,
Patient-085,LUMIERE,True,,6.0,4.0,,"week-000-1,week-000-2,week-001,week-018,week-042,week-050","0,0,7,126,294,350",,False,False,True,-1,,,,,,,,
Patient-086,LUMIERE,False,fewer than 3 rated follow-up scans,5.0,3.0,,"week-000,week-001,week-173-1,week-173-2,week-181","0,7,1211,1211,1267",,False,False,True,-1,,,,,,,,
Patient-087,LUMIERE,False,fewer than 3 rated follow-up scans,4.0,2.0,,"week-000-1,week-000-2,week-024,week-039","0,0,168,273",,False,False,True,-1,,,,,,,,
Patient-088,LUMIERE,False,fewer than 3 rated follow-up scans,2.0,0.0,,"week-000-1,week-000-2","0,0",,False,False,True,-1,,,,,,,,
Patient-089,LUMIERE,True,,9.0,7.0,,"week-000-1,week-000-2,week-013,week-026,week-039,week-045,week-046,week-056,week-064","0,0,91,182,273,315,322,392,448",,False,False,True,-1,,,,,,,,
Patient-090,LUMIERE,False,fewer than 3 rated follow-up scans,3.0,1.0,,"week-000-1,week-000-2,week-029","0,0,203",,False,False,True,-1,,,,,,,,
Patient-091,LUMIERE,True,,6.0,4.0,,"week-000,week-001,week-014,week-026,week-036,week-043","0,7,98,182,252,301",,False,False,False,-1,,,,,,,,
RHUH-0001,RHUH,,not yet screened,,,,,,,,,False,-1,,,,,,,,
RHUH-0002,RHUH,,not yet screened,,,,,,,,,False,-1,,,,,,,,
RHUH-0003,RHUH,,not yet screened,,,,,,,,,False,-1,,,,,,,,
RHUH-0004,RHUH,,not yet screened,,,,,,,,,False,-1,,,,,,,,
RHUH-0005,RHUH,,not yet screened,,,,,,,,,False,-1,,,,,,,,
RHUH-0006,RHUH,,not yet screened,,,,,,,,,False,-1,,,,,,,,
RHUH-0007,RHUH,,not yet screened,,,,,,,,,False,-1,,,,,,,,
RHUH-0008,RHUH,,not yet screened,,,,,,,,,False,-1,,,,,,,,
RHUH-0009,RHUH,,not yet screened,,,,,,,,,False,-1,,,,,,,,
RHUH-0010,RHUH,,not yet screened,,,,,,,,,False,-1,,,,,,,,
RHUH-0011,RHUH,,not yet screened,,,,,,,,,False,-1,,,,,,,,
RHUH-0012,RHUH,,not yet screened,,,,,,,,,False,-1,,,,,,,,
RHUH-0013,RHUH,,not yet screened,,,,,,,,,False,-1,,,,,,,,
RHUH-0014,RHUH,,not yet screened,,,,,,,,,False,-1,,,,,,,,
RHUH-0015,RHUH,,not yet screened,,,,,,,,,False,-1,,,,,,,,
RHUH-0016,RHUH,,not yet screened,,,,,,,,,False,-1,,,,,,,,
RHUH-0017,RHUH,,not yet screened,,,,,,,,,False,-1,,,,,,,,
RHUH-0018,RHUH,,not yet screened,,,,,,,,,False,-1,,,,,,,,
RHUH-0019,RHUH,,not yet screened,,,,,,,,,False,-1,,,,,,,,
RHUH-0020,RHUH,,not yet screened,,,,,,,,,False,-1,,,,,,,,
RHUH-0021,RHUH,,not yet screened,,,,,,,,,False,-1,,,,,,,,
RHUH-0022,RHUH,,not yet screened,,,,,,,,,False,-1,,,,,,,,
RHUH-0023,RHUH,,not yet screened,,,,,,,,,False,-1,,,,,,,,
RHUH-0024,RHUH,,not yet screened,,,,,,,,,False,-1,,,,,,,,
RHUH-0025,RHUH,,not yet screened,,,,,,,,,False,-1,,,,,,,,
RHUH-0026,RHUH,,not yet screened,,,,,,,,,False,-1,,,,,,,,
RHUH-0027,RHUH,,not yet screened,,,,,,,,,False,-1,,,,,,,,
RHUH-0028,RHUH,,not yet screened,,,,,,,,,False,-1,,,,,,,,
RHUH-0029,RHUH,,not yet screened,,,,,,,,,False,-1,,,,,,,,
RHUH-0030,RHUH,,not yet screened,,,,,,,,,False,-1,,,,,,,,
RHUH-0031,RHUH,,not yet screened,,,,,,,,,False,-1,,,,,,,,
RHUH-0032,RHUH,,not yet screened,,,,,,,,,False,-1,,,,,,,,
RHUH-0033,RHUH,,not yet screened,,,,,,,,,False,-1,,,,,,,,
RHUH-0034,RHUH,,not yet screened,,,,,,,,,False,-1,,,,,,,,
RHUH-0035,RHUH,,not yet screened,,,,,,,,,False,-1,,,,,,,,
RHUH-0036,RHUH,,not yet screened,,,,,,,,,False,-1,,,,,,,,
RHUH-0037,RHUH,,not yet screened,,,,,,,,,False,-1,,,,,,,,
RHUH-0038,RHUH,,not yet screened,,,,,,,,,False,-1,,,,,,,,
RHUH-0039,RHUH,,not yet screened,,,,,,,,,False,-1,,,,,,,,
RHUH-0040,RHUH,,not yet screened,,,,,,,,,False,-1,,,,,,,,
TCGA-02-0001-01,TCGA-GBM,,survival cohort; see script 36-37,0.0,,,,,,,False,,-1,,,,,,,,
TCGA-02-0003-01,TCGA-GBM,,survival cohort; see script 36-37,0.0,,,,,,,False,,-1,,,,,,,,
TCGA-02-0007-01,TCGA-GBM,,survival cohort; see script 36-37,0.0,,,,,,,False,,-1,,,,,,,,
TCGA-02-0009-01,TCGA-GBM,,survival cohort; see script 36-37,0.0,,,,,,,False,,-1,,,,,,,,
TCGA-02-0010-01,TCGA-GBM,,survival cohort; see script 36-37,0.0,,,,,,,False,,-1,,,,,,,,
TCGA-02-0011-01,TCGA-GBM,,survival cohort; see script 36-37,0.0,,,,,,,False,,-1,,,,,,,,
TCGA-02-0014-01,TCGA-GBM,,survival cohort; see script 36-37,0.0,,,,,,,False,,-1,,,,,,,,
TCGA-02-0015-01,TCGA-GBM,,survival cohort; see script 36-37,0.0,,,,,,,False,,-1,,,,,,,,
TCGA-02-0016-01,TCGA-GBM,,survival cohort; see script 36-37,0.0,,,,,,,False,,-1,,,,,,,,
TCGA-02-0021-01,TCGA-GBM,,survival cohort; see script 36-37,0.0,,,,,,,False,,-1,,,,,,,,
TCGA-02-0023-01,TCGA-GBM,,survival cohort; see script 36-37,0.0,,,,,,,False,,-1,,,,,,,,
TCGA-02-0024-01,TCGA-GBM,,survival cohort; see script 36-37,0.0,,,,,,,False,,-1,,,,,,,,
TCGA-02-0025-01,TCGA-GBM,,survival cohort; see script 36-37,0.0,,,,,,,False,,-1,,,,,,,,
TCGA-02-0026-01,TCGA-GBM,,survival cohort; see script 36-37,0.0,,,,,,,False,,-1,,,,,,,,
TCGA-02-0027-01,TCGA-GBM,,survival cohort; see script 36-37,0.0,,,,,,,False,,-1,,,,,,,,
TCGA-02-0028-01,TCGA-GBM,,survival cohort; see script 36-37,0.0,,,,,,,False,,-1,,,,,,,,
TCGA-02-0033-01,TCGA-GBM,,survival cohort; see script 36-37,0.0,,,,,,,False,,-1,,,,,,,,
TCGA-02-0034-01,TCGA-GBM,,survival cohort; see script 36-37,0.0,,,,,,,False,,-1,,,,,,,,
TCGA-02-0038-01,TCGA-GBM,,survival cohort; see script 36-37,0.0,,,,,,,False,,-1,,,,,,,,
TCGA-02-0039-01,TCGA-GBM,,survival cohort; see script 36-37,0.0,,,,,,,False,,-1,,,,,,,,
TCGA-02-0043-01,TCGA-GBM,,survival cohort; see script 36-37,0.0,,,,,,,False,,-1,,,,,,,,
TCGA-02-0046-01,TCGA-GBM,,survival cohort; see script 36-37,0.0,,,,,,,False,,-1,,,,,,,,
TCGA-02-0047-01,TCGA-GBM,,survival cohort; see script 36-37,0.0,,,,,,,False,,-1,,,,,,,,
TCGA-02-0048-01,TCGA-GBM,,survival cohort; see script 36-37,0.0,,,,,,,False,,-1,,,,,,,,
TCGA-02-0051-01,TCGA-GBM,,survival cohort; see script 36-37,0.0,,,,,,,False,,-1,,,,,,,,
TCGA-02-0052-01,TCGA-GBM,,survival cohort; see script 36-37,0.0,,,,,,,False,,-1,,,,,,,,
TCGA-02-0054-01,TCGA-GBM,,survival cohort; see script 36-37,0.0,,,,,,,False,,-1,,,,,,,,
TCGA-02-0057-01,TCGA-GBM,,survival cohort; see script 36-37,0.0,,,,,,,False,,-1,,,,,,,,
TCGA-02-0058-01,TCGA-GBM,,survival cohort; see script 36-37,0.0,,,,,,,False,,-1,,,,,,,,
TCGA-02-0059-01,TCGA-GBM,,survival cohort; see script 36-37,0.0,,,,,,,False,,-1,,,,,,,,
TCGA-02-0060-01,TCGA-GBM,,survival cohort; see script 36-37,0.0,,,,,,,False,,-1,,,,,,,,
TCGA-02-0064-01,TCGA-GBM,,survival cohort; see script 36-37,0.0,,,,,,,False,,-1,,,,,,,,
TCGA-02-0068-01,TCGA-GBM,,survival cohort; see script 36-37,0.0,,,,,,,False,,-1,,,,,,,,
TCGA-02-0069-01,TCGA-GBM,,survival cohort; see script 36-37,0.0,,,,,,,False,,-1,,,,,,,,
TCGA-02-0070-01,TCGA-GBM,,survival cohort; see script 36-37,0.0,,,,,,,False,,-1,,,,,,,,
TCGA-02-0071-01,TCGA-GBM,,survival cohort; see script 36-37,0.0,,,,,,,False,,-1,,,,,,,,
TCGA-02-0074-01,TCGA-GBM,,survival cohort; see script 36-37,0.0,,,,,,,False,,-1,,,,,,,,
TCGA-02-0075-01,TCGA-GBM,,survival cohort; see script 36-37,0.0,,,,,,,False,,-1,,,,,,,,
TCGA-02-0079-01,TCGA-GBM,,survival cohort; see script 36-37,0.0,,,,,,,False,,-1,,,,,,,,
TCGA-02-0080-01,TCGA-GBM,,survival cohort; see script 36-37,0.0,,,,,,,False,,-1,,,,,,,,
TCGA-02-0083-01,TCGA-GBM,,survival cohort; see script 36-37,0.0,,,,,,,False,,-1,,,,,,,,
TCGA-02-0084-01,TCGA-GBM,,survival cohort; see script 36-37,0.0,,,,,,,False,,-1,,,,,,,,
TCGA-02-0085-01,TCGA-GBM,,survival cohort; see script 36-37,0.0,,,,,,,False,,-1,,,,,,,,
TCGA-02-0086-01,TCGA-GBM,,survival cohort; see script 36-37,0.0,,,,,,,False,,-1,,,,,,,,
TCGA-02-0087-01,TCGA-GBM,,survival cohort; see script 36-37,0.0,,,,,,,False,,-1,,,,,,,,
TCGA-02-0089-01,TCGA-GBM,,survival cohort; see script 36-37,0.0,,,,,,,False,,-1,,,,,,,,
TCGA-02-0099-01,TCGA-GBM,,survival cohort; see script 36-37,0.0,,,,,,,False,,-1,,,,,,,,
TCGA-02-0102-01,TCGA-GBM,,survival cohort; see script 36-37,0.0,,,,,,,False,,-1,,,,,,,,
TCGA-02-0104-01,TCGA-GBM,,survival cohort; see script 36-37,0.0,,,,,,,False,,-1,,,,,,,,
TCGA-02-0106-01,TCGA-GBM,,survival cohort; see script 36-37,0.0,,,,,,,False,,-1,,,,,,,,
TCGA-02-0107-01,TCGA-GBM,,survival cohort; see script 36-37,0.0,,,,,,,False,,-1,,,,,,,,
TCGA-02-0111-01,TCGA-GBM,,survival cohort; see script 36-37,0.0,,,,,,,False,,-1,,,,,,,,
TCGA-02-0113-01,TCGA-GBM,,survival cohort; see script 36-37,0.0,,,,,,,False,,-1,,,,,,,,
TCGA-02-0114-01,TCGA-GBM,,survival cohort; see script 36-37,0.0,,,,,,,False,,-1,,,,,,,,
TCGA-02-0115-01,TCGA-GBM,,survival cohort; see script 36-37,0.0,,,,,,,False,,-1,,,,,,,,
TCGA-02-0116-01,TCGA-GBM,,survival cohort; see script 36-37,0.0,,,,,,,False,,-1,,,,,,,,
TCGA-02-0258-01,TCGA-GBM,,survival cohort; see script 36-37,0.0,,,,,,,False,,-1,,,,,,,,
TCGA-02-0260-01,TCGA-GBM,,survival cohort; see script 36-37,0.0,,,,,,,False,,-1,,,,,,,,
TCGA-02-0266-01,TCGA-GBM,,survival cohort; see script 36-37,0.0,,,,,,,False,,-1,,,,,,,,
TCGA-02-0269-01,TCGA-GBM,,survival cohort; see script 36-37,0.0,,,,,,,False,,-1,,,,,,,,
TCGA-02-0271-01,TCGA-GBM,,survival cohort; see script 36-37,0.0,,,,,,,False,,-1,,,,,,,,
TCGA-02-0281-01,TCGA-GBM,,survival cohort; see script 36-37,0.0,,,,,,,False,,-1,,,,,,,,
TCGA-02-0285-01,TCGA-GBM,,survival cohort; see script 36-37,0.0,,,,,,,False,,-1,,,,,,,,
TCGA-02-0289-01,TCGA-GBM,,survival cohort; see script 36-37,0.0,,,,,,,False,,-1,,,,,,,,
TCGA-02-0290-01,TCGA-GBM,,survival cohort; see script 36-37,0.0,,,,,,,False,,-1,,,,,,,,
TCGA-02-0317-01,TCGA-GBM,,survival cohort; see script 36-37,0.0,,,,,,,False,,-1,,,,,,,,
TCGA-02-0321-01,TCGA-GBM,,survival cohort; see script 36-37,0.0,,,,,,,False,,-1,,,,,,,,
TCGA-02-0324-01,TCGA-GBM,,survival cohort; see script 36-37,0.0,,,,,,,False,,-1,,,,,,,,
TCGA-02-0325-01,TCGA-GBM,,survival cohort; see script 36-37,0.0,,,,,,,False,,-1,,,,,,,,
TCGA-02-0326-01,TCGA-GBM,,survival cohort; see script 36-37,0.0,,,,,,,False,,-1,,,,,,,,
TCGA-02-0330-01,TCGA-GBM,,survival cohort; see script 36-37,0.0,,,,,,,False,,-1,,,,,,,,
TCGA-02-0332-01,TCGA-GBM,,survival cohort; see script 36-37,0.0,,,,,,,False,,-1,,,,,,,,
TCGA-02-0333-01,TCGA-GBM,,survival cohort; see script 36-37,0.0,,,,,,,False,,-1,,,,,,,,
TCGA-02-0337-01,TCGA-GBM,,survival cohort; see script 36-37,0.0,,,,,,,False,,-1,,,,,,,,
TCGA-02-0338-01,TCGA-GBM,,survival cohort; see script 36-37,0.0,,,,,,,False,,-1,,,,,,,,
TCGA-02-0339-01,TCGA-GBM,,survival cohort; see script 36-37,0.0,,,,,,,False,,-1,,,,,,,,
TCGA-02-0422-01,TCGA-GBM,,survival cohort; see script 36-37,0.0,,,,,,,False,,-1,,,,,,,,
TCGA-02-0430-01,TCGA-GBM,,survival cohort; see script 36-37,0.0,,,,,,,False,,-1,,,,,,,,
TCGA-02-0432-01,TCGA-GBM,,survival cohort; see script 36-37,0.0,,,,,,,False,,-1,,,,,,,,
TCGA-02-0440-01,TCGA-GBM,,survival cohort; see script 36-37,0.0,,,,,,,False,,-1,,,,,,,,
TCGA-02-0446-01,TCGA-GBM,,survival cohort; see script 36-37,0.0,,,,,,,False,,-1,,,,,,,,
TCGA-02-0451-01,TCGA-GBM,,survival cohort; see script 36-37,0.0,,,,,,,False,,-1,,,,,,,,
TCGA-02-0456-01,TCGA-GBM,,survival cohort; see script 36-37,0.0,,,,,,,False,,-1,,,,,,,,
TCGA-02-2466-01,TCGA-GBM,,survival cohort; see script 36-37,0.0,,,,,,,False,,-1,,,,,,,,
TCGA-02-2470-01,TCGA-GBM,,survival cohort; see script 36-37,0.0,,,,,,,False,,-1,,,,,,,,
TCGA-02-2483-01,TCGA-GBM,,survival cohort; see script 36-37,0.0,,,,,,,False,,-1,,,,,,,,
TCGA-02-2485-01,TCGA-GBM,,survival cohort; see script 36-37,0.0,,,,,,,False,,-1,,,,,,,,
TCGA-02-2486-01,TCGA-GBM,,survival cohort; see script 36-37,0.0,,,,,,,False,,-1,,,,,,,,
TCGA-06-0122-01,TCGA-GBM,,survival cohort; see script 36-37,0.0,,,,,,,False,,-1,,,,,,,,
TCGA-06-0124-01,TCGA-GBM,,survival cohort; see script 36-37,0.0,,,,,,,False,,-1,,,,,,,,
TCGA-06-0125-01,TCGA-GBM,,survival cohort; see script 36-37,0.0,,,,,,,False,,-1,,,,,,,,
TCGA-06-0126-01,TCGA-GBM,,survival cohort; see script 36-37,0.0,,,,,,,False,,-1,,,,,,,,
TCGA-06-0127-01,TCGA-GBM,,survival cohort; see script 36-37,0.0,,,,,,,False,,-1,,,,,,,,
TCGA-06-0128-01,TCGA-GBM,,survival cohort; see script 36-37,0.0,,,,,,,False,,-1,,,,,,,,
TCGA-06-0129-01,TCGA-GBM,,survival cohort; see script 36-37,0.0,,,,,,,False,,-1,,,,,,,,
TCGA-06-0130-01,TCGA-GBM,,survival cohort; see script 36-37,0.0,,,,,,,False,,-1,,,,,,,,
TCGA-06-0132-01,TCGA-GBM,,survival cohort; see script 36-37,0.0,,,,,,,False,,-1,,,,,,,,
TCGA-06-0133-01,TCGA-GBM,,survival cohort; see script 36-37,0.0,,,,,,,False,,-1,,,,,,,,
TCGA-06-0137-01,TCGA-GBM,,survival cohort; see script 36-37,0.0,,,,,,,False,,-1,,,,,,,,
TCGA-06-0138-01,TCGA-GBM,,survival cohort; see script 36-37,0.0,,,,,,,False,,-1,,,,,,,,
TCGA-06-0139-01,TCGA-GBM,,survival cohort; see script 36-37,0.0,,,,,,,False,,-1,,,,,,,,
TCGA-06-0140-01,TCGA-GBM,,survival cohort; see script 36-37,0.0,,,,,,,False,,-1,,,,,,,,
TCGA-06-0141-01,TCGA-GBM,,survival cohort; see script 36-37,0.0,,,,,,,False,,-1,,,,,,,,
TCGA-06-0142-01,TCGA-GBM,,survival cohort; see script 36-37,0.0,,,,,,,False,,-1,,,,,,,,
TCGA-06-0143-01,TCGA-GBM,,survival cohort; see script 36-37,0.0,,,,,,,False,,-1,,,,,,,,
TCGA-06-0145-01,TCGA-GBM,,survival cohort; see script 36-37,0.0,,,,,,,False,,-1,,,,,,,,
TCGA-06-0146-01,TCGA-GBM,,survival cohort; see script 36-37,0.0,,,,,,,False,,-1,,,,,,,,
TCGA-06-0147-01,TCGA-GBM,,survival cohort; see script 36-37,0.0,,,,,,,False,,-1,,,,,,,,
TCGA-06-0148-01,TCGA-GBM,,survival cohort; see script 36-37,0.0,,,,,,,False,,-1,,,,,,,,
TCGA-06-0149-01,TCGA-GBM,,survival cohort; see script 36-37,0.0,,,,,,,False,,-1,,,,,,,,
TCGA-06-0152-01,TCGA-GBM,,survival cohort; see script 36-37,0.0,,,,,,,False,,-1,,,,,,,,
TCGA-06-0154-01,TCGA-GBM,,survival cohort; see script 36-37,0.0,,,,,,,False,,-1,,,,,,,,
TCGA-06-0155-01,TCGA-GBM,,survival cohort; see script 36-37,0.0,,,,,,,False,,-1,,,,,,,,
TCGA-06-0156-01,TCGA-GBM,,survival cohort; see script 36-37,0.0,,,,,,,False,,-1,,,,,,,,
TCGA-06-0157-01,TCGA-GBM,,survival cohort; see script 36-37,0.0,,,,,,,False,,-1,,,,,,,,
TCGA-06-0158-01,TCGA-GBM,,survival cohort; see script 36-37,0.0,,,,,,,False,,-1,,,,,,,,
TCGA-06-0160-01,TCGA-GBM,,survival cohort; see script 36-37,0.0,,,,,,,False,,-1,,,,,,,,
TCGA-06-0162-01,TCGA-GBM,,survival cohort; see script 36-37,0.0,,,,,,,False,,-1,,,,,,,,
TCGA-06-0164-01,TCGA-GBM,,survival cohort; see script 36-37,0.0,,,,,,,False,,-1,,,,,,,,
TCGA-06-0166-01,TCGA-GBM,,survival cohort; see script 36-37,0.0,,,,,,,False,,-1,,,,,,,,
TCGA-06-0167-01,TCGA-GBM,,survival cohort; see script 36-37,0.0,,,,,,,False,,-1,,,,,,,,
TCGA-06-0168-01,TCGA-GBM,,survival cohort; see script 36-37,0.0,,,,,,,False,,-1,,,,,,,,
TCGA-06-0169-01,TCGA-GBM,,survival cohort; see script 36-37,0.0,,,,,,,False,,-1,,,,,,,,
TCGA-06-0171-01,TCGA-GBM,,survival cohort; see script 36-37,0.0,,,,,,,False,,-1,,,,,,,,
TCGA-06-0173-01,TCGA-GBM,,survival cohort; see script 36-37,0.0,,,,,,,False,,-1,,,,,,,,
TCGA-06-0174-01,TCGA-GBM,,survival cohort; see script 36-37,0.0,,,,,,,False,,-1,,,,,,,,
TCGA-06-0175-01,TCGA-GBM,,survival cohort; see script 36-37,0.0,,,,,,,False,,-1,,,,,,,,
TCGA-06-0176-01,TCGA-GBM,,survival cohort; see script 36-37,0.0,,,,,,,False,,-1,,,,,,,,
TCGA-06-0177-01,TCGA-GBM,,survival cohort; see script 36-37,0.0,,,,,,,False,,-1,,,,,,,,
TCGA-06-0178-01,TCGA-GBM,,survival cohort; see script 36-37,0.0,,,,,,,False,,-1,,,,,,,,
TCGA-06-0179-01,TCGA-GBM,,survival cohort; see script 36-37,0.0,,,,,,,False,,-1,,,,,,,,
TCGA-06-0182-01,TCGA-GBM,,survival cohort; see script 36-37,0.0,,,,,,,False,,-1,,,,,,,,
TCGA-06-0184-01,TCGA-GBM,,survival cohort; see script 36-37,0.0,,,,,,,False,,-1,,,,,,,,
TCGA-06-0185-01,TCGA-GBM,,survival cohort; see script 36-37,0.0,,,,,,,False,,-1,,,,,,,,
TCGA-06-0187-01,TCGA-GBM,,survival cohort; see script 36-37,0.0,,,,,,,False,,-1,,,,,,,,
TCGA-06-0188-01,TCGA-GBM,,survival cohort; see script 36-37,0.0,,,,,,,False,,-1,,,,,,,,
TCGA-06-0189-01,TCGA-GBM,,survival cohort; see script 36-37,0.0,,,,,,,False,,-1,,,,,,,,
TCGA-06-0190-01,TCGA-GBM,,survival cohort; see script 36-37,0.0,,,,,,,False,,-1,,,,,,,,
TCGA-06-0192-01,TCGA-GBM,,survival cohort; see script 36-37,0.0,,,,,,,False,,-1,,,,,,,,
TCGA-06-0194-01,TCGA-GBM,,survival cohort; see script 36-37,0.0,,,,,,,False,,-1,,,,,,,,
TCGA-06-0195-01,TCGA-GBM,,survival cohort; see script 36-37,0.0,,,,,,,False,,-1,,,,,,,,
TCGA-06-0197-01,TCGA-GBM,,survival cohort; see script 36-37,0.0,,,,,,,False,,-1,,,,,,,,
TCGA-06-0201-01,TCGA-GBM,,survival cohort; see script 36-37,0.0,,,,,,,False,,-1,,,,,,,,
TCGA-06-0206-01,TCGA-GBM,,survival cohort; see script 36-37,0.0,,,,,,,False,,-1,,,,,,,,
TCGA-06-0208-01,TCGA-GBM,,survival cohort; see script 36-37,0.0,,,,,,,False,,-1,,,,,,,,
TCGA-06-0210-01,TCGA-GBM,,survival cohort; see script 36-37,0.0,,,,,,,False,,-1,,,,,,,,
TCGA-06-0211-01,TCGA-GBM,,survival cohort; see script 36-37,0.0,,,,,,,False,,-1,,,,,,,,
TCGA-06-0213-01,TCGA-GBM,,survival cohort; see script 36-37,0.0,,,,,,,False,,-1,,,,,,,,
TCGA-06-0214-01,TCGA-GBM,,survival cohort; see script 36-37,0.0,,,,,,,False,,-1,,,,,,,,
TCGA-06-0216-01,TCGA-GBM,,survival cohort; see script 36-37,0.0,,,,,,,False,,-1,,,,,,,,
TCGA-06-0219-01,TCGA-GBM,,survival cohort; see script 36-37,0.0,,,,,,,False,,-1,,,,,,,,
TCGA-06-0221-01,TCGA-GBM,,survival cohort; see script 36-37,0.0,,,,,,,False,,-1,,,,,,,,
TCGA-06-0237-01,TCGA-GBM,,survival cohort; see script 36-37,0.0,,,,,,,False,,-1,,,,,,,,
TCGA-06-0238-01,TCGA-GBM,,survival cohort; see script 36-37,0.0,,,,,,,False,,-1,,,,,,,,
TCGA-06-0240-01,TCGA-GBM,,survival cohort; see script 36-37,0.0,,,,,,,False,,-1,,,,,,,,
TCGA-06-0241-01,TCGA-GBM,,survival cohort; see script 36-37,0.0,,,,,,,False,,-1,,,,,,,,
TCGA-06-0394-01,TCGA-GBM,,survival cohort; see script 36-37,0.0,,,,,,,False,,-1,,,,,,,,
TCGA-06-0397-01,TCGA-GBM,,survival cohort; see script 36-37,0.0,,,,,,,False,,-1,,,,,,,,
TCGA-06-0402-01,TCGA-GBM,,survival cohort; see script 36-37,0.0,,,,,,,False,,-1,,,,,,,,
TCGA-06-0409-01,TCGA-GBM,,survival cohort; see script 36-37,0.0,,,,,,,False,,-1,,,,,,,,
TCGA-06-0410-01,TCGA-GBM,,survival cohort; see script 36-37,0.0,,,,,,,False,,-1,,,,,,,,
TCGA-06-0412-01,TCGA-GBM,,survival cohort; see script 36-37,0.0,,,,,,,False,,-1,,,,,,,,
TCGA-06-0413-01,TCGA-GBM,,survival cohort; see script 36-37,0.0,,,,,,,False,,-1,,,,,,,,
TCGA-06-0414-01,TCGA-GBM,,survival cohort; see script 36-37,0.0,,,,,,,False,,-1,,,,,,,,
TCGA-06-0644-01,TCGA-GBM,,survival cohort; see script 36-37,0.0,,,,,,,False,,-1,,,,,,,,
TCGA-06-0645-01,TCGA-GBM,,survival cohort; see script 36-37,0.0,,,,,,,False,,-1,,,,,,,,
TCGA-06-0646-01,TCGA-GBM,,survival cohort; see script 36-37,0.0,,,,,,,False,,-1,,,,,,,,
TCGA-06-0648-01,TCGA-GBM,,survival cohort; see script 36-37,0.0,,,,,,,False,,-1,,,,,,,,
TCGA-06-0649-01,TCGA-GBM,,survival cohort; see script 36-37,0.0,,,,,,,False,,-1,,,,,,,,
TCGA-06-0650-01,TCGA-GBM,,survival cohort; see script 36-37,0.0,,,,,,,False,,-1,,,,,,,,
TCGA-06-0686-01,TCGA-GBM,,survival cohort; see script 36-37,0.0,,,,,,,False,,-1,,,,,,,,
TCGA-06-0743-01,TCGA-GBM,,survival cohort; see script 36-37,0.0,,,,,,,False,,-1,,,,,,,,
TCGA-06-0744-01,TCGA-GBM,,survival cohort; see script 36-37,0.0,,,,,,,False,,-1,,,,,,,,
TCGA-06-0745-01,TCGA-GBM,,survival cohort; see script 36-37,0.0,,,,,,,False,,-1,,,,,,,,
TCGA-06-0747-01,TCGA-GBM,,survival cohort; see script 36-37,0.0,,,,,,,False,,-1,,,,,,,,
TCGA-06-0749-01,TCGA-GBM,,survival cohort; see script 36-37,0.0,,,,,,,False,,-1,,,,,,,,
TCGA-06-0750-01,TCGA-GBM,,survival cohort; see script 36-37,0.0,,,,,,,False,,-1,,,,,,,,
TCGA-06-0875-01,TCGA-GBM,,survival cohort; see script 36-37,0.0,,,,,,,False,,-1,,,,,,,,
TCGA-06-0876-01,TCGA-GBM,,survival cohort; see script 36-37,0.0,,,,,,,False,,-1,,,,,,,,
TCGA-06-0877-01,TCGA-GBM,,survival cohort; see script 36-37,0.0,,,,,,,False,,-1,,,,,,,,
TCGA-06-0878-01,TCGA-GBM,,survival cohort; see script 36-37,0.0,,,,,,,False,,-1,,,,,,,,
TCGA-06-0879-01,TCGA-GBM,,survival cohort; see script 36-37,0.0,,,,,,,False,,-1,,,,,,,,
TCGA-06-0881-01,TCGA-GBM,,survival cohort; see script 36-37,0.0,,,,,,,False,,-1,,,,,,,,
TCGA-06-0882-01,TCGA-GBM,,survival cohort; see script 36-37,0.0,,,,,,,False,,-1,,,,,,,,
TCGA-06-0939-01,TCGA-GBM,,survival cohort; see script 36-37,0.0,,,,,,,False,,-1,,,,,,,,
TCGA-06-1084-01,TCGA-GBM,,survival cohort; see script 36-37,0.0,,,,,,,False,,-1,,,,,,,,
TCGA-06-1086-01,TCGA-GBM,,survival cohort; see script 36-37,0.0,,,,,,,False,,-1,,,,,,,,
TCGA-06-1087-01,TCGA-GBM,,survival cohort; see script 36-37,0.0,,,,,,,False,,-1,,,,,,,,
TCGA-06-1800-01,TCGA-GBM,,survival cohort; see script 36-37,0.0,,,,,,,False,,-1,,,,,,,,
TCGA-06-1801-01,TCGA-GBM,,survival cohort; see script 36-37,0.0,,,,,,,False,,-1,,,,,,,,
TCGA-06-1802-01,TCGA-GBM,,survival cohort; see script 36-37,0.0,,,,,,,False,,-1,,,,,,,,
TCGA-06-1804-01,TCGA-GBM,,survival cohort; see script 36-37,0.0,,,,,,,False,,-1,,,,,,,,
TCGA-06-1805-01,TCGA-GBM,,survival cohort; see script 36-37,0.0,,,,,,,False,,-1,,,,,,,,
TCGA-06-2557-01,TCGA-GBM,,survival cohort; see script 36-37,0.0,,,,,,,False,,-1,,,,,,,,
TCGA-06-2558-01,TCGA-GBM,,survival cohort; see script 36-37,0.0,,,,,,,False,,-1,,,,,,,,
TCGA-06-2559-01,TCGA-GBM,,survival cohort; see script 36-37,0.0,,,,,,,False,,-1,,,,,,,,
TCGA-06-2561-01,TCGA-GBM,,survival cohort; see script 36-37,0.0,,,,,,,False,,-1,,,,,,,,
TCGA-06-2562-01,TCGA-GBM,,survival cohort; see script 36-37,0.0,,,,,,,False,,-1,,,,,,,,
TCGA-06-2563-01,TCGA-GBM,,survival cohort; see script 36-37,0.0,,,,,,,False,,-1,,,,,,,,
TCGA-06-2564-01,TCGA-GBM,,survival cohort; see script 36-37,0.0,,,,,,,False,,-1,,,,,,,,
TCGA-06-2565-01,TCGA-GBM,,survival cohort; see script 36-37,0.0,,,,,,,False,,-1,,,,,,,,
TCGA-06-2566-01,TCGA-GBM,,survival cohort; see script 36-37,0.0,,,,,,,False,,-1,,,,,,,,
TCGA-06-2567-01,TCGA-GBM,,survival cohort; see script 36-37,0.0,,,,,,,False,,-1,,,,,,,,
TCGA-06-2569-01,TCGA-GBM,,survival cohort; see script 36-37,0.0,,,,,,,False,,-1,,,,,,,,
TCGA-06-2570-01,TCGA-GBM,,survival cohort; see script 36-37,0.0,,,,,,,False,,-1,,,,,,,,
TCGA-06-5408-01,TCGA-GBM,,survival cohort; see script 36-37,0.0,,,,,,,False,,-1,,,,,,,,
TCGA-06-5410-01,TCGA-GBM,,survival cohort; see script 36-37,0.0,,,,,,,False,,-1,,,,,,,,
TCGA-06-5411-01,TCGA-GBM,,survival cohort; see script 36-37,0.0,,,,,,,False,,-1,,,,,,,,
TCGA-06-5412-01,TCGA-GBM,,survival cohort; see script 36-37,0.0,,,,,,,False,,-1,,,,,,,,
TCGA-06-5413-01,TCGA-GBM,,survival cohort; see script 36-37,0.0,,,,,,,False,,-1,,,,,,,,
TCGA-06-5414-01,TCGA-GBM,,survival cohort; see script 36-37,0.0,,,,,,,False,,-1,,,,,,,,
TCGA-06-5415-01,TCGA-GBM,,survival cohort; see script 36-37,0.0,,,,,,,False,,-1,,,,,,,,
TCGA-06-5416-01,TCGA-GBM,,survival cohort; see script 36-37,0.0,,,,,,,False,,-1,,,,,,,,
TCGA-06-5417-01,TCGA-GBM,,survival cohort; see script 36-37,0.0,,,,,,,False,,-1,,,,,,,,
TCGA-06-5418-01,TCGA-GBM,,survival cohort; see script 36-37,0.0,,,,,,,False,,-1,,,,,,,,
TCGA-06-5856-01,TCGA-GBM,,survival cohort; see script 36-37,0.0,,,,,,,False,,-1,,,,,,,,
TCGA-06-5858-01,TCGA-GBM,,survival cohort; see script 36-37,0.0,,,,,,,False,,-1,,,,,,,,
TCGA-06-5859-01,TCGA-GBM,,survival cohort; see script 36-37,0.0,,,,,,,False,,-1,,,,,,,,
TCGA-06-6389-01,TCGA-GBM,,survival cohort; see script 36-37,0.0,,,,,,,False,,-1,,,,,,,,
TCGA-06-6390-01,TCGA-GBM,,survival cohort; see script 36-37,0.0,,,,,,,False,,-1,,,,,,,,
TCGA-06-6391-01,TCGA-GBM,,survival cohort; see script 36-37,0.0,,,,,,,False,,-1,,,,,,,,
TCGA-08-0244-01,TCGA-GBM,,survival cohort; see script 36-37,0.0,,,,,,,False,,-1,,,,,,,,
TCGA-08-0245-01,TCGA-GBM,,survival cohort; see script 36-37,0.0,,,,,,,False,,-1,,,,,,,,
TCGA-08-0246-01,TCGA-GBM,,survival cohort; see script 36-37,0.0,,,,,,,False,,-1,,,,,,,,
TCGA-08-0344-01,TCGA-GBM,,survival cohort; see script 36-37,0.0,,,,,,,False,,-1,,,,,,,,
TCGA-08-0345-01,TCGA-GBM,,survival cohort; see script 36-37,0.0,,,,,,,False,,-1,,,,,,,,
TCGA-08-0346-01,TCGA-GBM,,survival cohort; see script 36-37,0.0,,,,,,,False,,-1,,,,,,,,
TCGA-08-0347-01,TCGA-GBM,,survival cohort; see script 36-37,0.0,,,,,,,False,,-1,,,,,,,,
TCGA-08-0348-01,TCGA-GBM,,survival cohort; see script 36-37,0.0,,,,,,,False,,-1,,,,,,,,
TCGA-08-0349-01,TCGA-GBM,,survival cohort; see script 36-37,0.0,,,,,,,False,,-1,,,,,,,,
TCGA-08-0350-01,TCGA-GBM,,survival cohort; see script 36-37,0.0,,,,,,,False,,-1,,,,,,,,
TCGA-08-0351-01,TCGA-GBM,,survival cohort; see script 36-37,0.0,,,,,,,False,,-1,,,,,,,,
TCGA-08-0352-01,TCGA-GBM,,survival cohort; see script 36-37,0.0,,,,,,,False,,-1,,,,,,,,
TCGA-08-0353-01,TCGA-GBM,,survival cohort; see script 36-37,0.0,,,,,,,False,,-1,,,,,,,,
TCGA-08-0354-01,TCGA-GBM,,survival cohort; see script 36-37,0.0,,,,,,,False,,-1,,,,,,,,
TCGA-08-0355-01,TCGA-GBM,,survival cohort; see script 36-37,0.0,,,,,,,False,,-1,,,,,,,,
TCGA-08-0356-01,TCGA-GBM,,survival cohort; see script 36-37,0.0,,,,,,,False,,-1,,,,,,,,
TCGA-08-0357-01,TCGA-GBM,,survival cohort; see script 36-37,0.0,,,,,,,False,,-1,,,,,,,,
TCGA-08-0358-01,TCGA-GBM,,survival cohort; see script 36-37,0.0,,,,,,,False,,-1,,,,,,,,
TCGA-08-0359-01,TCGA-GBM,,survival cohort; see script 36-37,0.0,,,,,,,False,,-1,,,,,,,,
TCGA-08-0375-01,TCGA-GBM,,survival cohort; see script 36-37,0.0,,,,,,,False,,-1,,,,,,,,
TCGA-08-0380-01,TCGA-GBM,,survival cohort; see script 36-37,0.0,,,,,,,False,,-1,,,,,,,,
TCGA-08-0386-01,TCGA-GBM,,survival cohort; see script 36-37,0.0,,,,,,,False,,-1,,,,,,,,
TCGA-08-0389-01,TCGA-GBM,,survival cohort; see script 36-37,0.0,,,,,,,False,,-1,,,,,,,,
TCGA-08-0390-01,TCGA-GBM,,survival cohort; see script 36-37,0.0,,,,,,,False,,-1,,,,,,,,
TCGA-08-0392-01,TCGA-GBM,,survival cohort; see script 36-37,0.0,,,,,,,False,,-1,,,,,,,,
TCGA-08-0509-01,TCGA-GBM,,survival cohort; see script 36-37,0.0,,,,,,,False,,-1,,,,,,,,
TCGA-08-0510-01,TCGA-GBM,,survival cohort; see script 36-37,0.0,,,,,,,False,,-1,,,,,,,,
TCGA-08-0512-01,TCGA-GBM,,survival cohort; see script 36-37,0.0,,,,,,,False,,-1,,,,,,,,
TCGA-08-0514-01,TCGA-GBM,,survival cohort; see script 36-37,0.0,,,,,,,False,,-1,,,,,,,,
TCGA-08-0516-01,TCGA-GBM,,survival cohort; see script 36-37,0.0,,,,,,,False,,-1,,,,,,,,
TCGA-08-0517-01,TCGA-GBM,,survival cohort; see script 36-37,0.0,,,,,,,False,,-1,,,,,,,,
TCGA-08-0518-01,TCGA-GBM,,survival cohort; see script 36-37,0.0,,,,,,,False,,-1,,,,,,,,
TCGA-08-0520-01,TCGA-GBM,,survival cohort; see script 36-37,0.0,,,,,,,False,,-1,,,,,,,,
TCGA-08-0521-01,TCGA-GBM,,survival cohort; see script 36-37,0.0,,,,,,,False,,-1,,,,,,,,
TCGA-08-0524-01,TCGA-GBM,,survival cohort; see script 36-37,0.0,,,,,,,False,,-1,,,,,,,,
TCGA-08-0525-01,TCGA-GBM,,survival cohort; see script 36-37,0.0,,,,,,,False,,-1,,,,,,,,
TCGA-08-0529-01,TCGA-GBM,,survival cohort; see script 36-37,0.0,,,,,,,False,,-1,,,,,,,,
TCGA-08-0531-01,TCGA-GBM,,survival cohort; see script 36-37,0.0,,,,,,,False,,-1,,,,,,,,
TCGA-12-0616-01,TCGA-GBM,,survival cohort; see script 36-37,0.0,,,,,,,False,,-1,,,,,,,,
TCGA-12-0618-01,TCGA-GBM,,survival cohort; see script 36-37,0.0,,,,,,,False,,-1,,,,,,,,
TCGA-12-0619-01,TCGA-GBM,,survival cohort; see script 36-37,0.0,,,,,,,False,,-1,,,,,,,,
TCGA-12-0620-01,TCGA-GBM,,survival cohort; see script 36-37,0.0,,,,,,,False,,-1,,,,,,,,
TCGA-12-0654-01,TCGA-GBM,,survival cohort; see script 36-37,0.0,,,,,,,False,,-1,,,,,,,,
TCGA-12-0656-01,TCGA-GBM,,survival cohort; see script 36-37,0.0,,,,,,,False,,-1,,,,,,,,
TCGA-12-0657-01,TCGA-GBM,,survival cohort; see script 36-37,0.0,,,,,,,False,,-1,,,,,,,,
TCGA-12-0670-01,TCGA-GBM,,survival cohort; see script 36-37,0.0,,,,,,,False,,-1,,,,,,,,
TCGA-12-0688-01,TCGA-GBM,,survival cohort; see script 36-37,0.0,,,,,,,False,,-1,,,,,,,,
TCGA-12-0692-01,TCGA-GBM,,survival cohort; see script 36-37,0.0,,,,,,,False,,-1,,,,,,,,
TCGA-12-0703-01,TCGA-GBM,,survival cohort; see script 36-37,0.0,,,,,,,False,,-1,,,,,,,,
TCGA-12-0707-01,TCGA-GBM,,survival cohort; see script 36-37,0.0,,,,,,,False,,-1,,,,,,,,
TCGA-12-0772-01,TCGA-GBM,,survival cohort; see script 36-37,0.0,,,,,,,False,,-1,,,,,,,,
TCGA-12-0773-01,TCGA-GBM,,survival cohort; see script 36-37,0.0,,,,,,,False,,-1,,,,,,,,
TCGA-12-0775-01,TCGA-GBM,,survival cohort; see script 36-37,0.0,,,,,,,False,,-1,,,,,,,,
TCGA-12-0776-01,TCGA-GBM,,survival cohort; see script 36-37,0.0,,,,,,,False,,-1,,,,,,,,
TCGA-12-0778-01,TCGA-GBM,,survival cohort; see script 36-37,0.0,,,,,,,False,,-1,,,,,,,,
TCGA-12-0780-01,TCGA-GBM,,survival cohort; see script 36-37,0.0,,,,,,,False,,-1,,,,,,,,
TCGA-12-0818-01,TCGA-GBM,,survival cohort; see script 36-37,0.0,,,,,,,False,,-1,,,,,,,,
TCGA-12-0819-01,TCGA-GBM,,survival cohort; see script 36-37,0.0,,,,,,,False,,-1,,,,,,,,
TCGA-12-0820-01,TCGA-GBM,,survival cohort; see script 36-37,0.0,,,,,,,False,,-1,,,,,,,,
TCGA-12-0821-01,TCGA-GBM,,survival cohort; see script 36-37,0.0,,,,,,,False,,-1,,,,,,,,
TCGA-12-0822-01,TCGA-GBM,,survival cohort; see script 36-37,0.0,,,,,,,False,,-1,,,,,,,,
TCGA-12-0826-01,TCGA-GBM,,survival cohort; see script 36-37,0.0,,,,,,,False,,-1,,,,,,,,
TCGA-12-0827-01,TCGA-GBM,,survival cohort; see script 36-37,0.0,,,,,,,False,,-1,,,,,,,,
TCGA-12-0828-01,TCGA-GBM,,survival cohort; see script 36-37,0.0,,,,,,,False,,-1,,,,,,,,
TCGA-12-0829-01,TCGA-GBM,,survival cohort; see script 36-37,0.0,,,,,,,False,,-1,,,,,,,,
TCGA-12-1088-01,TCGA-GBM,,survival cohort; see script 36-37,0.0,,,,,,,False,,-1,,,,,,,,
TCGA-12-1089-01,TCGA-GBM,,survival cohort; see script 36-37,0.0,,,,,,,False,,-1,,,,,,,,
TCGA-12-1090-01,TCGA-GBM,,survival cohort; see script 36-37,0.0,,,,,,,False,,-1,,,,,,,,
TCGA-12-1091-01,TCGA-GBM,,survival cohort; see script 36-37,0.0,,,,,,,False,,-1,,,,,,,,
TCGA-12-1092-01,TCGA-GBM,,survival cohort; see script 36-37,0.0,,,,,,,False,,-1,,,,,,,,
TCGA-12-1093-01,TCGA-GBM,,survival cohort; see script 36-37,0.0,,,,,,,False,,-1,,,,,,,,
TCGA-12-1094-01,TCGA-GBM,,survival cohort; see script 36-37,0.0,,,,,,,False,,-1,,,,,,,,
TCGA-12-1095-01,TCGA-GBM,,survival cohort; see script 36-37,0.0,,,,,,,False,,-1,,,,,,,,
TCGA-12-1096-01,TCGA-GBM,,survival cohort; see script 36-37,0.0,,,,,,,False,,-1,,,,,,,,
TCGA-12-1097-01,TCGA-GBM,,survival cohort; see script 36-37,0.0,,,,,,,False,,-1,,,,,,,,
TCGA-12-1098-01,TCGA-GBM,,survival cohort; see script 36-37,0.0,,,,,,,False,,-1,,,,,,,,
TCGA-12-1099-01,TCGA-GBM,,survival cohort; see script 36-37,0.0,,,,,,,False,,-1,,,,,,,,
TCGA-12-1597-01,TCGA-GBM,,survival cohort; see script 36-37,0.0,,,,,,,False,,-1,,,,,,,,
TCGA-12-1598-01,TCGA-GBM,,survival cohort; see script 36-37,0.0,,,,,,,False,,-1,,,,,,,,
TCGA-12-1599-01,TCGA-GBM,,survival cohort; see script 36-37,0.0,,,,,,,False,,-1,,,,,,,,
TCGA-12-1600-01,TCGA-GBM,,survival cohort; see script 36-37,0.0,,,,,,,False,,-1,,,,,,,,
TCGA-12-1602-01,TCGA-GBM,,survival cohort; see script 36-37,0.0,,,,,,,False,,-1,,,,,,,,
TCGA-12-3644-01,TCGA-GBM,,survival cohort; see script 36-37,0.0,,,,,,,False,,-1,,,,,,,,
TCGA-12-3646-01,TCGA-GBM,,survival cohort; see script 36-37,0.0,,,,,,,False,,-1,,,,,,,,
TCGA-12-3648-01,TCGA-GBM,,survival cohort; see script 36-37,0.0,,,,,,,False,,-1,,,,,,,,
TCGA-12-3649-01,TCGA-GBM,,survival cohort; see script 36-37,0.0,,,,,,,False,,-1,,,,,,,,
TCGA-12-3650-01,TCGA-GBM,,survival cohort; see script 36-37,0.0,,,,,,,False,,-1,,,,,,,,
TCGA-12-3651-01,TCGA-GBM,,survival cohort; see script 36-37,0.0,,,,,,,False,,-1,,,,,,,,
TCGA-12-3652-01,TCGA-GBM,,survival cohort; see script 36-37,0.0,,,,,,,False,,-1,,,,,,,,
TCGA-12-3653-01,TCGA-GBM,,survival cohort; see script 36-37,0.0,,,,,,,False,,-1,,,,,,,,
TCGA-12-5295-01,TCGA-GBM,,survival cohort; see script 36-37,0.0,,,,,,,False,,-1,,,,,,,,
TCGA-12-5299-01,TCGA-GBM,,survival cohort; see script 36-37,0.0,,,,,,,False,,-1,,,,,,,,
TCGA-12-5301-01,TCGA-GBM,,survival cohort; see script 36-37,0.0,,,,,,,False,,-1,,,,,,,,
TCGA-14-0736-01,TCGA-GBM,,survival cohort; see script 36-37,0.0,,,,,,,False,,-1,,,,,,,,
TCGA-14-0781-01,TCGA-GBM,,survival cohort; see script 36-37,0.0,,,,,,,False,,-1,,,,,,,,
TCGA-14-0783-01,TCGA-GBM,,survival cohort; see script 36-37,0.0,,,,,,,False,,-1,,,,,,,,
TCGA-14-0786-01,TCGA-GBM,,survival cohort; see script 36-37,0.0,,,,,,,False,,-1,,,,,,,,
TCGA-14-0787-01,TCGA-GBM,,survival cohort; see script 36-37,0.0,,,,,,,False,,-1,,,,,,,,
TCGA-14-0789-01,TCGA-GBM,,survival cohort; see script 36-37,0.0,,,,,,,False,,-1,,,,,,,,
TCGA-14-0790-01,TCGA-GBM,,survival cohort; see script 36-37,0.0,,,,,,,False,,-1,,,,,,,,
TCGA-14-0812-01,TCGA-GBM,,survival cohort; see script 36-37,0.0,,,,,,,False,,-1,,,,,,,,
TCGA-14-0813-01,TCGA-GBM,,survival cohort; see script 36-37,0.0,,,,,,,False,,-1,,,,,,,,
TCGA-14-0817-01,TCGA-GBM,,survival cohort; see script 36-37,0.0,,,,,,,False,,-1,,,,,,,,
TCGA-14-0865-01,TCGA-GBM,,survival cohort; see script 36-37,0.0,,,,,,,False,,-1,,,,,,,,
TCGA-14-0866-01,TCGA-GBM,,survival cohort; see script 36-37,0.0,,,,,,,False,,-1,,,,,,,,
TCGA-14-0867-01,TCGA-GBM,,survival cohort; see script 36-37,0.0,,,,,,,False,,-1,,,,,,,,
TCGA-14-0871-01,TCGA-GBM,,survival cohort; see script 36-37,0.0,,,,,,,False,,-1,,,,,,,,
TCGA-14-1034-01,TCGA-GBM,,survival cohort; see script 36-37,0.0,,,,,,,False,,-1,,,,,,,,
TCGA-14-1037-01,TCGA-GBM,,survival cohort; see script 36-37,0.0,,,,,,,False,,-1,,,,,,,,
TCGA-14-1396-01,TCGA-GBM,,survival cohort; see script 36-37,0.0,,,,,,,False,,-1,,,,,,,,
TCGA-14-1401-01,TCGA-GBM,,survival cohort; see script 36-37,0.0,,,,,,,False,,-1,,,,,,,,
TCGA-14-1402-01,TCGA-GBM,,survival cohort; see script 36-37,0.0,,,,,,,False,,-1,,,,,,,,
TCGA-14-1451-01,TCGA-GBM,,survival cohort; see script 36-37,0.0,,,,,,,False,,-1,,,,,,,,
TCGA-14-1452-01,TCGA-GBM,,survival cohort; see script 36-37,0.0,,,,,,,False,,-1,,,,,,,,
TCGA-14-1453-01,TCGA-GBM,,survival cohort; see script 36-37,0.0,,,,,,,False,,-1,,,,,,,,
TCGA-14-1454-01,TCGA-GBM,,survival cohort; see script 36-37,0.0,,,,,,,False,,-1,,,,,,,,
TCGA-14-1455-01,TCGA-GBM,,survival cohort; see script 36-37,0.0,,,,,,,False,,-1,,,,,,,,
TCGA-14-1456-01,TCGA-GBM,,survival cohort; see script 36-37,0.0,,,,,,,False,,-1,,,,,,,,
TCGA-14-1458-01,TCGA-GBM,,survival cohort; see script 36-37,0.0,,,,,,,False,,-1,,,,,,,,
TCGA-14-1459-01,TCGA-GBM,,survival cohort; see script 36-37,0.0,,,,,,,False,,-1,,,,,,,,
TCGA-14-1794-01,TCGA-GBM,,survival cohort; see script 36-37,0.0,,,,,,,False,,-1,,,,,,,,
TCGA-14-1795-01,TCGA-GBM,,survival cohort; see script 36-37,0.0,,,,,,,False,,-1,,,,,,,,
TCGA-14-1821-01,TCGA-GBM,,survival cohort; see script 36-37,0.0,,,,,,,False,,-1,,,,,,,,
TCGA-14-1823-01,TCGA-GBM,,survival cohort; see script 36-37,0.0,,,,,,,False,,-1,,,,,,,,
TCGA-14-1825-01,TCGA-GBM,,survival cohort; see script 36-37,0.0,,,,,,,False,,-1,,,,,,,,
TCGA-14-1827-01,TCGA-GBM,,survival cohort; see script 36-37,0.0,,,,,,,False,,-1,,,,,,,,
TCGA-14-1829-01,TCGA-GBM,,survival cohort; see script 36-37,0.0,,,,,,,False,,-1,,,,,,,,
TCGA-14-2554-01,TCGA-GBM,,survival cohort; see script 36-37,0.0,,,,,,,False,,-1,,,,,,,,
TCGA-14-2555-01,TCGA-GBM,,survival cohort; see script 36-37,0.0,,,,,,,False,,-1,,,,,,,,
TCGA-14-3476-01,TCGA-GBM,,survival cohort; see script 36-37,0.0,,,,,,,False,,-1,,,,,,,,
TCGA-14-3477-01,TCGA-GBM,,survival cohort; see script 36-37,0.0,,,,,,,False,,-1,,,,,,,,
TCGA-14-4157-01,TCGA-GBM,,survival cohort; see script 36-37,0.0,,,,,,,False,,-1,,,,,,,,
TCGA-15-0742-01,TCGA-GBM,,survival cohort; see script 36-37,0.0,,,,,,,False,,-1,,,,,,,,
TCGA-15-1444-01,TCGA-GBM,,survival cohort; see script 36-37,0.0,,,,,,,False,,-1,,,,,,,,
TCGA-15-1446-01,TCGA-GBM,,survival cohort; see script 36-37,0.0,,,,,,,False,,-1,,,,,,,,
TCGA-15-1447-01,TCGA-GBM,,survival cohort; see script 36-37,0.0,,,,,,,False,,-1,,,,,,,,
TCGA-15-1449-01,TCGA-GBM,,survival cohort; see script 36-37,0.0,,,,,,,False,,-1,,,,,,,,
TCGA-16-0846-01,TCGA-GBM,,survival cohort; see script 36-37,0.0,,,,,,,False,,-1,,,,,,,,
TCGA-16-0848-01,TCGA-GBM,,survival cohort; see script 36-37,0.0,,,,,,,False,,-1,,,,,,,,
TCGA-16-0849-01,TCGA-GBM,,survival cohort; see script 36-37,0.0,,,,,,,False,,-1,,,,,,,,
TCGA-16-0850-01,TCGA-GBM,,survival cohort; see script 36-37,0.0,,,,,,,False,,-1,,,,,,,,
TCGA-16-0861-01,TCGA-GBM,,survival cohort; see script 36-37,0.0,,,,,,,False,,-1,,,,,,,,
TCGA-16-1045-01,TCGA-GBM,,survival cohort; see script 36-37,0.0,,,,,,,False,,-1,,,,,,,,
TCGA-16-1047-01,TCGA-GBM,,survival cohort; see script 36-37,0.0,,,,,,,False,,-1,,,,,,,,
TCGA-16-1055-01,TCGA-GBM,,survival cohort; see script 36-37,0.0,,,,,,,False,,-1,,,,,,,,
TCGA-16-1056-01,TCGA-GBM,,survival cohort; see script 36-37,0.0,,,,,,,False,,-1,,,,,,,,
TCGA-16-1060-01,TCGA-GBM,,survival cohort; see script 36-37,0.0,,,,,,,False,,-1,,,,,,,,
TCGA-16-1062-01,TCGA-GBM,,survival cohort; see script 36-37,0.0,,,,,,,False,,-1,,,,,,,,
TCGA-16-1063-01,TCGA-GBM,,survival cohort; see script 36-37,0.0,,,,,,,False,,-1,,,,,,,,
TCGA-16-1460-01,TCGA-GBM,,survival cohort; see script 36-37,0.0,,,,,,,False,,-1,,,,,,,,
TCGA-19-0955-01,TCGA-GBM,,survival cohort; see script 36-37,0.0,,,,,,,False,,-1,,,,,,,,
TCGA-19-0957-01,TCGA-GBM,,survival cohort; see script 36-37,0.0,,,,,,,False,,-1,,,,,,,,
TCGA-19-0960-01,TCGA-GBM,,survival cohort; see script 36-37,0.0,,,,,,,False,,-1,,,,,,,,
TCGA-19-0962-01,TCGA-GBM,,survival cohort; see script 36-37,0.0,,,,,,,False,,-1,,,,,,,,
TCGA-19-0963-01,TCGA-GBM,,survival cohort; see script 36-37,0.0,,,,,,,False,,-1,,,,,,,,
TCGA-19-0964-01,TCGA-GBM,,survival cohort; see script 36-37,0.0,,,,,,,False,,-1,,,,,,,,
TCGA-19-1385-01,TCGA-GBM,,survival cohort; see script 36-37,0.0,,,,,,,False,,-1,,,,,,,,
TCGA-19-1386-01,TCGA-GBM,,survival cohort; see script 36-37,0.0,,,,,,,False,,-1,,,,,,,,
TCGA-19-1387-01,TCGA-GBM,,survival cohort; see script 36-37,0.0,,,,,,,False,,-1,,,,,,,,
TCGA-19-1388-01,TCGA-GBM,,survival cohort; see script 36-37,0.0,,,,,,,False,,-1,,,,,,,,
TCGA-19-1389-01,TCGA-GBM,,survival cohort; see script 36-37,0.0,,,,,,,False,,-1,,,,,,,,
TCGA-19-1390-01,TCGA-GBM,,survival cohort; see script 36-37,0.0,,,,,,,False,,-1,,,,,,,,
TCGA-19-1392-01,TCGA-GBM,,survival cohort; see script 36-37,0.0,,,,,,,False,,-1,,,,,,,,
TCGA-19-1786-01,TCGA-GBM,,survival cohort; see script 36-37,0.0,,,,,,,False,,-1,,,,,,,,
TCGA-19-1787-01,TCGA-GBM,,survival cohort; see script 36-37,0.0,,,,,,,False,,-1,,,,,,,,
TCGA-19-1788-01,TCGA-GBM,,survival cohort; see script 36-37,0.0,,,,,,,False,,-1,,,,,,,,
TCGA-19-1789-01,TCGA-GBM,,survival cohort; see script 36-37,0.0,,,,,,,False,,-1,,,,,,,,
TCGA-19-1790-01,TCGA-GBM,,survival cohort; see script 36-37,0.0,,,,,,,False,,-1,,,,,,,,
TCGA-19-1791-01,TCGA-GBM,,survival cohort; see script 36-37,0.0,,,,,,,False,,-1,,,,,,,,
TCGA-19-2619-01,TCGA-GBM,,survival cohort; see script 36-37,0.0,,,,,,,False,,-1,,,,,,,,
TCGA-19-2620-01,TCGA-GBM,,survival cohort; see script 36-37,0.0,,,,,,,False,,-1,,,,,,,,
TCGA-19-2621-01,TCGA-GBM,,survival cohort; see script 36-37,0.0,,,,,,,False,,-1,,,,,,,,
TCGA-19-2623-01,TCGA-GBM,,survival cohort; see script 36-37,0.0,,,,,,,False,,-1,,,,,,,,
TCGA-19-2624-01,TCGA-GBM,,survival cohort; see script 36-37,0.0,,,,,,,False,,-1,,,,,,,,
TCGA-19-2625-01,TCGA-GBM,,survival cohort; see script 36-37,0.0,,,,,,,False,,-1,,,,,,,,
TCGA-19-2629-01,TCGA-GBM,,survival cohort; see script 36-37,0.0,,,,,,,False,,-1,,,,,,,,
TCGA-19-2631-01,TCGA-GBM,,survival cohort; see script 36-37,0.0,,,,,,,False,,-1,,,,,,,,
TCGA-19-4068-01,TCGA-GBM,,survival cohort; see script 36-37,0.0,,,,,,,False,,-1,,,,,,,,
TCGA-19-5947-01,TCGA-GBM,,survival cohort; see script 36-37,0.0,,,,,,,False,,-1,,,,,,,,
TCGA-19-5950-01,TCGA-GBM,,survival cohort; see script 36-37,0.0,,,,,,,False,,-1,,,,,,,,
TCGA-19-5951-01,TCGA-GBM,,survival cohort; see script 36-37,0.0,,,,,,,False,,-1,,,,,,,,
TCGA-19-5952-01,TCGA-GBM,,survival cohort; see script 36-37,0.0,,,,,,,False,,-1,,,,,,,,
TCGA-19-5954-01,TCGA-GBM,,survival cohort; see script 36-37,0.0,,,,,,,False,,-1,,,,,,,,
TCGA-19-5955-01,TCGA-GBM,,survival cohort; see script 36-37,0.0,,,,,,,False,,-1,,,,,,,,
TCGA-19-5956-01,TCGA-GBM,,survival cohort; see script 36-37,0.0,,,,,,,False,,-1,,,,,,,,
TCGA-19-5958-01,TCGA-GBM,,survival cohort; see script 36-37,0.0,,,,,,,False,,-1,,,,,,,,
TCGA-19-5959-01,TCGA-GBM,,survival cohort; see script 36-37,0.0,,,,,,,False,,-1,,,,,,,,
TCGA-19-5960-01,TCGA-GBM,,survival cohort; see script 36-37,0.0,,,,,,,False,,-1,,,,,,,,
TCGA-26-1438-01,TCGA-GBM,,survival cohort; see script 36-37,0.0,,,,,,,False,,-1,,,,,,,,
TCGA-26-1439-01,TCGA-GBM,,survival cohort; see script 36-37,0.0,,,,,,,False,,-1,,,,,,,,
TCGA-26-1440-01,TCGA-GBM,,survival cohort; see script 36-37,0.0,,,,,,,False,,-1,,,,,,,,
TCGA-26-1442-01,TCGA-GBM,,survival cohort; see script 36-37,0.0,,,,,,,False,,-1,,,,,,,,
TCGA-26-1443-01,TCGA-GBM,,survival cohort; see script 36-37,0.0,,,,,,,False,,-1,,,,,,,,
TCGA-26-1799-01,TCGA-GBM,,survival cohort; see script 36-37,0.0,,,,,,,False,,-1,,,,,,,,
TCGA-26-5132-01,TCGA-GBM,,survival cohort; see script 36-37,0.0,,,,,,,False,,-1,,,,,,,,
TCGA-26-5133-01,TCGA-GBM,,survival cohort; see script 36-37,0.0,,,,,,,False,,-1,,,,,,,,
TCGA-26-5134-01,TCGA-GBM,,survival cohort; see script 36-37,0.0,,,,,,,False,,-1,,,,,,,,
TCGA-26-5135-01,TCGA-GBM,,survival cohort; see script 36-37,0.0,,,,,,,False,,-1,,,,,,,,
TCGA-26-5136-01,TCGA-GBM,,survival cohort; see script 36-37,0.0,,,,,,,False,,-1,,,,,,,,
TCGA-26-5139-01,TCGA-GBM,,survival cohort; see script 36-37,0.0,,,,,,,False,,-1,,,,,,,,
TCGA-27-1830-01,TCGA-GBM,,survival cohort; see script 36-37,0.0,,,,,,,False,,-1,,,,,,,,
TCGA-27-1831-01,TCGA-GBM,,survival cohort; see script 36-37,0.0,,,,,,,False,,-1,,,,,,,,
TCGA-27-1832-01,TCGA-GBM,,survival cohort; see script 36-37,0.0,,,,,,,False,,-1,,,,,,,,
TCGA-27-1833-01,TCGA-GBM,,survival cohort; see script 36-37,0.0,,,,,,,False,,-1,,,,,,,,
TCGA-27-1834-01,TCGA-GBM,,survival cohort; see script 36-37,0.0,,,,,,,False,,-1,,,,,,,,
TCGA-27-1835-01,TCGA-GBM,,survival cohort; see script 36-37,0.0,,,,,,,False,,-1,,,,,,,,
TCGA-27-1836-01,TCGA-GBM,,survival cohort; see script 36-37,0.0,,,,,,,False,,-1,,,,,,,,
TCGA-27-1837-01,TCGA-GBM,,survival cohort; see script 36-37,0.0,,,,,,,False,,-1,,,,,,,,
TCGA-27-1838-01,TCGA-GBM,,survival cohort; see script 36-37,0.0,,,,,,,False,,-1,,,,,,,,
TCGA-27-2518-01,TCGA-GBM,,survival cohort; see script 36-37,0.0,,,,,,,False,,-1,,,,,,,,
TCGA-27-2519-01,TCGA-GBM,,survival cohort; see script 36-37,0.0,,,,,,,False,,-1,,,,,,,,
TCGA-27-2521-01,TCGA-GBM,,survival cohort; see script 36-37,0.0,,,,,,,False,,-1,,,,,,,,
TCGA-27-2523-01,TCGA-GBM,,survival cohort; see script 36-37,0.0,,,,,,,False,,-1,,,,,,,,
TCGA-27-2524-01,TCGA-GBM,,survival cohort; see script 36-37,0.0,,,,,,,False,,-1,,,,,,,,
TCGA-27-2526-01,TCGA-GBM,,survival cohort; see script 36-37,0.0,,,,,,,False,,-1,,,,,,,,
TCGA-27-2527-01,TCGA-GBM,,survival cohort; see script 36-37,0.0,,,,,,,False,,-1,,,,,,,,
TCGA-27-2528-01,TCGA-GBM,,survival cohort; see script 36-37,0.0,,,,,,,False,,-1,,,,,,,,
TCGA-28-1745-01,TCGA-GBM,,survival cohort; see script 36-37,0.0,,,,,,,False,,-1,,,,,,,,
TCGA-28-1746-01,TCGA-GBM,,survival cohort; see script 36-37,0.0,,,,,,,False,,-1,,,,,,,,
TCGA-28-1747-01,TCGA-GBM,,survival cohort; see script 36-37,0.0,,,,,,,False,,-1,,,,,,,,
TCGA-28-1749-01,TCGA-GBM,,survival cohort; see script 36-37,0.0,,,,,,,False,,-1,,,,,,,,
TCGA-28-1750-01,TCGA-GBM,,survival cohort; see script 36-37,0.0,,,,,,,False,,-1,,,,,,,,
TCGA-28-1751-01,TCGA-GBM,,survival cohort; see script 36-37,0.0,,,,,,,False,,-1,,,,,,,,
TCGA-28-1752-01,TCGA-GBM,,survival cohort; see script 36-37,0.0,,,,,,,False,,-1,,,,,,,,
TCGA-28-1753-01,TCGA-GBM,,survival cohort; see script 36-37,0.0,,,,,,,False,,-1,,,,,,,,
TCGA-28-1755-01,TCGA-GBM,,survival cohort; see script 36-37,0.0,,,,,,,False,,-1,,,,,,,,
TCGA-28-1756-01,TCGA-GBM,,survival cohort; see script 36-37,0.0,,,,,,,False,,-1,,,,,,,,
TCGA-28-1757-01,TCGA-GBM,,survival cohort; see script 36-37,0.0,,,,,,,False,,-1,,,,,,,,
TCGA-28-1760-01,TCGA-GBM,,survival cohort; see script 36-37,0.0,,,,,,,False,,-1,,,,,,,,
TCGA-28-2502-01,TCGA-GBM,,survival cohort; see script 36-37,0.0,,,,,,,False,,-1,,,,,,,,
TCGA-28-2506-01,TCGA-GBM,,survival cohort; see script 36-37,0.0,,,,,,,False,,-1,,,,,,,,
TCGA-28-2509-01,TCGA-GBM,,survival cohort; see script 36-37,0.0,,,,,,,False,,-1,,,,,,,,
TCGA-28-2513-01,TCGA-GBM,,survival cohort; see script 36-37,0.0,,,,,,,False,,-1,,,,,,,,
TCGA-28-2514-01,TCGA-GBM,,survival cohort; see script 36-37,0.0,,,,,,,False,,-1,,,,,,,,
TCGA-28-5204-01,TCGA-GBM,,survival cohort; see script 36-37,0.0,,,,,,,False,,-1,,,,,,,,
TCGA-28-5207-01,TCGA-GBM,,survival cohort; see script 36-37,0.0,,,,,,,False,,-1,,,,,,,,
TCGA-28-5208-01,TCGA-GBM,,survival cohort; see script 36-37,0.0,,,,,,,False,,-1,,,,,,,,
TCGA-28-5209-01,TCGA-GBM,,survival cohort; see script 36-37,0.0,,,,,,,False,,-1,,,,,,,,
TCGA-28-5213-01,TCGA-GBM,,survival cohort; see script 36-37,0.0,,,,,,,False,,-1,,,,,,,,
TCGA-28-5214-01,TCGA-GBM,,survival cohort; see script 36-37,0.0,,,,,,,False,,-1,,,,,,,,
TCGA-28-5215-01,TCGA-GBM,,survival cohort; see script 36-37,0.0,,,,,,,False,,-1,,,,,,,,
TCGA-28-5216-01,TCGA-GBM,,survival cohort; see script 36-37,0.0,,,,,,,False,,-1,,,,,,,,
TCGA-28-5218-01,TCGA-GBM,,survival cohort; see script 36-37,0.0,,,,,,,False,,-1,,,,,,,,
TCGA-28-5219-01,TCGA-GBM,,survival cohort; see script 36-37,0.0,,,,,,,False,,-1,,,,,,,,
TCGA-28-5220-01,TCGA-GBM,,survival cohort; see script 36-37,0.0,,,,,,,False,,-1,,,,,,,,
TCGA-28-6450-01,TCGA-GBM,,survival cohort; see script 36-37,0.0,,,,,,,False,,-1,,,,,,,,
TCGA-32-1970-01,TCGA-GBM,,survival cohort; see script 36-37,0.0,,,,,,,False,,-1,,,,,,,,
TCGA-32-1973-01,TCGA-GBM,,survival cohort; see script 36-37,0.0,,,,,,,False,,-1,,,,,,,,
TCGA-32-1976-01,TCGA-GBM,,survival cohort; see script 36-37,0.0,,,,,,,False,,-1,,,,,,,,
TCGA-32-1977-01,TCGA-GBM,,survival cohort; see script 36-37,0.0,,,,,,,False,,-1,,,,,,,,
TCGA-32-1978-01,TCGA-GBM,,survival cohort; see script 36-37,0.0,,,,,,,False,,-1,,,,,,,,
TCGA-32-1979-01,TCGA-GBM,,survival cohort; see script 36-37,0.0,,,,,,,False,,-1,,,,,,,,
TCGA-32-1980-01,TCGA-GBM,,survival cohort; see script 36-37,0.0,,,,,,,False,,-1,,,,,,,,
TCGA-32-1982-01,TCGA-GBM,,survival cohort; see script 36-37,0.0,,,,,,,False,,-1,,,,,,,,
TCGA-32-1986-01,TCGA-GBM,,survival cohort; see script 36-37,0.0,,,,,,,False,,-1,,,,,,,,
TCGA-32-1987-01,TCGA-GBM,,survival cohort; see script 36-37,0.0,,,,,,,False,,-1,,,,,,,,
TCGA-32-1991-01,TCGA-GBM,,survival cohort; see script 36-37,0.0,,,,,,,False,,-1,,,,,,,,
TCGA-32-2491-01,TCGA-GBM,,survival cohort; see script 36-37,0.0,,,,,,,False,,-1,,,,,,,,
TCGA-32-2494-01,TCGA-GBM,,survival cohort; see script 36-37,0.0,,,,,,,False,,-1,,,,,,,,
TCGA-32-2495-01,TCGA-GBM,,survival cohort; see script 36-37,0.0,,,,,,,False,,-1,,,,,,,,
TCGA-32-2615-01,TCGA-GBM,,survival cohort; see script 36-37,0.0,,,,,,,False,,-1,,,,,,,,
TCGA-32-2616-01,TCGA-GBM,,survival cohort; see script 36-37,0.0,,,,,,,False,,-1,,,,,,,,
TCGA-32-2632-01,TCGA-GBM,,survival cohort; see script 36-37,0.0,,,,,,,False,,-1,,,,,,,,
TCGA-32-2634-01,TCGA-GBM,,survival cohort; see script 36-37,0.0,,,,,,,False,,-1,,,,,,,,
TCGA-32-2638-01,TCGA-GBM,,survival cohort; see script 36-37,0.0,,,,,,,False,,-1,,,,,,,,
TCGA-32-4208-01,TCGA-GBM,,survival cohort; see script 36-37,0.0,,,,,,,False,,-1,,,,,,,,
TCGA-32-4209-01,TCGA-GBM,,survival cohort; see script 36-37,0.0,,,,,,,False,,-1,,,,,,,,
TCGA-32-4210-01,TCGA-GBM,,survival cohort; see script 36-37,0.0,,,,,,,False,,-1,,,,,,,,
TCGA-32-4211-01,TCGA-GBM,,survival cohort; see script 36-37,0.0,,,,,,,False,,-1,,,,,,,,
TCGA-32-4213-01,TCGA-GBM,,survival cohort; see script 36-37,0.0,,,,,,,False,,-1,,,,,,,,
TCGA-32-4719-01,TCGA-GBM,,survival cohort; see script 36-37,0.0,,,,,,,False,,-1,,,,,,,,
TCGA-32-5222-01,TCGA-GBM,,survival cohort; see script 36-37,0.0,,,,,,,False,,-1,,,,,,,,
TCGA-41-2571-01,TCGA-GBM,,survival cohort; see script 36-37,0.0,,,,,,,False,,-1,,,,,,,,
TCGA-41-2572-01,TCGA-GBM,,survival cohort; see script 36-37,0.0,,,,,,,False,,-1,,,,,,,,
TCGA-41-2573-01,TCGA-GBM,,survival cohort; see script 36-37,0.0,,,,,,,False,,-1,,,,,,,,
TCGA-41-2575-01,TCGA-GBM,,survival cohort; see script 36-37,0.0,,,,,,,False,,-1,,,,,,,,
TCGA-41-3392-01,TCGA-GBM,,survival cohort; see script 36-37,0.0,,,,,,,False,,-1,,,,,,,,
TCGA-41-3393-01,TCGA-GBM,,survival cohort; see script 36-37,0.0,,,,,,,False,,-1,,,,,,,,
TCGA-41-3915-01,TCGA-GBM,,survival cohort; see script 36-37,0.0,,,,,,,False,,-1,,,,,,,,
TCGA-41-4097-01,TCGA-GBM,,survival cohort; see script 36-37,0.0,,,,,,,False,,-1,,,,,,,,
TCGA-41-5651-01,TCGA-GBM,,survival cohort; see script 36-37,0.0,,,,,,,False,,-1,,,,,,,,
TCGA-76-4925-01,TCGA-GBM,,survival cohort; see script 36-37,0.0,,,,,,,False,,-1,,,,,,,,
TCGA-76-4926-01,TCGA-GBM,,survival cohort; see script 36-37,0.0,,,,,,,False,,-1,,,,,,,,
TCGA-76-4927-01,TCGA-GBM,,survival cohort; see script 36-37,0.0,,,,,,,False,,-1,,,,,,,,
TCGA-76-4928-01,TCGA-GBM,,survival cohort; see script 36-37,0.0,,,,,,,False,,-1,,,,,,,,
TCGA-76-4929-01,TCGA-GBM,,survival cohort; see script 36-37,0.0,,,,,,,False,,-1,,,,,,,,
TCGA-76-4931-01,TCGA-GBM,,survival cohort; see script 36-37,0.0,,,,,,,False,,-1,,,,,,,,
TCGA-76-4932-01,TCGA-GBM,,survival cohort; see script 36-37,0.0,,,,,,,False,,-1,,,,,,,,
TCGA-76-4934-01,TCGA-GBM,,survival cohort; see script 36-37,0.0,,,,,,,False,,-1,,,,,,,,
TCGA-76-4935-01,TCGA-GBM,,survival cohort; see script 36-37,0.0,,,,,,,False,,-1,,,,,,,,
TCGA-76-6191-01,TCGA-GBM,,survival cohort; see script 36-37,0.0,,,,,,,False,,-1,,,,,,,,
TCGA-76-6192-01,TCGA-GBM,,survival cohort; see script 36-37,0.0,,,,,,,False,,-1,,,,,,,,
TCGA-76-6193-01,TCGA-GBM,,survival cohort; see script 36-37,0.0,,,,,,,False,,-1,,,,,,,,
TCGA-76-6282-01,TCGA-GBM,,survival cohort; see script 36-37,0.0,,,,,,,False,,-1,,,,,,,,
TCGA-76-6285-01,TCGA-GBM,,survival cohort; see script 36-37,0.0,,,,,,,False,,-1,,,,,,,,
TCGA-81-5910-01,TCGA-GBM,,survival cohort; see script 36-37,0.0,,,,,,,False,,-1,,,,,,,,
TCGA-87-5896-01,TCGA-GBM,,survival cohort; see script 36-37,0.0,,,,,,,False,,-1,,,,,,,,
693:CGGA_1002,CGGA,,survival cohort; see script 90,0.0,,,,,,,False,True,-1,,,,,,,,
693:CGGA_1003,CGGA,,survival cohort; see script 90,0.0,,,,,,,False,True,-1,,,,,,,,
693:CGGA_1010,CGGA,,survival cohort; see script 90,0.0,,,,,,,False,True,-1,,,,,,,,
693:CGGA_1012,CGGA,,survival cohort; see script 90,0.0,,,,,,,False,True,-1,,,,,,,,
693:CGGA_1014,CGGA,,survival cohort; see script 90,0.0,,,,,,,False,True,-1,,,,,,,,
693:CGGA_1017,CGGA,,survival cohort; see script 90,0.0,,,,,,,False,True,-1,,,,,,,,
693:CGGA_1018,CGGA,,survival cohort; see script 90,0.0,,,,,,,False,True,-1,,,,,,,,
693:CGGA_103,CGGA,,survival cohort; see script 90,0.0,,,,,,,False,True,-1,,,,,,,,
693:CGGA_1030,CGGA,,survival cohort; see script 90,0.0,,,,,,,False,True,-1,,,,,,,,
693:CGGA_1032,CGGA,,survival cohort; see script 90,0.0,,,,,,,False,True,-1,,,,,,,,
693:CGGA_1033,CGGA,,survival cohort; see script 90,0.0,,,,,,,False,True,-1,,,,,,,,
693:CGGA_1036,CGGA,,survival cohort; see script 90,0.0,,,,,,,False,True,-1,,,,,,,,
693:CGGA_1037,CGGA,,survival cohort; see script 90,0.0,,,,,,,False,True,-1,,,,,,,,
693:CGGA_1041,CGGA,,survival cohort; see script 90,0.0,,,,,,,False,True,-1,,,,,,,,
693:CGGA_1048,CGGA,,survival cohort; see script 90,0.0,,,,,,,False,True,-1,,,,,,,,
693:CGGA_1051,CGGA,,survival cohort; see script 90,0.0,,,,,,,False,True,-1,,,,,,,,
693:CGGA_1055,CGGA,,survival cohort; see script 90,0.0,,,,,,,False,True,-1,,,,,,,,
693:CGGA_1057,CGGA,,survival cohort; see script 90,0.0,,,,,,,False,True,-1,,,,,,,,
693:CGGA_1058,CGGA,,survival cohort; see script 90,0.0,,,,,,,False,True,-1,,,,,,,,
693:CGGA_106,CGGA,,survival cohort; see script 90,0.0,,,,,,,False,True,-1,,,,,,,,
693:CGGA_1063,CGGA,,survival cohort; see script 90,0.0,,,,,,,False,True,-1,,,,,,,,
693:CGGA_1065,CGGA,,survival cohort; see script 90,0.0,,,,,,,False,True,-1,,,,,,,,
693:CGGA_1066,CGGA,,survival cohort; see script 90,0.0,,,,,,,False,True,-1,,,,,,,,
693:CGGA_1069,CGGA,,survival cohort; see script 90,0.0,,,,,,,False,True,-1,,,,,,,,
693:CGGA_107,CGGA,,survival cohort; see script 90,0.0,,,,,,,False,True,-1,,,,,,,,
693:CGGA_1075,CGGA,,survival cohort; see script 90,0.0,,,,,,,False,True,-1,,,,,,,,
693:CGGA_108,CGGA,,survival cohort; see script 90,0.0,,,,,,,False,True,-1,,,,,,,,
693:CGGA_1082,CGGA,,survival cohort; see script 90,0.0,,,,,,,False,True,-1,,,,,,,,
693:CGGA_1086,CGGA,,survival cohort; see script 90,0.0,,,,,,,False,True,-1,,,,,,,,
693:CGGA_1087,CGGA,,survival cohort; see script 90,0.0,,,,,,,False,True,-1,,,,,,,,
693:CGGA_1097,CGGA,,survival cohort; see script 90,0.0,,,,,,,False,True,-1,,,,,,,,
693:CGGA_1100,CGGA,,survival cohort; see script 90,0.0,,,,,,,False,True,-1,,,,,,,,
693:CGGA_1101,CGGA,,survival cohort; see script 90,0.0,,,,,,,False,True,-1,,,,,,,,
693:CGGA_1103,CGGA,,survival cohort; see script 90,0.0,,,,,,,False,True,-1,,,,,,,,
693:CGGA_1106,CGGA,,survival cohort; see script 90,0.0,,,,,,,False,True,-1,,,,,,,,
693:CGGA_1108,CGGA,,survival cohort; see script 90,0.0,,,,,,,False,True,-1,,,,,,,,
693:CGGA_1111,CGGA,,survival cohort; see script 90,0.0,,,,,,,False,True,-1,,,,,,,,
693:CGGA_112,CGGA,,survival cohort; see script 90,0.0,,,,,,,False,True,-1,,,,,,,,
693:CGGA_1120,CGGA,,survival cohort; see script 90,0.0,,,,,,,False,True,-1,,,,,,,,
693:CGGA_1121,CGGA,,survival cohort; see script 90,0.0,,,,,,,False,True,-1,,,,,,,,
693:CGGA_1126,CGGA,,survival cohort; see script 90,0.0,,,,,,,False,True,-1,,,,,,,,
693:CGGA_1127,CGGA,,survival cohort; see script 90,0.0,,,,,,,False,True,-1,,,,,,,,
693:CGGA_1130,CGGA,,survival cohort; see script 90,0.0,,,,,,,False,True,-1,,,,,,,,
693:CGGA_1131,CGGA,,survival cohort; see script 90,0.0,,,,,,,False,True,-1,,,,,,,,
693:CGGA_1132,CGGA,,survival cohort; see script 90,0.0,,,,,,,False,True,-1,,,,,,,,
693:CGGA_1134,CGGA,,survival cohort; see script 90,0.0,,,,,,,False,True,-1,,,,,,,,
693:CGGA_1135,CGGA,,survival cohort; see script 90,0.0,,,,,,,False,True,-1,,,,,,,,
693:CGGA_1137,CGGA,,survival cohort; see script 90,0.0,,,,,,,False,True,-1,,,,,,,,
693:CGGA_1138,CGGA,,survival cohort; see script 90,0.0,,,,,,,False,True,-1,,,,,,,,
693:CGGA_1141,CGGA,,survival cohort; see script 90,0.0,,,,,,,False,True,-1,,,,,,,,
693:CGGA_1142,CGGA,,survival cohort; see script 90,0.0,,,,,,,False,True,-1,,,,,,,,
693:CGGA_1144,CGGA,,survival cohort; see script 90,0.0,,,,,,,False,True,-1,,,,,,,,
693:CGGA_1147,CGGA,,survival cohort; see script 90,0.0,,,,,,,False,True,-1,,,,,,,,
693:CGGA_1148,CGGA,,survival cohort; see script 90,0.0,,,,,,,False,True,-1,,,,,,,,
693:CGGA_1152,CGGA,,survival cohort; see script 90,0.0,,,,,,,False,True,-1,,,,,,,,
693:CGGA_1154,CGGA,,survival cohort; see script 90,0.0,,,,,,,False,True,-1,,,,,,,,
693:CGGA_1155,CGGA,,survival cohort; see script 90,0.0,,,,,,,False,True,-1,,,,,,,,
693:CGGA_1156,CGGA,,survival cohort; see script 90,0.0,,,,,,,False,True,-1,,,,,,,,
693:CGGA_1157,CGGA,,survival cohort; see script 90,0.0,,,,,,,False,True,-1,,,,,,,,
693:CGGA_1158,CGGA,,survival cohort; see script 90,0.0,,,,,,,False,True,-1,,,,,,,,
693:CGGA_1159,CGGA,,survival cohort; see script 90,0.0,,,,,,,False,True,-1,,,,,,,,
693:CGGA_1161,CGGA,,survival cohort; see script 90,0.0,,,,,,,False,True,-1,,,,,,,,
693:CGGA_1162,CGGA,,survival cohort; see script 90,0.0,,,,,,,False,True,-1,,,,,,,,
693:CGGA_1164,CGGA,,survival cohort; see script 90,0.0,,,,,,,False,True,-1,,,,,,,,
693:CGGA_1169,CGGA,,survival cohort; see script 90,0.0,,,,,,,False,True,-1,,,,,,,,
693:CGGA_1172,CGGA,,survival cohort; see script 90,0.0,,,,,,,False,True,-1,,,,,,,,
693:CGGA_1178,CGGA,,survival cohort; see script 90,0.0,,,,,,,False,True,-1,,,,,,,,
693:CGGA_1181,CGGA,,survival cohort; see script 90,0.0,,,,,,,False,True,-1,,,,,,,,
693:CGGA_1183,CGGA,,survival cohort; see script 90,0.0,,,,,,,False,True,-1,,,,,,,,
693:CGGA_1184,CGGA,,survival cohort; see script 90,0.0,,,,,,,False,True,-1,,,,,,,,
693:CGGA_1185,CGGA,,survival cohort; see script 90,0.0,,,,,,,False,True,-1,,,,,,,,
693:CGGA_1191,CGGA,,survival cohort; see script 90,0.0,,,,,,,False,True,-1,,,,,,,,
693:CGGA_1192,CGGA,,survival cohort; see script 90,0.0,,,,,,,False,True,-1,,,,,,,,
693:CGGA_1195,CGGA,,survival cohort; see script 90,0.0,,,,,,,False,True,-1,,,,,,,,
693:CGGA_1198,CGGA,,survival cohort; see script 90,0.0,,,,,,,False,True,-1,,,,,,,,
693:CGGA_120,CGGA,,survival cohort; see script 90,0.0,,,,,,,False,True,-1,,,,,,,,
693:CGGA_1204,CGGA,,survival cohort; see script 90,0.0,,,,,,,False,True,-1,,,,,,,,
693:CGGA_1205,CGGA,,survival cohort; see script 90,0.0,,,,,,,False,True,-1,,,,,,,,
693:CGGA_1207,CGGA,,survival cohort; see script 90,0.0,,,,,,,False,True,-1,,,,,,,,
693:CGGA_1208,CGGA,,survival cohort; see script 90,0.0,,,,,,,False,True,-1,,,,,,,,
693:CGGA_1211,CGGA,,survival cohort; see script 90,0.0,,,,,,,False,True,-1,,,,,,,,
693:CGGA_1212,CGGA,,survival cohort; see script 90,0.0,,,,,,,False,True,-1,,,,,,,,
693:CGGA_1223,CGGA,,survival cohort; see script 90,0.0,,,,,,,False,True,-1,,,,,,,,
693:CGGA_1226,CGGA,,survival cohort; see script 90,0.0,,,,,,,False,True,-1,,,,,,,,
693:CGGA_1228,CGGA,,survival cohort; see script 90,0.0,,,,,,,False,True,-1,,,,,,,,
693:CGGA_1232,CGGA,,survival cohort; see script 90,0.0,,,,,,,False,True,-1,,,,,,,,
693:CGGA_1235,CGGA,,survival cohort; see script 90,0.0,,,,,,,False,True,-1,,,,,,,,
693:CGGA_1236,CGGA,,survival cohort; see script 90,0.0,,,,,,,False,True,-1,,,,,,,,
693:CGGA_1238,CGGA,,survival cohort; see script 90,0.0,,,,,,,False,True,-1,,,,,,,,
693:CGGA_1239,CGGA,,survival cohort; see script 90,0.0,,,,,,,False,True,-1,,,,,,,,
693:CGGA_1248,CGGA,,survival cohort; see script 90,0.0,,,,,,,False,True,-1,,,,,,,,
693:CGGA_1255,CGGA,,survival cohort; see script 90,0.0,,,,,,,False,True,-1,,,,,,,,
693:CGGA_1256,CGGA,,survival cohort; see script 90,0.0,,,,,,,False,True,-1,,,,,,,,
693:CGGA_1257,CGGA,,survival cohort; see script 90,0.0,,,,,,,False,True,-1,,,,,,,,
693:CGGA_1260,CGGA,,survival cohort; see script 90,0.0,,,,,,,False,True,-1,,,,,,,,
693:CGGA_1262,CGGA,,survival cohort; see script 90,0.0,,,,,,,False,True,-1,,,,,,,,
693:CGGA_1264,CGGA,,survival cohort; see script 90,0.0,,,,,,,False,True,-1,,,,,,,,
693:CGGA_1269,CGGA,,survival cohort; see script 90,0.0,,,,,,,False,True,-1,,,,,,,,
693:CGGA_1273,CGGA,,survival cohort; see script 90,0.0,,,,,,,False,True,-1,,,,,,,,
693:CGGA_1282,CGGA,,survival cohort; see script 90,0.0,,,,,,,False,True,-1,,,,,,,,
693:CGGA_1286,CGGA,,survival cohort; see script 90,0.0,,,,,,,False,True,-1,,,,,,,,
693:CGGA_1291,CGGA,,survival cohort; see script 90,0.0,,,,,,,False,True,-1,,,,,,,,
693:CGGA_1295,CGGA,,survival cohort; see script 90,0.0,,,,,,,False,True,-1,,,,,,,,
693:CGGA_1300,CGGA,,survival cohort; see script 90,0.0,,,,,,,False,True,-1,,,,,,,,
693:CGGA_1303,CGGA,,survival cohort; see script 90,0.0,,,,,,,False,True,-1,,,,,,,,
693:CGGA_1305,CGGA,,survival cohort; see script 90,0.0,,,,,,,False,True,-1,,,,,,,,
693:CGGA_1309,CGGA,,survival cohort; see script 90,0.0,,,,,,,False,True,-1,,,,,,,,
693:CGGA_1311,CGGA,,survival cohort; see script 90,0.0,,,,,,,False,True,-1,,,,,,,,
693:CGGA_1317,CGGA,,survival cohort; see script 90,0.0,,,,,,,False,True,-1,,,,,,,,
693:CGGA_1318,CGGA,,survival cohort; see script 90,0.0,,,,,,,False,True,-1,,,,,,,,
693:CGGA_1319,CGGA,,survival cohort; see script 90,0.0,,,,,,,False,True,-1,,,,,,,,
693:CGGA_1321,CGGA,,survival cohort; see script 90,0.0,,,,,,,False,True,-1,,,,,,,,
693:CGGA_1325,CGGA,,survival cohort; see script 90,0.0,,,,,,,False,True,-1,,,,,,,,
693:CGGA_1326,CGGA,,survival cohort; see script 90,0.0,,,,,,,False,True,-1,,,,,,,,
693:CGGA_1334,CGGA,,survival cohort; see script 90,0.0,,,,,,,False,True,-1,,,,,,,,
693:CGGA_1335,CGGA,,survival cohort; see script 90,0.0,,,,,,,False,True,-1,,,,,,,,
693:CGGA_1337,CGGA,,survival cohort; see script 90,0.0,,,,,,,False,True,-1,,,,,,,,
693:CGGA_1339,CGGA,,survival cohort; see script 90,0.0,,,,,,,False,True,-1,,,,,,,,
693:CGGA_1345,CGGA,,survival cohort; see script 90,0.0,,,,,,,False,True,-1,,,,,,,,
693:CGGA_135,CGGA,,survival cohort; see script 90,0.0,,,,,,,False,True,-1,,,,,,,,
693:CGGA_1350,CGGA,,survival cohort; see script 90,0.0,,,,,,,False,True,-1,,,,,,,,
693:CGGA_1353,CGGA,,survival cohort; see script 90,0.0,,,,,,,False,True,-1,,,,,,,,
693:CGGA_1354,CGGA,,survival cohort; see script 90,0.0,,,,,,,False,True,-1,,,,,,,,
693:CGGA_1356,CGGA,,survival cohort; see script 90,0.0,,,,,,,False,True,-1,,,,,,,,
693:CGGA_1359,CGGA,,survival cohort; see script 90,0.0,,,,,,,False,True,-1,,,,,,,,
693:CGGA_1361,CGGA,,survival cohort; see script 90,0.0,,,,,,,False,True,-1,,,,,,,,
693:CGGA_1362,CGGA,,survival cohort; see script 90,0.0,,,,,,,False,True,-1,,,,,,,,
693:CGGA_1365,CGGA,,survival cohort; see script 90,0.0,,,,,,,False,True,-1,,,,,,,,
693:CGGA_1368,CGGA,,survival cohort; see script 90,0.0,,,,,,,False,True,-1,,,,,,,,
693:CGGA_1369,CGGA,,survival cohort; see script 90,0.0,,,,,,,False,True,-1,,,,,,,,
693:CGGA_1371,CGGA,,survival cohort; see script 90,0.0,,,,,,,False,True,-1,,,,,,,,
693:CGGA_1377,CGGA,,survival cohort; see script 90,0.0,,,,,,,False,True,-1,,,,,,,,
693:CGGA_1378,CGGA,,survival cohort; see script 90,0.0,,,,,,,False,True,-1,,,,,,,,
693:CGGA_1380,CGGA,,survival cohort; see script 90,0.0,,,,,,,False,True,-1,,,,,,,,
693:CGGA_1382,CGGA,,survival cohort; see script 90,0.0,,,,,,,False,True,-1,,,,,,,,
693:CGGA_1383,CGGA,,survival cohort; see script 90,0.0,,,,,,,False,True,-1,,,,,,,,
693:CGGA_1386,CGGA,,survival cohort; see script 90,0.0,,,,,,,False,True,-1,,,,,,,,
693:CGGA_1387,CGGA,,survival cohort; see script 90,0.0,,,,,,,False,True,-1,,,,,,,,
693:CGGA_1389,CGGA,,survival cohort; see script 90,0.0,,,,,,,False,True,-1,,,,,,,,
693:CGGA_139,CGGA,,survival cohort; see script 90,0.0,,,,,,,False,True,-1,,,,,,,,
693:CGGA_1390,CGGA,,survival cohort; see script 90,0.0,,,,,,,False,True,-1,,,,,,,,
693:CGGA_1391,CGGA,,survival cohort; see script 90,0.0,,,,,,,False,True,-1,,,,,,,,
693:CGGA_1392,CGGA,,survival cohort; see script 90,0.0,,,,,,,False,True,-1,,,,,,,,
693:CGGA_1398,CGGA,,survival cohort; see script 90,0.0,,,,,,,False,True,-1,,,,,,,,
693:CGGA_1400,CGGA,,survival cohort; see script 90,0.0,,,,,,,False,True,-1,,,,,,,,
693:CGGA_1401,CGGA,,survival cohort; see script 90,0.0,,,,,,,False,True,-1,,,,,,,,
693:CGGA_1402,CGGA,,survival cohort; see script 90,0.0,,,,,,,False,True,-1,,,,,,,,
693:CGGA_1403,CGGA,,survival cohort; see script 90,0.0,,,,,,,False,True,-1,,,,,,,,
693:CGGA_1404,CGGA,,survival cohort; see script 90,0.0,,,,,,,False,True,-1,,,,,,,,
693:CGGA_1407,CGGA,,survival cohort; see script 90,0.0,,,,,,,False,True,-1,,,,,,,,
693:CGGA_1410,CGGA,,survival cohort; see script 90,0.0,,,,,,,False,True,-1,,,,,,,,
693:CGGA_1413,CGGA,,survival cohort; see script 90,0.0,,,,,,,False,True,-1,,,,,,,,
693:CGGA_1415,CGGA,,survival cohort; see script 90,0.0,,,,,,,False,True,-1,,,,,,,,
693:CGGA_1416,CGGA,,survival cohort; see script 90,0.0,,,,,,,False,True,-1,,,,,,,,
693:CGGA_1417,CGGA,,survival cohort; see script 90,0.0,,,,,,,False,True,-1,,,,,,,,
693:CGGA_1418,CGGA,,survival cohort; see script 90,0.0,,,,,,,False,True,-1,,,,,,,,
693:CGGA_1419,CGGA,,survival cohort; see script 90,0.0,,,,,,,False,True,-1,,,,,,,,
693:CGGA_1420,CGGA,,survival cohort; see script 90,0.0,,,,,,,False,True,-1,,,,,,,,
693:CGGA_1421,CGGA,,survival cohort; see script 90,0.0,,,,,,,False,True,-1,,,,,,,,
693:CGGA_1422,CGGA,,survival cohort; see script 90,0.0,,,,,,,False,True,-1,,,,,,,,
693:CGGA_1424,CGGA,,survival cohort; see script 90,0.0,,,,,,,False,True,-1,,,,,,,,
693:CGGA_1425,CGGA,,survival cohort; see script 90,0.0,,,,,,,False,True,-1,,,,,,,,
693:CGGA_1426,CGGA,,survival cohort; see script 90,0.0,,,,,,,False,True,-1,,,,,,,,
693:CGGA_1427,CGGA,,survival cohort; see script 90,0.0,,,,,,,False,True,-1,,,,,,,,
693:CGGA_1429,CGGA,,survival cohort; see script 90,0.0,,,,,,,False,True,-1,,,,,,,,
693:CGGA_1430,CGGA,,survival cohort; see script 90,0.0,,,,,,,False,True,-1,,,,,,,,
693:CGGA_1431,CGGA,,survival cohort; see script 90,0.0,,,,,,,False,True,-1,,,,,,,,
693:CGGA_1433,CGGA,,survival cohort; see script 90,0.0,,,,,,,False,True,-1,,,,,,,,
693:CGGA_1434,CGGA,,survival cohort; see script 90,0.0,,,,,,,False,True,-1,,,,,,,,
693:CGGA_1435,CGGA,,survival cohort; see script 90,0.0,,,,,,,False,True,-1,,,,,,,,
693:CGGA_1437,CGGA,,survival cohort; see script 90,0.0,,,,,,,False,True,-1,,,,,,,,
693:CGGA_1440,CGGA,,survival cohort; see script 90,0.0,,,,,,,False,True,-1,,,,,,,,
693:CGGA_1441,CGGA,,survival cohort; see script 90,0.0,,,,,,,False,True,-1,,,,,,,,
693:CGGA_1443,CGGA,,survival cohort; see script 90,0.0,,,,,,,False,True,-1,,,,,,,,
693:CGGA_1444,CGGA,,survival cohort; see script 90,0.0,,,,,,,False,True,-1,,,,,,,,
693:CGGA_1445,CGGA,,survival cohort; see script 90,0.0,,,,,,,False,True,-1,,,,,,,,
693:CGGA_1446,CGGA,,survival cohort; see script 90,0.0,,,,,,,False,True,-1,,,,,,,,
693:CGGA_1447,CGGA,,survival cohort; see script 90,0.0,,,,,,,False,True,-1,,,,,,,,
693:CGGA_1451,CGGA,,survival cohort; see script 90,0.0,,,,,,,False,True,-1,,,,,,,,
693:CGGA_1452,CGGA,,survival cohort; see script 90,0.0,,,,,,,False,True,-1,,,,,,,,
693:CGGA_1454,CGGA,,survival cohort; see script 90,0.0,,,,,,,False,True,-1,,,,,,,,
693:CGGA_1455,CGGA,,survival cohort; see script 90,0.0,,,,,,,False,True,-1,,,,,,,,
693:CGGA_1457,CGGA,,survival cohort; see script 90,0.0,,,,,,,False,True,-1,,,,,,,,
693:CGGA_1458,CGGA,,survival cohort; see script 90,0.0,,,,,,,False,True,-1,,,,,,,,
693:CGGA_1459,CGGA,,survival cohort; see script 90,0.0,,,,,,,False,True,-1,,,,,,,,
693:CGGA_1461,CGGA,,survival cohort; see script 90,0.0,,,,,,,False,True,-1,,,,,,,,
693:CGGA_1462,CGGA,,survival cohort; see script 90,0.0,,,,,,,False,True,-1,,,,,,,,
693:CGGA_1463,CGGA,,survival cohort; see script 90,0.0,,,,,,,False,True,-1,,,,,,,,
693:CGGA_1467,CGGA,,survival cohort; see script 90,0.0,,,,,,,False,True,-1,,,,,,,,
693:CGGA_1469,CGGA,,survival cohort; see script 90,0.0,,,,,,,False,True,-1,,,,,,,,
693:CGGA_1471,CGGA,,survival cohort; see script 90,0.0,,,,,,,False,True,-1,,,,,,,,
693:CGGA_1472,CGGA,,survival cohort; see script 90,0.0,,,,,,,False,True,-1,,,,,,,,
693:CGGA_1473,CGGA,,survival cohort; see script 90,0.0,,,,,,,False,True,-1,,,,,,,,
693:CGGA_1474,CGGA,,survival cohort; see script 90,0.0,,,,,,,False,True,-1,,,,,,,,
693:CGGA_1476,CGGA,,survival cohort; see script 90,0.0,,,,,,,False,True,-1,,,,,,,,
693:CGGA_1477,CGGA,,survival cohort; see script 90,0.0,,,,,,,False,True,-1,,,,,,,,
693:CGGA_1478,CGGA,,survival cohort; see script 90,0.0,,,,,,,False,True,-1,,,,,,,,
693:CGGA_1480,CGGA,,survival cohort; see script 90,0.0,,,,,,,False,True,-1,,,,,,,,
693:CGGA_1481,CGGA,,survival cohort; see script 90,0.0,,,,,,,False,True,-1,,,,,,,,
693:CGGA_1482,CGGA,,survival cohort; see script 90,0.0,,,,,,,False,True,-1,,,,,,,,
693:CGGA_1486,CGGA,,survival cohort; see script 90,0.0,,,,,,,False,True,-1,,,,,,,,
693:CGGA_1487,CGGA,,survival cohort; see script 90,0.0,,,,,,,False,True,-1,,,,,,,,
693:CGGA_1488,CGGA,,survival cohort; see script 90,0.0,,,,,,,False,True,-1,,,,,,,,
693:CGGA_1491,CGGA,,survival cohort; see script 90,0.0,,,,,,,False,True,-1,,,,,,,,
693:CGGA_1492,CGGA,,survival cohort; see script 90,0.0,,,,,,,False,True,-1,,,,,,,,
693:CGGA_1494,CGGA,,survival cohort; see script 90,0.0,,,,,,,False,True,-1,,,,,,,,
693:CGGA_1496,CGGA,,survival cohort; see script 90,0.0,,,,,,,False,True,-1,,,,,,,,
693:CGGA_1497,CGGA,,survival cohort; see script 90,0.0,,,,,,,False,True,-1,,,,,,,,
693:CGGA_1498,CGGA,,survival cohort; see script 90,0.0,,,,,,,False,True,-1,,,,,,,,
693:CGGA_1500,CGGA,,survival cohort; see script 90,0.0,,,,,,,False,True,-1,,,,,,,,
693:CGGA_1501,CGGA,,survival cohort; see script 90,0.0,,,,,,,False,True,-1,,,,,,,,
693:CGGA_1502,CGGA,,survival cohort; see script 90,0.0,,,,,,,False,True,-1,,,,,,,,
693:CGGA_1503,CGGA,,survival cohort; see script 90,0.0,,,,,,,False,True,-1,,,,,,,,
693:CGGA_1504,CGGA,,survival cohort; see script 90,0.0,,,,,,,False,True,-1,,,,,,,,
693:CGGA_1505,CGGA,,survival cohort; see script 90,0.0,,,,,,,False,True,-1,,,,,,,,
693:CGGA_1507,CGGA,,survival cohort; see script 90,0.0,,,,,,,False,True,-1,,,,,,,,
693:CGGA_1508,CGGA,,survival cohort; see script 90,0.0,,,,,,,False,True,-1,,,,,,,,
693:CGGA_1510,CGGA,,survival cohort; see script 90,0.0,,,,,,,False,True,-1,,,,,,,,
693:CGGA_1513,CGGA,,survival cohort; see script 90,0.0,,,,,,,False,True,-1,,,,,,,,
693:CGGA_1514,CGGA,,survival cohort; see script 90,0.0,,,,,,,False,True,-1,,,,,,,,
693:CGGA_1516,CGGA,,survival cohort; see script 90,0.0,,,,,,,False,True,-1,,,,,,,,
693:CGGA_1517,CGGA,,survival cohort; see script 90,0.0,,,,,,,False,True,-1,,,,,,,,
693:CGGA_1518,CGGA,,survival cohort; see script 90,0.0,,,,,,,False,True,-1,,,,,,,,
693:CGGA_1520,CGGA,,survival cohort; see script 90,0.0,,,,,,,False,True,-1,,,,,,,,
693:CGGA_1521,CGGA,,survival cohort; see script 90,0.0,,,,,,,False,True,-1,,,,,,,,
693:CGGA_1523,CGGA,,survival cohort; see script 90,0.0,,,,,,,False,True,-1,,,,,,,,
693:CGGA_1524,CGGA,,survival cohort; see script 90,0.0,,,,,,,False,True,-1,,,,,,,,
693:CGGA_1525,CGGA,,survival cohort; see script 90,0.0,,,,,,,False,True,-1,,,,,,,,
693:CGGA_1526,CGGA,,survival cohort; see script 90,0.0,,,,,,,False,True,-1,,,,,,,,
693:CGGA_1527,CGGA,,survival cohort; see script 90,0.0,,,,,,,False,True,-1,,,,,,,,
693:CGGA_1528,CGGA,,survival cohort; see script 90,0.0,,,,,,,False,True,-1,,,,,,,,
693:CGGA_1529,CGGA,,survival cohort; see script 90,0.0,,,,,,,False,True,-1,,,,,,,,
693:CGGA_1530,CGGA,,survival cohort; see script 90,0.0,,,,,,,False,True,-1,,,,,,,,
693:CGGA_1531,CGGA,,survival cohort; see script 90,0.0,,,,,,,False,True,-1,,,,,,,,
693:CGGA_1533,CGGA,,survival cohort; see script 90,0.0,,,,,,,False,True,-1,,,,,,,,
693:CGGA_1534,CGGA,,survival cohort; see script 90,0.0,,,,,,,False,True,-1,,,,,,,,
693:CGGA_1535,CGGA,,survival cohort; see script 90,0.0,,,,,,,False,True,-1,,,,,,,,
693:CGGA_1536,CGGA,,survival cohort; see script 90,0.0,,,,,,,False,True,-1,,,,,,,,
693:CGGA_1537,CGGA,,survival cohort; see script 90,0.0,,,,,,,False,True,-1,,,,,,,,
693:CGGA_1538,CGGA,,survival cohort; see script 90,0.0,,,,,,,False,True,-1,,,,,,,,
693:CGGA_1539,CGGA,,survival cohort; see script 90,0.0,,,,,,,False,True,-1,,,,,,,,
693:CGGA_1541,CGGA,,survival cohort; see script 90,0.0,,,,,,,False,True,-1,,,,,,,,
693:CGGA_1542,CGGA,,survival cohort; see script 90,0.0,,,,,,,False,True,-1,,,,,,,,
693:CGGA_1543,CGGA,,survival cohort; see script 90,0.0,,,,,,,False,True,-1,,,,,,,,
693:CGGA_1544,CGGA,,survival cohort; see script 90,0.0,,,,,,,False,True,-1,,,,,,,,
693:CGGA_1546,CGGA,,survival cohort; see script 90,0.0,,,,,,,False,True,-1,,,,,,,,
693:CGGA_1548,CGGA,,survival cohort; see script 90,0.0,,,,,,,False,True,-1,,,,,,,,
693:CGGA_1551,CGGA,,survival cohort; see script 90,0.0,,,,,,,False,True,-1,,,,,,,,
693:CGGA_1552,CGGA,,survival cohort; see script 90,0.0,,,,,,,False,True,-1,,,,,,,,
693:CGGA_1553,CGGA,,survival cohort; see script 90,0.0,,,,,,,False,True,-1,,,,,,,,
693:CGGA_1554,CGGA,,survival cohort; see script 90,0.0,,,,,,,False,True,-1,,,,,,,,
693:CGGA_1557,CGGA,,survival cohort; see script 90,0.0,,,,,,,False,True,-1,,,,,,,,
693:CGGA_1558,CGGA,,survival cohort; see script 90,0.0,,,,,,,False,True,-1,,,,,,,,
693:CGGA_1559,CGGA,,survival cohort; see script 90,0.0,,,,,,,False,True,-1,,,,,,,,
693:CGGA_1560,CGGA,,survival cohort; see script 90,0.0,,,,,,,False,True,-1,,,,,,,,
693:CGGA_1562,CGGA,,survival cohort; see script 90,0.0,,,,,,,False,True,-1,,,,,,,,
693:CGGA_1563,CGGA,,survival cohort; see script 90,0.0,,,,,,,False,True,-1,,,,,,,,
693:CGGA_1564,CGGA,,survival cohort; see script 90,0.0,,,,,,,False,True,-1,,,,,,,,
693:CGGA_1565,CGGA,,survival cohort; see script 90,0.0,,,,,,,False,True,-1,,,,,,,,
693:CGGA_1566,CGGA,,survival cohort; see script 90,0.0,,,,,,,False,True,-1,,,,,,,,
693:CGGA_1567,CGGA,,survival cohort; see script 90,0.0,,,,,,,False,True,-1,,,,,,,,
693:CGGA_1568,CGGA,,survival cohort; see script 90,0.0,,,,,,,False,True,-1,,,,,,,,
693:CGGA_1569,CGGA,,survival cohort; see script 90,0.0,,,,,,,False,True,-1,,,,,,,,
693:CGGA_157,CGGA,,survival cohort; see script 90,0.0,,,,,,,False,True,-1,,,,,,,,
693:CGGA_1571,CGGA,,survival cohort; see script 90,0.0,,,,,,,False,True,-1,,,,,,,,
693:CGGA_1572,CGGA,,survival cohort; see script 90,0.0,,,,,,,False,True,-1,,,,,,,,
693:CGGA_1575,CGGA,,survival cohort; see script 90,0.0,,,,,,,False,True,-1,,,,,,,,
693:CGGA_1579,CGGA,,survival cohort; see script 90,0.0,,,,,,,False,True,-1,,,,,,,,
693:CGGA_1580,CGGA,,survival cohort; see script 90,0.0,,,,,,,False,True,-1,,,,,,,,
693:CGGA_1583,CGGA,,survival cohort; see script 90,0.0,,,,,,,False,True,-1,,,,,,,,
693:CGGA_1586,CGGA,,survival cohort; see script 90,0.0,,,,,,,False,True,-1,,,,,,,,
693:CGGA_1587,CGGA,,survival cohort; see script 90,0.0,,,,,,,False,True,-1,,,,,,,,
693:CGGA_1588,CGGA,,survival cohort; see script 90,0.0,,,,,,,False,True,-1,,,,,,,,
693:CGGA_1589,CGGA,,survival cohort; see script 90,0.0,,,,,,,False,True,-1,,,,,,,,
693:CGGA_1591,CGGA,,survival cohort; see script 90,0.0,,,,,,,False,True,-1,,,,,,,,
693:CGGA_1592,CGGA,,survival cohort; see script 90,0.0,,,,,,,False,True,-1,,,,,,,,
693:CGGA_1594,CGGA,,survival cohort; see script 90,0.0,,,,,,,False,True,-1,,,,,,,,
693:CGGA_1595,CGGA,,survival cohort; see script 90,0.0,,,,,,,False,True,-1,,,,,,,,
693:CGGA_1596,CGGA,,survival cohort; see script 90,0.0,,,,,,,False,True,-1,,,,,,,,
693:CGGA_1597,CGGA,,survival cohort; see script 90,0.0,,,,,,,False,True,-1,,,,,,,,
693:CGGA_1598,CGGA,,survival cohort; see script 90,0.0,,,,,,,False,True,-1,,,,,,,,
693:CGGA_1601,CGGA,,survival cohort; see script 90,0.0,,,,,,,False,True,-1,,,,,,,,
693:CGGA_1603,CGGA,,survival cohort; see script 90,0.0,,,,,,,False,True,-1,,,,,,,,
693:CGGA_1604,CGGA,,survival cohort; see script 90,0.0,,,,,,,False,True,-1,,,,,,,,
693:CGGA_1605,CGGA,,survival cohort; see script 90,0.0,,,,,,,False,True,-1,,,,,,,,
693:CGGA_1606,CGGA,,survival cohort; see script 90,0.0,,,,,,,False,True,-1,,,,,,,,
693:CGGA_1607,CGGA,,survival cohort; see script 90,0.0,,,,,,,False,True,-1,,,,,,,,
693:CGGA_1608,CGGA,,survival cohort; see script 90,0.0,,,,,,,False,True,-1,,,,,,,,
693:CGGA_1610,CGGA,,survival cohort; see script 90,0.0,,,,,,,False,True,-1,,,,,,,,
693:CGGA_1611,CGGA,,survival cohort; see script 90,0.0,,,,,,,False,True,-1,,,,,,,,
693:CGGA_1612,CGGA,,survival cohort; see script 90,0.0,,,,,,,False,True,-1,,,,,,,,
693:CGGA_1613,CGGA,,survival cohort; see script 90,0.0,,,,,,,False,True,-1,,,,,,,,
693:CGGA_1614,CGGA,,survival cohort; see script 90,0.0,,,,,,,False,True,-1,,,,,,,,
693:CGGA_1615,CGGA,,survival cohort; see script 90,0.0,,,,,,,False,True,-1,,,,,,,,
693:CGGA_1617,CGGA,,survival cohort; see script 90,0.0,,,,,,,False,True,-1,,,,,,,,
693:CGGA_1618,CGGA,,survival cohort; see script 90,0.0,,,,,,,False,True,-1,,,,,,,,
693:CGGA_1619,CGGA,,survival cohort; see script 90,0.0,,,,,,,False,True,-1,,,,,,,,
693:CGGA_1620,CGGA,,survival cohort; see script 90,0.0,,,,,,,False,True,-1,,,,,,,,
693:CGGA_1621,CGGA,,survival cohort; see script 90,0.0,,,,,,,False,True,-1,,,,,,,,
693:CGGA_1623,CGGA,,survival cohort; see script 90,0.0,,,,,,,False,True,-1,,,,,,,,
693:CGGA_1624,CGGA,,survival cohort; see script 90,0.0,,,,,,,False,True,-1,,,,,,,,
693:CGGA_1626,CGGA,,survival cohort; see script 90,0.0,,,,,,,False,True,-1,,,,,,,,
693:CGGA_1627,CGGA,,survival cohort; see script 90,0.0,,,,,,,False,True,-1,,,,,,,,
693:CGGA_1630,CGGA,,survival cohort; see script 90,0.0,,,,,,,False,True,-1,,,,,,,,
693:CGGA_1631,CGGA,,survival cohort; see script 90,0.0,,,,,,,False,True,-1,,,,,,,,
693:CGGA_1634,CGGA,,survival cohort; see script 90,0.0,,,,,,,False,True,-1,,,,,,,,
693:CGGA_1635,CGGA,,survival cohort; see script 90,0.0,,,,,,,False,True,-1,,,,,,,,
693:CGGA_1640,CGGA,,survival cohort; see script 90,0.0,,,,,,,False,True,-1,,,,,,,,
693:CGGA_1641,CGGA,,survival cohort; see script 90,0.0,,,,,,,False,True,-1,,,,,,,,
693:CGGA_1642,CGGA,,survival cohort; see script 90,0.0,,,,,,,False,True,-1,,,,,,,,
693:CGGA_1643,CGGA,,survival cohort; see script 90,0.0,,,,,,,False,True,-1,,,,,,,,
693:CGGA_1644,CGGA,,survival cohort; see script 90,0.0,,,,,,,False,True,-1,,,,,,,,
693:CGGA_1645,CGGA,,survival cohort; see script 90,0.0,,,,,,,False,True,-1,,,,,,,,
693:CGGA_1647,CGGA,,survival cohort; see script 90,0.0,,,,,,,False,True,-1,,,,,,,,
693:CGGA_1648,CGGA,,survival cohort; see script 90,0.0,,,,,,,False,True,-1,,,,,,,,
693:CGGA_1649,CGGA,,survival cohort; see script 90,0.0,,,,,,,False,True,-1,,,,,,,,
693:CGGA_165,CGGA,,survival cohort; see script 90,0.0,,,,,,,False,True,-1,,,,,,,,
693:CGGA_1650,CGGA,,survival cohort; see script 90,0.0,,,,,,,False,True,-1,,,,,,,,
693:CGGA_1651,CGGA,,survival cohort; see script 90,0.0,,,,,,,False,True,-1,,,,,,,,
693:CGGA_1653,CGGA,,survival cohort; see script 90,0.0,,,,,,,False,True,-1,,,,,,,,
693:CGGA_1654,CGGA,,survival cohort; see script 90,0.0,,,,,,,False,True,-1,,,,,,,,
693:CGGA_1655,CGGA,,survival cohort; see script 90,0.0,,,,,,,False,True,-1,,,,,,,,
693:CGGA_1656,CGGA,,survival cohort; see script 90,0.0,,,,,,,False,True,-1,,,,,,,,
693:CGGA_1657,CGGA,,survival cohort; see script 90,0.0,,,,,,,False,True,-1,,,,,,,,
693:CGGA_1658,CGGA,,survival cohort; see script 90,0.0,,,,,,,False,True,-1,,,,,,,,
693:CGGA_1659,CGGA,,survival cohort; see script 90,0.0,,,,,,,False,True,-1,,,,,,,,
693:CGGA_1660,CGGA,,survival cohort; see script 90,0.0,,,,,,,False,True,-1,,,,,,,,
693:CGGA_1661,CGGA,,survival cohort; see script 90,0.0,,,,,,,False,True,-1,,,,,,,,
693:CGGA_1662,CGGA,,survival cohort; see script 90,0.0,,,,,,,False,True,-1,,,,,,,,
693:CGGA_1663,CGGA,,survival cohort; see script 90,0.0,,,,,,,False,True,-1,,,,,,,,
693:CGGA_1664,CGGA,,survival cohort; see script 90,0.0,,,,,,,False,True,-1,,,,,,,,
693:CGGA_1666,CGGA,,survival cohort; see script 90,0.0,,,,,,,False,True,-1,,,,,,,,
693:CGGA_1667,CGGA,,survival cohort; see script 90,0.0,,,,,,,False,True,-1,,,,,,,,
693:CGGA_1669,CGGA,,survival cohort; see script 90,0.0,,,,,,,False,True,-1,,,,,,,,
693:CGGA_1670,CGGA,,survival cohort; see script 90,0.0,,,,,,,False,True,-1,,,,,,,,
693:CGGA_1671,CGGA,,survival cohort; see script 90,0.0,,,,,,,False,True,-1,,,,,,,,
693:CGGA_1672,CGGA,,survival cohort; see script 90,0.0,,,,,,,False,True,-1,,,,,,,,
693:CGGA_1673,CGGA,,survival cohort; see script 90,0.0,,,,,,,False,True,-1,,,,,,,,
693:CGGA_1675,CGGA,,survival cohort; see script 90,0.0,,,,,,,False,True,-1,,,,,,,,
693:CGGA_1677,CGGA,,survival cohort; see script 90,0.0,,,,,,,False,True,-1,,,,,,,,
693:CGGA_1678,CGGA,,survival cohort; see script 90,0.0,,,,,,,False,True,-1,,,,,,,,
693:CGGA_1679,CGGA,,survival cohort; see script 90,0.0,,,,,,,False,True,-1,,,,,,,,
693:CGGA_1680,CGGA,,survival cohort; see script 90,0.0,,,,,,,False,True,-1,,,,,,,,
693:CGGA_1681,CGGA,,survival cohort; see script 90,0.0,,,,,,,False,True,-1,,,,,,,,
693:CGGA_1682,CGGA,,survival cohort; see script 90,0.0,,,,,,,False,True,-1,,,,,,,,
693:CGGA_1684,CGGA,,survival cohort; see script 90,0.0,,,,,,,False,True,-1,,,,,,,,
693:CGGA_1685,CGGA,,survival cohort; see script 90,0.0,,,,,,,False,True,-1,,,,,,,,
693:CGGA_1686,CGGA,,survival cohort; see script 90,0.0,,,,,,,False,True,-1,,,,,,,,
693:CGGA_1687,CGGA,,survival cohort; see script 90,0.0,,,,,,,False,True,-1,,,,,,,,
693:CGGA_1688,CGGA,,survival cohort; see script 90,0.0,,,,,,,False,True,-1,,,,,,,,
693:CGGA_1689,CGGA,,survival cohort; see script 90,0.0,,,,,,,False,True,-1,,,,,,,,
693:CGGA_1690,CGGA,,survival cohort; see script 90,0.0,,,,,,,False,True,-1,,,,,,,,
693:CGGA_1693,CGGA,,survival cohort; see script 90,0.0,,,,,,,False,True,-1,,,,,,,,
693:CGGA_1694,CGGA,,survival cohort; see script 90,0.0,,,,,,,False,True,-1,,,,,,,,
693:CGGA_1695,CGGA,,survival cohort; see script 90,0.0,,,,,,,False,True,-1,,,,,,,,
693:CGGA_1696,CGGA,,survival cohort; see script 90,0.0,,,,,,,False,True,-1,,,,,,,,
693:CGGA_1697,CGGA,,survival cohort; see script 90,0.0,,,,,,,False,True,-1,,,,,,,,
693:CGGA_1698,CGGA,,survival cohort; see script 90,0.0,,,,,,,False,True,-1,,,,,,,,
693:CGGA_1699,CGGA,,survival cohort; see script 90,0.0,,,,,,,False,True,-1,,,,,,,,
693:CGGA_1700,CGGA,,survival cohort; see script 90,0.0,,,,,,,False,True,-1,,,,,,,,
693:CGGA_1701,CGGA,,survival cohort; see script 90,0.0,,,,,,,False,True,-1,,,,,,,,
693:CGGA_1702,CGGA,,survival cohort; see script 90,0.0,,,,,,,False,True,-1,,,,,,,,
693:CGGA_1703,CGGA,,survival cohort; see script 90,0.0,,,,,,,False,True,-1,,,,,,,,
693:CGGA_1704,CGGA,,survival cohort; see script 90,0.0,,,,,,,False,True,-1,,,,,,,,
693:CGGA_1706,CGGA,,survival cohort; see script 90,0.0,,,,,,,False,True,-1,,,,,,,,
693:CGGA_1708,CGGA,,survival cohort; see script 90,0.0,,,,,,,False,True,-1,,,,,,,,
693:CGGA_1709,CGGA,,survival cohort; see script 90,0.0,,,,,,,False,True,-1,,,,,,,,
693:CGGA_1713,CGGA,,survival cohort; see script 90,0.0,,,,,,,False,True,-1,,,,,,,,
693:CGGA_1714,CGGA,,survival cohort; see script 90,0.0,,,,,,,False,True,-1,,,,,,,,
693:CGGA_1715,CGGA,,survival cohort; see script 90,0.0,,,,,,,False,True,-1,,,,,,,,
693:CGGA_1716,CGGA,,survival cohort; see script 90,0.0,,,,,,,False,True,-1,,,,,,,,
693:CGGA_1718,CGGA,,survival cohort; see script 90,0.0,,,,,,,False,True,-1,,,,,,,,
693:CGGA_1720,CGGA,,survival cohort; see script 90,0.0,,,,,,,False,True,-1,,,,,,,,
693:CGGA_1721,CGGA,,survival cohort; see script 90,0.0,,,,,,,False,True,-1,,,,,,,,
693:CGGA_1722,CGGA,,survival cohort; see script 90,0.0,,,,,,,False,True,-1,,,,,,,,
693:CGGA_1723,CGGA,,survival cohort; see script 90,0.0,,,,,,,False,True,-1,,,,,,,,
693:CGGA_1725,CGGA,,survival cohort; see script 90,0.0,,,,,,,False,True,-1,,,,,,,,
693:CGGA_1727,CGGA,,survival cohort; see script 90,0.0,,,,,,,False,True,-1,,,,,,,,
693:CGGA_1728,CGGA,,survival cohort; see script 90,0.0,,,,,,,False,True,-1,,,,,,,,
693:CGGA_1729,CGGA,,survival cohort; see script 90,0.0,,,,,,,False,True,-1,,,,,,,,
693:CGGA_1731,CGGA,,survival cohort; see script 90,0.0,,,,,,,False,True,-1,,,,,,,,
693:CGGA_1735,CGGA,,survival cohort; see script 90,0.0,,,,,,,False,True,-1,,,,,,,,
693:CGGA_1736,CGGA,,survival cohort; see script 90,0.0,,,,,,,False,True,-1,,,,,,,,
693:CGGA_1737,CGGA,,survival cohort; see script 90,0.0,,,,,,,False,True,-1,,,,,,,,
693:CGGA_1738,CGGA,,survival cohort; see script 90,0.0,,,,,,,False,True,-1,,,,,,,,
693:CGGA_1739,CGGA,,survival cohort; see script 90,0.0,,,,,,,False,True,-1,,,,,,,,
693:CGGA_1740,CGGA,,survival cohort; see script 90,0.0,,,,,,,False,True,-1,,,,,,,,
693:CGGA_1743,CGGA,,survival cohort; see script 90,0.0,,,,,,,False,True,-1,,,,,,,,
693:CGGA_1744,CGGA,,survival cohort; see script 90,0.0,,,,,,,False,True,-1,,,,,,,,
693:CGGA_1745,CGGA,,survival cohort; see script 90,0.0,,,,,,,False,True,-1,,,,,,,,
693:CGGA_1747,CGGA,,survival cohort; see script 90,0.0,,,,,,,False,True,-1,,,,,,,,
693:CGGA_1749,CGGA,,survival cohort; see script 90,0.0,,,,,,,False,True,-1,,,,,,,,
693:CGGA_1750,CGGA,,survival cohort; see script 90,0.0,,,,,,,False,True,-1,,,,,,,,
693:CGGA_1758,CGGA,,survival cohort; see script 90,0.0,,,,,,,False,True,-1,,,,,,,,
693:CGGA_1760,CGGA,,survival cohort; see script 90,0.0,,,,,,,False,True,-1,,,,,,,,
693:CGGA_1764,CGGA,,survival cohort; see script 90,0.0,,,,,,,False,True,-1,,,,,,,,
693:CGGA_1767,CGGA,,survival cohort; see script 90,0.0,,,,,,,False,True,-1,,,,,,,,
693:CGGA_1769,CGGA,,survival cohort; see script 90,0.0,,,,,,,False,True,-1,,,,,,,,
693:CGGA_1770,CGGA,,survival cohort; see script 90,0.0,,,,,,,False,True,-1,,,,,,,,
693:CGGA_1771,CGGA,,survival cohort; see script 90,0.0,,,,,,,False,True,-1,,,,,,,,
693:CGGA_1773,CGGA,,survival cohort; see script 90,0.0,,,,,,,False,True,-1,,,,,,,,
693:CGGA_1776,CGGA,,survival cohort; see script 90,0.0,,,,,,,False,True,-1,,,,,,,,
693:CGGA_1780,CGGA,,survival cohort; see script 90,0.0,,,,,,,False,True,-1,,,,,,,,
693:CGGA_1785,CGGA,,survival cohort; see script 90,0.0,,,,,,,False,True,-1,,,,,,,,
693:CGGA_1786,CGGA,,survival cohort; see script 90,0.0,,,,,,,False,True,-1,,,,,,,,
693:CGGA_1791,CGGA,,survival cohort; see script 90,0.0,,,,,,,False,True,-1,,,,,,,,
693:CGGA_1807,CGGA,,survival cohort; see script 90,0.0,,,,,,,False,True,-1,,,,,,,,
693:CGGA_1809,CGGA,,survival cohort; see script 90,0.0,,,,,,,False,True,-1,,,,,,,,
693:CGGA_1811,CGGA,,survival cohort; see script 90,0.0,,,,,,,False,True,-1,,,,,,,,
693:CGGA_1812,CGGA,,survival cohort; see script 90,0.0,,,,,,,False,True,-1,,,,,,,,
693:CGGA_1814,CGGA,,survival cohort; see script 90,0.0,,,,,,,False,True,-1,,,,,,,,
693:CGGA_1815,CGGA,,survival cohort; see script 90,0.0,,,,,,,False,True,-1,,,,,,,,
693:CGGA_1817,CGGA,,survival cohort; see script 90,0.0,,,,,,,False,True,-1,,,,,,,,
693:CGGA_1819,CGGA,,survival cohort; see script 90,0.0,,,,,,,False,True,-1,,,,,,,,
693:CGGA_1820,CGGA,,survival cohort; see script 90,0.0,,,,,,,False,True,-1,,,,,,,,
693:CGGA_1826,CGGA,,survival cohort; see script 90,0.0,,,,,,,False,True,-1,,,,,,,,
693:CGGA_1829,CGGA,,survival cohort; see script 90,0.0,,,,,,,False,True,-1,,,,,,,,
693:CGGA_1833,CGGA,,survival cohort; see script 90,0.0,,,,,,,False,True,-1,,,,,,,,
693:CGGA_1840,CGGA,,survival cohort; see script 90,0.0,,,,,,,False,True,-1,,,,,,,,
693:CGGA_1850,CGGA,,survival cohort; see script 90,0.0,,,,,,,False,True,-1,,,,,,,,
693:CGGA_1854,CGGA,,survival cohort; see script 90,0.0,,,,,,,False,True,-1,,,,,,,,
693:CGGA_1857,CGGA,,survival cohort; see script 90,0.0,,,,,,,False,True,-1,,,,,,,,
693:CGGA_1862,CGGA,,survival cohort; see script 90,0.0,,,,,,,False,True,-1,,,,,,,,
693:CGGA_1863,CGGA,,survival cohort; see script 90,0.0,,,,,,,False,True,-1,,,,,,,,
693:CGGA_1865,CGGA,,survival cohort; see script 90,0.0,,,,,,,False,True,-1,,,,,,,,
693:CGGA_1866,CGGA,,survival cohort; see script 90,0.0,,,,,,,False,True,-1,,,,,,,,
693:CGGA_1870,CGGA,,survival cohort; see script 90,0.0,,,,,,,False,True,-1,,,,,,,,
693:CGGA_1875,CGGA,,survival cohort; see script 90,0.0,,,,,,,False,True,-1,,,,,,,,
693:CGGA_1877,CGGA,,survival cohort; see script 90,0.0,,,,,,,False,True,-1,,,,,,,,
693:CGGA_1880,CGGA,,survival cohort; see script 90,0.0,,,,,,,False,True,-1,,,,,,,,
693:CGGA_1882,CGGA,,survival cohort; see script 90,0.0,,,,,,,False,True,-1,,,,,,,,
693:CGGA_1886,CGGA,,survival cohort; see script 90,0.0,,,,,,,False,True,-1,,,,,,,,
693:CGGA_1899,CGGA,,survival cohort; see script 90,0.0,,,,,,,False,True,-1,,,,,,,,
693:CGGA_1901,CGGA,,survival cohort; see script 90,0.0,,,,,,,False,True,-1,,,,,,,,
693:CGGA_1902,CGGA,,survival cohort; see script 90,0.0,,,,,,,False,True,-1,,,,,,,,
693:CGGA_1903,CGGA,,survival cohort; see script 90,0.0,,,,,,,False,True,-1,,,,,,,,
693:CGGA_1906,CGGA,,survival cohort; see script 90,0.0,,,,,,,False,True,-1,,,,,,,,
693:CGGA_1908,CGGA,,survival cohort; see script 90,0.0,,,,,,,False,True,-1,,,,,,,,
693:CGGA_1911,CGGA,,survival cohort; see script 90,0.0,,,,,,,False,True,-1,,,,,,,,
693:CGGA_1912,CGGA,,survival cohort; see script 90,0.0,,,,,,,False,True,-1,,,,,,,,
693:CGGA_1916,CGGA,,survival cohort; see script 90,0.0,,,,,,,False,True,-1,,,,,,,,
693:CGGA_1939,CGGA,,survival cohort; see script 90,0.0,,,,,,,False,True,-1,,,,,,,,
693:CGGA_194,CGGA,,survival cohort; see script 90,0.0,,,,,,,False,True,-1,,,,,,,,
693:CGGA_1946,CGGA,,survival cohort; see script 90,0.0,,,,,,,False,True,-1,,,,,,,,
693:CGGA_1953,CGGA,,survival cohort; see script 90,0.0,,,,,,,False,True,-1,,,,,,,,
693:CGGA_1955,CGGA,,survival cohort; see script 90,0.0,,,,,,,False,True,-1,,,,,,,,
693:CGGA_1972,CGGA,,survival cohort; see script 90,0.0,,,,,,,False,True,-1,,,,,,,,
693:CGGA_1976,CGGA,,survival cohort; see script 90,0.0,,,,,,,False,True,-1,,,,,,,,
693:CGGA_1985,CGGA,,survival cohort; see script 90,0.0,,,,,,,False,True,-1,,,,,,,,
693:CGGA_1994,CGGA,,survival cohort; see script 90,0.0,,,,,,,False,True,-1,,,,,,,,
693:CGGA_2002,CGGA,,survival cohort; see script 90,0.0,,,,,,,False,True,-1,,,,,,,,
693:CGGA_2003,CGGA,,survival cohort; see script 90,0.0,,,,,,,False,True,-1,,,,,,,,
693:CGGA_2006,CGGA,,survival cohort; see script 90,0.0,,,,,,,False,True,-1,,,,,,,,
693:CGGA_2008,CGGA,,survival cohort; see script 90,0.0,,,,,,,False,True,-1,,,,,,,,
693:CGGA_2013,CGGA,,survival cohort; see script 90,0.0,,,,,,,False,True,-1,,,,,,,,
693:CGGA_2024,CGGA,,survival cohort; see script 90,0.0,,,,,,,False,True,-1,,,,,,,,
693:CGGA_2038,CGGA,,survival cohort; see script 90,0.0,,,,,,,False,True,-1,,,,,,,,
693:CGGA_2039,CGGA,,survival cohort; see script 90,0.0,,,,,,,False,True,-1,,,,,,,,
693:CGGA_2046,CGGA,,survival cohort; see script 90,0.0,,,,,,,False,True,-1,,,,,,,,
693:CGGA_2047,CGGA,,survival cohort; see script 90,0.0,,,,,,,False,True,-1,,,,,,,,
693:CGGA_2053,CGGA,,survival cohort; see script 90,0.0,,,,,,,False,True,-1,,,,,,,,
693:CGGA_2056,CGGA,,survival cohort; see script 90,0.0,,,,,,,False,True,-1,,,,,,,,
693:CGGA_2062,CGGA,,survival cohort; see script 90,0.0,,,,,,,False,True,-1,,,,,,,,
693:CGGA_2075,CGGA,,survival cohort; see script 90,0.0,,,,,,,False,True,-1,,,,,,,,
693:CGGA_2078,CGGA,,survival cohort; see script 90,0.0,,,,,,,False,True,-1,,,,,,,,
693:CGGA_2079,CGGA,,survival cohort; see script 90,0.0,,,,,,,False,True,-1,,,,,,,,
693:CGGA_2081,CGGA,,survival cohort; see script 90,0.0,,,,,,,False,True,-1,,,,,,,,
693:CGGA_2082,CGGA,,survival cohort; see script 90,0.0,,,,,,,False,True,-1,,,,,,,,
693:CGGA_2088,CGGA,,survival cohort; see script 90,0.0,,,,,,,False,True,-1,,,,,,,,
693:CGGA_2106,CGGA,,survival cohort; see script 90,0.0,,,,,,,False,True,-1,,,,,,,,
693:CGGA_2115,CGGA,,survival cohort; see script 90,0.0,,,,,,,False,True,-1,,,,,,,,
693:CGGA_2121,CGGA,,survival cohort; see script 90,0.0,,,,,,,False,True,-1,,,,,,,,
693:CGGA_2129,CGGA,,survival cohort; see script 90,0.0,,,,,,,False,True,-1,,,,,,,,
693:CGGA_265,CGGA,,survival cohort; see script 90,0.0,,,,,,,False,True,-1,,,,,,,,
693:CGGA_279,CGGA,,survival cohort; see script 90,0.0,,,,,,,False,True,-1,,,,,,,,
693:CGGA_28,CGGA,,survival cohort; see script 90,0.0,,,,,,,False,True,-1,,,,,,,,
693:CGGA_288,CGGA,,survival cohort; see script 90,0.0,,,,,,,False,True,-1,,,,,,,,
693:CGGA_290,CGGA,,survival cohort; see script 90,0.0,,,,,,,False,True,-1,,,,,,,,
693:CGGA_320,CGGA,,survival cohort; see script 90,0.0,,,,,,,False,True,-1,,,,,,,,
693:CGGA_336,CGGA,,survival cohort; see script 90,0.0,,,,,,,False,True,-1,,,,,,,,
693:CGGA_358,CGGA,,survival cohort; see script 90,0.0,,,,,,,False,True,-1,,,,,,,,
693:CGGA_362,CGGA,,survival cohort; see script 90,0.0,,,,,,,False,True,-1,,,,,,,,
693:CGGA_369,CGGA,,survival cohort; see script 90,0.0,,,,,,,False,True,-1,,,,,,,,
693:CGGA_406,CGGA,,survival cohort; see script 90,0.0,,,,,,,False,True,-1,,,,,,,,
693:CGGA_42,CGGA,,survival cohort; see script 90,0.0,,,,,,,False,True,-1,,,,,,,,
693:CGGA_420,CGGA,,survival cohort; see script 90,0.0,,,,,,,False,True,-1,,,,,,,,
693:CGGA_457,CGGA,,survival cohort; see script 90,0.0,,,,,,,False,True,-1,,,,,,,,
693:CGGA_474,CGGA,,survival cohort; see script 90,0.0,,,,,,,False,True,-1,,,,,,,,
693:CGGA_482,CGGA,,survival cohort; see script 90,0.0,,,,,,,False,True,-1,,,,,,,,
693:CGGA_487,CGGA,,survival cohort; see script 90,0.0,,,,,,,False,True,-1,,,,,,,,
693:CGGA_492,CGGA,,survival cohort; see script 90,0.0,,,,,,,False,True,-1,,,,,,,,
693:CGGA_503,CGGA,,survival cohort; see script 90,0.0,,,,,,,False,True,-1,,,,,,,,
693:CGGA_507,CGGA,,survival cohort; see script 90,0.0,,,,,,,False,True,-1,,,,,,,,
693:CGGA_509,CGGA,,survival cohort; see script 90,0.0,,,,,,,False,True,-1,,,,,,,,
693:CGGA_521,CGGA,,survival cohort; see script 90,0.0,,,,,,,False,True,-1,,,,,,,,
693:CGGA_530,CGGA,,survival cohort; see script 90,0.0,,,,,,,False,True,-1,,,,,,,,
693:CGGA_554,CGGA,,survival cohort; see script 90,0.0,,,,,,,False,True,-1,,,,,,,,
693:CGGA_568,CGGA,,survival cohort; see script 90,0.0,,,,,,,False,True,-1,,,,,,,,
693:CGGA_583,CGGA,,survival cohort; see script 90,0.0,,,,,,,False,True,-1,,,,,,,,
693:CGGA_619,CGGA,,survival cohort; see script 90,0.0,,,,,,,False,True,-1,,,,,,,,
693:CGGA_621,CGGA,,survival cohort; see script 90,0.0,,,,,,,False,True,-1,,,,,,,,
693:CGGA_625,CGGA,,survival cohort; see script 90,0.0,,,,,,,False,True,-1,,,,,,,,
693:CGGA_634,CGGA,,survival cohort; see script 90,0.0,,,,,,,False,True,-1,,,,,,,,
693:CGGA_652,CGGA,,survival cohort; see script 90,0.0,,,,,,,False,True,-1,,,,,,,,
693:CGGA_663,CGGA,,survival cohort; see script 90,0.0,,,,,,,False,True,-1,,,,,,,,
693:CGGA_703,CGGA,,survival cohort; see script 90,0.0,,,,,,,False,True,-1,,,,,,,,
693:CGGA_705,CGGA,,survival cohort; see script 90,0.0,,,,,,,False,True,-1,,,,,,,,
693:CGGA_707,CGGA,,survival cohort; see script 90,0.0,,,,,,,False,True,-1,,,,,,,,
693:CGGA_720,CGGA,,survival cohort; see script 90,0.0,,,,,,,False,True,-1,,,,,,,,
693:CGGA_721,CGGA,,survival cohort; see script 90,0.0,,,,,,,False,True,-1,,,,,,,,
693:CGGA_724,CGGA,,survival cohort; see script 90,0.0,,,,,,,False,True,-1,,,,,,,,
693:CGGA_730,CGGA,,survival cohort; see script 90,0.0,,,,,,,False,True,-1,,,,,,,,
693:CGGA_763,CGGA,,survival cohort; see script 90,0.0,,,,,,,False,True,-1,,,,,,,,
693:CGGA_777,CGGA,,survival cohort; see script 90,0.0,,,,,,,False,True,-1,,,,,,,,
693:CGGA_780,CGGA,,survival cohort; see script 90,0.0,,,,,,,False,True,-1,,,,,,,,
693:CGGA_799,CGGA,,survival cohort; see script 90,0.0,,,,,,,False,True,-1,,,,,,,,
693:CGGA_809,CGGA,,survival cohort; see script 90,0.0,,,,,,,False,True,-1,,,,,,,,
693:CGGA_810,CGGA,,survival cohort; see script 90,0.0,,,,,,,False,True,-1,,,,,,,,
693:CGGA_825,CGGA,,survival cohort; see script 90,0.0,,,,,,,False,True,-1,,,,,,,,
693:CGGA_831,CGGA,,survival cohort; see script 90,0.0,,,,,,,False,True,-1,,,,,,,,
693:CGGA_846,CGGA,,survival cohort; see script 90,0.0,,,,,,,False,True,-1,,,,,,,,
693:CGGA_852,CGGA,,survival cohort; see script 90,0.0,,,,,,,False,True,-1,,,,,,,,
693:CGGA_861,CGGA,,survival cohort; see script 90,0.0,,,,,,,False,True,-1,,,,,,,,
693:CGGA_862,CGGA,,survival cohort; see script 90,0.0,,,,,,,False,True,-1,,,,,,,,
693:CGGA_863,CGGA,,survival cohort; see script 90,0.0,,,,,,,False,True,-1,,,,,,,,
693:CGGA_867,CGGA,,survival cohort; see script 90,0.0,,,,,,,False,True,-1,,,,,,,,
693:CGGA_869,CGGA,,survival cohort; see script 90,0.0,,,,,,,False,True,-1,,,,,,,,
693:CGGA_881,CGGA,,survival cohort; see script 90,0.0,,,,,,,False,True,-1,,,,,,,,
693:CGGA_882,CGGA,,survival cohort; see script 90,0.0,,,,,,,False,True,-1,,,,,,,,
693:CGGA_883,CGGA,,survival cohort; see script 90,0.0,,,,,,,False,True,-1,,,,,,,,
693:CGGA_887,CGGA,,survival cohort; see script 90,0.0,,,,,,,False,True,-1,,,,,,,,
693:CGGA_888,CGGA,,survival cohort; see script 90,0.0,,,,,,,False,True,-1,,,,,,,,
693:CGGA_889,CGGA,,survival cohort; see script 90,0.0,,,,,,,False,True,-1,,,,,,,,
693:CGGA_890,CGGA,,survival cohort; see script 90,0.0,,,,,,,False,True,-1,,,,,,,,
693:CGGA_901,CGGA,,survival cohort; see script 90,0.0,,,,,,,False,True,-1,,,,,,,,
693:CGGA_903,CGGA,,survival cohort; see script 90,0.0,,,,,,,False,True,-1,,,,,,,,
693:CGGA_D19,CGGA,,survival cohort; see script 90,0.0,,,,,,,False,True,-1,,,,,,,,
693:CGGA_D28,CGGA,,survival cohort; see script 90,0.0,,,,,,,False,True,-1,,,,,,,,
693:CGGA_D49,CGGA,,survival cohort; see script 90,0.0,,,,,,,False,True,-1,,,,,,,,
693:CGGA_D50,CGGA,,survival cohort; see script 90,0.0,,,,,,,False,True,-1,,,,,,,,
693:CGGA_D53,CGGA,,survival cohort; see script 90,0.0,,,,,,,False,True,-1,,,,,,,,
693:CGGA_J50,CGGA,,survival cohort; see script 90,0.0,,,,,,,False,True,-1,,,,,,,,
693:CGGA_J73,CGGA,,survival cohort; see script 90,0.0,,,,,,,False,True,-1,,,,,,,,
693:CGGA_P100,CGGA,,survival cohort; see script 90,0.0,,,,,,,False,True,-1,,,,,,,,
693:CGGA_P102,CGGA,,survival cohort; see script 90,0.0,,,,,,,False,True,-1,,,,,,,,
693:CGGA_P103,CGGA,,survival cohort; see script 90,0.0,,,,,,,False,True,-1,,,,,,,,
693:CGGA_P104,CGGA,,survival cohort; see script 90,0.0,,,,,,,False,True,-1,,,,,,,,
693:CGGA_P106,CGGA,,survival cohort; see script 90,0.0,,,,,,,False,True,-1,,,,,,,,
693:CGGA_P107,CGGA,,survival cohort; see script 90,0.0,,,,,,,False,True,-1,,,,,,,,
693:CGGA_P108,CGGA,,survival cohort; see script 90,0.0,,,,,,,False,True,-1,,,,,,,,
693:CGGA_P109,CGGA,,survival cohort; see script 90,0.0,,,,,,,False,True,-1,,,,,,,,
693:CGGA_P11,CGGA,,survival cohort; see script 90,0.0,,,,,,,False,True,-1,,,,,,,,
693:CGGA_P110,CGGA,,survival cohort; see script 90,0.0,,,,,,,False,True,-1,,,,,,,,
693:CGGA_P111,CGGA,,survival cohort; see script 90,0.0,,,,,,,False,True,-1,,,,,,,,
693:CGGA_P112,CGGA,,survival cohort; see script 90,0.0,,,,,,,False,True,-1,,,,,,,,
693:CGGA_P113,CGGA,,survival cohort; see script 90,0.0,,,,,,,False,True,-1,,,,,,,,
693:CGGA_P114,CGGA,,survival cohort; see script 90,0.0,,,,,,,False,True,-1,,,,,,,,
693:CGGA_P115,CGGA,,survival cohort; see script 90,0.0,,,,,,,False,True,-1,,,,,,,,
693:CGGA_P116,CGGA,,survival cohort; see script 90,0.0,,,,,,,False,True,-1,,,,,,,,
693:CGGA_P121,CGGA,,survival cohort; see script 90,0.0,,,,,,,False,True,-1,,,,,,,,
693:CGGA_P122,CGGA,,survival cohort; see script 90,0.0,,,,,,,False,True,-1,,,,,,,,
693:CGGA_P128,CGGA,,survival cohort; see script 90,0.0,,,,,,,False,True,-1,,,,,,,,
693:CGGA_P13,CGGA,,survival cohort; see script 90,0.0,,,,,,,False,True,-1,,,,,,,,
693:CGGA_P131,CGGA,,survival cohort; see script 90,0.0,,,,,,,False,True,-1,,,,,,,,
693:CGGA_P132,CGGA,,survival cohort; see script 90,0.0,,,,,,,False,True,-1,,,,,,,,
693:CGGA_P136,CGGA,,survival cohort; see script 90,0.0,,,,,,,False,True,-1,,,,,,,,
693:CGGA_P137,CGGA,,survival cohort; see script 90,0.0,,,,,,,False,True,-1,,,,,,,,
693:CGGA_P142,CGGA,,survival cohort; see script 90,0.0,,,,,,,False,True,-1,,,,,,,,
693:CGGA_P143,CGGA,,survival cohort; see script 90,0.0,,,,,,,False,True,-1,,,,,,,,
693:CGGA_P144,CGGA,,survival cohort; see script 90,0.0,,,,,,,False,True,-1,,,,,,,,
693:CGGA_P145,CGGA,,survival cohort; see script 90,0.0,,,,,,,False,True,-1,,,,,,,,
693:CGGA_P146,CGGA,,survival cohort; see script 90,0.0,,,,,,,False,True,-1,,,,,,,,
693:CGGA_P147,CGGA,,survival cohort; see script 90,0.0,,,,,,,False,True,-1,,,,,,,,
693:CGGA_P15,CGGA,,survival cohort; see script 90,0.0,,,,,,,False,True,-1,,,,,,,,
693:CGGA_P150,CGGA,,survival cohort; see script 90,0.0,,,,,,,False,True,-1,,,,,,,,
693:CGGA_P151,CGGA,,survival cohort; see script 90,0.0,,,,,,,False,True,-1,,,,,,,,
693:CGGA_P153,CGGA,,survival cohort; see script 90,0.0,,,,,,,False,True,-1,,,,,,,,
693:CGGA_P154,CGGA,,survival cohort; see script 90,0.0,,,,,,,False,True,-1,,,,,,,,
693:CGGA_P155,CGGA,,survival cohort; see script 90,0.0,,,,,,,False,True,-1,,,,,,,,
693:CGGA_P156,CGGA,,survival cohort; see script 90,0.0,,,,,,,False,True,-1,,,,,,,,
693:CGGA_P157,CGGA,,survival cohort; see script 90,0.0,,,,,,,False,True,-1,,,,,,,,
693:CGGA_P158,CGGA,,survival cohort; see script 90,0.0,,,,,,,False,True,-1,,,,,,,,
693:CGGA_P159,CGGA,,survival cohort; see script 90,0.0,,,,,,,False,True,-1,,,,,,,,
693:CGGA_P16,CGGA,,survival cohort; see script 90,0.0,,,,,,,False,True,-1,,,,,,,,
693:CGGA_P160,CGGA,,survival cohort; see script 90,0.0,,,,,,,False,True,-1,,,,,,,,
693:CGGA_P163,CGGA,,survival cohort; see script 90,0.0,,,,,,,False,True,-1,,,,,,,,
693:CGGA_P164,CGGA,,survival cohort; see script 90,0.0,,,,,,,False,True,-1,,,,,,,,
693:CGGA_P165,CGGA,,survival cohort; see script 90,0.0,,,,,,,False,True,-1,,,,,,,,
693:CGGA_P17,CGGA,,survival cohort; see script 90,0.0,,,,,,,False,True,-1,,,,,,,,
693:CGGA_P172,CGGA,,survival cohort; see script 90,0.0,,,,,,,False,True,-1,,,,,,,,
693:CGGA_P173,CGGA,,survival cohort; see script 90,0.0,,,,,,,False,True,-1,,,,,,,,
693:CGGA_P174,CGGA,,survival cohort; see script 90,0.0,,,,,,,False,True,-1,,,,,,,,
693:CGGA_P175,CGGA,,survival cohort; see script 90,0.0,,,,,,,False,True,-1,,,,,,,,
693:CGGA_P176,CGGA,,survival cohort; see script 90,0.0,,,,,,,False,True,-1,,,,,,,,
693:CGGA_P177,CGGA,,survival cohort; see script 90,0.0,,,,,,,False,True,-1,,,,,,,,
693:CGGA_P178,CGGA,,survival cohort; see script 90,0.0,,,,,,,False,True,-1,,,,,,,,
693:CGGA_P179,CGGA,,survival cohort; see script 90,0.0,,,,,,,False,True,-1,,,,,,,,
693:CGGA_P18,CGGA,,survival cohort; see script 90,0.0,,,,,,,False,True,-1,,,,,,,,
693:CGGA_P180,CGGA,,survival cohort; see script 90,0.0,,,,,,,False,True,-1,,,,,,,,
693:CGGA_P181,CGGA,,survival cohort; see script 90,0.0,,,,,,,False,True,-1,,,,,,,,
693:CGGA_P182,CGGA,,survival cohort; see script 90,0.0,,,,,,,False,True,-1,,,,,,,,
693:CGGA_P183,CGGA,,survival cohort; see script 90,0.0,,,,,,,False,True,-1,,,,,,,,
693:CGGA_P185,CGGA,,survival cohort; see script 90,0.0,,,,,,,False,True,-1,,,,,,,,
693:CGGA_P19,CGGA,,survival cohort; see script 90,0.0,,,,,,,False,True,-1,,,,,,,,
693:CGGA_P199,CGGA,,survival cohort; see script 90,0.0,,,,,,,False,True,-1,,,,,,,,
693:CGGA_P20,CGGA,,survival cohort; see script 90,0.0,,,,,,,False,True,-1,,,,,,,,
693:CGGA_P205,CGGA,,survival cohort; see script 90,0.0,,,,,,,False,True,-1,,,,,,,,
693:CGGA_P21,CGGA,,survival cohort; see script 90,0.0,,,,,,,False,True,-1,,,,,,,,
693:CGGA_P22,CGGA,,survival cohort; see script 90,0.0,,,,,,,False,True,-1,,,,,,,,
693:CGGA_P23,CGGA,,survival cohort; see script 90,0.0,,,,,,,False,True,-1,,,,,,,,
693:CGGA_P25,CGGA,,survival cohort; see script 90,0.0,,,,,,,False,True,-1,,,,,,,,
693:CGGA_P265,CGGA,,survival cohort; see script 90,0.0,,,,,,,False,True,-1,,,,,,,,
693:CGGA_P266,CGGA,,survival cohort; see script 90,0.0,,,,,,,False,True,-1,,,,,,,,
693:CGGA_P269,CGGA,,survival cohort; see script 90,0.0,,,,,,,False,True,-1,,,,,,,,
693:CGGA_P27,CGGA,,survival cohort; see script 90,0.0,,,,,,,False,True,-1,,,,,,,,
693:CGGA_P270,CGGA,,survival cohort; see script 90,0.0,,,,,,,False,True,-1,,,,,,,,
693:CGGA_P271,CGGA,,survival cohort; see script 90,0.0,,,,,,,False,True,-1,,,,,,,,
693:CGGA_P279,CGGA,,survival cohort; see script 90,0.0,,,,,,,False,True,-1,,,,,,,,
693:CGGA_P28,CGGA,,survival cohort; see script 90,0.0,,,,,,,False,True,-1,,,,,,,,
693:CGGA_P280,CGGA,,survival cohort; see script 90,0.0,,,,,,,False,True,-1,,,,,,,,
693:CGGA_P283,CGGA,,survival cohort; see script 90,0.0,,,,,,,False,True,-1,,,,,,,,
693:CGGA_P286,CGGA,,survival cohort; see script 90,0.0,,,,,,,False,True,-1,,,,,,,,
693:CGGA_P29,CGGA,,survival cohort; see script 90,0.0,,,,,,,False,True,-1,,,,,,,,
693:CGGA_P295,CGGA,,survival cohort; see script 90,0.0,,,,,,,False,True,-1,,,,,,,,
693:CGGA_P298,CGGA,,survival cohort; see script 90,0.0,,,,,,,False,True,-1,,,,,,,,
693:CGGA_P3,CGGA,,survival cohort; see script 90,0.0,,,,,,,False,True,-1,,,,,,,,
693:CGGA_P30,CGGA,,survival cohort; see script 90,0.0,,,,,,,False,True,-1,,,,,,,,
693:CGGA_P306,CGGA,,survival cohort; see script 90,0.0,,,,,,,False,True,-1,,,,,,,,
693:CGGA_P308,CGGA,,survival cohort; see script 90,0.0,,,,,,,False,True,-1,,,,,,,,
693:CGGA_P31,CGGA,,survival cohort; see script 90,0.0,,,,,,,False,True,-1,,,,,,,,
693:CGGA_P310,CGGA,,survival cohort; see script 90,0.0,,,,,,,False,True,-1,,,,,,,,
693:CGGA_P311,CGGA,,survival cohort; see script 90,0.0,,,,,,,False,True,-1,,,,,,,,
693:CGGA_P314,CGGA,,survival cohort; see script 90,0.0,,,,,,,False,True,-1,,,,,,,,
693:CGGA_P315,CGGA,,survival cohort; see script 90,0.0,,,,,,,False,True,-1,,,,,,,,
693:CGGA_P316,CGGA,,survival cohort; see script 90,0.0,,,,,,,False,True,-1,,,,,,,,
693:CGGA_P319,CGGA,,survival cohort; see script 90,0.0,,,,,,,False,True,-1,,,,,,,,
693:CGGA_P326,CGGA,,survival cohort; see script 90,0.0,,,,,,,False,True,-1,,,,,,,,
693:CGGA_P328,CGGA,,survival cohort; see script 90,0.0,,,,,,,False,True,-1,,,,,,,,
693:CGGA_P335,CGGA,,survival cohort; see script 90,0.0,,,,,,,False,True,-1,,,,,,,,
693:CGGA_P337,CGGA,,survival cohort; see script 90,0.0,,,,,,,False,True,-1,,,,,,,,
693:CGGA_P338,CGGA,,survival cohort; see script 90,0.0,,,,,,,False,True,-1,,,,,,,,
693:CGGA_P346,CGGA,,survival cohort; see script 90,0.0,,,,,,,False,True,-1,,,,,,,,
693:CGGA_P356,CGGA,,survival cohort; see script 90,0.0,,,,,,,False,True,-1,,,,,,,,
693:CGGA_P358,CGGA,,survival cohort; see script 90,0.0,,,,,,,False,True,-1,,,,,,,,
693:CGGA_P364,CGGA,,survival cohort; see script 90,0.0,,,,,,,False,True,-1,,,,,,,,
693:CGGA_P385,CGGA,,survival cohort; see script 90,0.0,,,,,,,False,True,-1,,,,,,,,
693:CGGA_P388,CGGA,,survival cohort; see script 90,0.0,,,,,,,False,True,-1,,,,,,,,
693:CGGA_P392,CGGA,,survival cohort; see script 90,0.0,,,,,,,False,True,-1,,,,,,,,
693:CGGA_P399,CGGA,,survival cohort; see script 90,0.0,,,,,,,False,True,-1,,,,,,,,
693:CGGA_P401,CGGA,,survival cohort; see script 90,0.0,,,,,,,False,True,-1,,,,,,,,
693:CGGA_P411,CGGA,,survival cohort; see script 90,0.0,,,,,,,False,True,-1,,,,,,,,
693:CGGA_P415,CGGA,,survival cohort; see script 90,0.0,,,,,,,False,True,-1,,,,,,,,
693:CGGA_P416,CGGA,,survival cohort; see script 90,0.0,,,,,,,False,True,-1,,,,,,,,
693:CGGA_P421,CGGA,,survival cohort; see script 90,0.0,,,,,,,False,True,-1,,,,,,,,
693:CGGA_P422,CGGA,,survival cohort; see script 90,0.0,,,,,,,False,True,-1,,,,,,,,
693:CGGA_P437,CGGA,,survival cohort; see script 90,0.0,,,,,,,False,True,-1,,,,,,,,
693:CGGA_P438,CGGA,,survival cohort; see script 90,0.0,,,,,,,False,True,-1,,,,,,,,
693:CGGA_P439,CGGA,,survival cohort; see script 90,0.0,,,,,,,False,True,-1,,,,,,,,
693:CGGA_P446,CGGA,,survival cohort; see script 90,0.0,,,,,,,False,True,-1,,,,,,,,
693:CGGA_P461,CGGA,,survival cohort; see script 90,0.0,,,,,,,False,True,-1,,,,,,,,
693:CGGA_P468,CGGA,,survival cohort; see script 90,0.0,,,,,,,False,True,-1,,,,,,,,
693:CGGA_P483,CGGA,,survival cohort; see script 90,0.0,,,,,,,False,True,-1,,,,,,,,
693:CGGA_P492,CGGA,,survival cohort; see script 90,0.0,,,,,,,False,True,-1,,,,,,,,
693:CGGA_P499,CGGA,,survival cohort; see script 90,0.0,,,,,,,False,True,-1,,,,,,,,
693:CGGA_P5,CGGA,,survival cohort; see script 90,0.0,,,,,,,False,True,-1,,,,,,,,
693:CGGA_P500,CGGA,,survival cohort; see script 90,0.0,,,,,,,False,True,-1,,,,,,,,
693:CGGA_P501,CGGA,,survival cohort; see script 90,0.0,,,,,,,False,True,-1,,,,,,,,
693:CGGA_P505,CGGA,,survival cohort; see script 90,0.0,,,,,,,False,True,-1,,,,,,,,
693:CGGA_P508,CGGA,,survival cohort; see script 90,0.0,,,,,,,False,True,-1,,,,,,,,
693:CGGA_P510,CGGA,,survival cohort; see script 90,0.0,,,,,,,False,True,-1,,,,,,,,
693:CGGA_P512,CGGA,,survival cohort; see script 90,0.0,,,,,,,False,True,-1,,,,,,,,
693:CGGA_P520,CGGA,,survival cohort; see script 90,0.0,,,,,,,False,True,-1,,,,,,,,
693:CGGA_P568,CGGA,,survival cohort; see script 90,0.0,,,,,,,False,True,-1,,,,,,,,
693:CGGA_P585,CGGA,,survival cohort; see script 90,0.0,,,,,,,False,True,-1,,,,,,,,
693:CGGA_P594,CGGA,,survival cohort; see script 90,0.0,,,,,,,False,True,-1,,,,,,,,
693:CGGA_P596,CGGA,,survival cohort; see script 90,0.0,,,,,,,False,True,-1,,,,,,,,
693:CGGA_P604,CGGA,,survival cohort; see script 90,0.0,,,,,,,False,True,-1,,,,,,,,
693:CGGA_P609,CGGA,,survival cohort; see script 90,0.0,,,,,,,False,True,-1,,,,,,,,
693:CGGA_P610,CGGA,,survival cohort; see script 90,0.0,,,,,,,False,True,-1,,,,,,,,
693:CGGA_P615,CGGA,,survival cohort; see script 90,0.0,,,,,,,False,True,-1,,,,,,,,
693:CGGA_P619,CGGA,,survival cohort; see script 90,0.0,,,,,,,False,True,-1,,,,,,,,
693:CGGA_P623,CGGA,,survival cohort; see script 90,0.0,,,,,,,False,True,-1,,,,,,,,
693:CGGA_P625,CGGA,,survival cohort; see script 90,0.0,,,,,,,False,True,-1,,,,,,,,
693:CGGA_P633,CGGA,,survival cohort; see script 90,0.0,,,,,,,False,True,-1,,,,,,,,
693:CGGA_P7,CGGA,,survival cohort; see script 90,0.0,,,,,,,False,True,-1,,,,,,,,
693:CGGA_P83,CGGA,,survival cohort; see script 90,0.0,,,,,,,False,True,-1,,,,,,,,
693:CGGA_P84,CGGA,,survival cohort; see script 90,0.0,,,,,,,False,True,-1,,,,,,,,
693:CGGA_P86,CGGA,,survival cohort; see script 90,0.0,,,,,,,False,True,-1,,,,,,,,
693:CGGA_P87,CGGA,,survival cohort; see script 90,0.0,,,,,,,False,True,-1,,,,,,,,
693:CGGA_P89,CGGA,,survival cohort; see script 90,0.0,,,,,,,False,True,-1,,,,,,,,
693:CGGA_P93,CGGA,,survival cohort; see script 90,0.0,,,,,,,False,True,-1,,,,,,,,
693:CGGA_P98,CGGA,,survival cohort; see script 90,0.0,,,,,,,False,True,-1,,,,,,,,
693:CGGA_P99,CGGA,,survival cohort; see script 90,0.0,,,,,,,False,True,-1,,,,,,,,
325:CGGA_1001,CGGA,,survival cohort; see script 90,0.0,,,,,,,False,True,-1,,,,,,,,
325:CGGA_1006,CGGA,,survival cohort; see script 90,0.0,,,,,,,False,True,-1,,,,,,,,
325:CGGA_1007,CGGA,,survival cohort; see script 90,0.0,,,,,,,False,True,-1,,,,,,,,
325:CGGA_1011,CGGA,,survival cohort; see script 90,0.0,,,,,,,False,True,-1,,,,,,,,
325:CGGA_1015,CGGA,,survival cohort; see script 90,0.0,,,,,,,False,True,-1,,,,,,,,
325:CGGA_1019,CGGA,,survival cohort; see script 90,0.0,,,,,,,False,True,-1,,,,,,,,
325:CGGA_1022,CGGA,,survival cohort; see script 90,0.0,,,,,,,False,True,-1,,,,,,,,
325:CGGA_1023,CGGA,,survival cohort; see script 90,0.0,,,,,,,False,True,-1,,,,,,,,
325:CGGA_1024,CGGA,,survival cohort; see script 90,0.0,,,,,,,False,True,-1,,,,,,,,
325:CGGA_1026,CGGA,,survival cohort; see script 90,0.0,,,,,,,False,True,-1,,,,,,,,
325:CGGA_1034,CGGA,,survival cohort; see script 90,0.0,,,,,,,False,True,-1,,,,,,,,
325:CGGA_1035,CGGA,,survival cohort; see script 90,0.0,,,,,,,False,True,-1,,,,,,,,
325:CGGA_1039,CGGA,,survival cohort; see script 90,0.0,,,,,,,False,True,-1,,,,,,,,
325:CGGA_1045,CGGA,,survival cohort; see script 90,0.0,,,,,,,False,True,-1,,,,,,,,
325:CGGA_1049,CGGA,,survival cohort; see script 90,0.0,,,,,,,False,True,-1,,,,,,,,
325:CGGA_1052,CGGA,,survival cohort; see script 90,0.0,,,,,,,False,True,-1,,,,,,,,
325:CGGA_1072,CGGA,,survival cohort; see script 90,0.0,,,,,,,False,True,-1,,,,,,,,
325:CGGA_1077,CGGA,,survival cohort; see script 90,0.0,,,,,,,False,True,-1,,,,,,,,
325:CGGA_1078,CGGA,,survival cohort; see script 90,0.0,,,,,,,False,True,-1,,,,,,,,
325:CGGA_1079,CGGA,,survival cohort; see script 90,0.0,,,,,,,False,True,-1,,,,,,,,
325:CGGA_1081,CGGA,,survival cohort; see script 90,0.0,,,,,,,False,True,-1,,,,,,,,
325:CGGA_1083,CGGA,,survival cohort; see script 90,0.0,,,,,,,False,True,-1,,,,,,,,
325:CGGA_1091,CGGA,,survival cohort; see script 90,0.0,,,,,,,False,True,-1,,,,,,,,
325:CGGA_1109,CGGA,,survival cohort; see script 90,0.0,,,,,,,False,True,-1,,,,,,,,
325:CGGA_1124,CGGA,,survival cohort; see script 90,0.0,,,,,,,False,True,-1,,,,,,,,
325:CGGA_1139,CGGA,,survival cohort; see script 90,0.0,,,,,,,False,True,-1,,,,,,,,
325:CGGA_1140,CGGA,,survival cohort; see script 90,0.0,,,,,,,False,True,-1,,,,,,,,
325:CGGA_1145,CGGA,,survival cohort; see script 90,0.0,,,,,,,False,True,-1,,,,,,,,
325:CGGA_1171,CGGA,,survival cohort; see script 90,0.0,,,,,,,False,True,-1,,,,,,,,
325:CGGA_1177,CGGA,,survival cohort; see script 90,0.0,,,,,,,False,True,-1,,,,,,,,
325:CGGA_1180,CGGA,,survival cohort; see script 90,0.0,,,,,,,False,True,-1,,,,,,,,
325:CGGA_1188,CGGA,,survival cohort; see script 90,0.0,,,,,,,False,True,-1,,,,,,,,
325:CGGA_1214,CGGA,,survival cohort; see script 90,0.0,,,,,,,False,True,-1,,,,,,,,
325:CGGA_1216,CGGA,,survival cohort; see script 90,0.0,,,,,,,False,True,-1,,,,,,,,
325:CGGA_1218,CGGA,,survival cohort; see script 90,0.0,,,,,,,False,True,-1,,,,,,,,
325:CGGA_1224,CGGA,,survival cohort; see script 90,0.0,,,,,,,False,True,-1,,,,,,,,
325:CGGA_1234,CGGA,,survival cohort; see script 90,0.0,,,,,,,False,True,-1,,,,,,,,
325:CGGA_1237,CGGA,,survival cohort; see script 90,0.0,,,,,,,False,True,-1,,,,,,,,
325:CGGA_1240,CGGA,,survival cohort; see script 90,0.0,,,,,,,False,True,-1,,,,,,,,
325:CGGA_1251,CGGA,,survival cohort; see script 90,0.0,,,,,,,False,True,-1,,,,,,,,
325:CGGA_1258,CGGA,,survival cohort; see script 90,0.0,,,,,,,False,True,-1,,,,,,,,
325:CGGA_1263,CGGA,,survival cohort; see script 90,0.0,,,,,,,False,True,-1,,,,,,,,
325:CGGA_1270,CGGA,,survival cohort; see script 90,0.0,,,,,,,False,True,-1,,,,,,,,
325:CGGA_1271,CGGA,,survival cohort; see script 90,0.0,,,,,,,False,True,-1,,,,,,,,
325:CGGA_1272,CGGA,,survival cohort; see script 90,0.0,,,,,,,False,True,-1,,,,,,,,
325:CGGA_1280,CGGA,,survival cohort; see script 90,0.0,,,,,,,False,True,-1,,,,,,,,
325:CGGA_1281,CGGA,,survival cohort; see script 90,0.0,,,,,,,False,True,-1,,,,,,,,
325:CGGA_1283,CGGA,,survival cohort; see script 90,0.0,,,,,,,False,True,-1,,,,,,,,
325:CGGA_1284,CGGA,,survival cohort; see script 90,0.0,,,,,,,False,True,-1,,,,,,,,
325:CGGA_1285,CGGA,,survival cohort; see script 90,0.0,,,,,,,False,True,-1,,,,,,,,
325:CGGA_1292,CGGA,,survival cohort; see script 90,0.0,,,,,,,False,True,-1,,,,,,,,
325:CGGA_1299,CGGA,,survival cohort; see script 90,0.0,,,,,,,False,True,-1,,,,,,,,
325:CGGA_1301,CGGA,,survival cohort; see script 90,0.0,,,,,,,False,True,-1,,,,,,,,
325:CGGA_1313,CGGA,,survival cohort; see script 90,0.0,,,,,,,False,True,-1,,,,,,,,
325:CGGA_1320,CGGA,,survival cohort; see script 90,0.0,,,,,,,False,True,-1,,,,,,,,
325:CGGA_1332,CGGA,,survival cohort; see script 90,0.0,,,,,,,False,True,-1,,,,,,,,
325:CGGA_1338,CGGA,,survival cohort; see script 90,0.0,,,,,,,False,True,-1,,,,,,,,
325:CGGA_1340,CGGA,,survival cohort; see script 90,0.0,,,,,,,False,True,-1,,,,,,,,
325:CGGA_1342,CGGA,,survival cohort; see script 90,0.0,,,,,,,False,True,-1,,,,,,,,
325:CGGA_1343,CGGA,,survival cohort; see script 90,0.0,,,,,,,False,True,-1,,,,,,,,
325:CGGA_1346,CGGA,,survival cohort; see script 90,0.0,,,,,,,False,True,-1,,,,,,,,
325:CGGA_1370,CGGA,,survival cohort; see script 90,0.0,,,,,,,False,True,-1,,,,,,,,
325:CGGA_1393,CGGA,,survival cohort; see script 90,0.0,,,,,,,False,True,-1,,,,,,,,
325:CGGA_1408,CGGA,,survival cohort; see script 90,0.0,,,,,,,False,True,-1,,,,,,,,
325:CGGA_1411,CGGA,,survival cohort; see script 90,0.0,,,,,,,False,True,-1,,,,,,,,
325:CGGA_235,CGGA,,survival cohort; see script 90,0.0,,,,,,,False,True,-1,,,,,,,,
325:CGGA_269,CGGA,,survival cohort; see script 90,0.0,,,,,,,False,True,-1,,,,,,,,
325:CGGA_272,CGGA,,survival cohort; see script 90,0.0,,,,,,,False,True,-1,,,,,,,,
325:CGGA_274,CGGA,,survival cohort; see script 90,0.0,,,,,,,False,True,-1,,,,,,,,
325:CGGA_276,CGGA,,survival cohort; see script 90,0.0,,,,,,,False,True,-1,,,,,,,,
325:CGGA_309,CGGA,,survival cohort; see script 90,0.0,,,,,,,False,True,-1,,,,,,,,
325:CGGA_318,CGGA,,survival cohort; see script 90,0.0,,,,,,,False,True,-1,,,,,,,,
325:CGGA_323,CGGA,,survival cohort; see script 90,0.0,,,,,,,False,True,-1,,,,,,,,
325:CGGA_330,CGGA,,survival cohort; see script 90,0.0,,,,,,,False,True,-1,,,,,,,,
325:CGGA_413,CGGA,,survival cohort; see script 90,0.0,,,,,,,False,True,-1,,,,,,,,
325:CGGA_426,CGGA,,survival cohort; see script 90,0.0,,,,,,,False,True,-1,,,,,,,,
325:CGGA_448,CGGA,,survival cohort; see script 90,0.0,,,,,,,False,True,-1,,,,,,,,
325:CGGA_483,CGGA,,survival cohort; see script 90,0.0,,,,,,,False,True,-1,,,,,,,,
325:CGGA_488,CGGA,,survival cohort; see script 90,0.0,,,,,,,False,True,-1,,,,,,,,
325:CGGA_493,CGGA,,survival cohort; see script 90,0.0,,,,,,,False,True,-1,,,,,,,,
325:CGGA_494,CGGA,,survival cohort; see script 90,0.0,,,,,,,False,True,-1,,,,,,,,
325:CGGA_495,CGGA,,survival cohort; see script 90,0.0,,,,,,,False,True,-1,,,,,,,,
325:CGGA_499,CGGA,,survival cohort; see script 90,0.0,,,,,,,False,True,-1,,,,,,,,
325:CGGA_525,CGGA,,survival cohort; see script 90,0.0,,,,,,,False,True,-1,,,,,,,,
325:CGGA_541,CGGA,,survival cohort; see script 90,0.0,,,,,,,False,True,-1,,,,,,,,
325:CGGA_564,CGGA,,survival cohort; see script 90,0.0,,,,,,,False,True,-1,,,,,,,,
325:CGGA_565,CGGA,,survival cohort; see script 90,0.0,,,,,,,False,True,-1,,,,,,,,
325:CGGA_578,CGGA,,survival cohort; see script 90,0.0,,,,,,,False,True,-1,,,,,,,,
325:CGGA_599,CGGA,,survival cohort; see script 90,0.0,,,,,,,False,True,-1,,,,,,,,
325:CGGA_604,CGGA,,survival cohort; see script 90,0.0,,,,,,,False,True,-1,,,,,,,,
325:CGGA_616,CGGA,,survival cohort; see script 90,0.0,,,,,,,False,True,-1,,,,,,,,
325:CGGA_624,CGGA,,survival cohort; see script 90,0.0,,,,,,,False,True,-1,,,,,,,,
325:CGGA_630,CGGA,,survival cohort; see script 90,0.0,,,,,,,False,True,-1,,,,,,,,
325:CGGA_633,CGGA,,survival cohort; see script 90,0.0,,,,,,,False,True,-1,,,,,,,,
325:CGGA_638,CGGA,,survival cohort; see script 90,0.0,,,,,,,False,True,-1,,,,,,,,
325:CGGA_643,CGGA,,survival cohort; see script 90,0.0,,,,,,,False,True,-1,,,,,,,,
325:CGGA_658,CGGA,,survival cohort; see script 90,0.0,,,,,,,False,True,-1,,,,,,,,
325:CGGA_659,CGGA,,survival cohort; see script 90,0.0,,,,,,,False,True,-1,,,,,,,,
325:CGGA_661,CGGA,,survival cohort; see script 90,0.0,,,,,,,False,True,-1,,,,,,,,
325:CGGA_669,CGGA,,survival cohort; see script 90,0.0,,,,,,,False,True,-1,,,,,,,,
325:CGGA_676,CGGA,,survival cohort; see script 90,0.0,,,,,,,False,True,-1,,,,,,,,
325:CGGA_678,CGGA,,survival cohort; see script 90,0.0,,,,,,,False,True,-1,,,,,,,,
325:CGGA_679,CGGA,,survival cohort; see script 90,0.0,,,,,,,False,True,-1,,,,,,,,
325:CGGA_680,CGGA,,survival cohort; see script 90,0.0,,,,,,,False,True,-1,,,,,,,,
325:CGGA_681,CGGA,,survival cohort; see script 90,0.0,,,,,,,False,True,-1,,,,,,,,
325:CGGA_700,CGGA,,survival cohort; see script 90,0.0,,,,,,,False,True,-1,,,,,,,,
325:CGGA_727,CGGA,,survival cohort; see script 90,0.0,,,,,,,False,True,-1,,,,,,,,
325:CGGA_731,CGGA,,survival cohort; see script 90,0.0,,,,,,,False,True,-1,,,,,,,,
325:CGGA_732,CGGA,,survival cohort; see script 90,0.0,,,,,,,False,True,-1,,,,,,,,
325:CGGA_766,CGGA,,survival cohort; see script 90,0.0,,,,,,,False,True,-1,,,,,,,,
325:CGGA_773,CGGA,,survival cohort; see script 90,0.0,,,,,,,False,True,-1,,,,,,,,
325:CGGA_782,CGGA,,survival cohort; see script 90,0.0,,,,,,,False,True,-1,,,,,,,,
325:CGGA_789,CGGA,,survival cohort; see script 90,0.0,,,,,,,False,True,-1,,,,,,,,
325:CGGA_791,CGGA,,survival cohort; see script 90,0.0,,,,,,,False,True,-1,,,,,,,,
325:CGGA_796,CGGA,,survival cohort; see script 90,0.0,,,,,,,False,True,-1,,,,,,,,
325:CGGA_802,CGGA,,survival cohort; see script 90,0.0,,,,,,,False,True,-1,,,,,,,,
325:CGGA_804,CGGA,,survival cohort; see script 90,0.0,,,,,,,False,True,-1,,,,,,,,
325:CGGA_807,CGGA,,survival cohort; see script 90,0.0,,,,,,,False,True,-1,,,,,,,,
325:CGGA_808,CGGA,,survival cohort; see script 90,0.0,,,,,,,False,True,-1,,,,,,,,
325:CGGA_837,CGGA,,survival cohort; see script 90,0.0,,,,,,,False,True,-1,,,,,,,,
325:CGGA_842,CGGA,,survival cohort; see script 90,0.0,,,,,,,False,True,-1,,,,,,,,
325:CGGA_848,CGGA,,survival cohort; see script 90,0.0,,,,,,,False,True,-1,,,,,,,,
325:CGGA_850,CGGA,,survival cohort; see script 90,0.0,,,,,,,False,True,-1,,,,,,,,
325:CGGA_859,CGGA,,survival cohort; see script 90,0.0,,,,,,,False,True,-1,,,,,,,,
325:CGGA_871,CGGA,,survival cohort; see script 90,0.0,,,,,,,False,True,-1,,,,,,,,
325:CGGA_876,CGGA,,survival cohort; see script 90,0.0,,,,,,,False,True,-1,,,,,,,,
325:CGGA_878,CGGA,,survival cohort; see script 90,0.0,,,,,,,False,True,-1,,,,,,,,
325:CGGA_902,CGGA,,survival cohort; see script 90,0.0,,,,,,,False,True,-1,,,,,,,,
325:CGGA_D02,CGGA,,survival cohort; see script 90,0.0,,,,,,,False,True,-1,,,,,,,,
325:CGGA_D03,CGGA,,survival cohort; see script 90,0.0,,,,,,,False,True,-1,,,,,,,,
325:CGGA_D06,CGGA,,survival cohort; see script 90,0.0,,,,,,,False,True,-1,,,,,,,,
325:CGGA_D09,CGGA,,survival cohort; see script 90,0.0,,,,,,,False,True,-1,,,,,,,,
325:CGGA_D11,CGGA,,survival cohort; see script 90,0.0,,,,,,,False,True,-1,,,,,,,,
325:CGGA_D16,CGGA,,survival cohort; see script 90,0.0,,,,,,,False,True,-1,,,,,,,,
325:CGGA_D18,CGGA,,survival cohort; see script 90,0.0,,,,,,,False,True,-1,,,,,,,,
325:CGGA_D26,CGGA,,survival cohort; see script 90,0.0,,,,,,,False,True,-1,,,,,,,,
325:CGGA_D32,CGGA,,survival cohort; see script 90,0.0,,,,,,,False,True,-1,,,,,,,,
325:CGGA_D35,CGGA,,survival cohort; see script 90,0.0,,,,,,,False,True,-1,,,,,,,,
325:CGGA_D36,CGGA,,survival cohort; see script 90,0.0,,,,,,,False,True,-1,,,,,,,,
325:CGGA_D37,CGGA,,survival cohort; see script 90,0.0,,,,,,,False,True,-1,,,,,,,,
325:CGGA_D44,CGGA,,survival cohort; see script 90,0.0,,,,,,,False,True,-1,,,,,,,,
325:CGGA_D51,CGGA,,survival cohort; see script 90,0.0,,,,,,,False,True,-1,,,,,,,,
325:CGGA_D57,CGGA,,survival cohort; see script 90,0.0,,,,,,,False,True,-1,,,,,,,,
325:CGGA_D58,CGGA,,survival cohort; see script 90,0.0,,,,,,,False,True,-1,,,,,,,,
325:CGGA_342,CGGA,,survival cohort; see script 90,0.0,,,,,,,False,True,-1,,,,,,,,
325:CGGA_719,CGGA,,survival cohort; see script 90,0.0,,,,,,,False,True,-1,,,,,,,,
325:CGGA_J030,CGGA,,survival cohort; see script 90,0.0,,,,,,,False,True,-1,,,,,,,,
325:CGGA_J130,CGGA,,survival cohort; see script 90,0.0,,,,,,,False,True,-1,,,,,,,,
325:CGGA_1005,CGGA,,survival cohort; see script 90,0.0,,,,,,,False,True,-1,,,,,,,,
325:CGGA_1013,CGGA,,survival cohort; see script 90,0.0,,,,,,,False,True,-1,,,,,,,,
325:CGGA_1020,CGGA,,survival cohort; see script 90,0.0,,,,,,,False,True,-1,,,,,,,,
325:CGGA_1027,CGGA,,survival cohort; see script 90,0.0,,,,,,,False,True,-1,,,,,,,,
325:CGGA_1031,CGGA,,survival cohort; see script 90,0.0,,,,,,,False,True,-1,,,,,,,,
325:CGGA_1046,CGGA,,survival cohort; see script 90,0.0,,,,,,,False,True,-1,,,,,,,,
325:CGGA_1050,CGGA,,survival cohort; see script 90,0.0,,,,,,,False,True,-1,,,,,,,,
325:CGGA_1060,CGGA,,survival cohort; see script 90,0.0,,,,,,,False,True,-1,,,,,,,,
325:CGGA_1061,CGGA,,survival cohort; see script 90,0.0,,,,,,,False,True,-1,,,,,,,,
325:CGGA_1068,CGGA,,survival cohort; see script 90,0.0,,,,,,,False,True,-1,,,,,,,,
325:CGGA_1094,CGGA,,survival cohort; see script 90,0.0,,,,,,,False,True,-1,,,,,,,,
325:CGGA_1105,CGGA,,survival cohort; see script 90,0.0,,,,,,,False,True,-1,,,,,,,,
325:CGGA_1113,CGGA,,survival cohort; see script 90,0.0,,,,,,,False,True,-1,,,,,,,,
325:CGGA_1129,CGGA,,survival cohort; see script 90,0.0,,,,,,,False,True,-1,,,,,,,,
325:CGGA_1136,CGGA,,survival cohort; see script 90,0.0,,,,,,,False,True,-1,,,,,,,,
325:CGGA_1146,CGGA,,survival cohort; see script 90,0.0,,,,,,,False,True,-1,,,,,,,,
325:CGGA_1160,CGGA,,survival cohort; see script 90,0.0,,,,,,,False,True,-1,,,,,,,,
325:CGGA_1170,CGGA,,survival cohort; see script 90,0.0,,,,,,,False,True,-1,,,,,,,,
325:CGGA_1175,CGGA,,survival cohort; see script 90,0.0,,,,,,,False,True,-1,,,,,,,,
325:CGGA_1189,CGGA,,survival cohort; see script 90,0.0,,,,,,,False,True,-1,,,,,,,,
325:CGGA_1190,CGGA,,survival cohort; see script 90,0.0,,,,,,,False,True,-1,,,,,,,,
325:CGGA_1215,CGGA,,survival cohort; see script 90,0.0,,,,,,,False,True,-1,,,,,,,,
325:CGGA_1219,CGGA,,survival cohort; see script 90,0.0,,,,,,,False,True,-1,,,,,,,,
325:CGGA_1227,CGGA,,survival cohort; see script 90,0.0,,,,,,,False,True,-1,,,,,,,,
325:CGGA_1231,CGGA,,survival cohort; see script 90,0.0,,,,,,,False,True,-1,,,,,,,,
325:CGGA_1287,CGGA,,survival cohort; see script 90,0.0,,,,,,,False,True,-1,,,,,,,,
325:CGGA_1307,CGGA,,survival cohort; see script 90,0.0,,,,,,,False,True,-1,,,,,,,,
325:CGGA_1314,CGGA,,survival cohort; see script 90,0.0,,,,,,,False,True,-1,,,,,,,,
325:CGGA_1322,CGGA,,survival cohort; see script 90,0.0,,,,,,,False,True,-1,,,,,,,,
325:CGGA_1324,CGGA,,survival cohort; see script 90,0.0,,,,,,,False,True,-1,,,,,,,,
325:CGGA_1329,CGGA,,survival cohort; see script 90,0.0,,,,,,,False,True,-1,,,,,,,,
325:CGGA_1330,CGGA,,survival cohort; see script 90,0.0,,,,,,,False,True,-1,,,,,,,,
325:CGGA_1374,CGGA,,survival cohort; see script 90,0.0,,,,,,,False,True,-1,,,,,,,,
325:CGGA_1375,CGGA,,survival cohort; see script 90,0.0,,,,,,,False,True,-1,,,,,,,,
325:CGGA_1381,CGGA,,survival cohort; see script 90,0.0,,,,,,,False,True,-1,,,,,,,,
325:CGGA_1384,CGGA,,survival cohort; see script 90,0.0,,,,,,,False,True,-1,,,,,,,,
325:CGGA_1388,CGGA,,survival cohort; see script 90,0.0,,,,,,,False,True,-1,,,,,,,,
325:CGGA_1394,CGGA,,survival cohort; see script 90,0.0,,,,,,,False,True,-1,,,,,,,,
325:CGGA_1406,CGGA,,survival cohort; see script 90,0.0,,,,,,,False,True,-1,,,,,,,,
325:CGGA_1409,CGGA,,survival cohort; see script 90,0.0,,,,,,,False,True,-1,,,,,,,,
325:CGGA_1412,CGGA,,survival cohort; see script 90,0.0,,,,,,,False,True,-1,,,,,,,,
325:CGGA_171,CGGA,,survival cohort; see script 90,0.0,,,,,,,False,True,-1,,,,,,,,
325:CGGA_236,CGGA,,survival cohort; see script 90,0.0,,,,,,,False,True,-1,,,,,,,,
325:CGGA_241,CGGA,,survival cohort; see script 90,0.0,,,,,,,False,True,-1,,,,,,,,
325:CGGA_245,CGGA,,survival cohort; see script 90,0.0,,,,,,,False,True,-1,,,,,,,,
325:CGGA_251,CGGA,,survival cohort; see script 90,0.0,,,,,,,False,True,-1,,,,,,,,
325:CGGA_252,CGGA,,survival cohort; see script 90,0.0,,,,,,,False,True,-1,,,,,,,,
325:CGGA_254,CGGA,,survival cohort; see script 90,0.0,,,,,,,False,True,-1,,,,,,,,
325:CGGA_256,CGGA,,survival cohort; see script 90,0.0,,,,,,,False,True,-1,,,,,,,,
325:CGGA_261,CGGA,,survival cohort; see script 90,0.0,,,,,,,False,True,-1,,,,,,,,
325:CGGA_267,CGGA,,survival cohort; see script 90,0.0,,,,,,,False,True,-1,,,,,,,,
325:CGGA_273,CGGA,,survival cohort; see script 90,0.0,,,,,,,False,True,-1,,,,,,,,
325:CGGA_283,CGGA,,survival cohort; see script 90,0.0,,,,,,,False,True,-1,,,,,,,,
325:CGGA_300,CGGA,,survival cohort; see script 90,0.0,,,,,,,False,True,-1,,,,,,,,
325:CGGA_314,CGGA,,survival cohort; see script 90,0.0,,,,,,,False,True,-1,,,,,,,,
325:CGGA_333,CGGA,,survival cohort; see script 90,0.0,,,,,,,False,True,-1,,,,,,,,
325:CGGA_337,CGGA,,survival cohort; see script 90,0.0,,,,,,,False,True,-1,,,,,,,,
325:CGGA_374,CGGA,,survival cohort; see script 90,0.0,,,,,,,False,True,-1,,,,,,,,
325:CGGA_400,CGGA,,survival cohort; see script 90,0.0,,,,,,,False,True,-1,,,,,,,,
325:CGGA_431,CGGA,,survival cohort; see script 90,0.0,,,,,,,False,True,-1,,,,,,,,
325:CGGA_446,CGGA,,survival cohort; see script 90,0.0,,,,,,,False,True,-1,,,,,,,,
325:CGGA_458,CGGA,,survival cohort; see script 90,0.0,,,,,,,False,True,-1,,,,,,,,
325:CGGA_479,CGGA,,survival cohort; see script 90,0.0,,,,,,,False,True,-1,,,,,,,,
325:CGGA_485,CGGA,,survival cohort; see script 90,0.0,,,,,,,False,True,-1,,,,,,,,
325:CGGA_490,CGGA,,survival cohort; see script 90,0.0,,,,,,,False,True,-1,,,,,,,,
325:CGGA_491,CGGA,,survival cohort; see script 90,0.0,,,,,,,False,True,-1,,,,,,,,
325:CGGA_501,CGGA,,survival cohort; see script 90,0.0,,,,,,,False,True,-1,,,,,,,,
325:CGGA_502,CGGA,,survival cohort; see script 90,0.0,,,,,,,False,True,-1,,,,,,,,
325:CGGA_510,CGGA,,survival cohort; see script 90,0.0,,,,,,,False,True,-1,,,,,,,,
325:CGGA_538,CGGA,,survival cohort; see script 90,0.0,,,,,,,False,True,-1,,,,,,,,
325:CGGA_543,CGGA,,survival cohort; see script 90,0.0,,,,,,,False,True,-1,,,,,,,,
325:CGGA_545,CGGA,,survival cohort; see script 90,0.0,,,,,,,False,True,-1,,,,,,,,
325:CGGA_551,CGGA,,survival cohort; see script 90,0.0,,,,,,,False,True,-1,,,,,,,,
325:CGGA_560,CGGA,,survival cohort; see script 90,0.0,,,,,,,False,True,-1,,,,,,,,
325:CGGA_580,CGGA,,survival cohort; see script 90,0.0,,,,,,,False,True,-1,,,,,,,,
325:CGGA_591,CGGA,,survival cohort; see script 90,0.0,,,,,,,False,True,-1,,,,,,,,
325:CGGA_598,CGGA,,survival cohort; see script 90,0.0,,,,,,,False,True,-1,,,,,,,,
325:CGGA_601,CGGA,,survival cohort; see script 90,0.0,,,,,,,False,True,-1,,,,,,,,
325:CGGA_603,CGGA,,survival cohort; see script 90,0.0,,,,,,,False,True,-1,,,,,,,,
325:CGGA_605,CGGA,,survival cohort; see script 90,0.0,,,,,,,False,True,-1,,,,,,,,
325:CGGA_607,CGGA,,survival cohort; see script 90,0.0,,,,,,,False,True,-1,,,,,,,,
325:CGGA_632,CGGA,,survival cohort; see script 90,0.0,,,,,,,False,True,-1,,,,,,,,
325:CGGA_635,CGGA,,survival cohort; see script 90,0.0,,,,,,,False,True,-1,,,,,,,,
325:CGGA_641,CGGA,,survival cohort; see script 90,0.0,,,,,,,False,True,-1,,,,,,,,
325:CGGA_642,CGGA,,survival cohort; see script 90,0.0,,,,,,,False,True,-1,,,,,,,,
325:CGGA_655,CGGA,,survival cohort; see script 90,0.0,,,,,,,False,True,-1,,,,,,,,
325:CGGA_662,CGGA,,survival cohort; see script 90,0.0,,,,,,,False,True,-1,,,,,,,,
325:CGGA_666,CGGA,,survival cohort; see script 90,0.0,,,,,,,False,True,-1,,,,,,,,
325:CGGA_671,CGGA,,survival cohort; see script 90,0.0,,,,,,,False,True,-1,,,,,,,,
325:CGGA_675,CGGA,,survival cohort; see script 90,0.0,,,,,,,False,True,-1,,,,,,,,
325:CGGA_685,CGGA,,survival cohort; see script 90,0.0,,,,,,,False,True,-1,,,,,,,,
325:CGGA_689,CGGA,,survival cohort; see script 90,0.0,,,,,,,False,True,-1,,,,,,,,
325:CGGA_694,CGGA,,survival cohort; see script 90,0.0,,,,,,,False,True,-1,,,,,,,,
325:CGGA_698,CGGA,,survival cohort; see script 90,0.0,,,,,,,False,True,-1,,,,,,,,
325:CGGA_704,CGGA,,survival cohort; see script 90,0.0,,,,,,,False,True,-1,,,,,,,,
325:CGGA_710,CGGA,,survival cohort; see script 90,0.0,,,,,,,False,True,-1,,,,,,,,
325:CGGA_715,CGGA,,survival cohort; see script 90,0.0,,,,,,,False,True,-1,,,,,,,,
325:CGGA_725,CGGA,,survival cohort; see script 90,0.0,,,,,,,False,True,-1,,,,,,,,
325:CGGA_747,CGGA,,survival cohort; see script 90,0.0,,,,,,,False,True,-1,,,,,,,,
325:CGGA_752,CGGA,,survival cohort; see script 90,0.0,,,,,,,False,True,-1,,,,,,,,
325:CGGA_757,CGGA,,survival cohort; see script 90,0.0,,,,,,,False,True,-1,,,,,,,,
325:CGGA_760,CGGA,,survival cohort; see script 90,0.0,,,,,,,False,True,-1,,,,,,,,
325:CGGA_761,CGGA,,survival cohort; see script 90,0.0,,,,,,,False,True,-1,,,,,,,,
325:CGGA_762,CGGA,,survival cohort; see script 90,0.0,,,,,,,False,True,-1,,,,,,,,
325:CGGA_785,CGGA,,survival cohort; see script 90,0.0,,,,,,,False,True,-1,,,,,,,,
325:CGGA_812,CGGA,,survival cohort; see script 90,0.0,,,,,,,False,True,-1,,,,,,,,
325:CGGA_815,CGGA,,survival cohort; see script 90,0.0,,,,,,,False,True,-1,,,,,,,,
325:CGGA_818,CGGA,,survival cohort; see script 90,0.0,,,,,,,False,True,-1,,,,,,,,
325:CGGA_822,CGGA,,survival cohort; see script 90,0.0,,,,,,,False,True,-1,,,,,,,,
325:CGGA_834,CGGA,,survival cohort; see script 90,0.0,,,,,,,False,True,-1,,,,,,,,
325:CGGA_835,CGGA,,survival cohort; see script 90,0.0,,,,,,,False,True,-1,,,,,,,,
325:CGGA_838,CGGA,,survival cohort; see script 90,0.0,,,,,,,False,True,-1,,,,,,,,
325:CGGA_843,CGGA,,survival cohort; see script 90,0.0,,,,,,,False,True,-1,,,,,,,,
325:CGGA_856,CGGA,,survival cohort; see script 90,0.0,,,,,,,False,True,-1,,,,,,,,
325:CGGA_858,CGGA,,survival cohort; see script 90,0.0,,,,,,,False,True,-1,,,,,,,,
325:CGGA_864,CGGA,,survival cohort; see script 90,0.0,,,,,,,False,True,-1,,,,,,,,
325:CGGA_884,CGGA,,survival cohort; see script 90,0.0,,,,,,,False,True,-1,,,,,,,,
325:CGGA_892,CGGA,,survival cohort; see script 90,0.0,,,,,,,False,True,-1,,,,,,,,
325:CGGA_893,CGGA,,survival cohort; see script 90,0.0,,,,,,,False,True,-1,,,,,,,,
325:CGGA_898,CGGA,,survival cohort; see script 90,0.0,,,,,,,False,True,-1,,,,,,,,
325:CGGA_899,CGGA,,survival cohort; see script 90,0.0,,,,,,,False,True,-1,,,,,,,,
325:CGGA_904,CGGA,,survival cohort; see script 90,0.0,,,,,,,False,True,-1,,,,,,,,
325:CGGA_905,CGGA,,survival cohort; see script 90,0.0,,,,,,,False,True,-1,,,,,,,,
325:CGGA_908,CGGA,,survival cohort; see script 90,0.0,,,,,,,False,True,-1,,,,,,,,
325:CGGA_909,CGGA,,survival cohort; see script 90,0.0,,,,,,,False,True,-1,,,,,,,,
325:CGGA_D04,CGGA,,survival cohort; see script 90,0.0,,,,,,,False,True,-1,,,,,,,,
325:CGGA_D07,CGGA,,survival cohort; see script 90,0.0,,,,,,,False,True,-1,,,,,,,,
325:CGGA_D14,CGGA,,survival cohort; see script 90,0.0,,,,,,,False,True,-1,,,,,,,,
325:CGGA_D15,CGGA,,survival cohort; see script 90,0.0,,,,,,,False,True,-1,,,,,,,,
325:CGGA_D20,CGGA,,survival cohort; see script 90,0.0,,,,,,,False,True,-1,,,,,,,,
325:CGGA_D21,CGGA,,survival cohort; see script 90,0.0,,,,,,,False,True,-1,,,,,,,,
325:CGGA_D24,CGGA,,survival cohort; see script 90,0.0,,,,,,,False,True,-1,,,,,,,,
325:CGGA_D27,CGGA,,survival cohort; see script 90,0.0,,,,,,,False,True,-1,,,,,,,,
325:CGGA_D29,CGGA,,survival cohort; see script 90,0.0,,,,,,,False,True,-1,,,,,,,,
325:CGGA_D33,CGGA,,survival cohort; see script 90,0.0,,,,,,,False,True,-1,,,,,,,,
325:CGGA_D34,CGGA,,survival cohort; see script 90,0.0,,,,,,,False,True,-1,,,,,,,,
325:CGGA_D38,CGGA,,survival cohort; see script 90,0.0,,,,,,,False,True,-1,,,,,,,,
325:CGGA_D39,CGGA,,survival cohort; see script 90,0.0,,,,,,,False,True,-1,,,,,,,,
325:CGGA_D40,CGGA,,survival cohort; see script 90,0.0,,,,,,,False,True,-1,,,,,,,,
325:CGGA_D45,CGGA,,survival cohort; see script 90,0.0,,,,,,,False,True,-1,,,,,,,,
325:CGGA_D46,CGGA,,survival cohort; see script 90,0.0,,,,,,,False,True,-1,,,,,,,,
325:CGGA_D47,CGGA,,survival cohort; see script 90,0.0,,,,,,,False,True,-1,,,,,,,,
325:CGGA_D48,CGGA,,survival cohort; see script 90,0.0,,,,,,,False,True,-1,,,,,,,,
325:CGGA_D52,CGGA,,survival cohort; see script 90,0.0,,,,,,,False,True,-1,,,,,,,,
325:CGGA_D56,CGGA,,survival cohort; see script 90,0.0,,,,,,,False,True,-1,,,,,,,,
325:CGGA_D59,CGGA,,survival cohort; see script 90,0.0,,,,,,,False,True,-1,,,,,,,,
325:CGGA_277,CGGA,,survival cohort; see script 90,0.0,,,,,,,False,True,-1,,,,,,,,
325:CGGA_518,CGGA,,survival cohort; see script 90,0.0,,,,,,,False,True,-1,,,,,,,,
325:CGGA_J023,CGGA,,survival cohort; see script 90,0.0,,,,,,,False,True,-1,,,,,,,,
325:CGGA_J024,CGGA,,survival cohort; see script 90,0.0,,,,,,,False,True,-1,,,,,,,,
325:CGGA_J042,CGGA,,survival cohort; see script 90,0.0,,,,,,,False,True,-1,,,,,,,,
325:CGGA_J100,CGGA,,survival cohort; see script 90,0.0,,,,,,,False,True,-1,,,,,,,,
325:CGGA_1004,CGGA,,survival cohort; see script 90,0.0,,,,,,,False,True,-1,,,,,,,,
325:CGGA_1008,CGGA,,survival cohort; see script 90,0.0,,,,,,,False,True,-1,,,,,,,,
325:CGGA_1053,CGGA,,survival cohort; see script 90,0.0,,,,,,,False,True,-1,,,,,,,,
325:CGGA_1059,CGGA,,survival cohort; see script 90,0.0,,,,,,,False,True,-1,,,,,,,,
325:CGGA_1070,CGGA,,survival cohort; see script 90,0.0,,,,,,,False,True,-1,,,,,,,,
325:CGGA_1071,CGGA,,survival cohort; see script 90,0.0,,,,,,,False,True,-1,,,,,,,,
325:CGGA_1073,CGGA,,survival cohort; see script 90,0.0,,,,,,,False,True,-1,,,,,,,,
325:CGGA_1074,CGGA,,survival cohort; see script 90,0.0,,,,,,,False,True,-1,,,,,,,,
325:CGGA_1095,CGGA,,survival cohort; see script 90,0.0,,,,,,,False,True,-1,,,,,,,,
325:CGGA_1099,CGGA,,survival cohort; see script 90,0.0,,,,,,,False,True,-1,,,,,,,,
325:CGGA_1114,CGGA,,survival cohort; see script 90,0.0,,,,,,,False,True,-1,,,,,,,,
325:CGGA_1116,CGGA,,survival cohort; see script 90,0.0,,,,,,,False,True,-1,,,,,,,,
325:CGGA_1118,CGGA,,survival cohort; see script 90,0.0,,,,,,,False,True,-1,,,,,,,,
325:CGGA_1119,CGGA,,survival cohort; see script 90,0.0,,,,,,,False,True,-1,,,,,,,,
325:CGGA_1197,CGGA,,survival cohort; see script 90,0.0,,,,,,,False,True,-1,,,,,,,,
325:CGGA_1246,CGGA,,survival cohort; see script 90,0.0,,,,,,,False,True,-1,,,,,,,,
325:CGGA_1275,CGGA,,survival cohort; see script 90,0.0,,,,,,,False,True,-1,,,,,,,,
325:CGGA_1450,CGGA,,survival cohort; see script 90,0.0,,,,,,,False,True,-1,,,,,,,,
325:CGGA_1460,CGGA,,survival cohort; see script 90,0.0,,,,,,,False,True,-1,,,,,,,,
325:CGGA_1475,CGGA,,survival cohort; see script 90,0.0,,,,,,,False,True,-1,,,,,,,,
325:CGGA_243,CGGA,,survival cohort; see script 90,0.0,,,,,,,False,True,-1,,,,,,,,
325:CGGA_247,CGGA,,survival cohort; see script 90,0.0,,,,,,,False,True,-1,,,,,,,,
325:CGGA_738,CGGA,,survival cohort; see script 90,0.0,,,,,,,False,True,-1,,,,,,,,
325:CGGA_759,CGGA,,survival cohort; see script 90,0.0,,,,,,,False,True,-1,,,,,,,,
325:CGGA_D30,CGGA,,survival cohort; see script 90,0.0,,,,,,,False,True,-1,,,,,,,,
